# File produced by Open Asset Import Library (http://www.assimp.sf.net)
# (assimp v5.2.0)

mtllib base_link.mtl

# 2126 vertex positions
v  0.0239517335 -0.0310015567 0.0167999994
v  0.0239517335 -0.0310015567 3.09199194e-11
v  0.024866797 -0.0300864931 0.0167999994
v  0.024866797 -0.0300864931 3.09199194e-11
v  0.0261167958 -0.0297515579 0.0167999994
v  0.0261167958 -0.0297515579 3.09199194e-11
v  0.0273667965 -0.0300864931 0.0167999994
v  0.0273667965 -0.0300864931 3.09199194e-11
v  0.0282818601 -0.0310015567 0.0167999994
v  0.0282818601 -0.0310015567 3.09199194e-11
v  0.0286085568 -0.0322208069 3.09199194e-11
v  0.0286167953 -0.0322515592 0.0167999994
v  0.0286167953 -0.0322515592 3.09199194e-11
v  0.0282818601 -0.033501558 0.0167999994
v  0.0282818601 -0.033501558 3.09199194e-11
v  0.0273667965 -0.0344166197 0.0167999994
v  0.0273667965 -0.0344166197 3.09199194e-11
v  0.0261167958 -0.0347515568 0.0167999994
v  0.0261167958 -0.0347515568 3.09199194e-11
v  0.024866797 -0.0344166197 0.0167999994
v  0.024866797 -0.0344166197 3.09199194e-11
v  0.0239517335 -0.033501558 0.0167999994
v  0.0239517335 -0.033501558 3.09199194e-11
v  0.0236167964 -0.0322515592 0.0167999994
v  0.0236167964 -0.0322515592 3.09199194e-11
v  0.0236250367 -0.0322208069 3.09199194e-11
v  0.0195000004 -0.0359400548 0.00930000003
v  0.0196185634 -0.0354975723 3.09199194e-11
v  0.019667469 -0.0353150554 0.00930000003
v  0.019667469 -0.0353150554 3.09199194e-11
v  0.0201249998 -0.0348575227 0.00930000003
v  0.0201249998 -0.0348575227 3.09199194e-11
v  0.0207499992 -0.034690056 0.00930000003
v  0.0207499992 -0.034690056 3.09199194e-11
v  0.0213750005 -0.0348575227 0.00930000003
v  0.0213750005 -0.0348575227 3.09199194e-11
v  0.0218325313 -0.0353150554 0.00930000003
v  0.0218325313 -0.0353150554 3.09199194e-11
v  0.0218814369 -0.0354975723 3.09199194e-11
v  0.0219999999 -0.0359400548 0.00930000003
v  0.0219999999 -0.0359400548 3.09199194e-11
v  0.0218325313 -0.0365650542 0.00930000003
v  0.0218325313 -0.0365650542 3.09199194e-11
v  0.0213750005 -0.0370225869 0.00930000003
v  0.0213750005 -0.0370225869 3.09199194e-11
v  0.0207499992 -0.0371900536 0.00930000003
v  0.0207499992 -0.0371900536 3.09199194e-11
v  0.0201249998 -0.0370225869 0.00930000003
v  0.0201249998 -0.0370225869 3.09199194e-11
v  0.019667469 -0.0365650542 0.00930000003
v  0.019667469 -0.0365650542 3.09199194e-11
v  0.0195000004 -0.0359400548 3.09199194e-11
v  -0.0170373339 -0.0399935879 0.0167999994
v  -0.0172454678 -0.0392168202 3.09199194e-11
v  -0.0173722692 -0.0387435891 0.0167999994
v  -0.0173722692 -0.0387435891 3.09199194e-11
v  -0.0170373339 -0.0374935865 0.0167999994
v  -0.0170373339 -0.0374935865 3.09199194e-11
v  -0.0161222704 -0.0365785249 0.0167999994
v  -0.0161222704 -0.0365785249 3.09199194e-11
v  -0.0148722697 -0.0362435877 0.0167999994
v  -0.0148722697 -0.0362435877 3.09199194e-11
v  -0.01362227 -0.0365785249 0.0167999994
v  -0.01362227 -0.0365785249 3.09199194e-11
v  -0.0127072064 -0.0374935865 0.0167999994
v  -0.0127072064 -0.0374935865 3.09199194e-11
v  -0.0123722702 -0.0387435891 0.0167999994
v  -0.0123722702 -0.0387435891 3.09199194e-11
v  -0.0124990726 -0.0392168202 3.09199194e-11
v  -0.0127072064 -0.0399935879 0.0167999994
v  -0.0127072064 -0.0399935879 3.09199194e-11
v  -0.01362227 -0.0409086496 0.0167999994
v  -0.01362227 -0.0409086496 3.09199194e-11
v  -0.0148722697 -0.0412435867 0.0167999994
v  -0.0148722697 -0.0412435867 3.09199194e-11
v  -0.0161222704 -0.0409086496 0.0167999994
v  -0.0161222704 -0.0409086496 3.09199194e-11
v  -0.0170373339 -0.0399935879 3.09199194e-11
v  -0.0219999999 -0.0359400548 0.00930000003
v  -0.0218814369 -0.0354975723 3.09199194e-11
v  -0.0218325313 -0.0353150554 0.00930000003
v  -0.0218325313 -0.0353150554 3.09199194e-11
v  -0.0213750005 -0.0348575227 0.00930000003
v  -0.0213750005 -0.0348575227 3.09199194e-11
v  -0.0207499992 -0.034690056 0.00930000003
v  -0.0207499992 -0.034690056 3.09199194e-11
v  -0.0201249998 -0.0348575227 0.00930000003
v  -0.0201249998 -0.0348575227 3.09199194e-11
v  -0.019667469 -0.0353150554 0.00930000003
v  -0.019667469 -0.0353150554 3.09199194e-11
v  -0.0196185634 -0.0354975723 3.09199194e-11
v  -0.0195000004 -0.0359400548 0.00930000003
v  -0.0195000004 -0.0359400548 3.09199194e-11
v  -0.019667469 -0.0365650542 0.00930000003
v  -0.019667469 -0.0365650542 3.09199194e-11
v  -0.0201249998 -0.0370225869 0.00930000003
v  -0.0201249998 -0.0370225869 3.09199194e-11
v  -0.0207499992 -0.0371900536 0.00930000003
v  -0.0207499992 -0.0371900536 3.09199194e-11
v  -0.0213750005 -0.0370225869 0.00930000003
v  -0.0213750005 -0.0370225869 3.09199194e-11
v  -0.0218325313 -0.0365650542 0.00930000003
v  -0.0218325313 -0.0365650542 3.09199194e-11
v  -0.0219999999 -0.0359400548 3.09199194e-11
v  -0.0173722692 0.0387435891 0.0167999994
v  -0.0172454678 0.0392168202 3.09199194e-11
v  -0.0170373339 0.0399935879 0.0167999994
v  -0.0170373339 0.0399935879 3.09199194e-11
v  -0.0161222704 0.0409086496 0.0167999994
v  -0.0161222704 0.0409086496 3.09199194e-11
v  -0.0148722697 0.0412435867 0.0167999994
v  -0.0148722697 0.0412435867 3.09199194e-11
v  -0.01362227 0.0409086496 0.0167999994
v  -0.01362227 0.0409086496 3.09199194e-11
v  -0.0127072064 0.0399935879 0.0167999994
v  -0.0127072064 0.0399935879 3.09199194e-11
v  -0.0124990726 0.0392168202 3.09199194e-11
v  -0.0123722702 0.0387435891 0.0167999994
v  -0.0123722702 0.0387435891 3.09199194e-11
v  -0.0127072064 0.0374935865 0.0167999994
v  -0.0127072064 0.0374935865 3.09199194e-11
v  -0.01362227 0.0365785249 0.0167999994
v  -0.01362227 0.0365785249 3.09199194e-11
v  -0.0148722697 0.0362435877 0.0167999994
v  -0.0148722697 0.0362435877 3.09199194e-11
v  -0.0161222704 0.0365785249 0.0167999994
v  -0.0161222704 0.0365785249 3.09199194e-11
v  -0.0170373339 0.0374935865 0.0167999994
v  -0.0170373339 0.0374935865 3.09199194e-11
v  -0.0173722692 0.0387435891 3.09199194e-11
v  -0.0218325313 0.0353150554 0.00930000003
v  -0.0218814369 0.0354975723 3.09199194e-11
v  -0.0219999999 0.0359400548 0.00930000003
v  -0.0219999999 0.0359400548 3.09199194e-11
v  -0.0218325313 0.0365650542 0.00930000003
v  -0.0218325313 0.0365650542 3.09199194e-11
v  -0.0213750005 0.0370225869 0.00930000003
v  -0.0213750005 0.0370225869 3.09199194e-11
v  -0.0207499992 0.0371900536 0.00930000003
v  -0.0207499992 0.0371900536 3.09199194e-11
v  -0.0201249998 0.0370225869 0.00930000003
v  -0.0201249998 0.0370225869 3.09199194e-11
v  -0.019667469 0.0365650542 0.00930000003
v  -0.019667469 0.0365650542 3.09199194e-11
v  -0.0195000004 0.0359400548 0.00930000003
v  -0.0195000004 0.0359400548 3.09199194e-11
v  -0.0196185634 0.0354975723 3.09199194e-11
v  -0.019667469 0.0353150554 0.00930000003
v  -0.019667469 0.0353150554 3.09199194e-11
v  -0.0201249998 0.0348575227 0.00930000003
v  -0.0201249998 0.0348575227 3.09199194e-11
v  -0.0207499992 0.034690056 0.00930000003
v  -0.0207499992 0.034690056 3.09199194e-11
v  -0.0213750005 0.0348575227 0.00930000003
v  -0.0213750005 0.0348575227 3.09199194e-11
v  -0.0218325313 0.0353150554 3.09199194e-11
v  0.019667469 0.0353150554 0.00930000003
v  0.0196185634 0.0354975723 3.09199194e-11
v  0.0195000004 0.0359400548 0.00930000003
v  0.0195000004 0.0359400548 3.09199194e-11
v  0.019667469 0.0365650542 0.00930000003
v  0.019667469 0.0365650542 3.09199194e-11
v  0.0201249998 0.0370225869 0.00930000003
v  0.0201249998 0.0370225869 3.09199194e-11
v  0.0207499992 0.0371900536 0.00930000003
v  0.0207499992 0.0371900536 3.09199194e-11
v  0.0213750005 0.0370225869 0.00930000003
v  0.0213750005 0.0370225869 3.09199194e-11
v  0.0218325313 0.0365650542 0.00930000003
v  0.0218325313 0.0365650542 3.09199194e-11
v  0.0219999999 0.0359400548 0.00930000003
v  0.0219999999 0.0359400548 3.09199194e-11
v  0.0218814369 0.0354975723 3.09199194e-11
v  0.0218325313 0.0353150554 0.00930000003
v  0.0218325313 0.0353150554 3.09199194e-11
v  0.0213750005 0.0348575227 0.00930000003
v  0.0213750005 0.0348575227 3.09199194e-11
v  0.0207499992 0.034690056 0.00930000003
v  0.0207499992 0.034690056 3.09199194e-11
v  0.0201249998 0.0348575227 0.00930000003
v  0.0201249998 0.0348575227 3.09199194e-11
v  0.019667469 0.0353150554 3.09199194e-11
v  0.0261167958 0.0297515579 0.0167999994
v  0.0261167958 0.0297515579 3.09199194e-11
v  0.024866797 0.0300864931 0.0167999994
v  0.024866797 0.0300864931 3.09199194e-11
v  0.0239517335 0.0310015567 0.0167999994
v  0.0239517335 0.0310015567 3.09199194e-11
v  0.0236167964 0.0322515592 0.0167999994
v  0.0236167964 0.0322515592 3.09199194e-11
v  0.0239517335 0.033501558 0.0167999994
v  0.0239517335 0.033501558 3.09199194e-11
v  0.024866797 0.0344166197 0.0167999994
v  0.024866797 0.0344166197 3.09199194e-11
v  0.0261167958 0.0347515568 0.0167999994
v  0.0261167958 0.0347515568 3.09199194e-11
v  0.0273667965 0.0344166197 0.0167999994
v  0.0273667965 0.0344166197 3.09199194e-11
v  0.0282818601 0.033501558 0.0167999994
v  0.0282818601 0.033501558 3.09199194e-11
v  0.0286167953 0.0322515592 0.0167999994
v  0.0286167953 0.0322515592 3.09199194e-11
v  0.0282818601 0.0310015567 0.0167999994
v  0.0282818601 0.0310015567 3.09199194e-11
v  0.0273667965 0.0300864931 0.0167999994
v  0.0273667965 0.0300864931 3.09199194e-11
v  -0.0381444618 -0.0309999995 0.0388000011
v  -0.0344848372 -0.0316937044 0.0388000011
v  -0.0337796658 -0.0309999995 0.0388000011
v  -0.031332951 -0.0336785726 0.0388000011
v  -0.0305282306 -0.0341978595 0.0388000011
v  -0.0269761272 -0.037058048 0.0388000011
v  -0.0276136938 -0.0367897265 0.0388000011
v  -0.023587605 -0.0394920856 0.0388000011
v  -0.0229380056 -0.0396804363 0.0388000011
v  -0.0192994196 -0.0417556278 0.0388000011
v  -0.0186478905 -0.0418663584 0.0388000011
v  -0.0147967851 -0.0435551964 0.0388000011
v  -0.0141527867 -0.0435918644 0.0388000011
v  -0.0101297358 -0.0448707975 0.0388000011
v  -0.00950194243 -0.044838056 0.0388000011
v  -0.00535012921 -0.0456878096 0.0388000011
v  -0.00474631414 -0.0455912724 0.0388000011
v  -0.000511074089 -0.0459971614 0.0388000011
v  6.19949496e-05 -0.045843266 0.0388000011
v  0.00433366001 -0.0457954071 0.0388000011
v  0.00487030437 -0.0455912724 0.0388000011
v  0.00913024042 -0.0450847931 0.0388000011
v  0.00962593313 -0.044838056 0.0388000011
v  0.0138253691 -0.043873217 0.0388000011
v  0.0142767765 -0.0435918644 0.0388000011
v  0.0183668751 -0.0421741381 0.0388000011
v  0.0187718812 -0.0418663584 0.0388000011
v  0.0227042977 -0.0400064364 0.0388000011
v  0.0230619945 -0.0396804363 0.0388000011
v  0.0267894361 -0.0373941995 0.0388000011
v  0.027100116 -0.037058048 0.0388000011
v  0.0305769034 -0.0343664512 0.0388000011
v  0.0308420025 -0.0340279266 0.0388000011
v  0.0340246111 -0.0309568383 0.0388000011
v  0.034246657 -0.0306232739 0.0388000011
v  0.0370942503 -0.0272032451 0.0388000011
v  0.0372767784 -0.0268813875 0.0388000011
v  0.039751716 -0.02314738 0.0388000011
v  0.0398991629 -0.0228432659 0.0388000011
v  0.0419674739 -0.0188343097 0.0388000011
v  0.0428062826 -0.0168410875 0.0388000011
v  -0.0381444618 0.0309999995 0.0388000011
v  -0.0340656042 0.0309999995 0.0388000011
v  -0.0344848372 0.0316937044 0.0388000011
v  -0.0321486779 0.0329968408 0.0388000011
v  -0.0439999998 -0.0280000009 0.0388000011
v  -0.0439999998 -0.0278999992 0.0388000011
v  -0.0460000001 -0.0280000009 0.0388000011
v  -0.0460000001 -0.0278999992 0.0388000011
v  -0.0460000001 0.0280000009 0.0388000011
v  -0.0460000001 0.0278999992 0.0388000011
v  -0.0439999998 0.0280000009 0.0388000011
v  -0.0439999998 0.0278999992 0.0388000011
v  0.0437017195 0.0143582607 0.0214794781
v  0.0434997082 0.0149591295 0.0216251649
v  0.0439823382 0.013474199 0.0216251649
v  0.0453988127 0.00741267949 0.0210197698
v  0.0450197533 0.0094457278 0.017388843
v  0.0449768156 0.00962972455 0.0177166425
v  0.0457616933 0.00467625726 0.0213881899
v  0.0457175113 0.00509009277 0.0209146645
v  0.0456789732 0.00542505877 0.0216251649
v  0.0452350415 0.00835411157 0.0163937062
v  0.0449798405 0.0096304249 0.0157728251
v  0.0450198315 0.00944536086 0.01572752
v  0.0449805707 0.0096305823 3.09199194e-11
v  0.0450352803 0.00937142596 0.0157298446
v  0.0457010902 0.00523548154 0.0203151871
v  0.0457010902 0.00523548154 0.0170851741
v  0.0452315509 0.00837297924 0.0163617488
v  0.0457024723 0.00522341207 0.0169068892
v  0.0451416895 0.00884465314 0.0158934817
v  0.0457276143 0.00499854563 0.0163342524
v  0.0457768627 0.00452535599 0.0159206279
v  0.0458322018 0.00392544782 0.015775146
v  0.0460000001 8.45006272e-18 3.09199194e-11
v  0.0449805707 0.0096305823 0.0388000011
v  0.045744434 0.0048421938 0.0388000011
v  0.0455667712 0.00629836787 0.0216251649
v  0.0454699658 0.00696290797 0.0214484446
v  0.0450222455 -0.00943384413 0.0214542747
v  0.045092497 -0.00909212884 0.0211854596
v  0.0449805707 -0.0096305823 0.0388000011
v  0.0450976342 -0.00906656589 0.0211609676
v  0.0457250848 -0.00502160331 0.0174950603
v  0.0457250848 -0.00502160331 0.0174922962
v  0.0457251258 -0.00502124056 0.0203688554
v  0.0451028571 -0.00904058944 0.0211360808
v  0.045726452 -0.00500915106 0.0205471832
v  0.0460000001 8.45677695e-18 0.015775146
v  0.0459825695 -0.00126623793 0.015775146
v  0.0449805707 -0.0096305823 3.09199194e-11
v  0.0459773131 -0.00144455233 0.0157872327
v  0.0459557511 -0.00201715692 0.0160121974
v  0.0459357277 -0.00243084575 0.0164855029
v  0.0457399599 -0.00488428073 0.0157749895
v  0.0457386747 -0.00489629572 0.0157749895
v  0.0457062535 -0.00519023649 0.0158241726
v  0.0456581265 -0.00559780281 0.0160603262
v  0.0449667908 -0.00962813292 0.0197147112
v  0.0458000265 -0.00428456999 0.0159204248
v  0.0458418503 -0.00381114241 0.016334204
v  0.0459404886 -0.00233915518 0.0210659541
v  0.0459621586 -0.00186547113 0.021479886
v  0.0460000001 8.45677695e-18 0.0388000011
v  0.0458599925 -0.00358621753 0.0169067197
v  0.0459278002 -0.00257626432 0.0170851741
v  0.0458609387 -0.00357413338 0.0170850158
v  0.0458609387 -0.00357413338 0.0216788817
v  0.0459278002 -0.00257626432 0.0203151871
v  0.0459284782 -0.00256416039 0.0204935428
v  0.0458500497 -0.00371121429 0.0216788817
v  0.045744434 -0.0048421938 0.0388000011
v  0.0457975753 -0.00431069173 0.021533493
v  0.0457505323 -0.00478421478 0.0211196598
v  0.0459825695 -0.00126623793 0.0216252171
v  0.0460000001 8.67361738e-18 0.0216252171
v  0.0458322018 0.00392544782 0.0216252171
v  0.0458165817 0.00410377793 0.0216131266
v  0.044525329 0.0115540111 0.0211065281
v  0.0443987437 0.0120312814 0.0214868318
v  0.0445503853 0.0114570195 0.0209720731
v  0.0442408286 0.0125995697 0.0216251649
v  0.0437169038 0.0143119609 0.0388000011
v  0.0419674739 0.0188343097 0.0388000011
v  0.0438072644 0.0140329478 0.0160115361
v  0.0439374335 0.0136199091 0.0164837949
v  0.0419674739 0.0188343097 0.0157748535
v  0.043559473 0.0147841964 0.0157748535
v  0.0436195321 0.0146060353 0.0157868676
v  0.0439786315 0.0134862885 0.0182209592
v  0.0439085551 0.0137127182 0.0187998209
v  0.0439282618 0.0136494618 0.0201774538
v  0.0439823456 0.0134741701 0.0170848817
v  0.0439823456 0.0134741701 0.0180404913
v  0.0447814353 0.0105177509 0.0163621102
v  0.0447926 0.0104700923 0.0162908286
v  0.0449030548 0.00998578034 0.0158599894
v  0.0447791778 0.010527364 0.016377246
v  0.0439282618 0.0136494618 0.0203154981
v  0.0439245291 0.0136614749 0.0204936136
v  0.0438540354 0.0138860904 0.0210665241
v  0.0440803245 -0.0131500894 0.0215334408
v  0.0442548171 -0.0125503512 0.0216788817
v  0.0436522402 -0.0145079922 0.0216177404
v  0.0419449918 -0.0188243575 0.0200860128
v  0.0426676869 -0.017189201 0.0213227943
v  0.0428174324 -0.0168127194 0.0215388816
v  0.0429884307 -0.0163705517 0.0216177404
v  0.044293426 -0.0124133918 0.0216788817
v  0.0422550775 -0.0181798879 0.0187374596
v  0.042229753 -0.0182386376 0.0186910853
v  0.0423056968 -0.0180617869 0.0185523219
v  0.044911366 -0.00994832534 0.0168943387
v  0.0448609553 -0.0101732379 0.0163217448
v  0.0449140407 -0.00993624609 0.0170726422
v  0.04491359 -0.00993828848 0.0199959353
v  0.0445685871 -0.0113860006 0.0157626141
v  0.0445685871 -0.0113860006 0.0203150287
v  0.044882901 -0.0100759743 0.0216250587
v  0.0448880717 -0.0100529045 0.0216246955
v  0.0449796468 -0.00963038299 0.0215083808
v  0.0445716754 -0.0113739055 0.0204933677
v  0.0446284786 -0.0111489454 0.0210658219
v  0.0447441228 -0.010675366 0.0214796904
v  0.044293426 -0.0124133918 0.0157629754
v  0.0438621715 -0.0138603775 0.0157629754
v  0.0419674739 -0.0188343097 3.09199194e-11
v  0.0446040519 -0.0112462761 0.0157626141
v  0.0447509922 -0.010646536 0.015908055
v  0.0429884307 -0.0163705517 0.0157750007
v  0.0436522402 -0.0145079922 0.0157750007
v  0.0438621715 -0.0138603775 0.0203688554
v  0.0438659862 -0.0138482982 0.020547159
v  0.0439363569 -0.0136233857 0.0211197529
v  0.0428174324 -0.0168127194 0.0158538576
v  0.0426676869 -0.017189201 0.0160699487
v  0.042104736 -0.018525416 0.0170805827
v  0.0414880626 -0.0198680777 0.0172425937
v  0.0414379425 -0.0199724063 0.0167309698
v  0.0416229181 -0.0195839871 0.0176605079
v  0.0419659838 -0.0188336391 0.0173139162
v  0.0416548252 -0.0195158906 0.0177194159
v  0.0417835265 -0.0192389395 0.0176207386
v  0.0416867509 -0.0194477458 0.0177783668
v  0.0414379425 -0.0199724063 0.0160740335
v  0.0414354801 -0.0199775081 0.0159087162
v  0.0414333083 -0.0199820157 0.0157626271
v  0.040703401 -0.0214297287 0.0203685034
v  0.0407097787 -0.0214176066 0.0205469411
v  0.040703401 -0.0214297287 0.0162436739
v  0.0373083986 -0.0268354844 3.09199194e-11
v  0.040703401 -0.0214297287 0.0157626271
v  0.0370942503 -0.0272032451 3.09199194e-11
v  0.040703401 -0.0214297287 0.0159865711
v  0.0414336547 -0.0199812967 0.0192109384
v  0.0414333083 -0.0199820157 0.0216788929
v  0.0413668007 -0.0201193392 0.0216788929
v  0.0410700068 -0.0207184572 0.0215335861
v  0.0408274233 -0.0211924892 0.0211194064
v  0.0409931578 0.0208700951 0.0213884301
v  0.0370942503 0.0272032451 0.0388000011
v  0.0412800051 0.0202968251 0.0216131508
v  0.039751716 0.02314738 0.0388000011
v  0.0413671508 0.0201186165 0.0216251649
v  0.0419674739 0.0188343097 0.0216251649
v  0.0407801978 0.0212832186 0.0209160838
v  0.0407233275 0.0213918332 0.020625988
v  0.0407037772 0.0214290097 0.0203147754
v  0.0419674739 0.0188343097 3.09199194e-11
v  0.0373083986 0.0268354844 3.09199194e-11
v  0.040703401 0.0214297287 0.0157748535
v  0.0370942503 0.0272032451 3.09199194e-11
v  0.0407037772 0.0214290097 0.0173870381
v  0.043758966 0.0141828358 0.0192113612
v  0.0435607322 0.0147804786 0.0193562843
v  0.0419674739 0.0188343097 0.0201774538
v  0.0419674739 0.0188343097 0.0193562843
v  0.0414336547 0.0199813005 0.0193562843
v  0.0414336547 0.0199813005 0.0200331639
v  0.0414342731 0.019980019 0.0200524721
v  0.0414683558 0.0199091826 0.0201053079
v  0.0414461233 0.0199554227 0.0201156046
v  0.0415029302 0.0198370051 0.0201774538
v  0.0414710864 0.0199034903 0.0201612432
v  -0.031332951 -0.0336785726 3.09199194e-11
v  -0.0289094951 -0.0354975723 3.09199194e-11
v  -0.0239543412 -0.0392168202 3.09199194e-11
v  -0.023587605 -0.0394920856 3.09199194e-11
v  -0.0184361357 -0.0418730937 3.09199194e-11
v  -0.0147967851 -0.0435551964 3.09199194e-11
v  -0.00535012921 -0.0456878096 3.09199194e-11
v  0.0138253691 -0.043873217 3.09199194e-11
v  0.00433366001 -0.0457954071 3.09199194e-11
v  0.00356386509 -0.0457868539 3.09199194e-11
v  0.0227042977 -0.0400064364 3.09199194e-11
v  0.0238064863 -0.0392168202 3.09199194e-11
v  0.0228083972 -0.0399318561 3.09199194e-11
v  0.0325290896 -0.0322208069 3.09199194e-11
v  0.0305769034 -0.0343664512 3.09199194e-11
v  0.028998021 -0.0354975723 3.09199194e-11
v  0.0340246111 0.0309568383 0.0388000011
v  0.0305769034 0.0343664512 3.09199194e-11
v  0.0305769034 0.0343664512 0.0388000011
v  0.028998021 0.0354975723 3.09199194e-11
v  0.0267894361 0.0373941995 0.0388000011
v  0.0238064863 0.0392168202 3.09199194e-11
v  0.0227042977 0.0400064364 0.0388000011
v  0.0228083972 0.0399318561 3.09199194e-11
v  0.0227042977 0.0400064364 3.09199194e-11
v  0.0183668751 0.0421741381 0.0388000011
v  0.0138253691 0.043873217 3.09199194e-11
v  0.0138253691 0.043873217 0.0388000011
v  0.00913024042 0.0450847931 0.0388000011
v  0.00433366001 0.0457954071 3.09199194e-11
v  0.00433366001 0.0457954071 0.0388000011
v  0.00356386509 0.0457868539 3.09199194e-11
v  -0.000511074089 0.0459971614 0.0388000011
v  -0.00535012921 0.0456878096 3.09199194e-11
v  -0.00535012921 0.0456878096 0.0388000011
v  -0.0101297358 0.0448707975 0.0388000011
v  -0.0147967851 0.0435551964 3.09199194e-11
v  -0.0147967851 0.0435551964 0.0388000011
v  -0.0192994196 0.0417556278 0.0388000011
v  -0.0184361357 0.0418730937 3.09199194e-11
v  -0.023587605 0.0394920856 0.0388000011
v  -0.031332951 0.0336785726 3.09199194e-11
v  -0.031332951 0.0336785726 0.0388000011
v  -0.0289094951 0.0354975723 3.09199194e-11
v  -0.0276136938 0.0367897265 0.0388000011
v  -0.0239543412 0.0392168202 3.09199194e-11
v  -0.023587605 0.0394920856 3.09199194e-11
v  0.0228083972 -0.0322208069 3.09199194e-11
v  0.0228083972 -0.0354975723 3.09199194e-11
v  0.0373083986 0 3.09199194e-11
v  0.0228083972 0 3.09199194e-11
v  0.0228083972 -0.0392168202 3.09199194e-11
v  0.00356386509 -0.0354975723 3.09199194e-11
v  0.00356386509 -0.0392168202 3.09199194e-11
v  0.00356386509 -0.0322208069 3.09199194e-11
v  -0.0184361357 -0.0392168202 3.09199194e-11
v  -0.0184361357 -0.0354975723 3.09199194e-11
v  -0.0336478204 -0.0322208069 3.09199194e-11
v  -0.0184361357 -0.0322208069 3.09199194e-11
v  -0.0184361357 0.0354975723 3.09199194e-11
v  -0.0184361357 0.0392168202 3.09199194e-11
v  0.00356386509 0.0354975723 3.09199194e-11
v  0.00356386509 0.0392168202 3.09199194e-11
v  -0.0460523218 0.0278999992 3.09199194e-11
v  -0.0460000001 0.0278999992 3.09199194e-11
v  -0.0184361357 0 3.09199194e-11
v  -0.0460000001 0.0280000009 3.09199194e-11
v  -0.0455980748 0.0295000002 3.09199194e-11
v  -0.0445000008 0.0305980761 3.09199194e-11
v  -0.0344848372 0.0316937044 3.09199194e-11
v  -0.0381444618 0.0309999995 3.09199194e-11
v  -0.0430000015 0.0309999995 3.09199194e-11
v  0.00356386509 0 3.09199194e-11
v  0.0228083972 0.0354975723 3.09199194e-11
v  0.0228083972 0.0392168202 3.09199194e-11
v  -0.0460000001 -0.0280000009 3.09199194e-11
v  -0.0460000001 -0.0278999992 3.09199194e-11
v  -0.0460523218 0 3.09199194e-11
v  -0.0460523218 -0.0278999992 3.09199194e-11
v  -0.0344848372 -0.0316937044 3.09199194e-11
v  -0.0381444618 -0.0309999995 3.09199194e-11
v  -0.0430000015 -0.0309999995 3.09199194e-11
v  -0.0445000008 -0.0305980761 3.09199194e-11
v  -0.0455980748 -0.0295000002 3.09199194e-11
v  -0.0455980748 -0.0295000002 0.0892999992
v  -0.0460000001 -0.0280000009 0.0892999992
v  -0.0445000008 -0.0305980761 0.0892999992
v  -0.0430000015 -0.0309999995 0.0892999992
v  -0.0430000015 0.0309999995 0.0892999992
v  -0.0445000008 0.0305980761 0.0892999992
v  -0.0455980748 0.0295000002 0.0892999992
v  -0.0460000001 0.0280000009 0.0892999992
v  -0.0340656042 0.0309999995 0.0892999992
v  -0.0337796658 -0.0309999995 0.0892999992
v  0.0412112772 -0.0214297287 0.0159865711
v  0.0412112772 -0.0214297287 0.0157626271
v  0.0419323444 -0.0199820157 0.0157626271
v  0.0419369228 -0.0199724063 0.0167309698
v  0.0412112772 -0.0214297287 0.0162436739
v  0.0419369228 -0.0199724063 0.0160740335
v  0.0419344939 -0.0199775081 0.0159087162
v  0.0419864506 -0.0198680777 0.0172425937
v  0.0421197079 -0.0195839871 0.0176605079
v  0.0419326872 -0.0199812967 0.0192109384
v  0.0421512388 -0.0195158906 0.0177194159
v  0.0421827883 -0.0194477458 0.0177783668
v  0.0422784314 -0.0192389395 0.0176207386
v  0.0427194871 -0.0182386376 0.0186910853
v  0.0427945592 -0.0180617869 0.0185523219
v  0.042595908 -0.018525416 0.0170805827
v  0.0431524478 -0.017189201 0.0160699487
v  0.0433005206 -0.0168127194 0.0158538576
v  0.0434696153 -0.0163705517 0.0157750007
v  0.0441261902 -0.0145079922 0.0157750007
v  0.0427445211 -0.0181798879 0.0187374596
v  0.0441261902 -0.0145079922 0.0216177404
v  0.0434696153 -0.0163705517 0.0216177404
v  0.0431524478 -0.017189201 0.0213227943
v  0.0433005206 -0.0168127194 0.0215388816
v  0.0412112772 -0.0214297287 0.0203685034
v  0.0412175767 -0.0214176066 0.0205469411
v  0.041333776 -0.0211924892 0.0211194064
v  0.0415734053 -0.0207184572 0.0215335861
v  0.0418666303 -0.0201193392 0.0216788929
v  0.0419323444 -0.0199820157 0.0216788929
v  0.0412116498 0.0214290097 0.0173870381
v  0.0412112772 0.0214297287 0.0157748535
v  0.0440344177 0.0147841964 0.0157748535
v  0.0444527753 0.0134741701 0.0170848817
v  0.04440834 0.0136199091 0.0164837949
v  0.044279553 0.0140329478 0.0160115361
v  0.0440938361 0.0146060353 0.0157868676
v  0.0444527753 0.0134741701 0.0180404913
v  0.0440356657 0.0147804786 0.0193562843
v  0.0442317724 0.0141828358 0.0192113612
v  0.044379767 0.0137127182 0.0187998209
v  0.0444491021 0.0134862885 0.0182209592
v  0.0419326872 0.0199813005 0.0193562843
v  0.0419326872 0.0199813005 0.0200331639
v  0.0420011394 0.0198370051 0.0201774538
v  0.0419696756 0.0199034903 0.0201612432
v  0.0419450067 0.0199554227 0.0201156046
v  0.0419332981 0.019980019 0.0200524721
v  0.0443992652 0.0136494618 0.0201774538
v  0.0443992652 0.0136494618 0.0203154981
v  0.0439753011 0.0149591295 0.0216251649
v  0.0441751368 0.0143582607 0.0214794781
v  0.0443258286 0.0138860904 0.0210665241
v  0.0443955697 0.0136614749 0.0204936136
v  0.0418669768 0.0201186165 0.0216251649
v  0.0412116498 0.0214290097 0.0203147754
v  0.0412311144 0.0213915296 0.0206272323
v  0.0412871316 0.0212832186 0.0209160838
v  0.0414974913 0.0208700951 0.0213884301
v  0.0417808741 0.0202968251 0.0216131508
v  0.0441921353 0.0143058663 0.0209703315
v  0.0419617891 0.0199201088 0.0180214997
v  0.0419403128 0.0199652836 0.0179700367
v  0.0439616665 0.0149991503 0.018031124
v  0.0439390689 0.0150652137 0.0180472191
v  0.0420005731 0.0198382065 0.0180472191
v  0.041991476 0.0198574569 0.0180459358
v  0.0419326872 0.0199813005 0.01790425
v  0.0419326872 0.0199813005 0.0172225647
v  0.0439391956 0.0150648477 0.0172225647
v  0.0439457782 0.0150456373 0.0172238443
v  0.0439671427 0.0149830868 0.0172482524
v  0.0439792201 0.0149476035 0.0179858431
v  0.0439875163 0.0149231618 0.0179231055
v  0.0439879522 0.0149218859 0.0179038905
v  0.0439879522 0.0149218859 0.017365532
v  0.0439825132 0.0149379065 0.0172997285
v  0.0415023565 0.0198382065 0.0180472191
v  0.0434630811 0.0150652137 0.0180472191
v  0.0414931476 0.0198574569 0.0180459358
v  0.0414631069 0.0199201088 0.0180214997
v  0.0414413735 0.0199652836 0.0179700367
v  0.0414336547 0.0199813005 0.01790425
v  0.0414336547 0.0199813005 0.0172225647
v  0.0434632078 0.0150648477 0.0172225647
v  0.0434698611 0.0150456373 0.0172238443
v  0.0434914529 0.0149831055 0.0172482673
v  0.0435069986 0.0149379065 0.0172997285
v  0.0435124971 0.0149218859 0.017365532
v  0.0435124971 0.0149218859 0.0179038905
v  0.0435120575 0.0149231618 0.0179231055
v  0.0435036682 0.0149476035 0.0179858431
v  0.0434859246 0.0149991503 0.018031124
v  0.0443376489 -0.0138482982 0.020547159
v  0.0443338752 -0.0138603775 0.0203688554
v  0.0444072708 -0.0136233857 0.0211197529
v  0.0445329435 -0.013206793 0.0210238695
v  0.0445497222 -0.0131500894 0.0215334408
v  0.0443338752 -0.0138603775 0.0157629754
v  0.0447605886 -0.0124133918 0.0157629754
v  0.0447605886 -0.0124133918 0.0216788817
v  0.0447223783 -0.0125503512 0.0216788817
v  0.0462519713 -0.00428456999 0.0159204248
v  0.0462933853 -0.00381114241 0.016334204
v  0.0461777635 -0.00502160331 0.0174922962
v  0.0462495461 -0.00431069173 0.021533493
v  0.0462029614 -0.00478421478 0.0211196598
v  0.0462442935 -0.00436666561 0.0210238695
v  0.0461791195 -0.00500915106 0.0205471832
v  0.0461778045 -0.00502124056 0.0203688554
v  0.0463113561 -0.00358621753 0.0169067197
v  0.0463122874 -0.00357413338 0.0170850158
v  0.0463122874 -0.00357413338 0.0216788817
v  0.0463015065 -0.00371121429 0.0216788817
v  0.0450359508 -0.0113739055 0.0204933677
v  0.0450328924 -0.0113860006 0.0203150287
v  0.0453743637 -0.00993828848 0.0199959353
v  0.0452134237 -0.010646536 0.015908055
v  0.0453222655 -0.0101732379 0.0163217448
v  0.0452261455 -0.0105923722 0.0164176282
v  0.0453721657 -0.00994832534 0.0168943387
v  0.0453748107 -0.00993624609 0.0170726422
v  0.0450328924 -0.0113860006 0.0157626141
v  0.0450679921 -0.0112462761 0.0157626141
v  0.045556549 -0.00906656589 0.0211609676
v  0.0455514602 -0.00909212884 0.0211854596
v  0.0454819202 -0.00943384413 0.0214542747
v  0.0461114645 -0.00559780281 0.0160603262
v  0.0461591147 -0.00519023649 0.0158241726
v  0.0461912192 -0.00489629572 0.0157749895
v  0.0461924933 -0.00488428073 0.0157749895
v  0.0453491099 -0.0100529045 0.0216246955
v  0.0453439876 -0.0100759743 0.0216250587
v  0.045206625 -0.010675366 0.0214796904
v  0.0450921655 -0.0111489454 0.0210658219
v  0.0455617197 -0.00904058944 0.0211360808
v  0.0461777635 -0.00502160331 0.0174950603
v  0.0454794541 0.0094457278 0.017388843
v  0.0454795286 0.00944536086 0.01572752
v  0.0453639366 0.00998578034 0.0158599894
v  0.0452546105 0.0104700923 0.0162908286
v  0.0450148769 0.0114570195 0.0209720731
v  0.0447085388 0.0125995697 0.0216251649
v  0.0449900813 0.0115540111 0.0211065281
v  0.0448648073 0.0120312814 0.0214868318
v  0.0452435575 0.0105177509 0.0163621102
v  0.0452413224 0.010527364 0.016377246
v  0.0444527678 0.013474199 0.0216251649
v  0.046021007 0.00629836787 0.0216251649
v  0.0461321063 0.00542505877 0.0216251649
v  0.0456925742 0.00835411157 0.0163937062
v  0.0459251627 0.00696290797 0.0214484446
v  0.0458547138 0.00741267949 0.0210197698
v  0.0456891209 0.00837297924 0.0163617488
v  0.045600161 0.00884465314 0.0158934817
v  0.0454948209 0.00937142596 0.0157298446
v  0.0461540073 0.00523548154 0.0203151871
v  0.0461702645 0.00509009277 0.0209146645
v  0.0462140143 0.00467625726 0.0213881899
v  0.0462683626 0.00410377793 0.0216131266
v  0.0462838337 0.00392544782 0.0216252171
v  0.0464327373 -0.00126623793 0.0216252171
v  0.0464125238 -0.00186547113 0.021479886
v  0.0463910662 -0.00233915518 0.0210659541
v  0.0463791713 -0.00256416039 0.0204935428
v  0.0463785008 -0.00257626432 0.0203151871
v  0.0463785008 -0.00257626432 0.0170851741
v  0.0463863499 -0.00243084575 0.0164855029
v  0.0464061797 -0.00201715692 0.0160121974
v  0.046427533 -0.00144455233 0.0157872327
v  0.0464327373 -0.00126623793 0.015775146
v  0.0462838337 0.00392544782 0.015775146
v  0.0462290347 0.00452535599 0.0159206279
v  0.0461802669 0.00499854563 0.0163342524
v  0.0461553745 0.00522341207 0.0169068892
v  0.0461540073 0.00523548154 0.0170851741
v  0.046295274 0.00378813245 0.0173736345
v  0.0458437577 0.00378813245 0.0173736345
v  0.045843862 0.0037868435 0.0173538234
v  0.0462953821 0.0037868435 0.0173538234
v  0.0458459668 0.00376129826 0.0172876995
v  0.0462974645 0.00376129826 0.0172876995
v  0.0458503813 0.00370710506 0.0172397923
v  0.0463018343 0.00370710506 0.0172397923
v  0.0458559841 0.00363711198 0.017222615
v  0.046307385 0.00363711198 0.017222615
v  0.046295274 0.00378813245 0.0200263672
v  0.0458437577 0.00378813245 0.0200263672
v  0.046307385 0.00363711198 0.020177504
v  0.0458559841 0.00363711198 0.020177504
v  0.045854412 0.00365687767 0.0201762207
v  0.0463058278 0.00365687767 0.0201762207
v  0.0458490923 0.00372299203 0.0201507024
v  0.0463005602 0.00372299203 0.0201507024
v  0.045845177 0.0037709137 0.0200965181
v  0.0462966822 0.0037709137 0.0200965181
v  0.0464397073 -0.000977777177 0.020177504
v  0.0459896065 -0.000977777177 0.020177504
v  0.0464362875 -0.00112855586 0.0200267266
v  0.0459861532 -0.00112855586 0.0200267266
v  0.0459861867 -0.00112726842 0.0200465135
v  0.046436321 -0.00112726842 0.0200465135
v  0.0459868051 -0.00110176194 0.0201125387
v  0.0464369319 -0.00110176194 0.0201125387
v  0.045988068 -0.00104766747 0.0201603565
v  0.0464381836 -0.00104766747 0.0201603565
v  0.0464362875 -0.00112855586 0.0173723102
v  0.0459861532 -0.00112855586 0.0173723102
v  0.0464396849 -0.000978858792 0.017222615
v  0.0459895842 -0.000978858792 0.017222615
v  0.0459891595 -0.000998536358 0.0172238965
v  0.0464392677 -0.000998536358 0.0172238965
v  0.0459876917 -0.00106412463 0.0172492322
v  0.0464378111 -0.00106412463 0.0172492322
v  0.0459865704 -0.00111153512 0.0173028801
v  0.0464366972 -0.00111153512 0.0173028801
v  0.0434878469 0.0149935698 0.0179755539
v  0.043477349 0.0150239831 0.0172354169
v  0.0414680652 0.0199097842 0.0179757345
v  0.0458499342 0.00371262734 0.0172981247
v  0.0458499342 0.00371262734 0.0201019347
v  0.0459879413 -0.00105316786 0.0201021153
v  0.0459879301 -0.00105370872 0.0172974635
v  -0.0460523218 0.0278999992 0.0891999975
v  -0.0460523218 0.0249000005 0.0922000036
v  -0.0460523218 0.0274980757 0.0907000005
v  -0.0460523218 0.0263999999 0.0917980745
v  -0.0460523218 -0.0278999992 0.0891999975
v  -0.0460523218 -0.0274980757 0.0907000005
v  -0.0460523218 -0.0263999999 0.0917980745
v  -0.0460523218 -0.0249000005 0.0922000036
v  -0.0460000001 -0.0264715441 0.0918554887
v  -0.0460000001 -0.0271213204 0.091421321
v  -0.0455980748 -0.0281819813 0.0924819782
v  -0.0460000001 -0.027555488 0.090771541
v  -0.0460000001 -0.0277716387 0.0904480517
v  -0.0455980748 -0.0291574579 0.0910220742
v  -0.0430000015 -0.0279430859 0.0944109783
v  -0.0430000015 -0.0272960998 0.0948432758
v  -0.0445000008 -0.0271422919 0.0944719464
v  -0.0430000015 -0.0301109757 0.0922430903
v  -0.0430000015 -0.0292426404 0.0935426429
v  -0.0445000008 -0.028958438 0.0932584405
v  -0.0430000015 -0.030543277 0.0915961042
v  -0.0445000008 -0.0301719476 0.0914422944
v  -0.0460000001 -0.026148051 0.0920716375
v  -0.0455980748 -0.0267220754 0.0934574604
v  -0.0430000015 -0.0250000004 0.0953000039
v  -0.0445000008 -0.0250000004 0.0948980749
v  -0.0455980748 -0.0250000004 0.0938000008
v  -0.0460000001 -0.0250000004 0.0922999978
v  -0.0460000001 0.027555488 0.090771541
v  -0.0460000001 0.0271213204 0.091421321
v  -0.0455980748 0.0281819813 0.0924819782
v  -0.0460000001 0.0264715441 0.0918554887
v  -0.0460000001 0.026148051 0.0920716375
v  -0.0455980748 0.0267220754 0.0934574604
v  -0.0430000015 0.0301109757 0.0922430903
v  -0.0430000015 0.030543277 0.0915961042
v  -0.0445000008 0.0301719476 0.0914422944
v  -0.0430000015 0.0279430859 0.0944109783
v  -0.0430000015 0.0292426404 0.0935426429
v  -0.0445000008 0.028958438 0.0932584405
v  -0.0430000015 0.0250000004 0.0953000039
v  -0.0430000015 0.0272960998 0.0948432758
v  -0.0445000008 0.0250000004 0.0948980749
v  -0.0445000008 0.0271422919 0.0944719464
v  -0.0455980748 0.0250000004 0.0938000008
v  -0.0460000001 0.0250000004 0.0922999978
v  -0.0460000001 0.0277716387 0.0904480517
v  -0.0455980748 0.0291574579 0.0910220742
v  -0.0384495445 -0.0250000004 0.0953000039
v  -0.0373886116 -0.026553791 0.0950953215
v  -0.0341226682 -0.0306232739 0.0913925543
v  -0.034502469 -0.0301961526 0.0922999978
v  -0.0353434272 -0.0292108692 0.0935741737
v  -0.0363137983 -0.0280000009 0.0944961533
v  -0.0430000015 -0.0160193164 0.0953000039
v  -0.0397751741 -0.0228432659 0.0953000039
v  -0.0458748266 0.00256678136 0.0931575373
v  -0.045934245 0.000744809455 0.0929246619
v  -0.045888003 -0.00198745122 0.0931120515
v  -0.045686014 0.00496504316 0.0936361626
v  -0.0455980748 0.00573866023 0.0938000008
v  -0.0445000008 0.011568509 0.0948980749
v  -0.0436237268 0.0143517172 0.0951328725
v  -0.0430000015 0.0163327847 0.0953000039
v  -0.0436237268 -0.0140382499 0.0951328725
v  -0.0445000008 -0.0112550408 0.0948980749
v  -0.0455980748 -0.00542519242 0.0938000008
v  -0.0456634797 -0.0046496694 0.0936448053
v  -0.0386524983 0.0250000004 0.0953000039
v  -0.0397751741 0.0231567342 0.0953000039
v  -0.0341226682 0.0309367422 0.0901689604
v  -0.0376099534 0.0265541635 0.0950952172
v  -0.0365542918 0.0280000009 0.0944961533
v  -0.0355961546 0.0292169526 0.093568176
v  -0.0347752459 0.0301961526 0.0922999978
v  -0.0343700312 0.0306597743 0.0912917182
v  0.0432264209 -0.01386871 0.14105542
v  0.0431828238 -0.0140309501 0.141055107
v  0.0438105948 -0.0140580479 0.140450001
v  0.0422483422 -0.0166203976 0.141049996
v  0.0398991629 -0.0228432659 0.140450001
v  0.0444427542 -0.00934229046 0.141064063
v  0.0458100028 -0.00465157535 0.140450001
v  0.0451736599 -0.00474794302 0.141072497
v  0.0451667272 0.0048970296 0.141089141
v  0.0451899767 0.00474965805 0.141088903
v  0.0458100028 0.00496504316 0.140450001
v  0.0454309285 6.65115003e-05 0.141080976
v  0.0451823138 -0.00458603259 0.14107278
v  0.0444345474 0.00953774154 0.141096652
v  0.0438105948 0.0143715153 0.140450001
v  0.0432289466 0.0140459361 0.14110361
v  0.0393177643 0.0228207372 0.141116083
v  0.0393746831 0.0227329843 0.141115963
v  0.0398991629 0.0231567342 0.140450001
v  0.0415079333 0.0185396839 0.141110182
v  0.0431825481 0.0141670872 0.141103789
v  0.0367583223 0.0267665964 0.141121149
v  0.034246657 0.0309367422 0.140450001
v  0.0337948389 0.0304290112 0.141125441
v  0.0266982764 0.0368182361 0.141131625
v  0.0267334189 0.0367953964 0.14113161
v  0.027100116 0.0373715162 0.140450001
v  0.0303892121 0.0338354111 0.141129002
v  0.0337418914 0.0304819718 0.1411255
v  0.0227407366 0.0393902957 0.141133368
v  0.0187718812 0.0421798266 0.140450001
v  0.0185000896 0.0415518843 0.141134202
v  0.00945623778 0.0444877334 0.1411331
v  0.00948390737 0.0444833487 0.1411331
v  0.00962593313 0.0451515242 0.140450001
v  0.0140581885 0.043257039 0.141134113
v  0.0184934586 0.0415544286 0.141134202
v  0.00477972114 0.0452293269 0.141131178
v  6.19949496e-05 0.0461567342 0.140450001
v  6.19949496e-05 0.045478344 0.141128391
v  -0.00945252646 0.0444718525 0.141120151
v  -0.00936258864 0.0444959141 0.141120255
v  -0.00950194243 0.0451515242 0.140450001
v  -0.00469438592 0.0452317633 0.14112471
v  1.65887045e-07 0.0454751402 0.141128346
v  -0.0140092112 0.0432527773 0.141114935
v  -0.0186478905 0.0421798266 0.140450001
v  -0.0183798261 0.0415777415 0.141109064
v  -0.0269761272 0.0373715162 0.140450001
v  -0.026596833 0.0368494652 0.141095296
v  -0.0226513315 0.0394060612 0.141102403
v  -0.0184869952 0.0415232554 0.1411089
v  -0.033754196 0.0303929783 0.141079262
v  -0.0336548276 0.0305154976 0.141079545
v  -0.0341226682 0.0309367422 0.140450001
v  -0.0303437263 0.0338204838 0.141087502
v  -0.0267073344 0.0367601328 0.141095057
v  -0.0367046446 0.0267550573 0.141070962
v  -0.0397751741 0.0231567342 0.140450001
v  -0.0392447412 0.0228504874 0.141062498
v  0.0393795483 -0.0225432664 0.141049996
v  0.0338007696 -0.0302217957 0.141049996
v  0.034246657 -0.0306232739 0.140450001
v  0.0267474446 -0.0365726389 0.141049996
v  0.027100116 -0.037058048 0.140450001
v  0.0185278393 -0.0413182303 0.141049996
v  0.0187718812 -0.0418663584 0.140450001
v  0.00950118527 -0.0442511663 0.141049996
v  0.00962593313 -0.044838056 0.140450001
v  6.19949496e-05 -0.045243267 0.141049996
v  6.19949496e-05 -0.045843266 0.140450001
v  -0.0093771955 -0.0442511663 0.141049996
v  -0.00950194243 -0.044838056 0.140450001
v  -0.0184038486 -0.0413182303 0.141049996
v  -0.0186478905 -0.0418663584 0.140450001
v  -0.0266234558 -0.0365726389 0.141049996
v  -0.0269761272 -0.037058048 0.140450001
v  -0.0336767808 -0.0302217957 0.141049996
v  -0.0341226682 -0.0306232739 0.140450001
v  -0.0392555594 -0.0225432664 0.141049996
v  -0.0397751741 -0.0228432659 0.140450001
v  -0.0431159697 -0.0138726374 0.141049996
v  -0.043686606 -0.0140580479 0.140450001
v  -0.0450893007 -0.00458885822 0.141049996
v  -0.045686014 -0.00465157535 0.140450001
v  -0.0450893007 0.00490232604 0.141049996
v  -0.045686014 0.00496504316 0.140450001
v  -0.0431159697 0.0141861057 0.141049996
v  -0.043686606 0.0143715153 0.140450001
v  -0.0421863459 0.0167771317 0.141049996
v  -0.0393172279 0.0227008238 0.141062185
v  -0.0439999998 -0.0249000005 0.0922000036
v  -0.0439999998 -0.0263999999 0.0917980745
v  -0.0439999998 -0.0274980757 0.0907000005
v  -0.0439999998 -0.0278999992 0.0891999975
v  -0.0439999998 -0.0280000009 0.0892999992
v  -0.0439999998 -0.0275980756 0.0908000022
v  -0.0439999998 -0.0264999997 0.0918980762
v  -0.0439999998 -0.0250000004 0.0922999978
v  -0.0439999998 0.0250000004 0.0922999978
v  -0.0439999998 0.0264999997 0.0918980762
v  -0.0439999998 0.0275980756 0.0908000022
v  -0.0439999998 0.0280000009 0.0892999992
v  -0.0439999998 0.0133681158 0.0922999978
v  -0.0457213111 0.00461641792 0.0922999978
v  -0.0457213111 -0.00430295011 0.0922999978
v  -0.0439999998 -0.0130546475 0.0922999978
v  -0.0439999998 0.0133681158 0.0922000036
v  -0.0457213111 0.00461641792 0.0922000036
v  -0.0457213111 -0.00430295011 0.0922000036
v  -0.0439999998 -0.0130546475 0.0922000036
v  -0.0439999998 0.0249000005 0.0922000036
v  -0.0439999998 0.0278999992 0.0891999975
v  -0.0439999998 0.0274980757 0.0907000005
v  -0.0439999998 0.0263999999 0.0917980745
v  0.0438105948 -0.0140580479 0.0388000011
v  0.0450567864 -0.00940720364 0.0388000011
v  0.0458100028 -0.00465157535 0.0388000011
v  0.0460619964 0.000156733862 0.0388000011
v  0.0458100028 0.00496504316 0.0388000011
v  0.0450567864 0.00972067192 0.0388000011
v  0.0438105948 0.0143715153 0.0388000011
v  0.0420850851 0.0188666191 0.0388000011
v  0.0398991629 0.0231567342 0.0388000011
v  0.0372767784 0.0271948557 0.0388000011
v  0.034246657 0.0309367422 0.0388000011
v  0.0308420025 0.0343413949 0.0388000011
v  0.027100116 0.0373715162 0.0388000011
v  0.0230619945 0.0399939008 0.0388000011
v  0.0187718812 0.0421798266 0.0388000011
v  0.0142767765 0.0439053327 0.0388000011
v  0.00962593313 0.0451515242 0.0388000011
v  0.00487030437 0.0459047407 0.0388000011
v  6.19949496e-05 0.0461567342 0.0388000011
v  -0.00474631414 0.0459047407 0.0388000011
v  -0.00950194243 0.0451515242 0.0388000011
v  -0.0141527867 0.0439053327 0.0388000011
v  -0.0186478905 0.0421798266 0.0388000011
v  -0.0229380056 0.0399939008 0.0388000011
v  -0.0269761272 0.0373715162 0.0388000011
v  0.0261167958 0.0322515592 0.0183021519
v  0.0207499992 0.0359400548 0.0100510754
v  -0.0207499992 0.0359400548 0.0100510754
v  -0.0148722697 0.0387435891 0.0183021519
v  -0.0207499992 -0.0359400548 0.0100510754
v  -0.0148722697 -0.0387435891 0.0183021519
v  0.0207499992 -0.0359400548 0.0100510754
v  0.0261167958 -0.0322515592 0.0183021519
v  -1.2767565e-17 -0.0460000001 0.141650006
v  -0.00956393778 -0.0449947901 0.170249999
v  -0.00956393778 -0.0449947901 0.141650006
v  -0.018709885 -0.0420230925 0.170249999
v  -0.018709885 -0.0420230925 0.141650006
v  -0.0270381216 -0.0372147821 0.170249999
v  -0.0270381216 -0.0372147821 0.141650006
v  -0.0341846608 -0.0307800081 0.170249999
v  -0.0341846608 -0.0307800081 0.141650006
v  -0.0398371704 -0.023 0.170249999
v  -0.0398371704 -0.023 0.141650006
v  -0.0437485985 -0.014214782 0.170249999
v  -0.0437485985 -0.014214782 0.141650006
v  -0.0457480066 -0.00480830949 0.170249999
v  -0.0457480066 -0.00480830949 0.141650006
v  -0.0457480066 0.00480830949 0.170249999
v  -0.0457480066 0.00480830949 0.141650006
v  -0.0437485985 0.014214782 0.170249999
v  -0.0437485985 0.014214782 0.141650006
v  -0.0398371704 0.023 0.170249999
v  -0.0398371704 0.023 0.141650006
v  -0.0341846608 0.0307800081 0.170249999
v  -0.0341846608 0.0307800081 0.141650006
v  -0.0270381216 0.0372147821 0.170249999
v  -0.0270381216 0.0372147821 0.141650006
v  -0.018709885 0.0420230925 0.170249999
v  -0.018709885 0.0420230925 0.141650006
v  -0.00956393778 0.0449947901 0.170249999
v  -0.00956393778 0.0449947901 0.141650006
v  -5.63337542e-18 0.0460000001 0.170249999
v  0 0.0460000001 0.141650006
v  0.00956393778 0.0449947901 0.170249999
v  0.00956393778 0.0449947901 0.141650006
v  0.018709885 0.0420230925 0.170249999
v  0.018709885 0.0420230925 0.141650006
v  0.0270381216 0.0372147821 0.170249999
v  0.0270381216 0.0372147821 0.141650006
v  0.0341846608 0.0307800081 0.170249999
v  0.0341846608 0.0307800081 0.141650006
v  0.0398371704 0.023 0.170249999
v  0.0398371704 0.023 0.141650006
v  0.0437485985 0.014214782 0.170249999
v  0.0437485985 0.014214782 0.141650006
v  0.0457480066 0.00480830949 0.170249999
v  0.0457480066 0.00480830949 0.141650006
v  0.0457480066 -0.00480830949 0.170249999
v  0.0457480066 -0.00480830949 0.141650006
v  0.0437485985 -0.014214782 0.170249999
v  0.0437485985 -0.014214782 0.141650006
v  0.0398371704 -0.023 0.170249999
v  0.0398371704 -0.023 0.141650006
v  0.0341846608 -0.0307800081 0.170249999
v  0.0341846608 -0.0307800081 0.141650006
v  0.0270381216 -0.0372147821 0.170249999
v  0.0270381216 -0.0372147821 0.141650006
v  0.018709885 -0.0420230925 0.170249999
v  0.018709885 -0.0420230925 0.141650006
v  0.00956393778 -0.0449947901 0.170249999
v  0.00956393778 -0.0449947901 0.141650006
v  0 -0.0460000001 0.170249999
v  0.039317552 -0.0227000006 0.141049996
v  -0.043177966 0.0140293716 0.141049996
v  0.0337387733 -0.0303785298 0.141049996
v  0.0266854502 -0.036729373 0.141049996
v  0.0184658431 -0.0414749645 0.141049996
v  0.00943919085 -0.0444079004 0.141049996
v  -1.26010312e-17 -0.0454000011 0.141049996
v  -0.00943919085 -0.0444079004 0.141049996
v  -0.0184658431 -0.0414749645 0.141049996
v  -0.0266854502 -0.036729373 0.141049996
v  -0.0337387733 -0.0303785298 0.141049996
v  -0.039317552 -0.0227000006 0.141049996
v  -0.043177966 -0.0140293716 0.141049996
v  -0.0451512933 -0.00474559236 0.141049996
v  -0.0451512933 0.00474559236 0.141049996
v  -0.0413869508 0.0149372155 0.141049996
v  -0.0408844873 0.0162621904 0.141049996
v  -0.0408844873 0.0162621904 0.154050007
v  0.0409464799 -0.0161054563 0.154050007
v  0.038105119 -0.0219999999 0.170849994
v  0.0418464877 -0.013596748 0.154050007
v  0.0418464877 -0.013596748 0.170849994
v  0.0437589623 -0.00459925225 0.154050007
v  0.0437589623 -0.00459925225 0.170849994
v  0.0437589623 0.00459925225 0.154050007
v  0.0437589623 0.00459925225 0.170849994
v  0.0418464877 0.013596748 0.154050007
v  0.0418464877 0.013596748 0.170849994
v  0.038105119 0.0219999999 0.154050007
v  0.038105119 0.0219999999 0.170849994
v  0.0326983705 0.029441746 0.154050007
v  0.0326983705 0.029441746 0.170849994
v  0.0258625504 0.035596747 0.154050007
v  0.0258625504 0.035596747 0.170849994
v  0.0178964119 0.0401960015 0.154050007
v  0.0178964119 0.0401960015 0.170849994
v  0.00914811436 0.0430384949 0.154050007
v  0.00914811436 0.0430384949 0.170849994
v  -5.39390581e-18 0.0439999998 0.154050007
v  -5.388446e-18 0.0439999998 0.170849994
v  -0.00914811436 0.0430384949 0.154050007
v  -0.00914811436 0.0430384949 0.170849994
v  -0.0178964119 0.0401960015 0.154050007
v  -0.0178964119 0.0401960015 0.170849994
v  -0.0258625504 0.035596747 0.154050007
v  -0.0258625504 0.035596747 0.170849994
v  -0.0326983705 0.029441746 0.154050007
v  -0.0326983705 0.029441746 0.170849994
v  -0.038105119 0.0219999999 0.154050007
v  -0.038105119 0.0219999999 0.170849994
v  -0.0418464877 0.013596748 0.170849994
v  -0.00459925225 -0.0437589623 0.141049996
v  -0.00914811436 -0.0430384949 0.170849994
v  1.0776892e-17 -0.0439999998 0.170849994
v  -0.00914811436 -0.0430384949 0.141049996
v  -0.013596748 -0.0418464877 0.141049996
v  -0.0178964119 -0.0401960015 0.170849994
v  -0.0178964119 -0.0401960015 0.141049996
v  -0.0219999999 -0.038105119 0.141049996
v  -0.0258625504 -0.035596747 0.170849994
v  -0.0258625504 -0.035596747 0.141049996
v  -0.029441746 -0.0326983705 0.141049996
v  -0.0326983705 -0.029441746 0.170849994
v  -0.0326983705 -0.029441746 0.141049996
v  -0.035596747 -0.0258625504 0.141049996
v  -0.038105119 -0.0219999999 0.170849994
v  -0.038105119 -0.0219999999 0.141049996
v  -0.0401960015 -0.0178964119 0.141049996
v  -0.0418464877 -0.013596748 0.170849994
v  -0.0437589623 -0.00459925225 0.141049996
v  -0.0437589623 -0.00459925225 0.170849994
v  -0.0430384949 -0.00914811436 0.141049996
v  -0.0418464877 -0.013596748 0.141049996
v  -0.0439999998 -1.8973538e-19 0.141049996
v  -0.0439396985 0.00230278214 0.141049996
v  -0.0437589623 0.00459925225 0.170849994
v  -0.0437589623 0.00459925225 0.141049996
v  -0.0434582867 0.00688311644 0.141049996
v  -0.0430384949 0.00914811436 0.141049996
v  -0.0425007381 0.0113880383 0.141049996
v  -0.0418464877 0.013596748 0.141049996
v  0.0369015038 -0.0239641182 0.141049996
v  0.038105119 -0.0219999999 0.141049996
v  0.0409464799 -0.0161054563 0.141049996
v  0.035596747 -0.0258625504 0.141049996
v  0.034194421 -0.0276900977 0.141049996
v  0.0326983705 -0.029441746 0.170849994
v  0.0326983705 -0.029441746 0.141049996
v  0.029441746 -0.0326983705 0.141049996
v  0.0258625504 -0.035596747 0.170849994
v  0.0258625504 -0.035596747 0.141049996
v  0.0219999999 -0.038105119 0.141049996
v  0.0178964119 -0.0401960015 0.170849994
v  0.0178964119 -0.0401960015 0.141049996
v  0.013596748 -0.0418464877 0.141049996
v  0.00914811436 -0.0430384949 0.170849994
v  0.00914811436 -0.0430384949 0.141049996
v  0.00459925225 -0.0437589623 0.141049996
v  1.07742591e-17 -0.0439999998 0.141049996
v  0.0337387733 -0.0303785298 0.170849994
v  0.039317552 -0.0227000006 0.170849994
v  0.043177966 -0.0140293716 0.170849994
v  0.0451512933 -0.00474559236 0.170849994
v  0.0451512933 0.00474559236 0.170849994
v  0.043177966 0.0140293716 0.170849994
v  0.039317552 0.0227000006 0.170849994
v  0.0337387733 0.0303785298 0.170849994
v  0.0266854502 0.036729373 0.170849994
v  0.0184658431 0.0414749645 0.170849994
v  0.00943919085 0.0444079004 0.170849994
v  -2.57215468e-17 0.0454000011 0.170849994
v  -0.00943919085 0.0444079004 0.170849994
v  -0.0184658431 0.0414749645 0.170849994
v  -0.0266854502 0.036729373 0.170849994
v  -0.0337387733 0.0303785298 0.170849994
v  -0.039317552 0.0227000006 0.170849994
v  -0.043177966 0.0140293716 0.170849994
v  -0.0451512933 0.00474559236 0.170849994
v  -0.0451512933 -0.00474559236 0.170849994
v  -0.043177966 -0.0140293716 0.170849994
v  -0.039317552 -0.0227000006 0.170849994
v  -0.0337387733 -0.0303785298 0.170849994
v  -0.0266854502 -0.036729373 0.170849994
v  -0.0184658431 -0.0414749645 0.170849994
v  -0.00943919085 -0.0444079004 0.170849994
v  0 -0.0454000011 0.170849994
v  0.00943919085 -0.0444079004 0.170849994
v  0.0184658431 -0.0414749645 0.170849994
v  0.0266854502 -0.036729373 0.170849994
v  6.19949496e-05 0.0401567332 0.156424999
v  -0.00883884262 0.0391538516 0.156424999
v  6.19949496e-05 0.000156733862 0.156424999
v  0.0250015873 0.0314299949 0.156424999
v  0.0174173452 0.0361954868 0.156424999
v  0.00896283239 0.0391538516 0.156424999
v  0.03905911 0.00905757118 0.156424999
v  0.0361007489 0.0175120831 0.156424999
v  0.0313352533 0.0250963252 0.156424999
v  0.0361007489 -0.0171986148 0.156424999
v  0.03905911 -0.00874410383 0.156424999
v  0.0400619954 0.000156733862 0.156424999
v  0.0174173452 -0.0358820222 0.156424999
v  0.0250015873 -0.0311165247 0.156424999
v  0.0313352533 -0.0247828588 0.156424999
v  -0.00883884262 -0.0388403833 0.156424999
v  6.19949496e-05 -0.039843265 0.156424999
v  0.00896283239 -0.0388403833 0.156424999
v  -0.0312112644 -0.0247828588 0.156424999
v  -0.0248775966 -0.0311165247 0.156424999
v  -0.0172933545 -0.0358820222 0.156424999
v  -0.0399380066 0.000156733862 0.156424999
v  -0.0389351211 -0.00874410383 0.156424999
v  -0.0359767601 -0.0171986148 0.156424999
v  -0.0312112644 0.0250963252 0.156424999
v  -0.0359767601 0.0175120831 0.156424999
v  -0.0389351211 0.00905757118 0.156424999
v  -0.0172933545 0.0361954868 0.156424999
v  -0.0248775966 0.0314299949 0.156424999
v  0.00895252731 0.0391232669 0.153050005
v  0.00866081286 0.039221555 0.153050005
v  0.0168575589 0.0364597514 0.153050005
v  0.0173852947 0.0361422226 0.153050005
v  0.0242689643 0.032000456 0.153050005
v  0.0249399208 0.0313648917 0.153050005
v  0.0305484775 0.0260521844 0.153050005
v  0.0312402435 0.0250319075 0.153050005
v  0.0354024768 0.0188930724 0.153050005
v  0.0359729938 0.0174611807 0.153050005
v  0.038603995 0.0108578671 0.153050005
v  0.0389033258 0.00903203152 0.153050005
v  0.0400033332 0.00232229033 0.153050005
v  0.0398864336 0.000166252474 0.153050005
v  0.0395350568 -0.00631454587 0.153050005
v  0.0388747081 -0.00869290438 0.153050005
v  0.0372210629 -0.0146487923 0.153050005
v  0.0359200276 -0.017102804 0.153050005
v  0.0331695564 -0.0222907495 0.153050005
v  0.0311711431 -0.0246434603 0.153050005
v  0.0275699738 -0.0288830865 0.153050005
v  0.0248662066 -0.0309384353 0.153050005
v  0.0206841491 -0.0341175534 0.153050005
v  0.0173208993 -0.0356735587 0.153050005
v  0.0128340563 -0.0377493948 0.153050005
v  0.00891268346 -0.038612552 0.153050005
v  0.00438675564 -0.039608784 0.153050005
v  6.19949496e-05 -0.039608784 0.153050005
v  -0.00878869276 -0.038612552 0.153050005
v  -0.00426276587 -0.039608784 0.153050005
v  -0.0247422177 -0.0309384353 0.153050005
v  -0.0205601584 -0.0341175534 0.153050005
v  -0.0171969105 -0.0356735587 0.153050005
v  -0.0127100665 -0.0377493948 0.153050005
v  -0.0357960388 -0.017102804 0.153050005
v  -0.0330455638 -0.0222907495 0.153050005
v  -0.0310471524 -0.0246434603 0.153050005
v  -0.0274459831 -0.0288830865 0.153050005
v  -0.0397624448 0.000166252474 0.153050005
v  -0.0394110642 -0.00631454587 0.153050005
v  -0.0387507193 -0.00869290438 0.153050005
v  -0.0370970741 -0.0146487923 0.153050005
v  -0.0384800062 0.0108578671 0.153050005
v  -0.038779337 0.00903203152 0.153050005
v  -0.0398793407 0.00232229033 0.153050005
v  -0.035278488 0.0188930724 0.153050005
v  -0.035849005 0.0174611807 0.153050005
v  -0.0304244868 0.0260521844 0.153050005
v  -0.0311162528 0.0250319075 0.153050005
v  -0.0241449736 0.032000456 0.153050005
v  -0.0248159301 0.0313648917 0.153050005
v  -0.01673357 0.0364597514 0.153050005
v  -0.0172613058 0.0361422226 0.153050005
v  6.19949496e-05 0.0401567332 0.153050005
v  -0.00853682309 0.039221555 0.153050005
v  -0.00882853754 0.0391232669 0.153050005
v  0.0172774475 0.0373673253 0.154050007
v  0.0088757826 0.0401981771 0.154050007
v  0.0248741377 0.0327965505 0.154050007
v  0.0313106403 0.0266995709 0.154050007
v  0.036285989 0.0193614792 0.154050007
v  0.0395675451 0.011125396 0.154050007
v  0.0410018638 0.00237642904 0.154050007
v  0.0405218825 -0.00647632778 0.154050007
v  0.0381500423 -0.0150189307 0.154050007
v  0.0339972451 -0.0228519365 0.154050007
v  0.0282576736 -0.0296090804 0.154050007
v  0.0211997032 -0.0349744111 0.154050007
v  0.0131533574 -0.0386970453 0.154050007
v  0.00449487474 -0.0406029224 0.154050007
v  -0.00437088497 -0.0406029224 0.154050007
v  -0.0130293677 -0.0386970453 0.154050007
v  -0.0210757125 -0.0349744111 0.154050007
v  -0.0281336829 -0.0296090804 0.154050007
v  -0.0338732526 -0.0228519365 0.154050007
v  -0.0380260497 -0.0150189307 0.154050007
v  -0.0403978936 -0.00647632778 0.154050007
v  -0.0408778749 0.00237642904 0.154050007
v  -0.0394435562 0.011125396 0.154050007
v  -0.0361620001 0.0193614792 0.154050007
v  -0.0311866496 0.0266995709 0.154050007
v  -0.024750147 0.0327965505 0.154050007
v  -0.0171534587 0.0373673253 0.154050007
v  -0.00875179283 0.0401981771 0.154050007
v  6.19949496e-05 0.0411567353 0.154050007
v  0.0366781875 -0.024241101 0.141049996
v  0.0353528 -0.0261217561 0.141049996
v  0.0339309201 -0.0279305577 0.141049996
v  0.0324164331 -0.0296625607 0.141049996
v  0.0308134798 -0.0313130319 0.141049996
v  0.0273599401 -0.0343515575 0.141049996
v  0.0236080475 -0.0370129235 0.141049996
v  0.0195988063 -0.0392680429 0.141049996
v  0.015376037 -0.0410922691 0.141049996
v  0.0109858932 -0.0424656607 0.141049996
v  0.00647635572 -0.0433732085 0.141049996
v  0.00189671258 -0.0438049957 0.141049996
v  -0.0027029831 -0.0437563024 0.141049996
v  -0.0072724591 -0.0432276614 0.141049996
v  -0.0117617724 -0.0422248468 0.141049996
v  -0.0161218587 -0.0407588258 0.141049996
v  -0.0203050617 -0.0388456136 0.141049996
v  -0.0242656637 -0.0365061238 0.141049996
v  -0.027960375 -0.033765927 0.141049996
v  -0.0313488133 -0.0306549687 0.141049996
v  -0.0343939476 -0.0272072554 0.141049996
v  -0.0370624959 -0.0234604664 0.141049996
v  -0.0393252894 -0.0194555521 0.141049996
v  -0.0411575995 -0.0152362855 0.141049996
v  -0.0425393991 -0.0108487802 0.141049996
v  -0.0434555821 -0.00634098938 0.141049996
v  -0.0438961424 -0.00176218175 0.141049996
v  -0.0438562594 0.00283759879 0.141049996
v  -0.043656081 0.0051296372 0.141049996
v  -0.0433363691 0.00740807876 0.141049996
v  -0.0428979956 0.0096666934 0.141049996
v  -0.0416703746 0.0140998093 0.141049996
v  -0.0420206524 0.0130039491 0.141049996
v  -0.0423421562 0.0118993055 0.141049996
v  0.0366781875 -0.024241101 0.154050007
v  0.0308134798 -0.0313130319 0.154050007
v  0.0236080475 -0.0370129235 0.154050007
v  0.015376037 -0.0410922691 0.154050007
v  0.00647635572 -0.0433732085 0.154050007
v  -0.0027029831 -0.0437563024 0.154050007
v  -0.0117617724 -0.0422248468 0.154050007
v  -0.0203050617 -0.0388456136 0.154050007
v  -0.027960375 -0.033765927 0.154050007
v  -0.0343939476 -0.0272072554 0.154050007
v  -0.0393252894 -0.0194555521 0.154050007
v  -0.0425393991 -0.0108487802 0.154050007
v  -0.0438961424 -0.00176218175 0.154050007
v  -0.0433363691 0.00740807876 0.154050007
v  0.0242902171 -0.0339584872 0.0388000011
v  0.0236954913 -0.0328738801 0.0388000011
v  0.0236935299 -0.0316369236 0.0388000011
v  0.0245697293 -0.0303410906 0.0388000011
v  0.024910856 -0.0300616473 0.0388000011
v  0.0276900977 -0.034194421 0.0388000011
v  0.0260194186 -0.029753454 0.0388000011
v  0.0284289327 -0.0332023576 0.0388000011
v  0.0286017321 -0.0319775268 0.0388000011
v  0.0281661917 -0.030819783 0.0388000011
v  0.0272289366 -0.0300125517 0.0388000011
v  0.0253321081 -0.0346252173 0.0388000011
v  0.0265660994 -0.0347108506 0.0388000011
v  0.0242254697 -0.0306166634 0.0388000011
v  0.0236402061 -0.0320628248 0.038435258
v  0.0236167964 -0.0322497971 0.0383895412
v  0.0256133396 -0.0316298418 0.0383000001
v  0.0237186663 -0.0328700654 0.0383203812
v  0.0237486847 -0.0330528356 0.0383000001
v  0.0273929238 -0.0301017892 0.0383000001
v  0.0272289366 -0.0300125517 0.0383051857
v  0.0266345367 -0.0298057552 0.0383896045
v  0.0264471229 -0.0297898203 0.0384352431
v  0.0260194186 -0.029753454 0.0385393947
v  0.0236935299 -0.0316369236 0.0385393947
v  0.0281661917 -0.030819783 0.0383000001
v  0.0242902171 -0.0339584872 0.0383000001
v  0.0276900977 -0.034194421 0.0383000001
v  0.0284289327 -0.0332023576 0.0383000001
v  0.0286017321 -0.0319775268 0.0383000001
v  0.0253321081 -0.0346252173 0.0383000001
v  0.0265660994 -0.0347108506 0.0383000001
v  0.019667469 -0.0353150554 0.0388000011
v  0.0201249998 -0.0348575227 0.0388000011
v  0.0207499992 -0.0359400548 0.0388000011
v  0.0207499992 -0.034690056 0.0388000011
v  0.0213750005 -0.0348575227 0.0388000011
v  0.0201249998 -0.0370225869 0.0388000011
v  0.019667469 -0.0365650542 0.0388000011
v  0.0195000004 -0.0359400548 0.0388000011
v  0.0218325313 -0.0365650542 0.0388000011
v  0.0213750005 -0.0370225869 0.0388000011
v  0.0207499992 -0.0371900536 0.0388000011
v  0.0218325313 -0.0353150554 0.0388000011
v  0.0219999999 -0.0359400548 0.0388000011
v  0.0204266254 -0.0347326063 0.0383276083
v  0.0201249998 -0.0348575227 0.0383339413
v  0.0198660474 -0.0350562409 0.038327612
v  0.0195207652 -0.0357131585 0.0383000001
v  0.019667469 -0.0353150554 0.0383128822
v  0.0207499992 -0.034690056 0.0383128822
v  0.0211681202 -0.0347620584 0.0383000001
v  0.0213750005 -0.0348575227 0.0383000001
v  0.0218325313 -0.0353150554 0.0383000001
v  0.0219999999 -0.0359400548 0.0383000001
v  0.0218325313 -0.0365650542 0.0383000001
v  0.0213750005 -0.0370225869 0.0383000001
v  0.0207499992 -0.0371900536 0.0383000001
v  0.0201249998 -0.0370225869 0.0383000001
v  0.019667469 -0.0365650542 0.0383000001
v  0.0195000004 -0.0359400548 0.0383000001
v  0.0203499999 -0.0352472328 0.0383000001
v  -0.0170373339 -0.0374935865 0.0388000011
v  -0.0161222704 -0.0365785249 0.0388000011
v  -0.0148722697 -0.0387435891 0.0388000011
v  -0.0148722697 -0.0362435877 0.0388000011
v  -0.01362227 -0.0365785249 0.0388000011
v  -0.0161222704 -0.0409086496 0.0388000011
v  -0.0170373339 -0.0399935879 0.0388000011
v  -0.0173722692 -0.0387435891 0.0388000011
v  -0.0127072064 -0.0399935879 0.0388000011
v  -0.01362227 -0.0409086496 0.0388000011
v  -0.0148722697 -0.0412435867 0.0388000011
v  -0.0127072064 -0.0374935865 0.0388000011
v  -0.0123722702 -0.0387435891 0.0388000011
v  -0.0148722697 -0.0412435867 0.0383000001
v  -0.0161222704 -0.0409086496 0.0383000001
v  -0.0170373339 -0.0399935879 0.0383000001
v  -0.0173722692 -0.0387435891 0.0383000001
v  -0.0170373339 -0.0374935865 0.0383000001
v  -0.0161222704 -0.0365785249 0.0383000001
v  -0.0148722697 -0.0362435877 0.0383000001
v  -0.01362227 -0.0365785249 0.0383000001
v  -0.0127072064 -0.0374935865 0.0383000001
v  -0.0123722702 -0.0387435891 0.0383000001
v  -0.0127072064 -0.0399935879 0.0383000001
v  -0.01362227 -0.0409086496 0.0383000001
v  -0.0148722697 -0.0387435891 0.0383000001
v  -0.0218325313 -0.0353150554 0.0388000011
v  -0.0213750005 -0.0348575227 0.0388000011
v  -0.0207499992 -0.0359400548 0.0388000011
v  -0.0207499992 -0.034690056 0.0388000011
v  -0.0201249998 -0.0348575227 0.0388000011
v  -0.0213750005 -0.0370225869 0.0388000011
v  -0.0218325313 -0.0365650542 0.0388000011
v  -0.0219999999 -0.0359400548 0.0388000011
v  -0.019667469 -0.0365650542 0.0388000011
v  -0.0201249998 -0.0370225869 0.0388000011
v  -0.0207499992 -0.0371900536 0.0388000011
v  -0.019667469 -0.0353150554 0.0388000011
v  -0.0195000004 -0.0359400548 0.0388000011
v  -0.0207499992 -0.0371900536 0.0383000001
v  -0.0213750005 -0.0370225869 0.0383000001
v  -0.0218325313 -0.0365650542 0.0383000001
v  -0.0219999999 -0.0359400548 0.0383000001
v  -0.0218325313 -0.0353150554 0.0383000001
v  -0.0213750005 -0.0348575227 0.0383000001
v  -0.0207499992 -0.034690056 0.0383000001
v  -0.0201249998 -0.0348575227 0.0383000001
v  -0.019667469 -0.0353150554 0.0383000001
v  -0.0195000004 -0.0359400548 0.0383000001
v  -0.019667469 -0.0365650542 0.0383000001
v  -0.0201249998 -0.0370225869 0.0383000001
v  -0.0207499992 -0.0359400548 0.0383000001
v  -0.0170373339 0.0399935879 0.0388000011
v  -0.0161222704 0.0409086496 0.0388000011
v  -0.0148722697 0.0387435891 0.0388000011
v  -0.0148722697 0.0412435867 0.0388000011
v  -0.01362227 0.0409086496 0.0388000011
v  -0.0161222704 0.0365785249 0.0388000011
v  -0.0170373339 0.0374935865 0.0388000011
v  -0.0173722692 0.0387435891 0.0388000011
v  -0.0127072064 0.0374935865 0.0388000011
v  -0.01362227 0.0365785249 0.0388000011
v  -0.0148722697 0.0362435877 0.0388000011
v  -0.0127072064 0.0399935879 0.0388000011
v  -0.0123722702 0.0387435891 0.0388000011
v  -0.0148722697 0.0362435877 0.0383000001
v  -0.0161222704 0.0365785249 0.0383000001
v  -0.0170373339 0.0374935865 0.0383000001
v  -0.0173722692 0.0387435891 0.0383000001
v  -0.0170373339 0.0399935879 0.0383000001
v  -0.0161222704 0.0409086496 0.0383000001
v  -0.0148722697 0.0412435867 0.0383000001
v  -0.01362227 0.0409086496 0.0383000001
v  -0.0127072064 0.0399935879 0.0383000001
v  -0.0123722702 0.0387435891 0.0383000001
v  -0.0127072064 0.0374935865 0.0383000001
v  -0.01362227 0.0365785249 0.0383000001
v  -0.0148722697 0.0387435891 0.0383000001
v  -0.0218325313 0.0365650542 0.0388000011
v  -0.0213750005 0.0370225869 0.0388000011
v  -0.0207499992 0.0359400548 0.0388000011
v  -0.0207499992 0.0371900536 0.0388000011
v  -0.0201249998 0.0370225869 0.0388000011
v  -0.0213750005 0.0348575227 0.0388000011
v  -0.0218325313 0.0353150554 0.0388000011
v  -0.0219999999 0.0359400548 0.0388000011
v  -0.019667469 0.0353150554 0.0388000011
v  -0.0201249998 0.0348575227 0.0388000011
v  -0.0207499992 0.034690056 0.0388000011
v  -0.019667469 0.0365650542 0.0388000011
v  -0.0195000004 0.0359400548 0.0388000011
v  -0.0207499992 0.034690056 0.0383000001
v  -0.0213750005 0.0348575227 0.0383000001
v  -0.0218325313 0.0353150554 0.0383000001
v  -0.0219999999 0.0359400548 0.0383000001
v  -0.0218325313 0.0365650542 0.0383000001
v  -0.0213750005 0.0370225869 0.0383000001
v  -0.0207499992 0.0371900536 0.0383000001
v  -0.0201249998 0.0370225869 0.0383000001
v  -0.019667469 0.0365650542 0.0383000001
v  -0.0195000004 0.0359400548 0.0383000001
v  -0.019667469 0.0353150554 0.0383000001
v  -0.0201249998 0.0348575227 0.0383000001
v  -0.0207499992 0.0359400548 0.0383000001
v  0.019667469 0.0365650542 0.0388000011
v  0.0201249998 0.0370225869 0.0388000011
v  0.0207499992 0.0359400548 0.0388000011
v  0.0207499992 0.0371900536 0.0388000011
v  0.0213750005 0.0370225869 0.0388000011
v  0.0201249998 0.0348575227 0.0388000011
v  0.019667469 0.0353150554 0.0388000011
v  0.0195000004 0.0359400548 0.0388000011
v  0.0218325313 0.0353150554 0.0388000011
v  0.0213750005 0.0348575227 0.0388000011
v  0.0207499992 0.034690056 0.0388000011
v  0.0218325313 0.0365650542 0.0388000011
v  0.0219999999 0.0359400548 0.0388000011
v  0.0198660064 0.0350562818 0.0383276083
v  0.0201249998 0.0348575227 0.0383339413
v  0.0204265695 0.0347326212 0.038327612
v  0.0211681202 0.0347620584 0.0383000001
v  0.0207499992 0.034690056 0.0383128822
v  0.019667469 0.0353150554 0.0383128822
v  0.0195207652 0.0357131585 0.0383000001
v  0.0195000004 0.0359400548 0.0383000001
v  0.019667469 0.0365650542 0.0383000001
v  0.0201249998 0.0370225869 0.0383000001
v  0.0207499992 0.0371900536 0.0383000001
v  0.0213750005 0.0370225869 0.0383000001
v  0.0218325313 0.0365650542 0.0383000001
v  0.0219999999 0.0359400548 0.0383000001
v  0.0218325313 0.0353150554 0.0383000001
v  0.0213750005 0.0348575227 0.0383000001
v  0.0203499999 0.0352472328 0.0383000001
v  0.0281661917 0.030819783 0.0388000011
v  0.0272289366 0.0300125517 0.0388000011
v  0.0260194186 0.029753454 0.0388000011
v  0.0245697293 0.0303410906 0.0388000011
v  0.0242254697 0.0306166634 0.0388000011
v  0.0276900977 0.034194421 0.0388000011
v  0.0236935299 0.0316369236 0.0388000011
v  0.0253321081 0.0346252173 0.0388000011
v  0.0265660994 0.0347108506 0.0388000011
v  0.0242902171 0.0339584872 0.0388000011
v  0.0236954913 0.0328738801 0.0388000011
v  0.0286017321 0.0319775268 0.0388000011
v  0.0284289327 0.0332023576 0.0388000011
v  0.024910856 0.0300616473 0.0388000011
v  0.0264470987 0.0297898464 0.038435258
v  0.0266348552 0.0298058223 0.0383895412
v  0.0256133396 0.0316298418 0.0383000001
v  0.027220387 0.0300344285 0.0383203812
v  0.0273929238 0.0301017892 0.0383000001
v  0.0237486847 0.0330528356 0.0383000001
v  0.0236954913 0.0328738801 0.0383051857
v  0.0236167964 0.0322495401 0.0383895934
v  0.0236401819 0.0320628397 0.0384352468
v  0.0236935299 0.0316369236 0.0385393947
v  0.0260194186 0.029753454 0.0385393947
v  0.0242902171 0.0339584872 0.0383000001
v  0.0281661917 0.030819783 0.0383000001
v  0.0276900977 0.034194421 0.0383000001
v  0.0265660994 0.0347108506 0.0383000001
v  0.0253321081 0.0346252173 0.0383000001
v  0.0286017321 0.0319775268 0.0383000001
v  0.0284289327 0.0332023576 0.0383000001
v  -0.0369984992 0.0274059512 0.0388000011
v  -0.0395000018 0.0274059512 0.0388000011
v  -0.0395000018 0.0244999994 0.0388000011
v  -0.0406433642 0.0215827432 0.0388000011
v  -0.0439999998 0.0244999994 0.0388000011
v  -0.0439999998 0.0133681158 0.0388000011
v  -0.0425924845 0.0173786804 0.0879213214
v  -0.0439999998 0.0173786804 0.0879213214
v  -0.0405381136 0.0215301737 0.0837698281
v  -0.0439999998 0.0236213207 0.0816786811
v  -0.0395033062 0.0236213207 0.0816786811
v  -0.0433887951 0.0152573595 0.0887999982
v  -0.0439999998 0.0152573595 0.0887999982
v  -0.0439999998 0.0164054092 0.0885716379
v  -0.0429726467 0.0164054092 0.0885716379
v  -0.0439999998 0.0133681158 0.0887999982
v  -0.0439999998 0.0242716391 0.0807054117
v  -0.0439999998 0.0244999994 0.0795573592
v  -0.0395000018 0.0244999994 0.0795573592
v  -0.0395000018 0.0236268975 0.0816730857
v  -0.0395000018 0.0242716391 0.0807054117
v  -0.0395000018 0.0236268975 0.0880370662
v  -0.0395000018 0.0262101926 0.0854537711
v  -0.0378486551 0.0262101926 0.0854537711
v  -0.0370204486 0.0273760725 0.0840382278
v  -0.0395000018 0.0282749534 0.0823636353
v  -0.0363435782 0.0282749534 0.0823636353
v  -0.0359227657 0.0288115256 0.0806040242
v  -0.0395000018 0.0289999992 0.0787185803
v  -0.0357718728 0.0289999992 0.0787185803
v  -0.0395000018 0.0289999992 0.044075001
v  -0.0357718728 0.0289999992 0.044075001
v  -0.0395000018 0.028592784 0.0413197055
v  -0.0358550809 0.0288963187 0.0426734351
v  -0.0360958688 0.028592784 0.0413197055
v  -0.042750001 -0.0180857871 0.0886284262
v  -0.0439000018 -0.0180857871 0.0886284262
v  -0.042750001 -0.0243284274 0.0823857859
v  -0.0439000018 -0.0243284274 0.0823857859
v  -0.0439000018 -0.0133836875 0.0919499993
v  -0.0432785824 -0.0152573595 0.0919499993
v  -0.0439000018 -0.0152573595 0.0919499993
v  -0.0432785824 -0.0152573595 0.0898000002
v  -0.0439000018 -0.0152573595 0.0898000002
v  -0.042750001 -0.0166698247 0.0895423219
v  -0.0439000018 -0.0167880934 0.0894955173
v  -0.042750001 -0.0167746376 0.0894746706
v  -0.0439000018 -0.0133836875 0.0898000002
v  -0.042750001 -0.0166698247 0.0917856023
v  -0.0439000018 -0.0176108629 0.091481857
v  -0.042750001 -0.0196060669 0.0901487097
v  -0.0439000018 -0.0196060669 0.0901487097
v  -0.042750001 -0.0182430334 0.0911766365
v  -0.042750001 -0.0175904892 0.0914292261
v  -0.042750001 -0.0258487072 0.0839060694
v  -0.0439000018 -0.0258487072 0.0839060694
v  -0.0439376086 -0.0258558318 0.0839131922
v  -0.0439499989 -0.0258581806 0.0839155391
v  -0.0439707115 -0.0196267776 0.0901694149
v  -0.043938268 -0.019611448 0.090154089
v  -0.0439683013 -0.0258711204 0.0839284807
v  -0.0439866036 -0.0258840621 0.0839414224
v  -0.043992389 -0.0196497161 0.0901923552
v  -0.0439899229 -0.0258928239 0.0839501843
v  -0.0439999998 -0.0259194169 0.0839767754
v  -0.0439999998 -0.0196767766 0.0902194157
v  -0.043938268 -0.0152573595 0.0919576138
v  -0.043938268 -0.017613776 0.0914888903
v  -0.0439490527 -0.0152573595 0.0919648185
v  -0.0439707115 -0.0176220704 0.0915089175
v  -0.043992389 -0.0176344868 0.0915388912
v  -0.0439851843 -0.0152573595 0.0920009464
v  -0.0439707115 -0.0152573595 0.0919792876
v  -0.0439999998 -0.0176491309 0.0915742442
v  -0.0439999998 -0.0152573595 0.092050001
v  -0.043992389 -0.0152573595 0.0920117348
v  -0.0439433008 -0.013241468 0.0919750035
v  -0.0439866036 -0.0130992485 0.0920000002
v  -0.043995209 -0.0130706131 0.0920194238
v  -0.0439985432 -0.0130595034 0.0920329988
v  -0.0439996049 -0.0130559625 0.0920411274
v  -0.0439999998 -0.0130546475 0.092050001
v  -0.0439866036 -0.0130992485 0.0897499993
v  -0.0439974293 -0.0130632175 0.0897225291
v  -0.0439999998 -0.0152573595 0.0896999985
v  -0.0439996086 -0.0130559541 0.0897088423
v  -0.0439999998 -0.0130546475 0.0896999985
v  -0.0439866036 -0.0152573595 0.0897499993
v  -0.0439499989 -0.0152573595 0.089786604
v  -0.0439433008 -0.013241468 0.0897750035
v  -0.0439999998 -0.0167498253 0.0894031301
v  -0.0439866036 -0.0167689584 0.0894493237
v  -0.0439499989 -0.0167829655 0.0894831419
v  -0.0439999998 -0.0180150755 0.0885577202
v  -0.0439866036 -0.0180504303 0.0885930732
v  -0.0439499989 -0.0180763137 0.0886189565
v  -0.043938268 -0.0243230443 0.0823804066
v  -0.0439490527 -0.02431795 0.0823753104
v  -0.0439707115 -0.0243077166 0.0823650733
v  -0.0439851843 -0.024292402 0.0823497623
v  -0.043992389 -0.0242847763 0.0823421329
v  -0.0439999998 -0.0242577158 0.0823150799
v  -0.043992389 -0.0251384862 0.0810644701
v  -0.0439999998 -0.0251031294 0.0810498223
v  -0.0439999998 -0.0253999997 0.0795573592
v  -0.043992389 -0.0254382677 0.0795573592
v  -0.0439851843 -0.0254490506 0.0795573592
v  -0.0439707115 -0.025168458 0.0810768828
v  -0.043938268 -0.0251884852 0.0810851827
v  -0.0439000018 -0.0251955185 0.0810880959
v  -0.0439707115 -0.0254707113 0.0795573592
v  -0.0439490527 -0.0254851822 0.0795573592
v  -0.043938268 -0.0254923888 0.0795573592
v  -0.0439000018 -0.0254999995 0.0795573592
v  -0.0439000018 -0.0271818582 0.0819108635
v  -0.0439499989 -0.0271942373 0.0819159895
v  -0.0439866036 -0.0272280537 0.0819299966
v  -0.0439999998 -0.0272742473 0.0819491297
v  -0.0439000018 -0.0276500005 0.0795573592
v  -0.0439499989 -0.0276633967 0.0795573592
v  -0.0439866036 -0.0276999995 0.0795573592
v  -0.0439999998 -0.0277500004 0.0795573592
v  -0.042750001 -0.0251955185 0.0810880959
v  -0.042750001 -0.0254999995 0.0795573592
v  -0.042750001 -0.0276500005 0.0795573592
v  -0.042750001 -0.0271818582 0.0819108635
v  -0.0426249988 -0.0255334936 0.0795573592
v  -0.0426559821 -0.0243462417 0.0824036002
v  -0.0426249988 -0.0252264626 0.0811009109
v  -0.0426249988 -0.0243521109 0.0824094713
v  -0.0425792485 -0.0243844632 0.0824418217
v  -0.0425334945 -0.0253110025 0.0811359286
v  -0.0425334945 -0.0244168155 0.0824741721
v  -0.0425251909 -0.0244387221 0.0824960843
v  -0.0425000004 -0.0254264884 0.0811837614
v  -0.0425000004 -0.0245052036 0.0825625658
v  -0.0425334945 -0.0256249998 0.0795573592
v  -0.0425000004 -0.02575 0.0795573592
v  -0.0426559821 -0.0181035995 0.0886462405
v  -0.0426249988 -0.0181094706 0.0886521116
v  -0.0425792485 -0.0181418229 0.088684462
v  -0.0425334945 -0.0181741752 0.0887168124
v  -0.0425251909 -0.0181960817 0.0887387246
v  -0.0425000004 -0.0182625633 0.0888052061
v  -0.0426376499 -0.0169508252 0.0894774348
v  -0.0425356179 -0.0172053315 0.0894372091
v  -0.0425496176 -0.0171710029 0.089426592
v  -0.0425160117 -0.0172534175 0.0894520879
v  -0.0425039567 -0.0172828659 0.0894858018
v  -0.0425000004 -0.0172925238 0.0895310342
v  -0.0426050797 -0.0170339849 0.0916394219
v  -0.0426577814 -0.0169015508 0.0916925892
v  -0.042510137 -0.0172677804 0.091397211
v  -0.0425000004 -0.0172925238 0.091337882
v  -0.0425041653 -0.0172823649 0.0913899541
v  -0.0425137281 -0.017258998 0.0914368704
v  -0.0425202474 -0.0172430295 0.0914565399
v  -0.0425402559 -0.0171940047 0.0915169269
v  -0.0425000004 -0.0181216653 0.0909580737
v  -0.0425190292 -0.0181681104 0.091041714
v  -0.0425732248 -0.0182074849 0.0911126211
v  -0.042654328 -0.0182337947 0.0911599994
v  -0.0425000004 -0.0194292888 0.0899719298
v  -0.0425190292 -0.0194969382 0.0900395811
v  -0.042537041 -0.0195160005 0.0900586396
v  -0.0425732248 -0.0195542891 0.0900969282
v  -0.0426273718 -0.0195798725 0.0901225135
v  -0.042654328 -0.0195926093 0.090135254
v  -0.0426249988 -0.0258250237 0.083882384
v  -0.0425334945 -0.0257603191 0.0838176757
v  -0.0425000004 -0.0256719291 0.0837292895
v  -0.0425000004 -0.0269508883 0.0818151906
v  -0.0425000004 -0.0274 0.0795573592
v  -0.0425334945 -0.0275250003 0.0795573592
v  -0.0425334945 -0.0270663742 0.0818630308
v  -0.0426249988 -0.0271509159 0.0818980485
v  -0.0426249988 -0.0276165064 0.0795573592
v  -0.042750001 -0.0254999995 0.0388000011
v  -0.0439000018 -0.0254999995 0.0388000011
v  -0.0439499989 -0.0254866034 0.0388000011
v  -0.0439866036 -0.0254500005 0.0388000011
v  -0.0439999998 -0.0253999997 0.0388000011
v  -0.0425000004 -0.02575 0.0388000011
v  -0.0425000004 -0.0274 0.0388000011
v  -0.0439000018 -0.0276500005 0.0388000011
v  -0.042750001 -0.0276500005 0.0388000011
v  -0.0439499989 -0.0276633967 0.0388000011
v  -0.0439866036 -0.0276999995 0.0388000011
v  -0.0439999998 -0.0277500004 0.0388000011
v  -0.0426249988 -0.0276165064 0.0388000011
v  -0.0425334945 -0.0275250003 0.0388000011
v  -0.0426249988 -0.0255334936 0.0388000011
v  -0.0425334945 -0.0256249998 0.0388000011
v  -0.042750001 0.0196060669 0.0901487097
v  -0.0439000018 0.0196060669 0.0901487097
v  -0.042750001 0.0258487072 0.0839060694
v  -0.0439000018 0.0258487072 0.0839060694
v  -0.0433887951 0.0152573595 0.0898000002
v  -0.0439000018 0.0152573595 0.0898000002
v  -0.0439000018 0.0136971548 0.0898000002
v  -0.0433887951 0.0152573595 0.0919499993
v  -0.0439000018 0.0152573595 0.0919499993
v  -0.042750001 0.016983293 0.0917028487
v  -0.0439000018 0.0176108629 0.091481857
v  -0.042750001 0.0175922625 0.0914389417
v  -0.042750001 0.0183845535 0.0910955817
v  -0.0439000018 0.0136971548 0.0919499993
v  -0.042750001 0.0180857871 0.0886284262
v  -0.0439000018 0.0180857871 0.0886284262
v  -0.042750001 0.016983293 0.0894084871
v  -0.0439000018 0.0167880934 0.0894955173
v  -0.0428257585 0.0167786032 0.0894549191
v  -0.042750001 0.0243284274 0.0823857859
v  -0.0439000018 0.0243284274 0.0823857859
v  -0.043938268 0.0243230443 0.0823804066
v  -0.0439707115 0.0243077166 0.0823650733
v  -0.0439499989 0.0180763137 0.0886189565
v  -0.0439376086 0.0180786606 0.0886213034
v  -0.0439899229 0.0180416685 0.0885843113
v  -0.0439866036 0.0180504303 0.0885930732
v  -0.0439683013 0.018063372 0.0886060148
v  -0.043992389 0.0242847763 0.0823421329
v  -0.0439999998 0.0242577158 0.0823150799
v  -0.0439999998 0.0180150755 0.0885577202
v  -0.0439999998 0.0167498253 0.0894031301
v  -0.0439866036 0.0167689584 0.0894493237
v  -0.0439499989 0.0167829655 0.0894831419
v  -0.0439999998 0.0152573595 0.0896999985
v  -0.0439866036 0.0152573595 0.0897499993
v  -0.0439499989 0.0152573595 0.089786604
v  -0.0439433008 0.0135549353 0.0897750035
v  -0.0439999998 0.0133681158 0.0896999985
v  -0.0439996049 0.0133694299 0.0897088721
v  -0.0439985432 0.0133729707 0.0897170007
v  -0.043995209 0.0133840805 0.0897305831
v  -0.0439866036 0.0134127159 0.0897499993
v  -0.0439866036 0.0134127159 0.0920000002
v  -0.0439974293 0.0133766849 0.0920274705
v  -0.0439999998 0.0152573595 0.092050001
v  -0.0439996086 0.0133694215 0.0920411572
v  -0.0439999998 0.0133681158 0.092050001
v  -0.0439866036 0.0152573595 0.0920000002
v  -0.0439499989 0.0152573595 0.0919633955
v  -0.0439433008 0.0135549353 0.0919750035
v  -0.0439376086 0.0196131915 0.0901558325
v  -0.0439499989 0.0176159889 0.0914942399
v  -0.0439499989 0.0196155403 0.0901581794
v  -0.0439683013 0.0196284801 0.0901711211
v  -0.0439866036 0.0176299959 0.0915280506
v  -0.0439866036 0.0196414217 0.0901840627
v  -0.0439899229 0.0196501836 0.0901928246
v  -0.0439999998 0.0176491309 0.0915742442
v  -0.0439999998 0.0196767766 0.0902194157
v  -0.0439376086 0.0258558318 0.0839131922
v  -0.0439499989 0.0258581806 0.0839155391
v  -0.0439683013 0.0258711204 0.0839284807
v  -0.0439866036 0.0258840621 0.0839414224
v  -0.0439899229 0.0258928239 0.0839501843
v  -0.0439999998 0.0259194169 0.0839767754
v  -0.0439999998 0.0253999997 0.0795573592
v  -0.0439999998 0.0251031294 0.0810498223
v  -0.043992389 0.0254382677 0.0795573592
v  -0.043992389 0.0251384862 0.0810644701
v  -0.0439851843 0.0254490506 0.0795573592
v  -0.0439707115 0.025168458 0.0810768828
v  -0.043938268 0.0251884852 0.0810851827
v  -0.0439490527 0.0254851822 0.0795573592
v  -0.0439707115 0.0254707113 0.0795573592
v  -0.0439000018 0.0251955185 0.0810880959
v  -0.0439000018 0.0254999995 0.0795573592
v  -0.043938268 0.0254923888 0.0795573592
v  -0.0439000018 0.0271818582 0.0819108635
v  -0.0439499989 0.0271942373 0.0819159895
v  -0.0439866036 0.0272280537 0.0819299966
v  -0.0439000018 0.0276500005 0.0795573592
v  -0.0439499989 0.0276633967 0.0795573592
v  -0.0439866036 0.0276999995 0.0795573592
v  -0.0439999998 0.0277500004 0.0795573592
v  -0.0439999998 0.0272742473 0.0819491297
v  -0.042750001 0.0254999995 0.0795573592
v  -0.042750001 0.0251955185 0.0810880959
v  -0.042750001 0.0271818582 0.0819108635
v  -0.042750001 0.0276500005 0.0795573592
v  -0.0425000004 0.0269508883 0.0818151906
v  -0.0425000004 0.0256719291 0.0837292895
v  -0.0425334945 0.0257603191 0.0838176757
v  -0.0425000004 0.0274 0.0795573592
v  -0.0425334945 0.0270663742 0.0818630308
v  -0.0425334945 0.0275250003 0.0795573592
v  -0.0426249988 0.0271509159 0.0818980485
v  -0.0426249988 0.0276165064 0.0795573592
v  -0.0426249988 0.0258250237 0.083882384
v  -0.042654328 0.0195926093 0.090135254
v  -0.0426273718 0.0195798725 0.0901225135
v  -0.0425732248 0.0195542891 0.0900969282
v  -0.042537041 0.0195160005 0.0900586396
v  -0.0425190292 0.0194969382 0.0900395811
v  -0.0425000004 0.0194292888 0.0899719298
v  -0.042654328 0.0183748771 0.0910791904
v  -0.0425732248 0.0183473192 0.0910325274
v  -0.0425762534 0.0174186192 0.0914753675
v  -0.0426579267 0.0172146261 0.0915955305
v  -0.0426035449 0.0173512567 0.091532141
v  -0.0425000004 0.017605992 0.0912123844
v  -0.0425041169 0.0175959505 0.0912659019
v  -0.0425190292 0.0183060784 0.0909626931
v  -0.0425233021 0.0175489821 0.0913380831
v  -0.0425394364 0.0175094903 0.091398783
v  -0.0425000004 0.0182574317 0.090880312
v  -0.0425167829 0.0175649989 0.0892942846
v  -0.0425335243 0.0175239909 0.0892464668
v  -0.0425116718 0.0175774954 0.0912752375
v  -0.0425091125 0.0175837502 0.0892765522
v  -0.0425162464 0.0175663065 0.0892620161
v  -0.0425000004 0.017605992 0.089342095
v  -0.0425038412 0.0175966211 0.0892958865
v  -0.042620562 0.0173089765 0.0892757922
v  -0.0426254869 0.0172965862 0.0892808363
v  -0.0425510705 0.0174808986 0.0892430022
v  -0.0425334945 0.0181741752 0.0887168124
v  -0.0425000004 0.0182625633 0.0888052061
v  -0.0426249988 0.0181094706 0.0886521116
v  -0.0426249988 0.0243521109 0.0824094713
v  -0.0425334945 0.0244168155 0.0824741721
v  -0.0425000004 0.0245052036 0.0825625658
v  -0.0426249988 0.0252264626 0.0811009109
v  -0.0426249988 0.0255334936 0.0795573592
v  -0.0425334945 0.0253110025 0.0811359286
v  -0.0425334945 0.0256249998 0.0795573592
v  -0.0425000004 0.0254264884 0.0811837614
v  -0.0425000004 0.02575 0.0795573592
v  -0.042750001 0.0276500005 0.0388000011
v  -0.0439000018 0.0276500005 0.0388000011
v  -0.0439499989 0.0276633967 0.0388000011
v  -0.0439866036 0.0276999995 0.0388000011
v  -0.0439999998 0.0277500004 0.0388000011
v  -0.0425000004 0.0274 0.0388000011
v  -0.0425000004 0.02575 0.0388000011
v  -0.0426249988 0.0276165064 0.0388000011
v  -0.0425334945 0.0275250003 0.0388000011
v  -0.0439000018 0.0254999995 0.0388000011
v  -0.042750001 0.0254999995 0.0388000011
v  -0.0439499989 0.0254866034 0.0388000011
v  -0.0439866036 0.0254500005 0.0388000011
v  -0.0439999998 0.0253999997 0.0388000011
v  -0.0426249988 0.0255334936 0.0388000011
v  -0.0425334945 0.0256249998 0.0388000011
v  -0.0395000018 -0.0274059512 0.0388000011
v  -0.0367659628 -0.0274059512 0.0388000011
v  -0.0395000018 -0.0244999994 0.0388000011
v  -0.0405489206 -0.0214477424 0.0388000011
v  -0.0439999998 -0.0244999994 0.0388000011
v  -0.0439999998 -0.0130546475 0.0388000011
v  -0.0439999998 -0.0236213207 0.0816786811
v  -0.0395000018 -0.0236213207 0.0816786811
v  -0.0439999998 -0.0242716391 0.0807054117
v  -0.0395000018 -0.0242716391 0.0807054117
v  -0.0439999998 -0.0244999994 0.0795573592
v  -0.0395000018 -0.0244999994 0.0795573592
v  -0.0439999998 -0.0130546475 0.0887999982
v  -0.0432785824 -0.0152573595 0.0887999982
v  -0.0439999998 -0.0152573595 0.0887999982
v  -0.0424645767 -0.0173786804 0.0879213214
v  -0.0439999998 -0.0173786804 0.0879213214
v  -0.0439999998 -0.0164054092 0.0885716379
v  -0.0428529829 -0.0164054092 0.0885716379
v  -0.0395000018 -0.0233134292 0.0819865689
v  -0.0404554978 -0.0214006305 0.0838993713
v  -0.0376313105 -0.0262101926 0.0854537711
v  -0.0395000018 -0.0262101926 0.0854537711
v  -0.0395000018 -0.0233134292 0.0883505344
v  -0.0355172791 -0.0289999992 0.0787185803
v  -0.0395000018 -0.0289999992 0.0787185803
v  -0.0356692486 -0.0288135651 0.0805938989
v  -0.0395000018 -0.0282749534 0.0823636353
v  -0.0360992998 -0.0282749534 0.0823636353
v  -0.0367867686 -0.027378127 0.0840351731
v  -0.0395000018 -0.0289999992 0.044075001
v  -0.0355172791 -0.0289999992 0.044075001
v  -0.0358471312 -0.028592784 0.0413197055
v  -0.03560213 -0.0288961511 0.0426723063
v  -0.0395000018 -0.028592784 0.0413197055
v  -0.0439999998 0.0233750008 0.0893825293
v  -0.0439999998 0.0229174681 0.088925004
v  -0.0439999998 0.0240000002 0.0882999972
v  -0.0439999998 0.0227499995 0.0882999972
v  -0.0439999998 0.0229174681 0.0876749977
v  -0.0439999998 0.0250825323 0.088925004
v  -0.0439999998 0.0246249996 0.0893825293
v  -0.0439999998 0.0240000002 0.0895500034
v  -0.0439999998 0.0246249996 0.0872174725
v  -0.0439999998 0.0250825323 0.0876749977
v  -0.0439999998 0.0252500009 0.0882999972
v  -0.0439999998 0.0233750008 0.0872174725
v  -0.0439999998 0.0240000002 0.0870499983
v  -0.0397489257 0.0240000002 0.0882999972
v  -0.0405000001 0.0229174681 0.088925004
v  -0.0405000001 0.0233750008 0.0893825293
v  -0.0405000001 0.0227499995 0.0882999972
v  -0.0405000001 0.0246249996 0.0893825293
v  -0.0405000001 0.0250825323 0.088925004
v  -0.0405000001 0.0240000002 0.0895500034
v  -0.0405000001 0.0250825323 0.0876749977
v  -0.0405000001 0.0246249996 0.0872174725
v  -0.0405000001 0.0252500009 0.0882999972
v  -0.0405000001 0.0233750008 0.0872174725
v  -0.0405000001 0.0229174681 0.0876749977
v  -0.0405000001 0.0240000002 0.0870499983
v  -0.0439999998 -0.0246249996 0.0893825293
v  -0.0439999998 -0.0250825323 0.088925004
v  -0.0439999998 -0.0240000002 0.0882999972
v  -0.0439999998 -0.0252500009 0.0882999972
v  -0.0439999998 -0.0250825323 0.0876749977
v  -0.0439999998 -0.0229174681 0.088925004
v  -0.0439999998 -0.0233750008 0.0893825293
v  -0.0439999998 -0.0240000002 0.0895500034
v  -0.0439999998 -0.0233750008 0.0872174725
v  -0.0439999998 -0.0229174681 0.0876749977
v  -0.0439999998 -0.0227499995 0.0882999972
v  -0.0439999998 -0.0246249996 0.0872174725
v  -0.0439999998 -0.0240000002 0.0870499983
v  -0.0397489257 -0.0240000002 0.0882999972
v  -0.0405000001 -0.0250825323 0.088925004
v  -0.0405000001 -0.0246249996 0.0893825293
v  -0.0405000001 -0.0252500009 0.0882999972
v  -0.0405000001 -0.0233750008 0.0893825293
v  -0.0405000001 -0.0229174681 0.088925004
v  -0.0405000001 -0.0240000002 0.0895500034
v  -0.0405000001 -0.0229174681 0.0876749977
v  -0.0405000001 -0.0233750008 0.0872174725
v  -0.0405000001 -0.0227499995 0.0882999972
v  -0.0405000001 -0.0246249996 0.0872174725
v  -0.0405000001 -0.0250825323 0.0876749977
v  -0.0405000001 -0.0240000002 0.0870499983
v  0.00896283239 0.0391538516 0.1373
v  6.19949496e-05 0.0401567332 0.1373
v  6.19949496e-05 0.0401567332 0.140113354
v  0.00454057381 0.039905224 0.140113354
v  0.00896283239 0.0391538516 0.140113354
v  0.0174173452 0.0361954868 0.1373
v  0.0132731572 0.037912067 0.140113354
v  0.0174173452 0.0361954868 0.140113354
v  0.0250015873 0.0314299949 0.1373
v  0.0213432778 0.0340257026 0.140113354
v  0.0250015873 0.0314299949 0.140113354
v  0.0313352533 0.0250963252 0.1373
v  0.0283462666 0.0284410045 0.140113354
v  0.0313352533 0.0250963252 0.140113354
v  0.0361007489 0.0175120831 0.1373
v  0.0339309648 0.0214380175 0.140113354
v  0.0361007489 0.0175120831 0.140113354
v  0.0378173292 0.013367896 0.140113354
v  0.03905911 0.00905757118 0.1373
v  0.03905911 0.00905757118 0.140113354
v  0.0400619954 0.000156733862 0.1373
v  0.0398104824 0.00463531306 0.140113354
v  0.0400619954 0.000156733862 0.140113354
v  0.0398104824 -0.00432184525 0.140113354
v  0.03905911 -0.00874410383 0.1373
v  0.03905911 -0.00874410383 0.140113354
v  0.0378173292 -0.0130544286 0.140113354
v  0.0361007489 -0.0171986148 0.1373
v  0.0361007489 -0.0171986148 0.140113354
v  0.0339309648 -0.0211245492 0.140113354
v  0.0313352533 -0.0247828588 0.1373
v  0.0313352533 -0.0247828588 0.140113354
v  0.0250015873 -0.0311165247 0.1373
v  0.0283462666 -0.028127538 0.140113354
v  0.0250015873 -0.0311165247 0.140113354
v  0.0174173452 -0.0358820222 0.1373
v  0.0213432778 -0.0337122343 0.140113354
v  0.0174173452 -0.0358820222 0.140113354
v  0.00896283239 -0.0388403833 0.1373
v  0.0132731572 -0.0375985987 0.140113354
v  0.00896283239 -0.0388403833 0.140113354
v  6.19949496e-05 -0.039843265 0.1373
v  0.00454057381 -0.0395917557 0.140113354
v  6.19949496e-05 -0.039843265 0.140113354
v  -0.00441658404 -0.0395917557 0.140113354
v  -0.00883884262 -0.0388403833 0.1373
v  -0.00883884262 -0.0388403833 0.140113354
v  -0.0131491674 -0.0375985987 0.140113354
v  -0.0172933545 -0.0358820222 0.1373
v  -0.0172933545 -0.0358820222 0.140113354
v  -0.0248775966 -0.0311165247 0.1373
v  -0.0212192889 -0.0337122343 0.140113354
v  -0.0248775966 -0.0311165247 0.140113354
v  -0.0312112644 -0.0247828588 0.1373
v  -0.0282222759 -0.028127538 0.140113354
v  -0.0312112644 -0.0247828588 0.140113354
v  -0.0359767601 -0.0171986148 0.1373
v  -0.0338069722 -0.0211245492 0.140113354
v  -0.0359767601 -0.0171986148 0.140113354
v  -0.0389351211 -0.00874410383 0.1373
v  -0.0376933366 -0.0130544286 0.140113354
v  -0.0389351211 -0.00874410383 0.140113354
v  -0.0396864936 -0.00432184525 0.140113354
v  -0.0399380066 0.000156733862 0.1373
v  -0.0399380066 0.000156733862 0.140113354
v  -0.0396864936 0.00463531306 0.140113354
v  -0.0389351211 0.00905757118 0.1373
v  -0.0389351211 0.00905757118 0.140113354
v  -0.0359767601 0.0175120831 0.1373
v  -0.0376933366 0.013367896 0.140113354
v  -0.0359767601 0.0175120831 0.140113354
v  -0.0338069722 0.0214380175 0.140113354
v  -0.0312112644 0.0250963252 0.1373
v  -0.0312112644 0.0250963252 0.140113354
v  -0.0282222759 0.0284410045 0.140113354
v  -0.0248775966 0.0314299949 0.1373
v  -0.0248775966 0.0314299949 0.140113354
v  -0.0172933545 0.0361954868 0.1373
v  -0.0212192889 0.0340257026 0.140113354
v  -0.0172933545 0.0361954868 0.140113354
v  -0.00883884262 0.0391538516 0.1373
v  -0.0131491674 0.037912067 0.140113354
v  -0.00883884262 0.0391538516 0.140113354
v  -0.00441658404 0.039905224 0.140113354
v  6.19949496e-05 0.0405606367 0.1373
v  -0.00446180673 0.0403065868 0.1373
v  -0.00892871898 0.0395476259 0.1373
v  -0.0132825682 0.0382933058 0.1373
v  -0.0174686015 0.0365593918 0.1373
v  -0.0214341767 0.0343676955 0.1373
v  -0.0251294263 0.0317457765 0.1373
v  -0.028507879 0.0287266076 0.1373
v  -0.0315270498 0.0253481548 0.1373
v  -0.0341489688 0.0216529053 0.1373
v  -0.0363406651 0.01768733 0.1373
v  -0.0380745754 0.0135012968 0.1373
v  -0.0393288992 0.00914744847 0.1373
v  -0.0400878564 0.00468053576 0.1373
v  -0.0403419062 0.000156733862 0.1373
v  -0.0400878564 -0.00436706794 0.1373
v  -0.0393288992 -0.00883398019 0.1373
v  -0.0380745754 -0.0131878294 0.1373
v  -0.0363406651 -0.0173738617 0.1373
v  -0.0341489688 -0.0213394389 0.1373
v  -0.0315270498 -0.0250346866 0.1373
v  -0.028507879 -0.0284131393 0.1373
v  -0.0251294263 -0.0314323083 0.1373
v  -0.0214341767 -0.0340542272 0.1373
v  -0.0174686015 -0.0362459235 0.1373
v  -0.0132825682 -0.0379798375 0.1373
v  -0.00892871898 -0.0392341577 0.1373
v  -0.00446180673 -0.0399931185 0.1373
v  6.19949496e-05 -0.0402471684 0.1373
v  0.00458579697 -0.0399931185 0.1373
v  0.00905270875 -0.0392341577 0.1373
v  0.013406558 -0.0379798375 0.1373
v  0.0175925922 -0.0362459235 0.1373
v  0.0215581674 -0.0340542272 0.1373
v  0.025253417 -0.0314323083 0.1373
v  0.0286318678 -0.0284131393 0.1373
v  0.0316510387 -0.0250346866 0.1373
v  0.0342729576 -0.0213394389 0.1373
v  0.0364646539 -0.0173738617 0.1373
v  0.0381985642 -0.0131878294 0.1373
v  0.0394528881 -0.00883398019 0.1373
v  0.0402118452 -0.00436706794 0.1373
v  0.0404658988 0.000156733862 0.1373
v  0.0402118452 0.00468053576 0.1373
v  0.0394528881 0.00914744847 0.1373
v  0.0381985642 0.0135012968 0.1373
v  0.0364646539 0.01768733 0.1373
v  0.0342729576 0.0216529053 0.1373
v  0.0316510387 0.0253481548 0.1373
v  0.0286318678 0.0287266076 0.1373
v  0.025253417 0.0317457765 0.1373
v  0.0215581674 0.0343676955 0.1373
v  0.0175925922 0.0365593918 0.1373
v  0.013406558 0.0382933058 0.1373
v  0.00905270875 0.0395476259 0.1373
v  0.00458579697 0.0403065868 0.1373

# 0 UV coordinates

# 2401 vertex normals
vn 0.707106769 -0.707106769 0
vn 0.258818388 -0.965925992 0
vn -0.25881803 -0.965926111 0
vn -0.707106769 -0.707106769 0
vn -0.965925872 -0.258818805 0
vn -0.96592617 -0.258817673 -8.73871286e-08
vn -0.965938151 -0.258773118 0
vn -0.965925992 0.258818388 0
vn -0.707106054 0.707107484 0
vn -0.258819371 0.965925753 0
vn 0.258819729 0.965925634 0
vn 0.707106054 0.707107484 0
vn 0.965925634 0.258819729 0
vn 0.965925813 -0.258819014 0
vn 0.965923488 -0.258827716 6.93935476e-07
vn 0.965925872 -0.258818805 0
vn 0.965925634 -0.258819729 -2.31614035e-08
vn 0.965925336 -0.258820832 0
vn 0.7071082 -0.707105339 0
vn 0.258817047 -0.965926349 0
vn -0.258816332 -0.965926528 0
vn -0.7071082 -0.707105339 0
vn -0.965925336 -0.258820832 0
vn -0.965925634 -0.258819729 -2.31614035e-08
vn -0.965925753 -0.258819282 0
vn -0.965925634 0.258819729 0
vn -0.7071082 0.707105339 0
vn -0.258816332 0.965926528 0
vn 0.258817047 0.965926349 0
vn 0.7071082 0.707105339 0
vn 0.965925753 -0.258819282 0
vn 0.965925992 0.258818388 -6.31946673e-09
vn 0.965926051 0.258818179 0
vn 0.96592617 -0.258817673 0
vn 0.707106054 -0.707107484 0
vn 0.258819371 -0.965925753 0
vn -0.25881955 -0.965925694 0
vn -0.707106054 -0.707107484 0
vn -0.965925992 -0.258818328 0
vn -0.965925574 0.258819968 0
vn -0.965925813 0.258819073 2.69553926e-08
vn -0.965925992 0.258818507 0
vn -0.25881955 0.965925694 0
vn 0.258819371 0.965925753 0
vn 0.965925992 0.258818507 0
vn 0.258816332 -0.965926528 0
vn -0.258817047 -0.965926349 0
vn -0.258817047 0.965926349 0
vn 0.258816332 0.965926528 0
vn 0.965925992 -0.258818388 -6.31946673e-09
vn 0.965925992 -0.258818507 0
vn -0.965925992 -0.258818507 0
vn -0.965925813 -0.258819073 2.69553926e-08
vn -0.965925574 -0.258819968 0
vn -0.965925992 0.258818328 0
vn 0.96592617 0.258817673 0
vn 0.965926051 -0.258818179 0
vn 0.965925634 0.258819729 -2.31614035e-08
vn 0.965925753 0.258819282 0
vn 0.965925634 -0.258819729 0
vn -0.965925634 -0.258819729 0
vn -0.965925753 0.258819282 0
vn -0.965925634 0.258819729 -2.31614035e-08
vn -0.965925336 0.258820832 0
vn 0.965925336 0.258820832 0
vn 0.258818388 0.965925992 0
vn 0.707106769 0.707106769 0
vn 0.965925813 0.258819014 0
vn 0.258819729 -0.965925634 0
vn -0.258819371 -0.965925753 0
vn -0.965925992 -0.258818388 0
vn -0.96592617 0.258817673 0
vn -0.707106769 0.707106769 0
vn -0.25881803 0.965926111 0
vn 0 0 1
vn 0.95011574 0.308805257 0.0438109599
vn 0.978585482 0.205438301 0.0128683141
vn 0.994037151 0.109012693 0.00252327044
vn 0.990984559 0.133655727 -0.00926027913
vn 0.97744149 0.211206391 4.73553846e-05
vn 0.978859723 0.204532713 -3.47802852e-05
vn 0.986509621 0.163220674 0.0125624407
vn 0.989017427 0.14779897 0
vn 0.989495993 0.142570227 -0.0239050165
vn 0.989061892 0.147482917 -0.00231695478
vn 0.989011943 0.13931483 -0.0494650975
vn 0.988737464 0.148900628 -0.015060016
vn 0.962529123 0.118691251 -0.243823826
vn 0.987417698 0.149019077 -0.0529117547
vn 0.988498092 0.151230216 -0.000946486252
vn 0.995166063 0.0963762626 -0.0188698694
vn 0.994322956 0.105252415 -0.01561426
vn 0.987512589 0.157532051 0.00158234686
vn 0.99180603 0.127426401 0.009128768
vn 0.989330113 0.14558661 0.00552086812
vn 0.987214565 0.159362063 0.00334332441
vn 0.979525387 -0.201320633 6.99939264e-05
vn 0.980438352 -0.196826428 0.000213176783
vn 0.993679821 -0.112251379 0
vn 0.667348921 0.440873653 0.6002298
vn 0.988181889 -0.153285816 0
vn 0.988413572 -0.151775032 0.00170664489
vn 0.987207413 -0.159441173 6.04891193e-06
vn 0.988863289 -0.148801565 0.00273374328
vn 0.999087632 0.0427072681 0
vn 0.999905288 -0.0137643814 5.85840289e-21
vn 0.99441731 -0.105262406 -0.00735041918
vn 0.998403668 -0.0325594768 -0.0461523831
vn 0.998003423 -0.0517863519 -0.0361575522
vn 0.996790051 -0.076232098 -0.0244602747
vn 0.994202435 -0.106348291 -0.0158621687
vn 0.993611813 -0.111961268 -0.0141492588
vn 0.992289364 -0.123466142 -0.0108602829
vn 0.985711873 -0.168438688 0.000709902903
vn 0.995289624 -0.0950000286 -0.0193289164
vn 0.997507989 -0.0639131442 -0.0298819449
vn 0.997536659 -0.0649367273 -0.0265309811
vn 0.998826504 -0.0483365431 0.00302384468
vn 0.997720063 -0.0672895387 -0.0051801349
vn 0.997783899 -0.0664731115 -0.00292923511
vn 0.997762442 -0.066854246 -0.000764067285
vn 0.99776274 -0.0668543875 0
vn 0.997824132 -0.0659278557 0.000680991681
vn 0.998039007 -0.0624896549 0.00362276775
vn 0.998070776 -0.061899785 0.00481539872
vn 0.996824443 -0.0791827664 0.00843344349
vn 0.998606503 -0.0527054407 0.00267854892
vn 0.99618274 -0.0872913972 0.00037893324
vn 0.987512231 -0.157531992 -0.00180991599
vn 0.993827045 -0.110166714 0.0130823422
vn 0.991829515 -0.127300233 0.0082988767
vn 0.999406636 -0.0344107226 0.00152269006
vn 0.999905288 -0.0137643814 -1.73782362e-19
vn 0.998610079 0.0527056307 6.65435525e-19
vn 0.999083638 0.0427070968 0.00282599474
vn 0.994820178 0.101649649 -0.000341994892
vn 0.972761929 0.0994030535 0.20941177
vn 0.994431436 0.103381485 0.0204545818
vn 0.967119753 0.254306376 0.0027618669
vn 0.982412696 0.186722547 -0.000182571079
vn 0.973761857 0.227569312 -0.000182692107
vn 0.968874037 0.247546345 0.0019818584
vn 0.963770509 0.266693205 0.00459201867
vn 0.958966315 0.283415675 0.0076897284
vn 0.965442598 0.260606527 0.0022087798
vn 0.951028824 0.309102029 -0.000379517471
vn 0.932646871 0.360786051 0.00180045958
vn 0.956849456 0.29042092 -0.00973433349
vn 0.930090785 0.365595609 -0.0356509723
vn 0.947820425 0.31826216 -0.0185900256
vn 0.951871097 0.30615887 -0.0144262817
vn 0.955238283 0.295837432 -8.06293319e-05
vn 0.961729884 0.273945332 -0.00543814758
vn 0.967890382 0.251372546 0
vn 0.972776949 0.231700495 0.00446158275
vn 0.973452806 0.22888723 -0.000563048467
vn 0.974923253 0.222541243 -0.000219055742
vn 0.977443755 0.211195752 4.73553846e-05
vn 0.974938452 0.222378239 0.00655310648
vn 0.963961899 0.266026497 -0.00271306816
vn 0.973305643 0.229512095 -0.000598719751
vn 0.964808166 0.262954801 0
vn 0.965668976 0.259761423 0.00271758833
vn 0.96317327 0.268840104 -0.00471287407
vn 0.954531252 0.298110247 0.000572948309
vn 0.952899337 0.303249747 0.0047371746
vn 0.952314436 -0.295503139 0.0759944767
vn 0.915014803 -0.403418154 -0.00131379487
vn 0.928736866 -0.370732367 0.00231264811
vn 0.921708584 -0.387883097 -4.20969409e-05
vn 0.932683527 -0.360695779 9.67378855e-06
vn 0.941964149 -0.335712612 0.00079222006
vn 0.957388163 -0.288695127 0.00793589
vn 0.955617726 -0.294449598 0.0097062448
vn 0.962473214 -0.271321625 0.00547149358
vn 0.918589413 -0.395212114 -0.000954165182
vn 0.975850523 -0.218439236 -0.000110929745
vn 0.976512194 -0.215462148 -5.22273767e-05
vn 0.984628618 -0.174659595 0.000709918677
vn 0.985610783 -0.169030741 3.38820937e-05
vn 0.965955794 -0.258707166 0
vn 0.975790977 -0.218705088 0.000122522601
vn 0.977306247 -0.211831257 -5.46579467e-05
vn 0.97730428 -0.211840257 -5.46579467e-05
vn 0.966204226 -0.257776707 0.000751020852
vn 0.967108488 -0.254333109 0.00398268504
vn 0.96695143 -0.254947186 0.00263031432
vn 0.971231878 -0.238133162 0.0011057487
vn 0.974211514 -0.225636408 0.000311252283
vn 0.958041728 -0.285531372 -0.0250578057
vn 0.965286791 -0.258541018 -0.0371211693
vn 0.968341231 -0.245783687 -0.0436534397
vn 0.950327456 -0.311116189 -0.00918961316
vn 0.971337378 -0.237702221 -0.00116270117
vn 0.974128306 -0.225995287 -0.000374770694
vn 0.941930115 -0.335700512 -0.00853154715
vn 0.951039732 -0.30860427 -0.0169356335
vn 0.949428976 -0.306502581 0.0681232512
vn 0.937719882 -0.347392291 0
vn 0.933495283 -0.357561201 0.0271391831
vn 0.936774373 -0.349914849 0.00366341416
vn 0.9400298 -0.340378195 -0.0220607799
vn 0.952510595 -0.304494768 0.00254250155
vn 0.953869164 -0.300010592 0.0112830894
vn 0.932441592 -0.361299485 -0.00391937234
vn 0.928698659 -0.3708269 -0.00250382395
vn 0.921450257 -0.38849622 -0.000379152421
vn 0.904240251 -0.427021474 -0.00150503253
vn 0.908375263 -0.418112099 -0.00605079625
vn 0.908062994 -0.418761641 -0.00776613969
vn 0.901874244 -0.430759251 -0.0327009968
vn 0.906475723 -0.422248572 -0.00281304214
vn 0.90721339 -0.420670778 0
vn 0.907441437 -0.420178264 -0.000549485616
vn 0.907429934 -0.42020309 -0.000524943694
vn 0.854651034 -0.519181371 0.00472355587
vn 0.847951889 -0.530073166 0
vn 0.911890924 -0.410432667 9.43772611e-05
vn 0.90711087 -0.420891702 9.43709383e-05
vn 0.864144325 -0.503190279 -0.00735399872
vn 0.89228785 -0.449873298 -0.0379006751
vn 0.864086628 -0.503160655 -0.0135518368
vn 0.914645255 -0.404257476 1.06271063e-05
vn 0.913969338 -0.40578109 -0.00131379557
vn 0.900002539 -0.435883224 0.00113984302
vn 0.889484167 -0.456955582 0.00309046009
vn 0.895503104 -0.445017874 0.00576955173
vn 0.836371362 -0.548003495 -0.013232477
vn 0.880806386 -0.472803265 0.0252422355
vn 0.869321823 -0.493999869 0.0156112518
vn 0.88864553 0.457433999 0.0326075405
vn 0.836330533 0.547976673 -0.0165174417
vn 0.898135126 0.439664781 0.00694260653
vn 0.889484167 0.456955612 0.00307969959
vn 0.905918121 0.423452944 0
vn 0.929945409 0.367697537 0
vn 0.877875149 0.478356719 0.0225854963
vn 0.868653655 0.495189309 0.0151129095
vn 0.858355045 0.513003349 0.00736013474
vn 0.95036757 0.311129332 0
vn 0.86416769 0.503203928 0
vn 0.898192227 0.437455565 -0.0433973484
vn 0.864086747 0.503160715 -0.0135413343
vn 0.847904563 0.530148923 3.85435051e-05
vn 0.952992976 0.302992344 0.000280020264
vn 0.94960624 0.313375741 0.00660611968
vn 0.933157921 0.352898449 0.0684034452
vn 0.930698216 0.365787953 0
vn 0.906619787 0.421948493 0
vn 0.901145518 0.433516711 -8.88295399e-05
vn 0.901211977 0.433378428 -0.000317123777
vn 0.907283962 0.420200437 -0.0163528733
vn 0.907259643 0.420328796 -0.0142723974
vn 0.901353359 0.433082432 0.00131731376
vn 0.902118683 0.431481034 -0.002451726
vn -0.641616166 -0.767025888 0
vn -0.600284278 -0.799759626 -0.00658669183
vn -0.557287455 -0.83027041 -0.00903875288
vn -0.600297689 -0.799776614 1.23316635e-09
vn -0.60029763 -0.799776673 0
vn -0.466812372 -0.88435638 0
vn -0.419543922 -0.907711148 -0.00658660894
vn -0.371121109 -0.928568482 -0.00544607639
vn -0.419552088 -0.907731235 0
vn -0.271317631 -0.962489843 0
vn -0.220206708 -0.975430965 -0.00658666436
vn 0.198479101 -0.980082989 -0.00658660475
vn 0.146550581 -0.989203155 0
vn -0.011110412 -0.99993825 0
vn 0.0416079499 -0.999133468 -0.00104575884
vn -0.0111101745 -0.999916613 -0.00658668252
vn -0.0637979135 -0.997962832 0
vn -0.168493167 -0.985702813 0
vn 0.39927116 -0.916809201 -0.00658662943
vn 0.350402653 -0.936599135 0
vn 0.249864489 -0.968280792 0
vn 0.582378387 -0.812917829 1.83508604e-07
vn 0.624362528 -0.78102684 -0.0129802497
vn 0.582380712 -0.812889457 -0.00658881571
vn 0.538724244 -0.84248215 0
vn 0.447047025 -0.894510448 0
vn 0.739665508 -0.672974646 0
vn 0.774074256 -0.633027732 -0.00921436772
vn 0.739649355 -0.672960222 -0.00658662058
vn 0.703167677 -0.711024046 0
vn 0.582379043 -0.812917352 0
vn 0.582379043 -0.812917352 -1.75009396e-09
vn 0.847956717 0.530065417 0
vn 0.774107099 0.633054614 0
vn 0.739649415 0.672960103 -0.00658663874
vn 0.703167677 0.711024046 0
vn 0.582379043 0.812917352 0
vn 0.624412954 0.781089902 -0.00263833371
vn 0.582366407 0.812899709 -0.00658665039
vn 0.53872329 0.842480719 -0.00184179912
vn 0.582378387 0.812917829 -6.0927789e-08
vn 0.582393348 0.8129071 0
vn 0.447047025 0.894510448 0
vn 0.39927116 0.916809201 -0.00658662943
vn 0.350402653 0.936599135 0
vn 0.249864489 0.968280792 0
vn 0.198479101 0.980082989 -0.00658660475
vn 0.146550581 0.989203155 0
vn -0.011110412 0.99993825 0
vn 0.0416079499 0.999133468 -0.00104575884
vn -0.0111101745 0.999916613 -0.00658668252
vn -0.0637979135 0.997962832 0
vn -0.168493167 0.985702813 0
vn -0.220206708 0.975430965 -0.00658666436
vn -0.271317631 0.962489843 0
vn -0.371126592 0.928582251 0
vn -0.419542998 0.907711565 -0.00658658706
vn -0.466798514 0.884330094 -0.00770878932
vn -0.600297272 0.799776971 0
vn -0.641610742 0.767019391 -0.00411616825
vn -0.600284696 0.799759269 -0.00658666668
vn -0.557310104 0.830304205 -0.000622892694
vn -0.60029763 0.799776673 0
vn -0.419553012 0.907730818 0
vn 0 0 -1
vn -0.965925574 -0.258820057 0
vn -0.707107365 -0.707106173 0
vn -0.258818954 -0.965925872 0
vn -1 0 0
vn -0.258818954 0.965925872 0
vn -0.965925574 0.258820057 0
vn -0.707107365 0.707106173 0
vn 0 1 0
vn -0.641271532 0.767314017 0
vn -0.532876432 0.846185088 0.00366468378
vn -0.186239883 0.982504308 0
vn -0.487147659 0.873319626 0
vn -0.186239883 -0.982504308 0
vn -0.532880127 -0.846190751 0
vn -0.532880008 -0.84619081 -7.27018179e-09
vn -0.53287977 -0.846190929 0
vn 0 -1 0
vn 0.895115972 -0.445833355 0
vn 0.895166934 -0.445731103 0
vn 0.895152271 -0.445760101 0.000604570203
vn 0.895151794 -0.445761025 0.000583142566
vn 0.905191362 -0.425004095 0.000278208696
vn 0.906959057 -0.42121622 0.00146210508
vn 0.906974256 -0.421183497 0.00147454382
vn 0.911559224 -0.411079824 0.00855377689
vn 0.918156862 -0.396133542 -0.00813309848
vn 0.914710402 -0.404091865 0.00383257121
vn 0.922370851 -0.386295319 -0.002807718
vn 0.931931496 -0.362568498 0.00691094622
vn 0.934611022 -0.355511069 0.0106801018
vn 0.942779124 -0.332341164 0.0267746393
vn 0.942732334 -0.332324654 -0.028567601
vn 0.912127733 -0.409852982 0.00659421738
vn 0.91357398 -0.406113327 0.021319259
vn 0.912837684 -0.408135414 0.0123634031
vn 0.933637023 -0.358078003 -0.0101001654
vn 0.935243547 -0.353068441 -0.0257322676
vn 0.89455086 -0.446943134 0.00454217009
vn 0.895992041 -0.444068849 -0.0010696681
vn 0.895119786 -0.445825756 0
vn 0.894721448 -0.446622849 -0.00124560576
vn 0.894436359 -0.447158813 -0.00571142184
vn 0.893604219 -0.448835939 -0.00422289036
vn 0.898244858 -0.439495027 -0.000540434383
vn 0.902037919 -0.431656808 -4.86461829e-07
vn 0 0.617296636 0.786730468
vn 0 0.61958617 -0.78492862
vn 0 0.617188036 -0.786815703
vn 0 -0.17557548 0.984465957
vn 0 -0.497796506 0.867293835
vn 0 -0.603246212 0.797555029
vn 2.65570384e-06 -0.603246689 0.797554672
vn 0 -0.603246629 0.797554672
vn 0 0.99999994 0.000291326665
vn 0 -0.235701293 0.97182554
vn 0 -0.657966077 0.753047585
vn 0 -0.930629551 0.365962625
vn 0 -0.997700393 0.0677783936
vn 0 0.999524295 -0.0308404695
vn 0 0.999524176 -0.0308457222
vn 0 0.979835749 -0.199804783
vn 0 0.827009678 -0.562187672
vn 0 0.654239595 -0.756287396
vn 0 0.654245555 -0.756282151
vn 0 -0.602500856 -0.798118234
vn 0 -0.603578746 -0.797303379
vn -1.80623033e-07 -0.603578508 -0.797303557
vn -0 -0.603578448 -0.797303617
vn 0 -0.603231728 -0.797565997
vn -0 -0.497802973 -0.867290139
vn -0 -0.175571457 -0.984466672
vn 0 0.615770459 0.787925601
vn 0 0.999999881 0.0004459669
vn -0 -0.971842408 -0.23563166
vn -0 -0.752724886 -0.658335209
vn -0 -0.364985317 -0.931013286
vn -0 -0.0672809035 -0.99773407
vn 0 -0.235661492 0.971835196
vn 0 -0.658674359 0.752428114
vn 0 -0.931287229 0.364285737
vn 0 -0.997753084 0.066998817
vn -0 -0.236882865 -0.971538246
vn -0 -0.660122454 -0.751157999
vn -0 -0.93178159 -0.363019317
vn -0 -0.997804701 -0.0662251264
vn 0 -0.235633045 0.97184211
vn 0 -0.658328533 0.752730727
vn 0 -0.931003749 0.365009576
vn 0 -0.997733295 0.0672928691
vn 0 0.992882371 0.119099244
vn 0.000303093868 0.992942691 0.118594944
vn -0.000300601183 0.936318874 0.351150721
vn 0 0.936510921 0.35063839
vn 0 0.752718449 0.6583426
vn 0 0.3649593 0.931023479
vn 0 0.0672630519 0.997735262
vn 0.930987298 0.361305535 -0.0521623865
vn 0.93089509 0.359323412 -0.0657348111
vn 0.932418466 0.361380398 0
vn 0.948838532 0.315760553 -0.000815552427
vn 0.952803791 0.303586245 0.000569645315
vn 0.952990174 0.302992612 -0.0022799538
vn 0.954863071 0.297046274 -0.000223284267
vn 0.901321352 0.433114141 0.00565485377
vn 0.896937191 0.442146748 -0.00314666354
vn 0.903743982 0.428070515 0.00155184907
vn 0.900441527 0.434975564 -0.00116633892
vn 0.925627291 0.378239632 0.0122040585
vn 0.890562594 0.454062521 0.0269351695
vn 0.322021872 -0.118683517 0.939263642
vn 0.926480472 0.376279324 0.00691463845
vn 0.904122889 0.427272469 0.00018114665
vn 0.90367347 0.428222209 7.12222682e-05
vn 0.895593345 0.444872767 -0.000868272327
vn 0.895122886 0.445819527 0
vn 0.895219207 0.445624322 0.00125001452
vn 0.894965649 0.446129441 -0.00223771599
vn 0.896359622 0.443280637 0.00646144431
vn 0.894601166 0.446826011 -0.00594385574
vn 0.894332111 0.447348416 -0.00703146635
vn 0.894362926 0.447311431 0.00523540378
vn 0.895122528 0.445820242 -8.01571787e-06
vn 0.918304801 0.390112251 -0.0672956556
vn 0.925790608 0.377834737 -0.0123533206
vn 0.946016133 0.324119031 -0.000609745737
vn 0.948613822 0.316434652 0.000935657125
vn 0.946468771 0.322793007 -0.00123050984
vn 0.927030742 0.374849558 0.0100889709
vn 0.950042605 0.312116385 -0.0015479835
vn 0.947660387 0.319255829 0.00393522903
vn 0.952336907 0.30499047 -0.00593060348
vn 0.950341046 0.311178625 0.0044395593
vn 0.952379405 0.304871589 -0.00518025132
vn 0.952002525 0.306087554 0.00126973714
vn 0.952157736 0.305604845 -0.00114162813
vn 0.952127039 0.305702686 0
vn 0.9518888 0.306416541 -0.00407684129
vn 0.952220738 0.305388838 0.0036514909
vn 0.949838519 0.31260407 -0.00924674049
vn 0.952471197 0.304556578 0.00662296358
vn 0.95098561 0.309223622 0.00266210595
vn -0 -0.0665190071 -0.997785151
vn -0 -0.363368362 -0.931645572
vn -0 -0.751529336 -0.659699619
vn -0 -0.971617699 -0.236556545
vn 0 0.0665125921 0.997785568
vn 0 0.363805592 0.931474924
vn 4.52404493e-05 0.363520384 0.931586266
vn 5.13841187e-05 0.751343966 0.659910738
vn 0 0.751571774 0.659651339
vn 0 0.97161895 0.236551583
vn 0 0.997802675 -0.0662558004
vn 0 0.931785405 -0.363009572
vn 0 0.659967899 -0.751293778
vn 0 0.236707702 -0.971580923
vn 0.955439329 -0.295187503 -0.000223859519
vn 0.957239151 -0.289288878 -0.00226145145
vn 0.957423568 -0.288686156 0.000598949147
vn 0.959162593 -0.282855272 0
vn 0.975079 -0.199294731 -0.0974809825
vn 0.963174939 -0.268716246 -0.00925513078
vn 0.961027265 -0.276452303 -0.000881057174
vn 0 -0.235676304 0.97183162
vn 0 -0.658102393 0.752928436
vn 0 -0.930770874 0.365603
vn 0 -0.997713149 0.0675905198
vn 0.995847046 -0.0909370258 0.00437439652
vn 0.995148659 -0.0983812883 0.000548651908
vn 0.995076656 -0.0990765095 -0.00251289504
vn 0.99493289 -0.100539885 -0.000520879577
vn 0.99585259 -0.0908726528 0.00444223871
vn 0.995735765 -0.0922453329 0.00105080591
vn 0.995709062 -0.0925392285 -2.51471965e-06
vn 0.995709538 -0.0925335661 0
vn 0.995861709 -0.0108653717 -0.0902295634
vn 0.996884584 -0.0784018934 -0.00861989893
vn 0.996281147 -0.0861583799 -0.000805509218
vn 0.973237097 -0.229800716 -0.00110548176
vn 0.974669576 -0.223649055 -0.000561099674
vn 0.974824905 -0.222956359 0.00262256502
vn 0.975162268 -0.221490964 0.000539440545
vn 0.973291576 -0.22957246 -1.15559187e-05
vn 0.973297358 -0.229547977 0
vn 0.947143197 -0.307130963 0.0926841572
vn 0.969826877 -0.243626758 0.00904866867
vn 0.971790075 -0.235846177 0.000807256147
vn 0.975537598 -0.218378991 -0.0252387617
vn 0.988046706 -0.153327331 0.0159505084
vn 0.993274689 -0.115779981 0.000600052939
vn 0.994085789 -0.1085978 -0.000135072318
vn 0.99442488 -0.105447121 9.74825089e-05
vn 0.995102644 -0.098845154 0.00063121476
vn 0.973647952 -0.217273772 -0.0692945942
vn 0.976053298 -0.209345654 -0.0591132268
vn 0.989230335 -0.140148103 0.0422119051
vn 0.972943783 -0.230993077 -0.00475788815
vn 0.972942233 -0.230999351 -0.00476538902
vn 0.968654692 -0.232147709 -0.0884052739
vn 0.781566083 -0.480498582 -0.397838622
vn 0.975519598 -0.218448877 -0.0253308676
vn 0 -0.235693276 0.971827507
vn 0 -0.65805465 0.752970159
vn 0 -0.93073225 0.365701377
vn 0 -0.99770987 0.0676384345
vn 0 -1 0.000126105573
vn 0 0.671679199 0.740842164
vn 0 0.691799641 0.722089529
vn 0 0.691818535 0.722071409
vn 0 0.265413851 0.964134574
vn 2.13335625e-06 0.265415609 0.964134097
vn 0 0.265420675 0.964132726
vn 0 0.618282914 0.785955608
vn 0 0.0157422666 0.999876082
vn 0 -0.235693723 0.971827388
vn 0 -0.658042192 0.752981067
vn 0 -0.93071425 0.365747184
vn 0 -0.997708082 0.0676653311
vn 0 0.235677034 -0.971831441
vn 0 0.658102572 -0.752928257
vn 0 0.930770695 -0.365603507
vn 0 0.997713149 -0.0675905198
vn 0 0.999999762 0.000698660675
vn 0 -0.671710908 -0.740813375
vn -6.97223129e-07 -0.671710789 -0.740813494
vn -0 -0.671710253 -0.740813971
vn -0 -0.501346409 -0.865246654
vn -0 -0.165026054 -0.986289203
vn 0 0.235677943 -0.971831203
vn 0 0.658081174 -0.752946973
vn 0 0.930747032 -0.365663648
vn 0 0.997711122 -0.0676205605
vn 0.977880895 0.209162608 -2.34304571e-06
vn 0.976040959 0.217564642 0.00310461409
vn 0.963638604 0.266801506 -0.0147527959
vn 0.962616444 0.26999408 -0.0217438396
vn 0.975665212 0.219214618 0.00472085923
vn 0.975648105 0.219289005 0.00480245799
vn 0.975834727 0.218475252 0.00388843007
vn 0.962657809 0.270622373 -0.00731171248
vn 0.959002912 0.280444682 -0.0407952368
vn 0.991925061 0.126189247 -0.0126863215
vn 0.990261436 0.138067499 -0.0178785082
vn 0.989442766 0.144830614 -0.00520520611
vn 0.982121706 0.188207164 0.00387878483
vn 0.982240081 0.187572062 0.00460079778
vn 0.982040524 0.188638657 0.00344605977
vn 0.980568111 0.19617866 0.000296431477
vn 0.979272425 0.202547655 -8.19575632e-07
vn 0 -0.872019768 0.48947069
vn -1.35358084e-06 -0.872019887 0.489470422
vn 0 -0.872018993 0.489472002
vn 0 0.872533739 0.488553852
vn 0 0.689925969 0.723879933
vn 0 0.25699681 0.966412246
vn 0 -0.872546077 -0.488531828
vn 0 -0.861124814 -0.508393645
vn -0 -0.704539299 -0.709665
vn -0 -0.296656966 -0.954984128
vn -0 -0.0314128101 -0.999506474
vn 0 0.238073707 -0.971247077
vn 0.000363225205 0.237855524 -0.971300483
vn 0 0.238225877 -0.971209764
vn 0 0.66465646 -0.74714911
vn 0 0.831309319 -0.555810094
vn 0 0.844150901 -0.536105692
vn 0 0.871938705 -0.489615023
vn 0 -0.236514226 0.97162801
vn 0 -0.623182654 0.782076299
vn 0 -0.811007679 0.585035563
vn 0 0.971827507 0.235693276
vn 0 0.752969921 0.658054888
vn 0 0.365700483 0.930732608
vn 0 0.0676427409 0.997709632
vn 0 -0.235695556 0.971826911
vn 0 -0.658016801 0.75300324
vn 0 -0.930679917 0.365834504
vn 0 -0.997705162 0.0677082688
vn -0 -0.971833766 -0.235667333
vn -0 -0.752934813 -0.658095121
vn -0 -0.365670532 -0.93074435
vn -0 -0.0676279292 -0.997710586
vn 0 0.235675931 -0.971831679
vn 0 0.658129334 -0.752904892
vn 0 0.930805922 -0.365513861
vn 0 0.997716308 -0.0675434247
vn 0 -0.997889936 0.0649278238
vn 0 -0.932810605 0.36036706
vn 0 -0.662318647 0.749222219
vn 0 -0.238341928 0.971181333
vn -0 -0.0647923648 -0.997898757
vn -0 -0.360080719 -0.932921171
vn -0 -0.749069571 -0.662491381
vn -0 -0.971172631 -0.238377213
vn 0 0.997889936 -0.0649278983
vn 0 0.932813585 -0.360359341
vn 0 0.662302077 -0.749236941
vn 0 0.238281965 -0.971195996
vn 0 0.0649402216 0.997889161
vn 0 0.360346138 0.932818651
vn 0 0.749318421 0.662209809
vn 0 0.971241653 0.238095939
vn 0.99528712 0.096968092 -0.000881506945
vn 0.99525243 0.0973217264 0.00104366383
vn 0.995432377 0.0953120962 -0.00547223352
vn 0.995178699 0.097960867 0.0047923252
vn 0.995158494 0.098153308 0.00504452828
vn 0.996519387 0.083294563 -0.0033281506
vn 0.995881081 0.090660058 0.00127573893
vn 0.996861458 0.0791648328 -0.000449964456
vn 0.999533296 0.0286677759 -0.0105524445
vn 0.999534547 0.0286480114 -0.0104853809
vn 0.999774337 -0.0212365836 -0.000582497159
vn 0.999575734 -0.029114075 0.000874008576
vn 0.999742985 -0.022641493 -0.00113678724
vn 0.999337494 -0.0363146104 0.00242395117
vn 0.999141276 -0.0409914032 0.00603204453
vn 0.999421835 -0.0329531804 -0.00837155432
vn 0.999186337 -0.0401947312 0.00333139696
vn 0.999226451 -0.0391511843 -0.00370031991
vn 0.999204338 -0.0398842208 0
vn 0.999210954 -0.0397070609 0.000890447816
vn 0.999196589 -0.040064007 -0.00103770953
vn 0.999261081 -0.0380475931 0.00545192044
vn 0.999159873 -0.0407047793 -0.0047624344
vn 0.99915117 -0.0408895202 -0.00500262016
vn 0.999655306 -0.0260457024 0.00329714827
vn 0.999441087 -0.0334056541 -0.00126848859
vn 0.999759972 -0.0219053496 0.000448646577
vn 0.999533594 0.0286677852 0.0105243912
vn 0.999533534 0.0286595374 0.0105523178
vn 0.996908069 0.0785748288 0.000568156422
vn 0.99626261 0.0863712132 -0.000886694179
vn 0.996805131 0.0798633695 0.00115149282
vn 0.995270491 0.0971421599 0
vn 0.995334566 0.0964130238 0.00368522969
vn 0.99523437 0.0974543244 -0.00335446582
vn 0.995889544 0.0901783109 0.00847861823
vn 0.995143712 0.0982443914 -0.00608273596
vn 0.995610714 0.0935591236 -0.00244090217
vn 0.945551336 0.325472891 0.000229982965
vn 0.923214853 0.379278153 -0.0618260391
vn 0.923320949 0.379296213 -0.060106162
vn 0.945085168 0.326824158 -0.000128621439
vn 0.945555985 0.32545948 2.47092739e-05
vn 0.945574641 0.32540518 -0.000246503914
vn 0.945911348 0.324425191 9.73082351e-05
vn 0.925146997 0.358470947 0.124906205
vn 0.92663914 0.374802411 0.0293772891
vn 0.925618291 0.378458411 0
vn 0.901198864 0.433405817 -0.000137443451
vn 0.901682079 0.432399541 0.000141925746
vn 0.902111769 0.431501865 -0.000680722471
vn 0.945626676 0.325237483 -0.00327905058
vn 0.944907546 0.327335477 0.00111232023
vn 0.925263762 0.358851492 0.122933432
vn 0.92428422 0.381552309 -0.0107950093
vn 0.901923776 0.431895196 -0.00019666717
vn 0.901116133 0.433577806 0
vn 0.901202202 0.433398873 -0.000220416114
vn 0.996688604 0.0813125297 0.000312604214
vn 0.996694982 0.0812349096 -5.21890652e-05
vn 0.996773899 0.080260694 0.000150147942
vn 0.996854961 0.0792452246 -0.000616821169
vn 0.996806204 0.0798585787 0
vn 0.996665895 0.0815909803 -6.0896833e-05
vn 0.996670842 0.081530489 0
vn 0.996687353 0.081328392 -0.000203275864
vn 0.996686459 0.0813397095 -8.06868702e-05
vn 0.999725163 -0.0234413221 -0.000307800656
vn 0.999748826 -0.0224122033 -0.000101910096
vn 0.99976778 -0.0215411857 0.000551636331
vn 0.999755919 -0.022092266 2.76612838e-07
vn 0.9997226 -0.02355095 -0.00016161958
vn 0.999718845 -0.0237124804 0
vn 0.999718308 -0.0237339549 5.93355765e-07
vn 0.999724209 -0.023484055 0.000250630896
vn 0.999723971 -0.0234951526 0.000132088389
vn 0.996813118 0.0797719285 8.72157252e-05
vn 0.999581397 0.028930895 0
vn 0.999581099 0.0289425068 -1.81553478e-05
vn 0.999756157 -0.0220828094 5.20764445e-07
vn 0.999758303 -0.0219843537 -9.79840843e-05
vn 0.999726951 -0.0233683083 3.27869711e-05
vn -0.964647949 -0.146416217 0.219126835
vn -0.964647949 -0.219126523 0.146417022
vn -0.25417009 -0.537321031 0.804166436
vn -0.254169762 -0.804163218 0.537325978
vn -0.25417006 -0.948575914 0.188682973
vn -0.254170448 -0.948575795 0.188683227
vn -0.700215101 -0.700213969 0.139281049
vn -0.700215399 -0.700213671 0.139281273
vn -0.964648008 -0.258477747 0.0514144637
vn -0.964648008 -0.258477718 0.051414486
vn -0.964648008 -0.219127193 0.146415621
vn -0.964648068 -0.219126746 0.1464158
vn -0.700216055 -0.593611956 0.396638811
vn -0.700215936 -0.593612075 0.396638781
vn -0.254170895 -0.804163694 0.537324786
vn -0.254170507 -0.804164231 0.53732419
vn -0.964648247 -0.146414354 0.21912694
vn -0.964648008 -0.146416336 0.219126567
vn -0.700214088 -0.396641076 0.593612731
vn -0.700216413 -0.396637678 0.593612254
vn -0.25417152 -0.537323594 0.80416429
vn -0.254169732 -0.537325442 0.804163635
vn -0.254170328 -0.188685626 0.948575318
vn -0.254173338 -0.188683391 0.94857496
vn -0.700213909 -0.139281511 0.700215042
vn -0.700214565 -0.139280692 0.700214565
vn -0.964648187 -0.0514140688 0.258477181
vn -0.964648187 -0.051414039 0.258477151
vn -0.964648008 0.219127193 0.146415621
vn -0.964648247 0.146414354 0.21912694
vn -0.254170507 0.804164231 0.53732419
vn -0.254169732 0.537325442 0.804163635
vn -0.254173219 0.188685477 0.948574603
vn -0.254170239 0.188683555 0.948575795
vn -0.700214505 0.139281392 0.700214505
vn -0.70021385 0.139280826 0.70021528
vn -0.964648187 0.0514140651 0.258477151
vn -0.964648187 0.0514140427 0.258477181
vn -0.964647949 0.146416217 0.219126835
vn -0.964648008 0.146416336 0.219126567
vn -0.700216711 0.396639675 0.593610644
vn -0.700214326 0.396638811 0.593613982
vn -0.25417152 0.537323594 0.80416429
vn -0.25417009 0.537321031 0.804166436
vn -0.964647949 0.219126523 0.146417022
vn -0.964648068 0.219126746 0.1464158
vn -0.700215936 0.593612015 0.39663884
vn -0.700215995 0.593612015 0.396638721
vn -0.254170895 0.804163694 0.537324786
vn -0.254169762 0.804163218 0.537325978
vn -0.254170418 0.948575854 0.188682958
vn -0.25417003 0.948575914 0.188683257
vn -0.70021534 0.70021373 0.139281005
vn -0.700215101 0.700213909 0.139281318
vn -0.964648008 0.258477718 0.0514144599
vn -0.964648008 0.258477747 0.0514144897
vn 0 -0.130602673 0.991434813
vn -0.0182426497 -0.195060104 0.980621636
vn 0.0361229889 -0.555203497 0.830929756
vn 0 -0.98078537 0.195089817
vn -0.00482487958 -0.98430407 0.176414743
vn 0.00524599059 -0.831458747 0.555561721
vn -0.0119122909 -0.906632185 0.421753675
vn -0.0120541696 -0.83140862 0.555530787
vn 0.000761152012 -0.790833414 0.612030983
vn -0.00111875439 -0.555570245 0.831468821
vn -0.0152803436 -0.613451183 0.789584816
vn -0.0150553584 -0.392239511 0.919739902
vn -0.974547267 0.00313101686 0.224160254
vn -0.994505286 0 0.104686327
vn -0.978691697 -0.00248213694 0.20532012
vn -0.942490041 0.00751438644 0.334149778
vn -0.906855285 0.0138792749 0.421213508
vn -0.965925694 0 0.258819461
vn -0.707106769 0 0.707106769
vn -0.258819759 0 0.965925634
vn -0.258822292 -2.2377175e-07 0.965924978
vn -0.258825868 0 0.965924025
vn -0.258822292 0 0.965924978
vn -0.258824617 4.1690663e-07 0.965924323
vn -0.935083926 -0.00795272179 0.354337186
vn -0.935083091 -0.00795287453 0.354339302
vn 0 0.997360826 0.0726043284
vn -0.0121067641 0.980713487 0.195075512
vn 0 0.195092574 0.980784833
vn -0.0258905645 0.147645324 0.988701463
vn 0.0375820585 0.555173576 0.830884993
vn -0.0156176165 0.392445087 0.919642806
vn -0.0158908479 0.555500448 0.831364393
vn -0.000636587327 0.606680691 0.794945359
vn 0.000968831475 0.831468582 0.5555709
vn -0.012429852 0.79532814 0.606051683
vn -0.0124538885 0.831405699 0.555526316
vn 0.00250470708 0.908169091 0.418596029
vn -0.00469629886 0.971124411 0.238527477
vn 0.67807591 -0.183584869 0.711694956
vn 0.667848408 -0.242402613 0.703718364
vn 0.768876612 -0.342325985 0.540038645
vn 0.678079844 -0.183571592 0.711694598
vn 0.842556775 -0.179091021 0.507961154
vn 0.703498781 -0.113206238 0.701622248
vn 0.69486928 0.108473413 0.710907996
vn 0.711187363 0.035402678 0.702110529
vn 0.85719943 0 0.514984667
vn 0.701753855 -0.0387522168 0.711364746
vn 0.701753855 -0.0387515202 0.711364746
vn 0.694868267 0.108481079 0.710907817
vn 0.834919691 0.177467719 0.520974338
vn 0.687480092 0.182764009 0.702828884
vn 0.591647446 0.382793188 0.709522843
vn 0.633728087 0.321425229 0.703615308
vn 0.776989937 0.345938236 0.525940418
vn 0.657721639 0.250855535 0.710263133
vn 0.657724559 0.25084728 0.710263371
vn 0.591620266 0.382837564 0.709521532
vn 0.686181784 0.498540193 0.529728413
vn 0.552104771 0.445916146 0.704513371
vn 0.385180384 0.592198372 0.707769156
vn 0.446291149 0.550579906 0.705468595
vn 0.566434145 0.629088938 0.532352746
vn 0.499308139 0.498454928 0.708684742
vn 0.499340892 0.498420388 0.708685994
vn 0.385186791 0.592193961 0.707769334
vn 0.422807187 0.732323289 0.533794641
vn 0.321543843 0.630538285 0.706421256
vn 0.110746175 0.698867619 0.706625283
vn 0.183079645 0.68349278 0.706625462
vn 0.261261761 0.804081321 0.534036994
vn 0.253505647 0.660414875 0.706814766
vn 0.253419995 0.660450339 0.706812322
vn 0.110541418 0.698909938 0.706615508
vn 0.088437736 0.841429234 0.533081234
vn 0.0368806496 0.7066257 0.7066257
vn -0.18364279 0.683358252 0.706609368
vn -0.110834517 0.698852003 0.706626892
vn -0.0885789096 0.842772305 0.53093189
vn -0.0371801779 0.706620395 0.706615388
vn -0.0371252559 0.706619322 0.706619322
vn -0.183631882 0.6833601 0.706610441
vn -0.262504399 0.807905793 0.527616978
vn -0.254046828 0.660399079 0.706635177
vn -0.385676444 0.59323585 0.706629276
vn -0.426134467 0.738086402 0.523104072
vn -0.321562231 0.630316496 0.706610799
vn -0.321544617 0.630323052 0.706613004
vn -0.550377548 0.444747239 0.706600606
vn -0.500721276 0.499946386 0.706634164
vn -0.5725559 0.635887802 0.517519474
vn -0.445734113 0.549564123 0.706611872
vn -0.445783466 0.549534142 0.706604064
vn -0.55037111 0.44475314 0.706601918
vn -0.695453227 0.505276263 0.510921419
vn -0.593814194 0.384770811 0.706637204
vn 0.63722223 -0.308644205 0.706177473
vn 0.573628545 -0.416765571 0.705164373
vn 0.573628068 -0.416765094 0.705165029
vn 0.474442601 -0.526921809 0.705164969
vn 0.474442929 -0.526922286 0.705164373
vn 0.35452199 -0.61405009 0.705164254
vn 0.354521632 -0.614049256 0.705165148
vn 0.219106227 -0.67434001 0.705165207
vn 0.219106153 -0.674339652 0.705165625
vn 0.0741152763 -0.705158472 0.705165505
vn 0.074115254 -0.705159843 0.705164194
vn -0.0741154179 -0.705159843 0.705164194
vn -0.0741151273 -0.705158591 0.705165446
vn -0.219106182 -0.674339831 0.705165446
vn -0.219106272 -0.67434001 0.705165207
vn -0.354521483 -0.614049315 0.705165148
vn -0.35452202 -0.614050031 0.705164254
vn -0.474442989 -0.526922226 0.705164373
vn -0.474442542 -0.526921868 0.705164969
vn -0.573628008 -0.416765183 0.705165029
vn -0.573628604 -0.416765511 0.705164373
vn -0.647743881 -0.288393974 0.705164373
vn -0.647742152 -0.288393468 0.705166161
vn -0.693547726 -0.147418335 0.705166221
vn -0.693549037 -0.147418439 0.705164909
vn -0.709043384 0 0.705164909
vn -0.693549037 0.147418603 0.70516485
vn -0.693547904 0.147418201 0.705166101
vn -0.665714264 0.23884894 0.706948161
vn -0.764727235 0.340478539 0.547052622
vn -0.637839139 0.307482004 0.706127524
vn -0.637856722 0.307457417 0.706122339
vn 0 -0.258822292 0.965924978
vn 0 -0.707106173 0.707107365
vn 0 -0.965925992 0.258818328
vn 0 0.980785251 -0.195090577
vn -0.0382507071 0.965218842 -0.258630037
vn 0.0256028175 0.831194639 -0.555391669
vn 0.0256028175 0.831197917 -0.555386841
vn -0.0510446467 0.706184387 -0.706185579
vn 0 0.195089355 -0.980785489
vn -0.0382503755 0.258628428 -0.965219259
vn 0.025601266 0.55538398 -0.831199884
vn 0.025601266 0.555389047 -0.831196487
vn 0 -0.195089355 -0.980785489
vn -0.0382503755 -0.258628428 -0.965219259
vn 0.025601266 -0.55538398 -0.831199884
vn 0.025601266 -0.555389047 -0.831196487
vn -0.0510446467 -0.706184387 -0.706185579
vn 0 -0.980785251 -0.195090577
vn -0.0382507071 -0.965218842 -0.258630037
vn 0.0256028175 -0.831194639 -0.555391669
vn 0.0256028175 -0.831197917 -0.555386841
vn -0.98120153 0.192985803 0
vn -0.98120153 -0.192985803 0
vn 0 0.965925992 0.258818328
vn 0 0.707106173 0.707107365
vn 0 0.258822292 0.965924978
vn -0.993601203 0.112945408 0
vn -0.825278938 -0.564657331 0.00876317639
vn -0.801790595 -0.597590923 0.00411681179
vn -0.779803395 -0.626022875 0.00144540111
vn -0.701208532 -0.71295625 0
vn -0.67736882 -0.735637605 0.00297119352
vn -0.708893716 -0.705233157 0.0107653756
vn -0.669130564 -0.74314487 0
vn -0.747289896 -0.66449815 0
vn -0.760464847 -0.649379075 0.000238037552
vn -0.851823866 -0.523570716 0.0164242592
vn -0.809017062 -0.587785184 0
vn -0.904125512 -0.427267015 0
vn -0.913538933 -0.406733811 0.00377573119
vn -0.953805327 -0.300421864 -0.00145468756
vn -0.953805387 -0.300421685 -0.00145468756
vn -0.978136897 -0.20790948 0.00467246352
vn -0.982760727 -0.18487817 0.00121332717
vn -0.999855101 -0.0166938379 0.00332682859
vn -0.996454298 -0.0841345638 -0.000483167241
vn -0.996454298 -0.0841341913 -0.000483167241
vn -0.997032762 0.0754040256 0.0154896891
vn -0.999466002 0.0314707384 0.00879376475
vn -0.91354543 0.406736672 0
vn -0.904115021 0.427262068 0.00481077703
vn -0.953805387 0.300421715 -0.00145468756
vn -0.978146553 0.207911536 -0.00144804618
vn -0.954124153 0.298840463 0.0184795465
vn -0.982760727 0.184878156 0.00121332693
vn -0.766013086 0.642824769 0.000494574488
vn -0.752855957 0.658185303 7.99971094e-05
vn -0.78497982 0.61951828 0.00194565719
vn -0.806653023 0.591004848 0.0049146763
vn -0.809005201 0.587776601 0.00540747168
vn -0.830329478 0.557268798 0.00210418343
vn -0.854057014 0.520179451 0
vn -0.745843649 0.666121006 0
vn -0.669130564 0.74314487 0
vn -0.694824219 0.719148219 0.00672288053
vn 0.104528099 -0.994518816 0.00247900747
vn 0.156434238 -0.987688363 0
vn 0.258819401 -0.965925753 0
vn 0.30901593 -0.951053619 0.00247899396
vn 0.358367413 -0.933580637 0
vn 0.453990549 -0.891006529 0
vn 0.499998599 -0.866022646 0.00247902167
vn 0.54463923 -0.838670433 0
vn 0.629320562 -0.777145803 0
vn 0.669128537 -0.743142545 0.00247900491
vn 0.70710659 -0.707106948 0
vn 0.777145803 -0.629320562 0
vn 0.809014559 -0.587783396 0.00247903122
vn 0.83867079 -0.544638693 0
vn 0.899992228 -0.435905933 0
vn 0.913543403 -0.406735808 0.00210997625
vn 0.940626681 -0.339442819 0
vn 0.965925753 -0.258819342 0
vn 0.978144586 -0.207911104 0.00247902959
vn 0.987688363 -0.156434253 0
vn 0.99862951 -0.0523361079 0
vn 0.999996901 0 0.00247902377
vn 0.99862951 0.0523361079 0
vn 0.987688363 0.156434238 0
vn 0.978144586 0.207911119 0.00247903098
vn 0.965925753 0.258819401 0
vn 0.933580339 0.358368129 0
vn 0.913542628 0.40673542 0.00247900886
vn 0.891006589 0.45399037 0
vn 0.83867079 0.544638693 0
vn 0.809014559 0.587783396 0.00247903122
vn 0.777145803 0.629320562 0
vn 0.70710659 0.707106948 0
vn 0.669128537 0.743142545 0.00247900491
vn 0.629320562 0.777145803 0
vn 0.544638693 0.83867079 0
vn 0.499998599 0.866022646 0.00247898977
vn 0.453991145 0.891006172 0
vn 0.358367413 0.933580637 0
vn 0.30901593 0.951053619 0.00247899396
vn 0.258819401 0.965925753 0
vn 0.156434238 0.987688363 0
vn 0.104528099 0.994518816 0.00247900747
vn 0.0523361042 0.99862951 0
vn -0.0523361079 0.99862951 0
vn -0.104528107 0.994518816 0.0024790077
vn -0.156434253 0.987688363 0
vn -0.258819342 0.965925753 0
vn -0.30901593 0.951053619 0.00247899676
vn -0.358367473 0.933580637 0
vn -0.453990996 0.891006291 0
vn -0.49999851 0.866022706 0.00247899443
vn -0.544638693 0.83867079 0
vn -0.66844219 0.743764102 0
vn -0.645751297 0.763526678 0.00567888888
vn -0.721394777 0.692524076 0
vn -0.627166212 -0.778885484 0
vn -0.54463923 -0.838670433 0
vn -0.49999851 -0.866022706 0.00247902609
vn -0.45399037 -0.891006589 0
vn -0.358367473 -0.933580637 0
vn -0.30901593 -0.951053619 0.00247899676
vn -0.258819342 -0.965925753 0
vn -0.156434253 -0.987688363 0
vn -0.104528107 -0.994518816 0.0024790077
vn -0.0523361079 -0.99862951 0
vn 0.0523361042 -0.99862951 0
vn 0.373494089 0.373494089 -0.849119723
vn 0.136707947 0.510202408 -0.849119782
vn 0.373494089 -0.373494834 -0.849119425
vn 0.510202646 -0.136708766 -0.849119544
vn 0.510202646 0.136708364 -0.849119604
vn -0.37349394 -0.373494685 -0.849119544
vn -0.136708647 -0.510202885 -0.849119365
vn 0.136708841 -0.510202885 -0.849119365
vn -0.37349394 0.37349394 -0.849119842
vn -0.510202706 0.136707619 -0.849119663
vn -0.510202646 -0.136708021 -0.849119604
vn -0.136707753 0.510202408 -0.849119842
vn 0.373495162 0.373493642 -0.849119484
vn 0.136707351 0.510203004 -0.849119544
vn 0.373495162 -0.373493642 -0.849119484
vn 0.510202885 -0.136708841 -0.849119365
vn 0.510202885 0.136708841 -0.849119365
vn -0.373494864 -0.373493344 -0.849119723
vn -0.136706948 -0.510203004 -0.849119604
vn 0.136707351 -0.510203004 -0.849119544
vn -0.373494864 0.373493344 -0.849119723
vn -0.510202348 0.136708692 -0.849119723
vn -0.510202348 -0.136708692 -0.849119723
vn -0.136706948 0.510203004 -0.849119604
vn 0.373494864 0.373493344 -0.849119723
vn 0.136706948 0.510203004 -0.849119604
vn 0.373494864 -0.373493344 -0.849119723
vn 0.510202348 -0.136708692 -0.849119723
vn 0.510202348 0.136708692 -0.849119723
vn -0.373495162 -0.373493642 -0.849119484
vn -0.136707351 -0.510203004 -0.849119544
vn 0.136706948 -0.510203004 -0.849119604
vn -0.373495162 0.373493642 -0.849119484
vn -0.510202885 0.136708841 -0.849119365
vn -0.510202885 -0.136708841 -0.849119365
vn -0.136707351 0.510203004 -0.849119544
vn 0.373493642 0.373494387 -0.849119782
vn 0.136708498 0.510202348 -0.849119723
vn 0.37349394 -0.373494685 -0.849119544
vn 0.510202646 -0.136708021 -0.849119604
vn 0.510202706 0.136707619 -0.849119663
vn -0.373493999 -0.373494774 -0.849119484
vn -0.136708736 -0.510202885 -0.849119365
vn 0.136708647 -0.510202885 -0.849119365
vn -0.373493701 0.373494476 -0.849119723
vn -0.510202646 0.136707991 -0.849119663
vn -0.510202646 -0.136708394 -0.849119604
vn -0.136708602 0.510202348 -0.849119723
vn 0.37349394 0.373494685 -0.849119544
vn 0.136708647 0.510202885 -0.849119365
vn 0.373493642 -0.373494387 -0.849119782
vn 0.510202706 -0.136707619 -0.849119663
vn 0.510202646 0.136708021 -0.849119604
vn -0.373493701 -0.373494476 -0.849119723
vn -0.136708602 -0.510202348 -0.849119723
vn 0.136708498 -0.510202348 -0.849119723
vn -0.373493999 0.373494774 -0.849119484
vn -0.510202646 0.136708394 -0.849119604
vn -0.510202646 -0.136707991 -0.849119663
vn -0.136708736 0.510202885 -0.849119365
vn 0.373494089 0.373494834 -0.849119425
vn 0.136708841 0.510202885 -0.849119365
vn 0.373494089 -0.373494089 -0.849119723
vn 0.510202646 -0.136708364 -0.849119604
vn 0.510202646 0.136708766 -0.849119544
vn -0.37349394 -0.37349394 -0.849119842
vn -0.136707753 -0.510202408 -0.849119842
vn 0.136707947 -0.510202408 -0.849119782
vn -0.37349394 0.373494685 -0.849119544
vn -0.510202646 0.136708021 -0.849119604
vn -0.510202706 -0.136707619 -0.849119663
vn -0.136708647 0.510202885 -0.849119365
vn -0.104528427 -0.994521916 0
vn -0.309016913 -0.95105654 0
vn -0.50000006 -0.866025388 0
vn -0.669130683 -0.743144751 0
vn -0.809016824 -0.587785423 0
vn -0.913545549 -0.406736404 0
vn -0.978147566 -0.207911745 0
vn -0.978147566 0.207911745 0
vn -0.913545549 0.406736404 0
vn -0.809016824 0.587785423 0
vn -0.669130683 0.743144751 0
vn -0.50000006 0.866025388 0
vn -0.309016913 0.95105654 0
vn -0.104528427 0.994521916 0
vn -0.104528427 0.994521916 -1.8478353e-17
vn 0.104528427 0.994521916 2.05890912e-17
vn 0.104528427 0.994521916 0
vn 0.309016913 0.95105654 0
vn 0.50000006 0.866025388 0
vn 0.669130683 0.743144751 0
vn 0.809016824 0.587785423 0
vn 0.913545549 0.406736404 0
vn 0.978147566 0.207911745 0
vn 1 0 0
vn 0.978147566 -0.207911745 0
vn 0.913545549 -0.406736404 0
vn 0.809016824 -0.587785423 0
vn 0.669130683 -0.743144751 0
vn 0.50000006 -0.866025388 0
vn 0.309016913 -0.95105654 0
vn 0.104528427 -0.994521916 0
vn 0.104528427 -0.994521916 -4.31161542e-17
vn -0.104528427 -0.994521916 4.66634189e-17
vn 0.935024023 -0.354584366 0
vn -0.940481603 0.337401032 -0.0406799465
vn -0.913545489 0.406736642 0
vn -0.978147626 0.207911476 0
vn -0.978147626 -0.207911476 0
vn -0.913545489 -0.406736642 0
vn -0.809016824 -0.587785482 0
vn -0.500000179 -0.866025269 0
vn -0.10452839 -0.994521916 0
vn -0.10452839 -0.994521916 3.39705435e-20
vn 0.10452839 -0.994521916 -3.39705435e-20
vn 0.10452839 -0.994521916 0
vn 0.500000179 -0.866025269 0
vn 0.809016824 -0.587785482 0
vn 0.899974108 -0.435943305 0
vn 0.913477242 -0.406706274 -0.012219456
vn 0.938447237 -0.345420957 -0.00106625503
vn 0.10452497 0.994489372 -0.00808817241
vn 0.156434134 0.987688422 0
vn 0.258818924 0.965925872 0
vn 0.30900681 0.951025426 -0.00808821805
vn 0.35836792 0.933580458 0
vn 0.453990489 0.891006529 0
vn 0.499983847 0.865996957 -0.00808824785
vn 0.544639409 0.838670313 0
vn 0.629320502 0.777145863 0
vn 0.669108748 0.743120492 -0.00808819849
vn 0.777145863 0.629320502 0
vn 0.808990359 0.58776629 -0.00808819197
vn 0.838670313 0.544639409 0
vn 0.891006529 0.453990489 0
vn 0.913515568 0.40672332 -0.00808821619
vn 0.987688422 0.156434134 0
vn 0.978115678 0.207904667 -0.00808822922
vn 0.965925872 0.258818924 0
vn 0.933580458 0.35836792 0
vn 0.99862951 0.0523361415 0
vn 0.99958384 -0.0261753723 -0.0121249771
vn 0.999981582 0 -0.00606486155
vn 0.996917307 -0.0784591213 0
vn 0.991444886 -0.130525857 0
vn 0.983246922 -0.182233721 -0.00404559309
vn 0.972298563 -0.233427659 -0.0121248597
vn 0.978129685 -0.207907647 -0.00606490206
vn 0.958819628 -0.284015656 0
vn 0.945957184 -0.324291527 0
vn -0.852639794 0.522499204 0
vn -0.900807619 0.434218436 0
vn -0.824119329 0.56640178 -0.00404555537
vn -0.793295145 0.608716547 -0.0121248029
vn -0.809001923 0.587774694 -0.00606487412
vn -0.76040566 0.649448454 0
vn -0.669108748 0.743120492 -0.00808819849
vn -0.629320502 0.777145863 0
vn -0.544639409 0.838670313 0
vn -0.499983847 0.865996957 -0.00808824785
vn -0.453990489 0.891006529 0
vn -0.35836792 0.933580458 0
vn -0.30900681 0.951025426 -0.00808821805
vn -0.258818924 0.965925872 0
vn -0.156434134 0.987688422 0
vn -0.10452497 0.994489372 -0.00808817241
vn -0.0523361415 0.99862951 4.62404948e-21
vn 0.0523361415 0.99862951 -4.62404948e-21
vn 0.319281161 0.947611809 -0.00956226327
vn 0.111958772 0.993663371 0.00991429389
vn 0.319286972 0.947609842 -0.00956226327
vn 0.330218941 0.943710625 0.0191221982
vn 0.515467346 0.856711328 -0.0184157509
vn 0.515466452 0.856711864 -0.0184157509
vn 0.53182888 0.846401393 0.0276175383
vn 0.687457204 0.725739062 -0.0265603624
vn 0.687456846 0.72573936 -0.0265603624
vn 0.706663728 0.706663311 0.0354029574
vn 0.827210307 0.560863316 -0.0339919515
vn 0.827210665 0.56086272 -0.0339919515
vn 0.845959961 0.531551957 0.0424763076
vn 0.928206623 0.369830817 -0.0407136753
vn 0.928206444 0.369831324 -0.0407136753
vn 0.94275701 0.329884887 0.0488378815
vn 0.985748768 0.161605448 -0.0467234701
vn 0.985748768 0.161605477 -0.0467234701
vn 0.992235899 0.111798346 0.0544886775
vn 0.997181177 -0.0540668108 -0.052024249
vn 0.997181237 -0.0540653132 -0.052024249
vn 0.991955817 -0.111766785 0.0594295375
vn 0.962004542 -0.26709953 -0.0566136688
vn 0.962004542 -0.26709941 -0.0566136688
vn 0.941968739 -0.329609096 0.0636611879
vn 0.881893754 -0.467550695 -0.0604959168
vn 0.881894052 -0.467550069 -0.0604959168
vn 0.844811022 -0.530829847 0.0671863332
vn 0.76061517 -0.646073282 -0.0636701509
vn 0.760615766 -0.646072567 -0.0636701509
vn 0.705372036 -0.705372036 0.0700040311
vn 0.603848875 -0.794350266 -0.0661378577
vn 0.603849232 -0.794349968 -0.0661378577
vn 0.53064698 -0.844519436 0.0721161142
vn 0.4189201 -0.905480802 -0.0679002255
vn 0.418920279 -0.905480742 -0.0679002255
vn 0.329385042 -0.941328645 0.0735244229
vn 0.214458197 -0.974295974 -0.06895715
vn 0.214458719 -0.974295855 -0.06895715
vn 0.111655399 -0.99097085 0.0742280111
vn -0 -0.997595251 -0.0693088919
vn -0.111700639 -0.991372466 -0.0685830712
vn -0.210482061 -0.956229448 0.20327948
vn -0.530876577 -0.844884813 -0.0658770055
vn -0.596656621 -0.784888566 0.167185128
vn -0.418920308 -0.905480742 -0.0678999946
vn -0.329523832 -0.941725254 -0.0675841123
vn -0.412641585 -0.891909719 0.184997275
vn -0.214458153 -0.974295974 -0.0689572096
vn -0.845181763 -0.531062841 -0.0603331029
vn -0.875649154 -0.464239866 0.133116171
vn -0.760615468 -0.646072865 -0.0636705682
vn -0.705681384 -0.705681562 -0.0634613857
vn -0.753552735 -0.64007318 0.149882004
vn -0.603849173 -0.794350088 -0.0661375225
vn -0.992371023 -0.111813568 -0.0519368984
vn -0.993395209 -0.0538606122 0.101316363
vn -0.9620049 -0.267098129 -0.0566136688
vn -0.942376018 -0.329751611 -0.0564916618
vn -0.956941307 -0.265693605 0.116919689
vn -0.881893754 -0.467550695 -0.0604959168
vn -0.94275701 0.329884887 0.0488378815
vn -0.985748768 0.161605448 -0.0467234701
vn -0.992629647 0.111842714 -0.0466645099
vn -0.983142376 0.16117765 0.0863297507
vn -0.997181237 -0.0540650934 -0.052024249
vn -0.845959961 0.531551957 0.0424763076
vn -0.928206623 0.369830817 -0.0407136753
vn -0.928206444 0.369831324 -0.0407136753
vn -0.706663609 0.70666343 0.0354026221
vn -0.827210307 0.560863316 -0.033992406
vn -0.827210546 0.560862899 -0.033992406
vn -0.53182888 0.846401393 0.0276175383
vn -0.687457204 0.725739062 -0.0265603624
vn -0.687456846 0.72573936 -0.0265603624
vn -0.330218971 0.943710625 0.0191223752
vn -0.515467346 0.856711328 -0.0184154678
vn -0.515466511 0.856711805 -0.0184154678
vn 0.108119071 0.994137943 0
vn -0.108119071 0.994137943 0
vn -0.111958764 0.993663371 0.00991429389
vn -0.319281161 0.947611809 -0.00956226327
vn -0.319286913 0.947609842 -0.00956226327
vn -0.22644341 -0.672059774 0.705024123
vn -0.22644344 -0.672060132 0.705023825
vn -0.365622997 -0.607668757 0.705023766
vn -0.365622073 -0.607668936 0.705024123
vn -0.365621924 -0.60766834 0.70502466
vn -0.487704962 -0.514863372 0.70502454
vn -0.487704605 -0.514863431 0.705024719
vn -0.487704664 -0.514863551 0.7050246
vn -0.586982548 -0.397984594 0.70502466
vn -0.586983144 -0.397984356 0.705024302
vn -0.586983263 -0.397984505 0.705024123
vn -0.658814847 -0.262495488 0.705024183
vn -0.65881443 -0.262495697 0.705024481
vn -0.65881443 -0.262495726 0.705024481
vn -0.699840605 -0.114733137 0.705024421
vn -0.699840844 -0.114732951 0.705024242
vn -0.699841678 -0.114733338 0.705023348
vn -0.708144009 0.0383953191 0.705023289
vn -0.708142996 0.0383942984 0.705024421
vn -0.708143294 0.0383942127 0.705024064
vn -0.683333576 0.18972683 0.705024064
vn -0.683333278 0.189726397 0.705024481
vn -0.683332443 0.189726427 0.705025315
vn -0.62657094 0.332187057 0.705025256
vn -0.62657088 0.332186878 0.705025434
vn -0.626572073 0.332187057 0.705024242
vn -0.540512204 0.459115833 0.705024302
vn -0.540511966 0.459115148 0.705024898
vn -0.540512741 0.459115446 0.705024064
vn -0.429179341 0.564576209 0.705024004
vn -0.429179251 0.564575553 0.7050246
vn -0.429179221 0.564575493 0.7050246
vn -0.297778189 0.643636882 0.7050246
vn -0.297778159 0.6436373 0.705024242
vn -0.297778785 0.643637896 0.705023468
vn -0.152453229 0.692603767 0.705023408
vn -0.152453482 0.692602754 0.705024362
vn -0.152453363 0.692602575 0.70502454
vn 0 0.709182918 0.70502454
vn 0.152453437 0.692602575 0.70502454
vn 0.152453437 0.692602813 0.705024302
vn 0.152453199 0.692603827 0.705023408
vn 0.297778517 0.643637955 0.705023468
vn 0.297778308 0.643636942 0.705024481
vn 0.297778308 0.643636823 0.7050246
vn 0.429179251 0.564575493 0.7050246
vn 0.429179519 0.564576149 0.705023885
vn 0.429179519 0.56457603 0.705024004
vn 0.540512621 0.459115565 0.705024064
vn 0.540512204 0.459114969 0.705024838
vn 0.540512383 0.459115565 0.705024302
vn 0.626571834 0.332187384 0.705024302
vn 0.626571894 0.332187444 0.705024183
vn 0.626572013 0.332187623 0.705024064
vn 0.683333635 0.1897268 0.705024004
vn 0.683333516 0.18972674 0.705024183
vn 0.683332562 0.189725488 0.705025434
vn 0.708141983 0.0383942463 0.705025375
vn 0.708143294 0.0383946188 0.705024064
vn 0.708142698 0.0383940227 0.705024719
vn 0.699840367 -0.114732884 0.70502466
vn 0.699840963 -0.114732847 0.705024064
vn 0.699840605 -0.114733137 0.705024421
vn 0.65881443 -0.262495726 0.705024481
vn 0.65881443 -0.262495726 0.70502454
vn 0.658814847 -0.262495488 0.705024183
vn 0.586983204 -0.397984564 0.705024123
vn 0.586982906 -0.397984445 0.705024421
vn 0.586982548 -0.397984594 0.70502466
vn 0.487704664 -0.514863551 0.7050246
vn 0.487704575 -0.514863431 0.705024719
vn 0.487704962 -0.514863372 0.70502454
vn 0.365621984 -0.607668281 0.70502466
vn 0.365622163 -0.607668877 0.705024064
vn 0.365622997 -0.607668757 0.705023766
vn 0.226443425 -0.672060132 0.705023825
vn 0.226443395 -0.672059774 0.705024123
vn 0.226438925 -0.672060311 0.705025077
vn 0.0766761974 -0.705025256 0.705024898
vn 0.0766761377 -0.705025077 0.705025077
vn -0.0766761824 -0.705025077 0.705025077
vn -0.0766761601 -0.705025315 0.705024898
vn -0.226438925 -0.672060311 0.705025077
vn 0.885528743 -0.464584619 0
vn 0.717357934 -0.696704805 0
vn 0.752763212 -0.658226371 0.00925080106
vn 0.785872936 -0.6177665 0.0277178884
vn 0.769674361 -0.638286054 0.0138676185
vn 0.817404568 -0.57606405 0
vn 0.660555661 -0.750777066 0
vn 0.620301783 -0.784145176 0.0184929334
vn 0.57856375 -0.815637171 0
vn 0.490248233 -0.871582866 0
vn 0.443942636 -0.895864367 0.0184929073
vn 0.396574825 -0.918002367 0
vn 0.298566461 -0.954388857 0
vn 0.248227686 -0.968525171 0.0184929948
vn 0.197294995 -0.980344176 0
vn 0.0938677415 -0.995584667 0
vn 0.0416909456 -0.998959422 0.0184929259
vn -0.0105856005 -0.999943972 0
vn -0.114923127 -0.993374407 0
vn -0.166663647 -0.98584038 0.018493047
vn -0.218005389 -0.975947559 0
vn -0.318703443 -0.947854459 0
vn -0.367751658 -0.929740131 0.0184930917
vn -0.41591996 -0.909401238 0
vn -0.508589745 -0.861008942 0
vn -0.552806735 -0.833104253 0.0184929445
vn -0.595701039 -0.803206265 0
vn -0.676302075 -0.73662442 0
vn -0.713760138 -0.700146019 0.0184928495
vn -0.749510527 -0.661992431 0
vn -0.814527452 -0.580124974 0
vn -0.843594134 -0.536662817 0.0184930116
vn -0.870642304 -0.491916597 0
vn -0.917241156 -0.398332328 0
vn -0.936648667 -0.349781722 0.0184929427
vn -0.953815103 -0.300394237 0
vn -0.979964495 -0.199172243 0
vn -0.988866746 -0.147650227 0.0184927974
vn -0.995402992 -0.0957749411 0
vn -0.999962389 0.00867029559 0
vn -0.997971416 0.0609184168 0.018493006
vn -0.996165216 0.0870015249 0.00925060362
vn -0.939853847 0.341576785 0
vn -0.952501416 0.304455042 0.00693929568
vn -0.960067213 0.279425144 0.0138738584
vn -0.97000581 0.24149625 0.027717432
vn -0.963638067 0.26685077 0.0138676539
vn -0.981680632 0.190533966 0
vn -0.990298152 0.13895905 0
vn -0.768881679 0.342327923 -0.540030181
vn -0.630093038 0.306651175 -0.713405788
vn -0.544818103 0.443515658 -0.711665034
vn -0.544833422 0.443497747 -0.711664438
vn -0.704397798 0.511775196 -0.491843343
vn -0.596957743 0.389867514 -0.701173842
vn -0.630087137 0.306662381 -0.713406205
vn -0.502765417 0.505384147 -0.701294363
vn -0.585776091 0.650570154 -0.483347505
vn -0.44099775 0.547349155 -0.711287498
vn -0.31797263 0.627560914 -0.710676193
vn -0.31795451 0.627569556 -0.71067673
vn -0.439957261 0.762028217 -0.475132167
vn -0.386557996 0.598511755 -0.701681256
vn -0.440973073 0.54736805 -0.711288273
vn -0.253906339 0.664971173 -0.702385187
vn -0.273144424 0.840652347 -0.467649162
vn -0.181278229 0.680622399 -0.709853053
vn -0.0359909646 0.70447886 -0.70881182
vn -0.0359729491 0.704479337 -0.708812237
vn -0.0927265212 0.882234275 -0.461589068
vn -0.110043019 0.702367425 -0.703257143
vn -0.181268677 0.680624723 -0.709853292
vn 0.0378297381 0.708817363 -0.704376936
vn 0.0929552391 0.884410322 -0.457359493
vn 0.110948958 0.697814107 -0.707633972
vn 0.253489614 0.660631776 -0.706617773
vn 0.253599584 0.660585344 -0.706621766
vn 0.275111556 0.84670651 -0.455413818
vn 0.183636546 0.684403181 -0.70559895
vn 0.11058978 0.697880685 -0.707624495
vn 0.321232766 0.630473554 -0.706620514
vn 0.445013642 0.770786107 -0.455907524
vn 0.385377139 0.593445539 -0.706616521
vn 0.50001955 0.500691712 -0.706603289
vn 0.500041068 0.500665605 -0.706606567
vn 0.594538689 0.660301983 -0.458830148
vn 0.444954872 0.550173581 -0.70662874
vn 0.385386586 0.593438447 -0.706617296
vn 0.549661279 0.445592463 -0.7066257
vn 0.716725528 0.520731866 -0.463834912
vn 0.593240082 0.385706514 -0.706609309
vn 0.660450995 0.253982663 -0.706609726
vn 0.660453141 0.253973067 -0.706611156
vn 0.806101561 0.358899266 -0.470522732
vn 0.630273223 0.32161206 -0.706626773
vn 0.593223989 0.385739535 -0.706604779
vn 0.683280528 0.183816597 -0.706639349
vn 0.858957589 0.182577118 -0.478390485
vn 0.698788106 0.111393519 -0.706602156
vn 0.70666033 -0.0365342461 -0.70660913
vn 0.706664145 -0.0365167968 -0.70660615
vn 0.873537481 0 -0.486756891
vn 0.706580639 0.037550319 -0.706635535
vn 0.698788106 0.111384913 -0.706603527
vn 0.698982954 -0.109902605 -0.706642926
vn 0.849746406 -0.180619225 -0.495285571
vn 0.683709502 -0.182376325 -0.706597626
vn -0.665298939 0.240095124 -0.706916988
vn -0.693558455 0.147420332 -0.705155194
vn -0.69355762 0.147420257 -0.705156088
vn -0.709052145 0 -0.705156088
vn -0.69355762 -0.147420153 -0.705156088
vn -0.693558455 -0.147420436 -0.705155253
vn -0.647751987 -0.288397878 -0.705155313
vn -0.64775008 -0.288396686 -0.705157578
vn -0.573634207 -0.416769683 -0.70515734
vn -0.573634982 -0.416770428 -0.705156207
vn -0.474448502 -0.526928246 -0.705156207
vn -0.47444886 -0.526928723 -0.705155551
vn -0.354526311 -0.61405772 -0.705155492
vn -0.354525954 -0.614056885 -0.705156386
vn -0.219108969 -0.674348354 -0.705156386
vn -0.219108939 -0.674348116 -0.705156624
vn -0.0741162002 -0.705167234 -0.705156684
vn -0.0741161704 -0.705168545 -0.705155373
vn 0.0741163269 -0.705168545 -0.705155373
vn 0.0741160437 -0.705167294 -0.705156684
vn 0.219108909 -0.674348176 -0.705156624
vn 0.219108999 -0.674348354 -0.705156386
vn 0.354525864 -0.614056945 -0.705156386
vn 0.354526401 -0.61405766 -0.705155492
vn 0.474448919 -0.526928663 -0.705155551
vn 0.474448472 -0.526928306 -0.705156147
vn 0.573635042 -0.416770309 -0.705156207
vn 0.573634088 -0.416769803 -0.70515734
vn 0.637843549 -0.307484835 -0.706122279
vn 0.764734268 -0.3404814 -0.547040999
vn 0.665722787 -0.23885113 -0.706939399
vn 0.683714807 -0.182364598 -0.70659548
vn -0.219106197 -0.674339831 0.705165446
vn -0.219106287 -0.67434001 0.705165207
vn -0.474443048 -0.526922166 0.705164373
vn -0.474442601 -0.526921809 0.705164969
vn -0.573626995 -0.416764647 0.705166101
vn -0.647741914 -0.288393378 0.705166399
vn -0.647744119 -0.288394034 0.705164135
vn -0.693549931 -0.147418514 0.705164015
vn -0.693549097 0.147418335 0.705164909
vn -0.693549871 0.147418618 0.705164015
vn -0.647744 0.288394302 0.705164135
vn -0.647742033 0.28839314 0.705166399
vn -0.573627114 0.416764528 0.705166161
vn -0.573627889 0.416765273 0.705165029
vn -0.474442661 0.526921749 0.705164969
vn -0.474442989 0.526922226 0.705164373
vn -0.35452193 0.61405009 0.705164254
vn -0.354521573 0.614049315 0.705165148
vn -0.219106272 0.67434001 0.705165207
vn -0.219106227 0.674339831 0.705165446
vn -0.0741152838 0.705158532 0.705165446
vn -0.074115254 0.705159843 0.705164194
vn 0.0741154104 0.705159843 0.705164194
vn 0.0741151273 0.705158591 0.705165446
vn 0.219106197 0.674339831 0.705165446
vn 0.219106287 0.67434001 0.705165207
vn 0.354521483 0.614049315 0.705165148
vn 0.35452202 0.614050031 0.705164254
vn 0.474443048 0.526922166 0.705164373
vn 0.474442601 0.526921809 0.705164969
vn 0.573628008 0.416765183 0.705165029
vn 0.573626995 0.416764647 0.705166101
vn 0.647741914 0.288393378 0.705166399
vn 0.647744119 0.288394034 0.705164135
vn 0.693549931 0.147418514 0.705164015
vn 0.693549037 0.147418439 0.705164909
vn 0.709043384 0 0.705164909
vn 0.693549097 -0.147418335 0.705164909
vn 0.693549871 -0.147418618 0.705164015
vn 0.647744 -0.288394302 0.705164135
vn 0.647742033 -0.28839314 0.705166399
vn 0.573627114 -0.416764528 0.705166161
vn 0.573627889 -0.416765273 0.705165029
vn 0.474442661 -0.526921749 0.705164969
vn 0.474442989 -0.526922226 0.705164373
vn 0.35452193 -0.61405009 0.705164254
vn 0.354521573 -0.614049315 0.705165148
vn 0.219106272 -0.67434001 0.705165207
vn 0.219106227 -0.674339831 0.705165446
vn 0.0741152838 -0.705158532 0.705165446
vn -0.0741154104 -0.705159843 0.705164194
vn 0.120717578 -0.250012904 0.960687697
vn 0.0750337541 -0.0983208716 0.992321968
vn 0.0750403032 -0.0983309001 0.992320478
vn 0.0193469375 -0.022531623 0.999558926
vn 0.103408419 -0.106471002 0.988923967
vn 0.219482288 -0.170066372 0.960679412
vn 0.0929963291 -0.114834018 0.989022136
vn 0.310279787 -0.378769875 0.871928811
vn 0.305983603 -0.382250458 0.871928096
vn 0.0761149824 -0.245805368 0.966326177
vn 0.301514596 -0.350615293 0.88665545
vn 0.207991287 -0.256840765 0.943807423
vn 0.267853022 -0.96345979 0
vn 0.886716664 -0.462313324 0
vn 0.992253184 -0.124232352 0
vn 0.989216745 0.00156853965 -0.146450564
vn 0.961874604 -0.0549215376 -0.267919481
vn 0.874122798 0.479310364 -0.078555122
vn 0.986456215 0.156562626 0.0489103794
vn 0.98645705 0.156557515 0.0489103757
vn -0.209463581 -0.977816463 0
vn -0.146235496 -0.952247143 -0.268030852
vn -0.146235421 -0.952247143 -0.268031001
vn -0.328589618 -0.94447279 0
vn -0.477984399 -0.878368318 0
vn -0.650576174 -0.755366981 -0.0785582066
vn -0.680430472 -0.732812643 0
vn -0.935960174 -0.352105945 0
vn -0.990194321 0.139696881 0
vn -0.802018225 0.597299576 0
vn -0.417498767 0.908677518 0
vn 0.0692288503 0.997600794 0
vn 0.539007723 0.842300832 0
vn 0.858268976 0.513200104 0
vn 0.373693377 -0.911135375 -0.173740149
vn 0.608794212 -0.793328166 0
vn 0.704251349 -0.704248488 -0.0898001119
vn 0.963050008 -0.25804922 -0.077105619
vn 0.938316941 -0.345776349 0
vn 0.793378413 -0.608728766 0
vn 0.130457759 -0.991453886 0
vn -0.169706821 -0.985494614 0
vn -0.258045822 -0.963051021 -0.0771046206
vn -0.418989748 -0.907990992 0
vn 0.995838463 -0.0911357254 0
vn 0.0292926151 -0.0699304119 0.997121692
vn 0.0264656115 -0.0770295113 0.996677518
vn 0.0229039434 -0.0407634564 0.998906255
vn 0.0238501318 -0.040217042 0.998906255
vn 0.0534707084 -0.0614302494 0.996678114
vn 0.0459210575 -0.0603299364 0.997121632
vn 0.965925992 0.258818388 0
vn -0.965925813 0.258819073 0
vn 0.965925992 -0.258818388 0
vn -0.965925813 -0.258819073 0
vn 0.60222429 0.779193521 -0.173733756
vn 0.382650167 0.923893332 0
vn 0.257771283 0.962023556 -0.089803502
vn -0.258045822 0.963051021 -0.0771046206
vn -0.169706821 0.985494614 0
vn 0.130480513 0.991450846 0
vn 0.793392539 0.608710349 0
vn 0.938316941 0.345776349 0
vn 0.963050008 0.25804922 -0.077105619
vn 0.995838463 0.0911357254 0
vn -0.418989748 0.907990992 0
vn 0.0459155813 0.0603331029 0.997121692
vn 0.0534762777 0.0614342354 0.996677518
vn 0.0238501318 0.040217042 0.998906255
vn 0.0229039434 0.0407634564 0.998906255
vn 0.0264649428 0.0770226941 0.996678054
vn 0.0292871296 0.0699335784 0.997121632
vn 0.219447717 0.170058697 0.960688651
vn 0.0805719867 0.093836233 0.992321968
vn 0.0805804655 0.0938447565 0.992320478
vn 0.018016886 0.0236088689 0.999558926
vn 0.0826418474 0.123281054 0.988924742
vn 0.120716825 0.250034124 0.960682273
vn 0.0929918289 0.114840366 0.989021838
vn 0.305983603 0.382250458 0.871928096
vn 0.310279787 0.378769875 0.871928811
vn 0.224608853 0.125557646 0.966326118
vn 0.280265331 0.367822438 0.886655509
vn 0.20797886 0.256837487 0.943811059
vn 0.886716664 0.462313324 0
vn 0.267853022 0.96345979 0
vn -0.0847860798 0.996399164 0
vn -0.207205206 0.967273891 -0.146448687
vn -0.146263391 0.952273905 -0.267920554
vn -0.650576174 0.755366981 -0.0785582066
vn -0.358225316 0.93235302 0.0489127524
vn -0.358235002 0.932349324 0.0489127561
vn 0.999998748 -0.00158563606 0
vn 0.961848199 0.0549402721 -0.268010527
vn 0.961847425 0.0549414083 -0.268012971
vn 0.99214977 -0.125055447 0
vn 0.958550334 -0.284923196 0
vn 0.874122798 -0.479310364 -0.078555122
vn 0.858268976 -0.513200104 0
vn 0.539007723 -0.842300832 0
vn 0.0692288503 -0.997600794 0
vn -0.417498767 -0.908677518 0
vn -0.802018225 -0.597299576 0
vn -0.990194321 -0.139696881 0
vn -0.935960174 0.352105945 0
vn -0.680430472 0.732812643 0
vn -0 -0.707106769 -0.707106769
vn -0 -0.195089504 -0.980785429
vn -0 -0.555568755 -0.831470609
vn -0 -0.980785549 -0.195089057
vn -0 -0.708284676 -0.705926895
vn 0.000339616381 -0.831469357 -0.555570543
vn -0 -0.832198858 -0.554477274
vn -0 -0.771893203 -0.635752201
vn 0.0735877454 -0.829215527 -0.554063559
vn -0 -0.881090343 -0.472948045
vn -0 -0.956516504 -0.29167819
vn 0.0510842577 -0.979504764 -0.19483541
vn -0 -0.995040894 -0.0994667336
vn 0 -0.997275054 0.0737731159
vn 0.0280692074 -0.988864481 0.146147892
vn 0 -0.975772262 0.218788773
vn 0 -0.904667914 0.426117271
vn -0.860890269 0.508789003 -0.0012999688
vn -0.834526598 0.550953031 -0.00401339773
vn -0.838909626 0.54418695 0.00954827294
vn -0.843412399 0.536443174 0.0297358576
vn -0.846425772 0.529795229 0.0536695123
vn -0.842561841 0.53859961 0
vn -0.827450275 0.561108589 -0.0219806172
vn -0.824799418 0.564612269 -0.0303136911
vn -0.825260818 0.564183831 -0.0253207851
vn -0.8239519 0.566583335 -0.00930416118
vn -0.82159853 0.570066512 0
vn -0.94218713 0.330296576 -0.0564582609
vn -0.951447666 0.307810605 0
vn -0.936455309 0.350782186 -0.00180694379
vn -0.925691843 0.378253341 -0.0043582716
vn -0.895220041 0.445616752 0.00261616055
vn -0.895219803 0.44561711 0.00261616055
vn 0 -0.707106769 0.707106769
vn 0 -0.179469585 0.983763516
vn -0.0198500436 -0.19505249 0.980591893
vn 0.0215707514 -0.542170703 0.83999145
vn 0.0215680376 -0.555440962 0.831276238
vn 0 -0.542281389 0.840196908
vn 0 0.115609735 -0.993294716
vn 0.0989218205 0.194134012 -0.975974619
vn 0 0.602116644 -0.798408151
vn 0.0844212249 0.553585351 -0.828502417
vn -0.0490163267 0.360550046 -0.931451082
vn -0.0490163267 0.360551298 -0.931450546
vn 0 0.707106769 -0.707106769
vn -0.258763939 0.683023155 -0.683023155
vn -0.258848548 0.683806598 -0.68220669
vn -0.555544734 0.587756276 -0.588143349
vn -0.195021421 0.693325579 -0.693733573
vn -0.707079709 0.499746054 -0.500292063
vn -0.70710516 0.499728084 -0.500274122
vn -0.831458509 0.392995834 -0.392722547
vn -0.965944707 0.182758212 -0.183167264
vn -0.965924561 0.18281135 -0.183220401
vn -0.980792522 0.137923941 -0.137923941
vn -0.191550136 0.191478357 -0.962623775
vn -0.19150953 0.191480562 -0.962631464
vn -0.548049331 0.163183555 -0.820373714
vn -0.54810518 0.16317606 -0.820337892
vn -0.826445282 0.109838746 -0.552198946
vn -0.82642442 0.109845109 -0.552228868
vn -0.548046172 0.16318287 -0.820375979
vn -0.980051696 0.0387731083 -0.194923967
vn -0.980051935 0.0387728363 -0.194922715
vn -0.826579988 0.109801404 -0.552004695
vn -0.191508397 0.545285642 -0.816080928
vn -0.191406399 0.5452981 -0.816096544
vn -0.548097551 0.464686841 -0.695453227
vn -0.548089504 0.46468991 -0.695457578
vn -0.826447964 0.312793344 -0.468128294
vn -0.826429367 0.312808931 -0.468150645
vn -0.980051816 0.110415377 -0.165247947
vn -0.980055153 0.110406049 -0.165234461
vn -0.50008148 0 -0.86597836
vn -0.195155039 0.00797291938 -0.980740011
vn -0.555486023 0.00578598119 -0.831505716
vn -0.555482745 0.00578598306 -0.831507921
vn -0.488104999 0.00478213513 -0.8727718
vn -0.831455529 -0.000790426275 -0.555590749
vn -0.914712548 -0.000778763089 -0.404104322
vn -0.831607938 0.000880307867 -0.555362463
vn -0.971216023 -0.000414932816 -0.238200024
vn -0.980789065 -0.000859021849 -0.195069328
vn -0.991596758 -0.00034359665 -0.12936686
vn -0.999011338 0 -0.0444564223
vn -0.93153578 -0.0026427405 0.36364013
vn -0.98759681 -0.000455287081 0.157010466
vn -0.999023318 0 0.0441859514
vn -0.965933263 0 0.258791238
vn -0.483585298 0.00664357655 0.875272036
vn -0.258803904 0.00641828263 0.965908587
vn -0.499969691 0 0.866042912
vn -0.964656055 -0.0514084473 0.258449048
vn -0.964654088 -0.0514100716 0.258455962
vn -0.700214505 -0.139281288 0.700214505
vn -0.700211287 -0.139282048 0.700217605
vn -0.254160464 -0.188684106 0.948578298
vn -0.25414747 -0.188685209 0.948581576
vn -0.964653671 -0.146404043 0.219109952
vn -0.964651883 -0.146407872 0.219115287
vn -0.700208247 -0.396642536 0.593618631
vn -0.700212836 -0.396639884 0.593615055
vn -0.254159212 -0.53732568 0.804166794
vn -0.254127234 -0.537331283 0.804173172
vn -0.19505392 -0.693525016 0.693525016
vn -0.555552423 -0.586749136 0.589140892
vn -0.25878492 -0.683148742 0.682889581
vn -0.555645466 -0.588038981 0.587765515
vn -0.70710516 -0.499728292 0.500273883
vn -0.831417143 -0.393039644 0.392766327
vn -0.831573009 -0.392874718 0.392601371
vn -0.965929568 -0.182798341 0.183207065
vn -0.980787396 -0.13794221 0.13794221
vn -0.82653147 -0.468025893 0.312725961
vn -0.980050862 -0.165252253 0.110417448
vn -0.98005712 -0.165226057 0.110400893
vn -0.980056167 -0.194902197 0.0387685746
vn -0.980053842 -0.194913611 0.0387705415
vn -0.826444387 -0.552200198 0.109838925
vn -0.826424301 -0.552229106 0.109844975
vn -0.826418221 -0.46816504 0.312816918
vn -0.548153639 -0.695422947 0.464666009
vn -0.548185408 -0.695405304 0.464654952
vn -0.82639128 -0.468197435 0.312839538
vn -0.191508278 -0.816079259 0.545288205
vn -0.191457376 -0.8160882 0.545292675
vn -0.548093081 -0.695455611 0.46468854
vn -0.826446891 -0.552196443 0.109839156
vn -0.548095465 -0.82034415 0.163177282
vn -0.54812479 -0.820325434 0.16317296
vn -0.548148513 -0.820310116 0.163170159
vn -0.1915095 -0.962631643 0.191479713
vn -0.191459924 -0.962641358 0.191480368
vn -0.254122019 0.80417484 -0.537331223
vn -0.254196465 0.804157853 -0.537321389
vn -0.254217982 0.804153204 -0.53731817
vn -0.70018214 0.593639553 -0.396657407
vn -0.70019275 0.593630791 -0.396651745
vn -0.700212896 0.593614519 -0.396640509
vn -0.964667916 0.219066352 -0.146375448
vn -0.964653671 0.219109893 -0.146404192
vn -0.964647532 0.219128311 -0.146416947
vn -0.254206985 0.948566258 -0.18868205
vn -0.254160494 0.948578417 -0.18868342
vn -0.700193048 0.700235248 -0.139285028
vn -0.700196385 0.700232029 -0.139284492
vn -0.964654088 0.258455992 -0.0514099784
vn -0.964655995 0.258449048 -0.0514087491
vn 0 -0.83146888 0.555571318
vn 0 -0.980785429 0.19508943
vn 0 0.980785191 -0.195090815
vn 0 0.831470191 -0.55556941
vn -0.254169226 -0.948576212 0.188682646
vn -0.254179597 -0.804161012 0.537324667
vn -0.254156351 -0.804166913 0.537326813
vn -0.254153401 -0.804167509 0.537327349
vn -0.700227678 -0.593602538 0.396632344
vn -0.700218797 -0.593610048 0.396636754
vn -0.70019871 -0.593625844 0.396648675
vn -0.964635372 -0.21916531 0.146441787
vn -0.964646995 -0.219129458 0.146418869
vn -0.964653432 -0.219110698 0.146404624
vn -0.254162788 -0.948577762 0.188683525
vn -0.700221777 -0.700207531 0.139279693
vn -0.700218558 -0.700210631 0.139280677
vn -0.964647591 -0.258479387 0.0514147915
vn -0.964647651 -0.258479118 0.0514147207
vn -0.258815974 -0.68301326 0.68301326
vn -0.25882861 -0.683010817 0.683010995
vn -0.258847982 -0.683007121 0.6830073
vn -0.258809686 -0.683014452 0.683014452
vn -0.707117856 -0.499992192 0.499992192
vn -0.707089067 -0.500012517 0.500012517
vn -0.965914965 -0.183041394 0.183041394
vn -0.96593076 -0.182999656 0.182999656
vn -0.656835258 -0.408910364 0.633529603
vn -0.8906582 -0.244704649 0.383207023
vn -0.70773077 -0.414994299 0.571748972
vn -0.255599111 -0.562754214 0.786114991
vn -0.677892566 -0.422842443 0.601386666
vn -0.25338766 -0.524583936 0.812776983
vn -0.703413486 -0.425105602 0.569644332
vn -0.703384697 -0.425124317 0.569665909
vn -0.90108484 -0.260019988 0.347038478
vn -0.965007365 -0.152196229 0.213534757
vn -0.965277791 -0.151592463 0.212740391
vn -0.965023696 -0.152190909 0.213464707
vn -0.995593309 -0.0561813042 0.0750840083
vn -0.957995236 -0.286784053 0
vn -0.936567247 -0.350487947 0
vn -0.949159086 -0.314796776 0
vn -0.927349925 -0.373943865 0.0137151992
vn -0.928205669 -0.372067362 -0.000328002061
vn -0.928555667 -0.371193022 -0.000289098592
vn -0.929132879 -0.369746029 2.05446418e-06
vn -0.929126322 -0.36976251 0
vn -0.926181197 -0.377074391 0.00180654856
vn -0.925851643 -0.37788713 0.000295012665
vn -0.925735235 -0.378172308 -1.41834025e-05
vn -0.925360441 -0.379088491 0
vn -0.925448418 -0.378873557 -0.000104678329
vn -0.925408363 -0.378971457 0.000125074803
vn -0.925895691 -0.377779275 -0.000183050492
vn -0.925752699 -0.378129482 -1.25920842e-05
vn -0.92586112 -0.377863973 -6.80984112e-06
vn -0.926844239 -0.375446111 -2.21706068e-05
vn -0.956646025 -0.29125309 0
vn -0.956639051 -0.291276038 0
vn -0.957689881 -0.287802219 0
vn -0.957799256 -0.287438035 -5.00984925e-06
vn -0.957816303 -0.287381053 3.63102316e-07
vn -0.95770669 -0.28774628 1.82902807e-06
vn -0.957754433 -0.287587315 -1.53200733e-06
vn -0.95787406 -0.287188679 -9.74192881e-06
vn -0.995365798 0.0400471538 -0.087425068
vn -0.86929369 0.201295763 -0.45145151
vn -0.869229972 0.201341689 -0.451553702
vn -0.553603947 0.328503937 -0.765250206
vn -0.00397789618 0.371193945 -0.928546846
vn -0.98042208 0.11856164 -0.157212317
vn -0.980421305 0.118563667 -0.157215372
vn -0.980733573 0.0855124742 -0.1756396
vn -0.960410595 0.115745962 -0.253405631
vn -0.828947306 0.336780369 -0.446570605
vn -0.828949451 0.336778522 -0.446568042
vn -0.83058846 0.229444563 -0.507422864
vn -0.610376775 0.310552895 -0.728695512
vn -0.828938246 0.336789161 -0.446580857
vn -0.551857173 0.502130032 -0.665822089
vn -0.551848769 0.502133071 -0.665826797
vn -0.551920056 0.502103388 -0.665790081
vn -0.19327195 0.590763986 -0.783354223
vn -0.0335058272 0.360782534 -0.932047904
vn -0.118234761 0.36833775 -0.922143042
vn -0.193312794 0.354174763 -0.914981067
vn -0.193269879 0.590764105 -0.78335464
vn -0.195091262 0.693519771 -0.693519771
vn -0.258823842 0.683522642 -0.682500601
vn -0.555646658 0.587559521 -0.588243663
vn -0.555589497 0.587586522 -0.588270664
vn -0.707123458 0.500669837 -0.499305636
vn -0.831447542 0.392528951 -0.393212438
vn -0.96592468 0.182691842 -0.18333894
vn -0.831452966 0.395843774 -0.38986364
vn -0.98078835 0.137938768 -0.137938768
vn -0.964647591 0.258479387 -0.0514148697
vn -0.96464932 0.219123021 -0.146413237
vn -0.964647532 0.219128162 -0.146417111
vn -0.700224817 0.593604326 -0.396634698
vn -0.700229704 0.593600571 -0.396631747
vn -0.254145116 0.80416888 -0.537329197
vn -0.254173011 0.804163694 -0.537323833
vn -0.964648426 0.258476287 -0.0514140762
vn -0.700221777 0.700207531 -0.139279783
vn -0.70022577 0.700203776 -0.139278725
vn -0.254169226 0.948576152 -0.188682914
vn -0.254149616 0.94858104 -0.188684985
vn -0.195069402 -0.980789423 0
vn -0.258809239 -0.965928435 -6.26189722e-05
vn -0.555594623 -0.831453323 4.18912532e-05
vn -0.555541515 -0.831488788 4.18912568e-05
vn -0.707088768 -0.70712477 -8.36160107e-05
vn -0.831477821 -0.555557907 4.19040371e-05
vn -0.965933263 -0.258791238 3.96694486e-05
vn -0.831475258 -0.555561662 -0.000366365566
vn -0.980791271 -0.195060268 0
vn -0.258809239 0.965928435 0
vn -0.707088768 0.70712477 0
vn -0.965933263 0.258791238 0
vn -0.25881809 0.965926051 0
vn -0.707113981 0.707099557 0
vn -0.965925097 0.258821696 0
vn -0.25881809 -0.965926051 0
vn -0.707113981 -0.707099557 0
vn -0.965925097 -0.258821696 0
vn -0 -0.141752258 -0.989902139
vn 0.08173614 -0.194438115 -0.977503479
vn -0.0406384282 -0.397304624 -0.916786551
vn 0 -0.555568695 -0.831470668
vn 0.145150125 -0.606163919 -0.781982541
vn -0.0406384282 -0.397312015 -0.916783333
vn 0 0.577587128 0.816329062
vn -0.0313620195 0.555296898 0.831060648
vn 0.0387738012 0.207384378 0.977490842
vn 0.0387605466 0.194944322 0.98004812
vn 0 0.221221134 0.97522366
vn 0 0.707106769 0.707106769
vn -0.19505392 0.693525016 0.693525016
vn -0.55561471 0.588053584 0.587779939
vn -0.258752793 0.682820797 0.683229625
vn -0.25879547 0.682812691 0.683221579
vn -0.965944111 0.183762982 0.182162285
vn -0.70710516 0.499728292 0.500273883
vn -0.83146894 0.392654657 0.393041611
vn -0.980787337 0.137738243 0.138146237
vn -0.965924621 0.183015868 0.183015868
vn -0.964646578 0.146418452 0.219131529
vn -0.964653611 0.146404669 0.219109684
vn -0.964667916 0.146375284 0.219066516
vn -0.700212836 0.396640033 0.593614936
vn -0.700208247 0.396642447 0.593618691
vn -0.700212836 0.396639884 0.593615055
vn -0.254104853 0.537333608 0.804178655
vn -0.254159182 0.537326097 0.804166496
vn -0.254134595 0.53733021 0.804171562
vn -0.964654088 0.0514098406 0.258456051
vn -0.964655995 0.0514086969 0.258449048
vn -0.700211227 0.139281914 0.700217664
vn -0.700214505 0.139281437 0.700214505
vn -0.25414744 0.188684776 0.948581636
vn -0.254160434 0.188684538 0.948578179
vn -0.707086384 -0.00760016777 0.707086384
vn -0.480450332 -0.00786620751 0.876986682
vn -0.258809239 0 0.965928435
vn -0.999011338 0 0.0444564223
vn -0.991599917 0.000400531339 0.129342467
vn -0.971429586 0.00139040372 0.237323895
vn -0.965931773 0.00175495003 0.258790851
vn -0.914230585 0 0.405194283
vn -0.500049174 0 0.865997016
vn -0.931727171 0.00307704532 -0.363145918
vn -0.987603009 0.000530697347 -0.156971425
vn -0.999023318 0 -0.0441859514
vn -0.965933263 0 -0.258791238
vn -0.707106769 0 -0.707106769
vn -0.480409354 -0.00787003711 -0.877009094
vn -0.258801758 -0.0076042451 -0.96590054
vn -0.254109591 -0.537332356 -0.804177999
vn -0.254252493 -0.537313521 -0.804145455
vn -0.254180521 -0.537324309 -0.804160953
vn -0.700192392 -0.396652311 -0.59363085
vn -0.700146556 -0.396676689 -0.59366858
vn -0.700212836 -0.396639794 -0.593615115
vn -0.964667857 -0.146375194 -0.21906659
vn -0.964655101 -0.146401033 -0.219105706
vn -0.964646578 -0.14641872 -0.219131276
vn -0.254273117 -0.188678727 -0.948549151
vn -0.254160553 -0.188682035 -0.948578656
vn -0.70013845 -0.13929446 -0.700287938
vn -0.700214446 -0.139282152 -0.700214446
vn -0.964654624 -0.0514100194 -0.258454055
vn -0.964655995 -0.0514091328 -0.258449048
vn -0.258763939 -0.683023155 -0.683023155
vn -0.258848608 -0.683007121 -0.683007121
vn -0.707079768 -0.500019133 -0.500019133
vn -0.707105219 -0.500001132 -0.500001132
vn -0.965944767 -0.182962745 -0.182962745
vn -0.965924621 -0.183015868 -0.183015868
vn -0.980053842 0.194913596 0.0387708433
vn -0.980056167 0.194902316 0.0387682952
vn -0.826444387 0.552200198 0.109838925
vn -0.826424301 0.552229106 0.109844975
vn -0.54812479 0.820325434 0.16317296
vn -0.548095465 0.82034415 0.163177282
vn -0.826446891 0.552196443 0.109839156
vn -0.191509455 0.962631881 0.191478476
vn -0.191459864 0.96264112 0.191481605
vn -0.548148513 0.820310116 0.163170159
vn -0.98005718 0.16522637 0.110400148
vn -0.980050862 0.165251687 0.110418022
vn -0.826418102 0.468164295 0.312818438
vn -0.826437891 0.468140632 0.31280157
vn -0.548153579 0.695422649 0.464666575
vn -0.548154712 0.695422053 0.464666098
vn -0.191508323 0.816079974 0.545287132
vn -0.191457421 0.816087484 0.545293748
vn -0.254122019 -0.80417484 -0.537331223
vn -0.254196465 -0.804157853 -0.537321389
vn -0.254217982 -0.804153204 -0.53731817
vn -0.70018214 -0.593639553 -0.396657407
vn -0.70019275 -0.593630791 -0.396651745
vn -0.254160434 -0.948578238 -0.188684434
vn -0.254206955 -0.948566437 -0.188681036
vn -0.700196385 -0.700232029 -0.139284387
vn -0.700193048 -0.700235188 -0.139285132
vn -0.964656055 -0.258449048 -0.0514085963
vn -0.964654088 -0.258455932 -0.0514101237
vn -0.964647532 -0.219128311 -0.146416947
vn -0.964653671 -0.219109893 -0.146404192
vn -0.964667916 -0.219066352 -0.146375448
vn -0.700212896 -0.593614519 -0.396640509
vn 0 0.980785429 0.19508943
vn 0 0.83146888 0.555571318
vn -0 -0.831470191 -0.55556941
vn -0 -0.980785191 -0.195090815
vn -0.964647532 -0.219128415 -0.146416843
vn -0.964648426 -0.258476228 -0.0514142439
vn -0.964647591 -0.258479387 -0.0514146872
vn -0.70022577 -0.700203717 -0.139279023
vn -0.700221837 -0.700207591 -0.139279485
vn -0.254149556 -0.948581219 -0.188683912
vn -0.254169166 -0.948575974 -0.188683987
vn -0.96464926 -0.219122872 -0.14641358
vn -0.700229704 -0.593600333 -0.396632016
vn -0.700224876 -0.593604505 -0.39663437
vn -0.25417307 -0.8041628 -0.537325084
vn -0.254145175 -0.804169774 -0.537327886
vn -0.195091262 -0.693519771 -0.693519771
vn -0.555641472 -0.59088707 -0.584906042
vn -0.258823901 -0.682687819 -0.683335602
vn -0.555589497 -0.587586522 -0.588270664
vn -0.707123458 -0.500669837 -0.499305636
vn -0.831447542 -0.392528951 -0.393212438
vn -0.831460059 -0.392515689 -0.393199146
vn -0.965924561 -0.183526486 -0.182504207
vn -0.98078835 -0.137938768 -0.137938768
vn -0.193678513 -0.390111178 -0.900167704
vn -0.554006398 -0.356849402 -0.752153873
vn -0.0702420324 -0.39665094 -0.915278137
vn -0.111681625 -0.403748274 -0.908027828
vn -0.0437392406 -0.406078637 -0.912790775
vn -0.620702326 -0.342812806 -0.705129802
vn -0.99447006 -0.0582071394 -0.0874138102
vn -0.918852329 -0.171115786 -0.355569631
vn -0.830610633 -0.243596494 -0.500746191
vn -0.907441795 -0.198489159 -0.370339632
vn -0.635387242 -0.330671072 -0.69781065
vn -0.980489194 -0.120430999 -0.155361891
vn -0.980489075 -0.120431446 -0.155362397
vn -0.980716467 -0.0887573138 -0.174118772
vn -0.829406023 -0.342256159 -0.441527247
vn -0.829397857 -0.342263371 -0.441537052
vn -0.829396546 -0.342264622 -0.441538513
vn -0.552535951 -0.510639131 -0.658750117
vn -0.552526295 -0.510642707 -0.658755422
vn -0.552598238 -0.510612011 -0.658718824
vn -0.19363676 -0.601054847 -0.775395274
vn -0.193601549 -0.601060927 -0.775399387
vn -0.957939029 0.286971748 0
vn -0.925821841 0.377960235 4.43795989e-06
vn -0.925572693 0.378569961 -4.66876554e-05
vn -0.925790668 0.378036559 -7.19258896e-05
vn -0.925477266 0.378803134 -0.000110572953
vn -0.925391734 0.379012018 0
vn -0.925446868 0.378877491 -2.31576269e-06
vn -0.925494254 0.378761649 0.000113646696
vn -0.925495505 0.37875849 0.00018604628
vn -0.929199576 0.369577855 0.000601262494
vn -0.925314784 0.379199088 0.000803616189
vn -0.925926208 0.377704382 1.23101545e-05
vn -0.925720692 0.378207952 5.28891542e-06
vn -0.926167369 0.377112716 -3.3168742e-06
vn -0.9271245 0.374753445 3.31387891e-05
vn -0.931603372 0.363097459 -0.0165962409
vn -0.9315418 0.363245755 -0.0168034062
vn -0.937408268 0.348189443 0.00546475733
vn -0.927852035 0.372931629 -0.00355290482
vn -0.937285602 0.34849149 0.00702603813
vn -0.929211199 0.369548678 0.000604667352
vn -0.950290084 0.311365962 0
vn -0.937826693 0.347103864 0
vn -0.931604207 0.363095403 -0.0165936649
vn -0.956646025 0.29125309 0
vn -0.956639051 0.291276038 0
vn -0.957689881 0.287802219 0
vn -0.957799256 0.287438035 5.00990882e-06
vn -0.957816303 0.287381262 -2.4890096e-07
vn -0.95770663 0.28774637 -1.7142105e-06
vn -0.95769006 0.287801594 -2.88161141e-06
vn -0.95787406 0.287188679 9.74192881e-06
vn -0.91345346 0.25704363 0.315485954
vn -0.95206672 0.188827932 0.24065119
vn -0.96530658 0.157549053 0.20823431
vn -0.97508961 0.135193363 0.175849453
vn -0.995785892 0.0580536947 0.0709949359
vn -0.862496614 0.319644451 0.392335296
vn -0.704709649 0.440191448 0.556431293
vn -0.750938058 0.403269976 0.522939146
vn -0.589602172 0.494372487 0.638721466
vn -0.25688079 0.591371119 0.76439023
vn -0.524717093 0.491686434 0.694921911
vn -0.258823901 0.68301177 0.68301177
vn -0.707103431 0.500002384 0.500002384
vn -0.965926826 0.183010012 0.183010012
vn -0.25417313 0.804162443 0.537325621
vn -0.254162759 0.948577881 0.188682973
vn -0.254169226 0.948576152 0.188683182
vn -0.700218499 0.70021069 0.139280319
vn -0.700221777 0.700207531 0.139280066
vn -0.964647651 0.258479118 0.0514147393
vn -0.964647591 0.258479387 0.0514147691
vn -0.254156351 0.804166853 0.537326872
vn -0.700213194 0.59361434 0.396640271
vn -0.700218737 0.593609512 0.396637768
vn -0.964648962 0.21912393 0.146414146
vn -0.964647055 0.219130024 0.146417543
vn -0.258809239 -0.965928435 0
vn -0.707088768 -0.70712477 0
vn -0.965933263 -0.258791238 0
vn -0.195069402 0.980789423 0
vn -0.555594563 0.831453264 -0.0003663752
vn -0.258809239 0.965928435 3.96901887e-05
vn -0.555541515 0.831488788 4.18912568e-05
vn -0.831477821 0.555557907 -0.000205928562
vn -0.707088768 0.70712477 4.11049405e-05
vn -0.831475317 0.555561662 4.19040371e-05
vn -0.965933263 0.258791238 -6.26130059e-05
vn -0.980791271 0.195060268 0
vn 0 0.831469417 -0.555570543
vn 0 0.980785549 -0.195089057
vn 0 0.555568755 -0.831470609
vn 0 0.195089504 -0.980785429
vn -1.98842463e-05 0.707102478 -0.707111061
vn 0 0.995094717 -0.0989269242
vn 0.0477180146 0.979668081 -0.194867894
vn 0 0.956674457 -0.291159809
vn 0 0.881181419 -0.472778291
vn 0.0672840327 0.829585612 -0.554310858
vn 0 0.772016406 -0.635602593
vn -0.898705482 -0.438426912 -0.0105021438
vn -0.929547668 -0.368686229 -0.00339898001
vn -0.937756598 -0.347288728 -0.00176926306
vn -0.950329542 -0.311245531 0
vn -0.840321541 -0.54208827 0
vn -0.823545218 -0.566574395 -0.0276894253
vn -0.823132813 -0.566804111 -0.0344313085
vn -0.825165033 -0.564260662 -0.0266932715
vn -0.842923224 -0.535184801 0.0552960299
vn -0.839886904 -0.541898608 0.0305922013
vn -0.835329056 -0.549662292 0.00983613357
vn -0.924865663 -0.380286962 0.00231310562
vn -0.832952261 -0.553340077 0.00230348343
vn -0.906609952 -0.420744509 -0.0321322232
vn -0.819088161 -0.573667645 0
vn -0.821723759 -0.569799244 -0.00994337071
vn 0 0.904667914 0.426117271
vn 0 0.975759089 0.218847468
vn 0.0262487587 0.988913357 0.146155134
vn 0 0.997270644 0.0738326162
vn -0.849120557 0.373490125 -0.373496205
vn -0.849120378 0.510201752 -0.136706918
vn -0.849120557 -0.373490125 -0.373496205
vn -0.849120677 -0.136712551 -0.510199726
vn -0.849120677 0.136712551 -0.510199726
vn -0.849119544 -0.373491287 0.373497367
vn -0.84912014 -0.510201633 0.136708513
vn -0.849120378 -0.510201752 -0.136706918
vn -0.849119544 0.373491287 0.373497367
vn -0.849119306 0.136713132 0.510201871
vn -0.849119306 -0.136713132 0.510201871
vn -0.84912014 0.510201633 0.136708513
vn 0 0.965926409 -0.258816868
vn 0 0.707101047 -0.707112551
vn 0 0.258827806 -0.965923488
vn -0 -0.258827806 -0.965923488
vn -0 -0.707101047 -0.707112551
vn -0 -0.965926409 -0.258816868
vn 0 -0.965925634 0.258819729
vn 0 -0.707101047 0.707112551
vn 0 -0.258827806 0.965923488
vn 0 0.258827806 0.965923488
vn 0 0.707101047 0.707112551
vn 0 0.965925634 0.258819729
vn 0.11196427 0.993712246 0
vn 0.0551972911 0.982887983 -0.17573978
vn 0.167506322 0.985871017 0
vn 0.33027935 0.94388324 0
vn 0.272527337 0.94596231 -0.175738856
vn 0.382683694 0.923879445 0
vn 0.532031834 0.846724391 0
vn 0.476190329 0.861602306 -0.17573908
vn 0.578671098 0.815560997 0
vn 0.707107008 0.70710659 0
vn 0.655976415 0.734037399 -0.175738588
vn 0.745642304 0.666346371 0
vn 0.846724153 0.532032132 0
vn 0.802867472 0.56966567 -0.175740749
vn 0.875223696 0.483718365 0
vn 0.923879385 0.382683754 0
vn 0.94013387 0.328967005 -0.0890447572
vn 0.960917473 0.276835024 0
vn 0.993712187 0.111964688 0
vn 0.970527768 0.164899424 -0.175738558
vn 0.998426795 0.0560707487 0
vn 0.998426795 -0.0560707524 0
vn 0.989764869 -0.111519925 -0.0890439227
vn 0.985871017 -0.167506322 0
vn 0.960917473 -0.276835024 0
vn 0.94013387 -0.328967035 -0.0890448093
vn 0.923879385 -0.382683843 0
vn 0.875223696 -0.483718365 0
vn 0.843360722 -0.529918611 -0.0890449136
vn 0.815560639 -0.578671634 0
vn 0.734037697 -0.655975878 -0.175739512
vn 0.666346371 -0.745642304 0
vn 0.532032251 -0.846724093 0
vn 0.569665432 -0.802868128 -0.175738484
vn 0.48371917 -0.875223279 0
vn 0.330278963 -0.943883359 0
vn 0.376727313 -0.909501433 -0.175737649
vn 0.276835799 -0.960917234 0
vn 0.11196427 -0.993712246 0
vn 0.164899364 -0.97052753 -0.17573975
vn 0.0560699254 -0.998426855 0
vn -0.0560699254 -0.998426855 0
vn -0.111519508 -0.989764869 -0.0890445709
vn -0.167506322 -0.985871017 0
vn -0.276835799 -0.960917234 0
vn -0.328967035 -0.940133989 -0.0890435204
vn -0.382683069 -0.923879683 0
vn -0.532032251 -0.846724093 0
vn -0.476190776 -0.861602068 -0.175739139
vn -0.578671575 -0.815560699 0
vn -0.70710665 -0.707106888 0
vn -0.655975878 -0.734037757 -0.175739095
vn -0.745642126 -0.66634661 0
vn -0.846724212 -0.532032013 0
vn -0.802868366 -0.569665194 -0.175738335
vn -0.875223339 -0.483718991 0
vn -0.943883359 -0.330279022 0
vn -0.909501314 -0.376727432 -0.175737888
vn -0.960917234 -0.276835799 0
vn -0.985871017 -0.167506322 0
vn -0.989764869 -0.111519925 -0.0890439227
vn -0.998426795 -0.0560707524 0
vn -0.998426795 0.0560707487 0
vn -0.989764869 0.111519925 -0.0890439376
vn -0.985871017 0.167506337 0
vn -0.943883359 0.330278993 0
vn -0.945962489 0.272527397 -0.175737739
vn -0.923879683 0.382683069 0
vn -0.875223339 0.483718991 0
vn -0.843360722 0.52991873 -0.0890439823
vn -0.815560877 0.578671277 0
vn -0.745642126 0.66634661 0
vn -0.704298079 0.704297841 -0.0890437439
vn -0.666346848 0.745641887 0
vn -0.532031834 0.846724391 0
vn -0.569665253 0.802868009 -0.17573972
vn -0.483718365 0.875223696 0
vn -0.33027938 0.94388324 0
vn -0.376727998 0.909500897 -0.175738931
vn -0.276835799 0.960917234 0
vn -0.11196427 0.993712246 0
vn -0.164899364 0.97052753 -0.175739765
vn -0.0560699254 0.998426855 0
vn 0.0555028543 -0.988325179 -0.141890034
vn 0.165811568 -0.975896358 -0.141890034
vn 0.165811881 -0.975896418 -0.141889542
vn 0.274034917 -0.95119518 -0.141889542
vn 0.274034142 -0.95119518 -0.14189072
vn 0.378811896 -0.914531887 -0.141890705
vn 0.378811985 -0.914531887 -0.141890541
vn 0.478824258 -0.866368532 -0.141890541
vn 0.478824914 -0.866368294 -0.141889483
vn 0.57281661 -0.807309449 -0.141889468
vn 0.572816491 -0.807309449 -0.141889602
vn 0.659605086 -0.738097847 -0.141889662
vn 0.659604609 -0.738098145 -0.141890511
vn 0.738097966 -0.659604788 -0.141890511
vn 0.738097906 -0.659604847 -0.14189063
vn 0.80730927 -0.572816491 -0.14189066
vn 0.807309389 -0.572816432 -0.141890511
vn 0.866368175 -0.478824884 -0.141890615
vn 0.866368175 -0.478824854 -0.141890526
vn 0.914532185 -0.37881121 -0.141890541
vn 0.914532125 -0.3788113 -0.141890705
vn 0.951195002 -0.274034858 -0.141890734
vn 0.951194942 -0.274034947 -0.141890869
vn 0.975896239 -0.165811568 -0.141890869
vn 0.975896478 -0.165811062 -0.141890049
vn 0.988325119 -0.0555034503 -0.141890049
vn 0.988325298 -0.0555028617 -0.14188911
vn 0.988325298 0.0555034578 -0.141889095
vn 0.988325179 0.0555028543 -0.141890034
vn 0.975896358 0.165811568 -0.141890034
vn 0.975896358 0.165811062 -0.141890809
vn 0.951195002 0.274034858 -0.141890779
vn 0.951195002 0.274034888 -0.141890734
vn 0.914532125 0.37881127 -0.141890705
vn 0.914532125 0.378811389 -0.141890541
vn 0.866368175 0.478824884 -0.141890526
vn 0.866368234 0.478824645 -0.141890913
vn 0.807309389 0.572816312 -0.141890883
vn 0.80730927 0.57281667 -0.141890287
vn 0.738098025 0.659604788 -0.141890198
vn 0.738097966 0.659604847 -0.141890079
vn 0.659604609 0.738098264 -0.141890034
vn 0.659604609 0.738098145 -0.141890153
vn 0.572816789 0.807309151 -0.141890138
vn 0.572816551 0.807309508 -0.141889468
vn 0.478824973 0.866368294 -0.141889483
vn 0.478824914 0.866368353 -0.141889408
vn 0.37881127 0.914532363 -0.141889349
vn 0.378811985 0.914531827 -0.141890705
vn 0.274034858 0.951195002 -0.141890734
vn 0.274034172 0.951195359 -0.141889542
vn 0.165811583 0.975896418 -0.141889542
vn 0.165811881 0.975896299 -0.141890034
vn 0.0555026345 0.988325179 -0.141890034
vn 0.0555028506 0.988325119 -0.141890392
vn -0.0555026308 0.988325119 -0.141890392
vn -0.0555028506 0.988325179 -0.141890049
vn -0.165811568 0.975896358 -0.141890064
vn -0.165811911 0.975896418 -0.141889542
vn -0.274034917 0.95119518 -0.141889542
vn -0.274034142 0.95119518 -0.14189072
vn -0.378811121 0.914532185 -0.14189072
vn -0.378811985 0.914532065 -0.141889364
vn -0.478825152 0.866368234 -0.141889408
vn -0.478824914 0.866368294 -0.141889796
vn -0.57281667 0.80730933 -0.14188984
vn -0.572816491 0.807309389 -0.141890123
vn -0.659604549 0.738098204 -0.141890153
vn -0.659604907 0.738098025 -0.141889602
vn -0.738098264 0.659604609 -0.141889602
vn -0.738097966 0.659604847 -0.141890198
vn -0.807309091 0.572816908 -0.141890287
vn -0.80730933 0.57281667 -0.14188984
vn -0.866368592 0.478824317 -0.141889796
vn -0.866368294 0.478824675 -0.141890526
vn -0.914531887 0.378811985 -0.141890541
vn -0.914532244 0.378811419 -0.141889527
vn -0.951195359 0.274034142 -0.141889483
vn -0.951195002 0.274034888 -0.141890779
vn -0.975896239 0.165811554 -0.141890809
vn -0.975896478 0.165811092 -0.141890049
vn -0.988325119 0.0555034503 -0.141890049
vn -0.988325059 0.0555036627 -0.141890377
vn -0.988325119 -0.0555034466 -0.141890377
vn -0.988325119 -0.0555036627 -0.141890049
vn -0.975896358 -0.165811583 -0.141890034
vn -0.975896358 -0.165811047 -0.141890869
vn -0.95119518 -0.274034083 -0.141890869
vn -0.951195121 -0.274034977 -0.141889498
vn -0.914532065 -0.378811955 -0.141889513
vn -0.914532185 -0.3788113 -0.141890541
vn -0.866368532 -0.478824258 -0.141890541
vn -0.866368294 -0.478824914 -0.141889483
vn -0.807309031 -0.572817147 -0.141889468
vn -0.80730933 -0.572816432 -0.14189066
vn -0.738098145 -0.659604549 -0.14189063
vn -0.738097966 -0.659604847 -0.141890034
vn -0.659605026 -0.738097847 -0.141890079
vn -0.659604907 -0.738098025 -0.141889676
vn -0.572816372 -0.807309568 -0.141889602
vn -0.572816491 -0.807309449 -0.14188984
vn -0.478824496 -0.866368532 -0.141889796
vn -0.478824854 -0.866368175 -0.141890526
vn -0.378811836 -0.914531946 -0.141890541
vn -0.378811926 -0.914531887 -0.141890705
vn -0.274034858 -0.951195002 -0.141890734
vn -0.274034172 -0.951195359 -0.141889542
vn -0.165811583 -0.975896418 -0.141889542
vn -0.165811896 -0.975896299 -0.141890064
vn -0.0555026345 -0.988325179 -0.141890049
vn -0.0555028468 -0.988325119 -0.141890392
vn 0.0555026308 -0.988325119 -0.141890392

# Mesh '' with 4194 faces
usemtl DefaultMaterial
f  1//1 2//1 3//1
f  3//1 2//1 4//1
f  3//2 4//2 5//2
f  5//2 4//2 6//2
f  5//3 6//3 7//3
f  7//3 6//3 8//3
f  7//4 8//4 9//4
f  8//4 10//4 9//4
f  9//5 10//5 11//5
f  9//6 11//6 12//6
f  12//7 11//7 13//7
f  12//8 13//8 14//8
f  14//8 13//8 15//8
f  14//9 15//9 16//9
f  16//9 15//9 17//9
f  16//10 17//10 18//10
f  18//10 17//10 19//10
f  18//11 19//11 20//11
f  20//11 19//11 21//11
f  20//12 21//12 22//12
f  22//12 21//12 23//12
f  22//13 23//13 24//13
f  24//13 23//13 25//13
f  24//14 25//14 1//14
f  1//15 25//15 26//15
f  1//16 26//16 2//16
f  27//17 28//17 29//17
f  29//18 28//18 30//18
f  29//19 30//19 31//19
f  31//19 30//19 32//19
f  31//20 32//20 33//20
f  33//20 32//20 34//20
f  33//21 34//21 35//21
f  35//21 34//21 36//21
f  35//22 36//22 37//22
f  36//22 38//22 37//22
f  37//23 38//23 39//23
f  37//24 39//24 40//24
f  40//25 39//25 41//25
f  40//26 41//26 42//26
f  42//26 41//26 43//26
f  42//27 43//27 44//27
f  44//27 43//27 45//27
f  44//28 45//28 46//28
f  46//28 45//28 47//28
f  46//29 47//29 48//29
f  48//29 47//29 49//29
f  48//30 49//30 50//30
f  50//30 49//30 51//30
f  50//13 51//13 27//13
f  27//13 51//13 52//13
f  27//31 52//31 28//31
f  53//32 54//32 55//32
f  55//33 54//33 56//33
f  55//34 56//34 57//34
f  57//34 56//34 58//34
f  57//35 58//35 59//35
f  59//35 58//35 60//35
f  59//36 60//36 61//36
f  61//36 60//36 62//36
f  61//37 62//37 63//37
f  63//37 62//37 64//37
f  63//38 64//38 65//38
f  65//38 64//38 66//38
f  65//39 66//39 67//39
f  66//39 68//39 67//39
f  67//40 68//40 69//40
f  67//41 69//41 70//41
f  70//42 69//42 71//42
f  70//9 71//9 72//9
f  72//9 71//9 73//9
f  72//43 73//43 74//43
f  74//43 73//43 75//43
f  74//44 75//44 76//44
f  76//44 75//44 77//44
f  76//12 77//12 53//12
f  53//12 77//12 78//12
f  53//45 78//45 54//45
f  79//17 80//17 81//17
f  81//18 80//18 82//18
f  81//19 82//19 83//19
f  83//19 82//19 84//19
f  83//46 84//46 85//46
f  85//46 84//46 86//46
f  85//47 86//47 87//47
f  87//47 86//47 88//47
f  87//22 88//22 89//22
f  88//22 90//22 89//22
f  89//23 90//23 91//23
f  89//24 91//24 92//24
f  92//25 91//25 93//25
f  92//26 93//26 94//26
f  94//26 93//26 95//26
f  94//27 95//27 96//27
f  96//27 95//27 97//27
f  96//48 97//48 98//48
f  98//48 97//48 99//48
f  98//49 99//49 100//49
f  100//49 99//49 101//49
f  100//30 101//30 102//30
f  102//30 101//30 103//30
f  102//13 103//13 79//13
f  79//13 103//13 104//13
f  79//31 104//31 80//31
f  105//50 106//50 107//50
f  107//51 106//51 108//51
f  107//35 108//35 109//35
f  109//35 108//35 110//35
f  109//36 110//36 111//36
f  111//36 110//36 112//36
f  111//37 112//37 113//37
f  113//37 112//37 114//37
f  113//38 114//38 115//38
f  114//38 116//38 115//38
f  115//52 116//52 117//52
f  115//53 117//53 118//53
f  118//54 117//54 119//54
f  118//55 119//55 120//55
f  120//55 119//55 121//55
f  120//9 121//9 122//9
f  122//9 121//9 123//9
f  122//43 123//43 124//43
f  124//43 123//43 125//43
f  124//44 125//44 126//44
f  126//44 125//44 127//44
f  126//12 127//12 128//12
f  128//12 127//12 129//12
f  128//56 129//56 105//56
f  105//56 129//56 130//56
f  105//57 130//57 106//57
f  131//58 132//58 133//58
f  133//59 132//59 134//59
f  133//60 134//60 135//60
f  135//60 134//60 136//60
f  135//19 136//19 137//19
f  137//19 136//19 138//19
f  137//46 138//46 139//46
f  139//46 138//46 140//46
f  139//47 140//47 141//47
f  141//47 140//47 142//47
f  141//22 142//22 143//22
f  143//22 142//22 144//22
f  143//61 144//61 145//61
f  144//61 146//61 145//61
f  145//62 146//62 147//62
f  145//63 147//63 148//63
f  148//64 147//64 149//64
f  148//27 149//27 150//27
f  150//27 149//27 151//27
f  150//48 151//48 152//48
f  152//48 151//48 153//48
f  152//49 153//49 154//49
f  154//49 153//49 155//49
f  154//30 155//30 131//30
f  131//30 155//30 156//30
f  131//65 156//65 132//65
f  157//58 158//58 159//58
f  159//59 158//59 160//59
f  159//60 160//60 161//60
f  161//60 160//60 162//60
f  161//19 162//19 163//19
f  163//19 162//19 164//19
f  163//20 164//20 165//20
f  165//20 164//20 166//20
f  165//21 166//21 167//21
f  167//21 166//21 168//21
f  167//22 168//22 169//22
f  169//22 168//22 170//22
f  169//61 170//61 171//61
f  170//61 172//61 171//61
f  171//62 172//62 173//62
f  171//63 173//63 174//63
f  174//64 173//64 175//64
f  174//27 175//27 176//27
f  176//27 175//27 177//27
f  176//28 177//28 178//28
f  178//28 177//28 179//28
f  178//29 179//29 180//29
f  180//29 179//29 181//29
f  180//30 181//30 157//30
f  157//30 181//30 182//30
f  157//65 182//65 158//65
f  183//66 184//66 185//66
f  185//66 184//66 186//66
f  185//67 186//67 187//67
f  187//67 186//67 188//67
f  187//68 188//68 189//68
f  189//68 188//68 190//68
f  189//60 190//60 191//60
f  191//60 190//60 192//60
f  191//35 192//35 193//35
f  193//35 192//35 194//35
f  193//69 194//69 195//69
f  195//69 194//69 196//69
f  195//70 196//70 197//70
f  197//70 196//70 198//70
f  197//38 198//38 199//38
f  199//38 198//38 200//38
f  199//71 200//71 201//71
f  201//71 200//71 202//71
f  201//72 202//72 203//72
f  203//72 202//72 204//72
f  203//73 204//73 205//73
f  205//73 204//73 206//73
f  205//74 206//74 183//74
f  183//74 206//74 184//74
f  207//75 208//75 209//75
f  209//75 208//75 210//75
f  209//75 210//75 211//75
f  211//75 210//75 212//75
f  210//75 213//75 212//75
f  212//75 213//75 214//75
f  212//75 214//75 215//75
f  215//75 214//75 216//75
f  215//75 216//75 217//75
f  217//75 216//75 218//75
f  217//75 218//75 219//75
f  219//75 218//75 220//75
f  219//75 220//75 221//75
f  221//75 220//75 222//75
f  221//75 222//75 223//75
f  223//75 222//75 224//75
f  223//75 224//75 225//75
f  225//75 224//75 226//75
f  225//75 226//75 227//75
f  227//75 226//75 228//75
f  227//75 228//75 229//75
f  229//75 228//75 230//75
f  229//75 230//75 231//75
f  231//75 230//75 232//75
f  231//75 232//75 233//75
f  233//75 232//75 234//75
f  233//75 234//75 235//75
f  235//75 234//75 236//75
f  235//75 236//75 237//75
f  237//75 236//75 238//75
f  237//75 238//75 239//75
f  239//75 238//75 240//75
f  239//75 240//75 241//75
f  241//75 240//75 242//75
f  241//75 242//75 243//75
f  243//75 242//75 244//75
f  243//75 244//75 245//75
f  245//75 244//75 246//75
f  245//75 246//75 247//75
f  248//75 249//75 250//75
f  250//75 249//75 251//75
f  252//75 253//75 254//75
f  254//75 253//75 255//75
f  256//75 257//75 258//75
f  258//75 257//75 259//75
f  260//76 261//76 262//76
f  263//77 264//77 265//77
f  266//78 267//78 268//78
f  268//79 267//79 269//79
f  270//80 271//80 272//80
f  272//81 271//81 273//81
f  267//82 274//82 269//82
f  269//83 274//83 275//83
f  269//84 275//84 276//84
f  276//85 275//85 277//85
f  276//86 277//86 278//86
f  278//87 277//87 279//87
f  278//88 279//88 273//88
f  273//89 279//89 280//89
f  273//90 280//90 272//90
f  272//91 280//91 281//91
f  272//92 281//92 282//92
f  283//93 284//93 268//93
f  268//94 285//94 283//94
f  283//95 285//95 286//95
f  283//96 286//96 263//96
f  287//97 288//97 289//97
f  289//98 288//98 290//98
f  291//99 292//99 293//99
f  294//100 292//100 290//100
f  290//101 292//101 291//101
f  290//102 291//102 289//102
f  289//103 291//103 293//103
f  289//104 293//104 295//104
f  281//105 296//105 282//105
f  282//106 296//106 297//106
f  282//107 297//107 298//107
f  297//108 299//108 298//108
f  298//109 299//109 300//109
f  298//110 300//110 301//110
f  298//111 302//111 303//111
f  303//112 304//112 298//112
f  298//113 304//113 305//113
f  298//114 305//114 306//114
f  302//115 298//115 307//115
f  307//116 298//116 301//116
f  307//117 301//117 308//117
f  309//118 310//118 311//118
f  308//119 301//119 312//119
f  312//120 301//120 313//120
f  312//121 313//121 314//121
f  314//122 313//122 315//122
f  315//122 313//122 316//122
f  315//123 316//123 317//123
f  317//124 309//124 315//124
f  315//125 309//125 311//125
f  315//126 311//126 318//126
f  318//127 311//127 319//127
f  318//128 319//128 320//128
f  320//129 319//129 289//129
f  320//130 289//130 321//130
f  321//131 289//131 295//131
f  310//132 322//132 311//132
f  311//133 322//133 323//133
f  311//134 323//134 284//134
f  284//135 323//135 324//135
f  284//136 324//136 268//136
f  268//137 324//137 325//137
f  268//138 325//138 266//138
f  326//139 327//139 283//139
f  263//140 265//140 283//140
f  283//141 265//141 328//141
f  283//142 328//142 326//142
f  327//143 329//143 283//143
f  283//144 329//144 262//144
f  283//145 262//145 330//145
f  330//146 262//146 261//146
f  330//147 261//147 331//147
f  332//148 333//148 272//148
f  334//149 335//149 272//149
f  272//150 335//150 336//150
f  272//151 336//151 332//151
f  337//152 338//152 339//152
f  333//153 340//153 272//153
f  272//154 340//154 341//154
f  272//155 341//155 337//155
f  342//156 343//156 272//156
f  272//157 343//157 344//157
f  272//158 344//158 270//158
f  337//159 339//159 272//159
f  272//160 339//160 345//160
f  272//161 345//161 342//161
f  339//162 346//162 345//162
f  345//163 346//163 347//163
f  345//164 347//164 262//164
f  262//165 347//165 348//165
f  262//166 348//166 260//166
f  349//167 350//167 351//167
f  352//168 353//168 246//168
f  246//169 353//169 354//169
f  246//170 354//170 247//170
f  354//171 355//171 247//171
f  247//172 355//172 351//172
f  247//173 351//173 289//173
f  289//174 351//174 350//174
f  289//175 350//175 356//175
f  357//176 358//176 359//176
f  360//177 361//177 298//177
f  360//178 298//178 362//178
f  362//179 298//179 306//179
f  362//180 306//180 363//180
f  364//181 365//181 356//181
f  366//182 367//182 289//182
f  289//183 367//183 368//183
f  289//184 368//184 287//184
f  365//185 369//185 356//185
f  356//186 369//186 370//186
f  356//187 370//187 289//187
f  289//188 370//188 371//188
f  289//189 371//189 366//189
f  372//190 373//190 374//190
f  356//181 372//181 364//181
f  364//191 372//191 374//191
f  364//192 374//192 375//192
f  375//193 374//193 298//193
f  375//194 298//194 376//194
f  376//195 298//195 361//195
f  377//196 374//196 378//196
f  378//197 374//197 373//197
f  378//198 373//198 359//198
f  359//199 373//199 379//199
f  359//200 379//200 357//200
f  357//201 379//201 380//201
f  357//202 380//202 351//202
f  351//203 380//203 381//203
f  351//204 381//204 349//204
f  377//205 382//205 374//205
f  374//206 382//206 383//206
f  374//207 383//207 384//207
f  385//208 386//208 387//208
f  387//209 386//209 388//209
f  387//210 388//210 389//210
f  389//211 388//211 390//211
f  389//212 390//212 391//212
f  386//213 392//213 388//213
f  388//214 392//214 393//214
f  388//215 393//215 394//215
f  395//216 396//216 242//216
f  395//217 242//217 397//217
f  384//218 388//218 374//218
f  374//219 388//219 394//219
f  374//220 394//220 398//220
f  398//221 394//221 399//221
f  398//222 399//222 400//222
f  400//217 399//217 401//217
f  402//223 352//223 403//223
f  403//224 352//224 246//224
f  403//225 246//225 404//225
f  404//226 246//226 244//226
f  404//227 244//227 405//227
f  405//228 244//228 242//228
f  405//229 242//229 406//229
f  406//230 242//230 396//230
f  407//231 408//231 409//231
f  409//232 408//232 410//232
f  409//233 410//233 411//233
f  411//234 410//234 331//234
f  411//235 331//235 412//235
f  412//236 331//236 261//236
f  407//237 413//237 408//237
f  408//238 413//238 414//238
f  408//239 414//239 415//239
f  272//240 416//240 334//240
f  334//241 416//241 417//241
f  334//242 417//242 418//242
f  418//243 417//243 419//243
f  418//244 419//244 420//244
f  338//245 421//245 339//245
f  339//246 421//246 422//246
f  339//247 422//247 423//247
f  423//248 422//248 424//248
f  423//249 424//249 425//249
f  426//250 427//250 428//250
f  428//251 427//251 429//251
f  425//249 426//249 423//249
f  423//252 426//252 428//252
f  423//253 428//253 430//253
f  430//254 428//254 429//254
f  430//255 429//255 431//255
f  210//256 432//256 213//256
f  213//257 432//257 433//257
f  213//258 433//258 214//258
f  433//259 434//259 214//259
f  214//260 434//260 435//260
f  214//261 435//261 216//261
f  216//262 435//262 436//262
f  216//263 436//263 218//263
f  218//264 436//264 437//264
f  218//265 437//265 220//265
f  220//266 437//266 438//266
f  439//267 228//267 440//267
f  440//268 228//268 226//268
f  440//269 226//269 441//269
f  441//270 226//270 224//270
f  441//271 224//271 438//271
f  438//272 224//272 222//272
f  438//273 222//273 220//273
f  442//274 232//274 439//274
f  439//275 232//275 230//275
f  439//276 230//276 228//276
f  443//277 238//277 444//277
f  444//278 238//278 236//278
f  444//279 236//279 442//279
f  442//280 236//280 234//280
f  442//281 234//281 232//281
f  401//217 397//217 400//217
f  400//217 397//217 242//217
f  400//282 242//282 445//282
f  445//283 242//283 240//283
f  445//284 240//284 446//284
f  446//285 240//285 238//285
f  446//286 238//286 447//286
f  447//287 238//287 443//287
f  415//288 420//288 408//288
f  408//288 420//288 419//288
f  408//289 419//289 448//289
f  448//290 419//290 449//290
f  448//291 449//291 450//291
f  450//292 449//292 451//292
f  450//293 451//293 452//293
f  452//294 451//294 453//294
f  452//295 453//295 454//295
f  453//296 455//296 454//296
f  454//297 455//297 456//297
f  454//298 456//298 457//298
f  457//299 456//299 458//299
f  457//300 458//300 459//300
f  459//301 458//301 460//301
f  460//302 458//302 461//302
f  460//303 461//303 462//303
f  462//304 461//304 463//304
f  462//305 463//305 464//305
f  464//306 463//306 465//306
f  464//307 465//307 466//307
f  466//308 465//308 467//308
f  467//309 465//309 468//309
f  467//310 468//310 469//310
f  469//311 468//311 470//311
f  470//312 468//312 471//312
f  470//313 471//313 472//313
f  473//314 474//314 475//314
f  475//315 474//315 476//315
f  475//316 476//316 477//316
f  477//317 476//317 472//317
f  477//318 472//318 478//318
f  478//319 472//319 471//319
f  19//320 17//320 447//320
f  2//320 26//320 479//320
f  479//320 26//320 25//320
f  479//320 25//320 480//320
f  447//320 17//320 446//320
f  446//320 17//320 15//320
f  446//320 15//320 445//320
f  25//320 23//320 480//320
f  480//320 23//320 21//320
f  480//320 21//320 19//320
f  10//320 8//320 481//320
f  481//320 8//320 482//320
f  482//320 8//320 6//320
f  482//320 6//320 4//320
f  49//320 47//320 483//320
f  30//320 28//320 484//320
f  484//320 28//320 52//320
f  484//320 52//320 485//320
f  485//320 52//320 51//320
f  485//320 51//320 49//320
f  41//320 480//320 43//320
f  43//320 480//320 483//320
f  43//320 483//320 45//320
f  45//320 483//320 47//320
f  479//320 34//320 486//320
f  486//320 34//320 32//320
f  41//320 39//320 480//320
f  480//320 39//320 38//320
f  480//320 38//320 479//320
f  479//320 38//320 36//320
f  479//320 36//320 34//320
f  436//320 487//320 54//320
f  73//320 438//320 75//320
f  75//320 438//320 437//320
f  75//320 437//320 77//320
f  77//320 437//320 436//320
f  77//320 436//320 78//320
f  78//320 436//320 54//320
f  66//320 484//320 68//320
f  68//320 484//320 485//320
f  68//320 485//320 69//320
f  69//320 485//320 438//320
f  69//320 438//320 71//320
f  71//320 438//320 73//320
f  488//320 58//320 487//320
f  487//320 58//320 56//320
f  487//320 56//320 54//320
f  66//320 64//320 484//320
f  484//320 64//320 62//320
f  484//320 62//320 488//320
f  488//320 62//320 60//320
f  488//320 60//320 58//320
f  101//320 99//320 487//320
f  99//320 97//320 487//320
f  487//320 97//320 95//320
f  487//320 95//320 488//320
f  488//320 95//320 93//320
f  103//320 434//320 104//320
f  104//320 434//320 433//320
f  104//320 433//320 80//320
f  489//320 84//320 82//320
f  91//320 90//320 490//320
f  490//320 90//320 88//320
f  490//320 88//320 86//320
f  80//320 433//320 82//320
f  82//320 433//320 432//320
f  82//320 432//320 489//320
f  129//320 491//320 130//320
f  130//320 491//320 492//320
f  130//320 492//320 106//320
f  106//320 492//320 108//320
f  129//320 127//320 491//320
f  491//320 127//320 125//320
f  491//320 125//320 493//320
f  125//320 123//320 493//320
f  493//320 123//320 121//320
f  493//320 121//320 494//320
f  465//320 463//320 494//320
f  121//320 119//320 494//320
f  494//320 119//320 117//320
f  494//320 117//320 465//320
f  110//320 471//320 112//320
f  112//320 471//320 468//320
f  112//320 468//320 114//320
f  114//320 468//320 465//320
f  114//320 465//320 116//320
f  116//320 465//320 117//320
f  495//320 496//320 497//320
f  151//320 149//320 491//320
f  496//320 156//320 497//320
f  497//320 156//320 155//320
f  497//320 155//320 153//320
f  498//320 499//320 500//320
f  475//320 132//320 473//320
f  473//320 132//320 156//320
f  473//320 156//320 501//320
f  501//320 156//320 496//320
f  501//320 496//320 502//320
f  502//320 496//320 498//320
f  502//320 498//320 503//320
f  503//320 498//320 500//320
f  149//320 147//320 491//320
f  491//320 147//320 146//320
f  491//320 146//320 492//320
f  492//320 146//320 144//320
f  477//320 136//320 475//320
f  475//320 136//320 134//320
f  475//320 134//320 132//320
f  144//320 142//320 492//320
f  492//320 142//320 140//320
f  492//320 140//320 477//320
f  477//320 140//320 138//320
f  477//320 138//320 136//320
f  182//320 181//320 504//320
f  482//320 177//320 505//320
f  505//320 177//320 175//320
f  504//320 181//320 482//320
f  482//320 181//320 179//320
f  482//320 179//320 177//320
f  506//320 168//320 166//320
f  506//320 166//320 494//320
f  166//320 164//320 494//320
f  494//320 164//320 162//320
f  494//320 162//320 493//320
f  493//320 162//320 160//320
f  493//320 160//320 158//320
f  175//320 173//320 505//320
f  505//320 173//320 172//320
f  505//320 172//320 506//320
f  506//320 172//320 170//320
f  506//320 170//320 168//320
f  507//320 508//320 497//320
f  495//320 497//320 509//320
f  509//320 497//320 508//320
f  509//320 508//320 510//320
f  489//320 511//320 497//320
f  497//320 511//320 512//320
f  497//320 512//320 513//320
f  513//320 514//320 497//320
f  497//320 514//320 515//320
f  497//320 515//320 507//320
f  103//320 101//320 434//320
f  434//320 101//320 487//320
f  434//320 487//320 435//320
f  435//320 487//320 436//320
f  439//320 440//320 485//320
f  485//320 440//320 441//320
f  485//320 441//320 438//320
f  49//320 483//320 485//320
f  485//320 483//320 442//320
f  485//320 442//320 439//320
f  19//320 447//320 480//320
f  480//320 447//320 443//320
f  480//320 443//320 483//320
f  483//320 443//320 444//320
f  483//320 444//320 442//320
f  15//320 13//320 445//320
f  445//320 13//320 11//320
f  445//320 11//320 400//320
f  400//320 11//320 10//320
f  400//320 10//320 398//320
f  398//320 10//320 481//320
f  398//320 481//320 374//320
f  374//320 481//320 298//320
f  481//320 417//320 416//320
f  416//320 272//320 481//320
f  481//320 272//320 282//320
f  481//320 282//320 298//320
f  198//320 196//320 451//320
f  198//320 451//320 200//320
f  200//320 451//320 449//320
f  200//320 449//320 202//320
f  202//320 449//320 419//320
f  202//320 419//320 204//320
f  204//320 419//320 417//320
f  204//320 417//320 206//320
f  206//320 417//320 481//320
f  206//320 481//320 184//320
f  184//320 481//320 482//320
f  184//320 482//320 186//320
f  194//320 192//320 505//320
f  505//320 192//320 190//320
f  505//320 190//320 482//320
f  482//320 190//320 188//320
f  482//320 188//320 186//320
f  455//320 453//320 506//320
f  506//320 453//320 451//320
f  506//320 451//320 505//320
f  505//320 451//320 196//320
f  505//320 196//320 194//320
f  463//320 461//320 494//320
f  494//320 461//320 458//320
f  494//320 458//320 506//320
f  506//320 458//320 456//320
f  506//320 456//320 455//320
f  110//320 108//320 471//320
f  471//320 108//320 492//320
f  471//320 492//320 478//320
f  478//320 492//320 477//320
f  93//320 91//320 488//320
f  488//320 91//320 490//320
f  488//320 490//320 484//320
f  484//320 490//320 486//320
f  484//320 486//320 30//320
f  30//320 486//320 32//320
f  153//320 151//320 497//320
f  497//320 151//320 491//320
f  497//320 491//320 504//320
f  504//320 491//320 493//320
f  504//320 493//320 182//320
f  182//320 493//320 158//320
f  4//320 2//320 482//320
f  482//320 2//320 479//320
f  482//320 479//320 504//320
f  504//320 479//320 486//320
f  504//320 486//320 497//320
f  497//320 486//320 490//320
f  497//320 490//320 489//320
f  489//320 490//320 86//320
f  489//320 86//320 84//320
f  254//321 507//321 515//321
f  516//321 517//321 254//321
f  254//321 515//321 516//321
f  516//322 515//322 514//322
f  516//322 514//322 518//322
f  518//323 514//323 513//323
f  518//323 513//323 519//323
f  508//324 507//324 255//324
f  255//324 507//324 254//324
f  498//324 496//324 256//324
f  256//324 496//324 257//324
f  520//325 503//325 500//325
f  499//326 498//326 256//326
f  520//325 500//325 521//325
f  521//327 500//327 499//327
f  521//327 499//327 522//327
f  522//326 499//326 256//326
f  522//326 256//326 523//326
f  502//328 503//328 248//328
f  248//328 503//328 520//328
f  248//328 520//328 249//328
f  249//328 520//328 524//328
f  474//329 473//329 251//329
f  251//330 473//330 501//330
f  502//331 248//331 501//331
f  501//331 248//331 250//331
f  501//332 250//332 251//332
f  208//333 207//333 512//333
f  432//334 210//334 489//334
f  489//335 210//335 208//335
f  489//336 208//336 511//336
f  511//333 208//333 512//333
f  513//337 512//337 207//337
f  209//337 525//337 207//337
f  207//337 525//337 519//337
f  207//337 519//337 513//337
f  526//338 527//338 528//338
f  529//339 530//339 531//339
f  531//339 530//339 526//339
f  531//340 526//340 532//340
f  532//341 526//341 528//341
f  533//342 534//342 535//342
f  535//343 534//343 536//343
f  535//344 536//344 537//344
f  537//345 538//345 539//345
f  539//346 538//346 540//346
f  540//347 538//347 541//347
f  540//348 541//348 542//348
f  542//349 543//349 540//349
f  540//350 543//350 544//350
f  540//351 544//351 545//351
f  546//352 547//352 548//352
f  537//353 539//353 535//353
f  535//354 539//354 546//354
f  535//355 546//355 549//355
f  549//356 546//356 548//356
f  549//357 548//357 550//357
f  529//358 533//358 530//358
f  530//359 533//359 535//359
f  530//360 535//360 551//360
f  551//361 535//361 552//361
f  553//362 552//362 554//362
f  554//363 552//363 535//363
f  554//364 535//364 555//364
f  555//365 535//365 556//365
f  358//366 539//366 359//366
f  359//366 539//366 540//366
f  357//367 546//367 358//367
f  358//367 546//367 539//367
f  351//368 547//368 357//368
f  357//368 547//368 546//368
f  355//75 548//75 351//75
f  351//75 548//75 547//75
f  548//369 355//369 354//369
f  548//369 354//369 550//369
f  550//370 354//370 353//370
f  550//370 353//370 549//370
f  549//371 353//371 535//371
f  535//372 353//372 352//372
f  535//373 352//373 402//373
f  403//374 556//374 402//374
f  402//374 556//374 535//374
f  404//75 555//75 403//75
f  403//75 555//75 556//75
f  555//375 404//375 405//375
f  555//375 405//375 554//375
f  554//376 405//376 406//376
f  554//376 406//376 553//376
f  553//377 406//377 396//377
f  553//377 396//377 552//377
f  552//378 396//378 395//378
f  552//378 395//378 551//378
f  397//337 530//337 395//337
f  395//337 530//337 551//337
f  530//337 397//337 401//337
f  530//337 401//337 526//337
f  526//337 401//337 399//337
f  526//337 399//337 527//337
f  394//320 528//320 399//320
f  399//320 528//320 527//320
f  528//379 394//379 393//379
f  528//379 393//379 532//379
f  532//380 393//380 392//380
f  532//380 392//380 531//380
f  386//328 529//328 392//328
f  392//328 529//328 531//328
f  529//381 386//381 385//381
f  529//381 385//381 533//381
f  533//382 385//382 387//382
f  533//382 387//382 534//382
f  534//383 387//383 389//383
f  534//383 389//383 536//383
f  536//384 389//384 391//384
f  536//384 391//384 537//384
f  390//385 538//385 391//385
f  391//385 538//385 537//385
f  384//386 541//386 388//386
f  388//387 541//387 538//387
f  388//388 538//388 390//388
f  383//389 542//389 384//389
f  384//389 542//389 541//389
f  542//390 383//390 382//390
f  542//390 382//390 543//390
f  543//391 382//391 377//391
f  543//391 377//391 544//391
f  378//320 545//320 377//320
f  377//320 545//320 544//320
f  359//392 540//392 378//392
f  378//392 540//392 545//392
f  420//393 557//393 418//393
f  418//393 557//393 558//393
f  418//320 558//320 334//320
f  334//320 558//320 559//320
f  334//320 559//320 335//320
f  560//394 340//394 333//394
f  560//394 333//394 561//394
f  561//395 333//395 332//395
f  561//395 332//395 562//395
f  562//396 332//396 336//396
f  562//396 336//396 563//396
f  563//397 336//397 335//397
f  563//397 335//397 559//397
f  340//337 560//337 341//337
f  341//337 560//337 564//337
f  565//398 422//398 421//398
f  565//398 421//398 566//398
f  566//399 421//399 338//399
f  566//399 338//399 567//399
f  567//400 338//400 337//400
f  567//400 337//400 568//400
f  568//401 337//401 341//401
f  568//401 341//401 564//401
f  422//75 565//75 424//75
f  424//75 565//75 569//75
f  424//75 569//75 425//75
f  425//337 569//337 426//337
f  426//337 569//337 570//337
f  571//402 430//402 431//402
f  571//402 431//402 572//402
f  572//403 431//403 429//403
f  572//403 429//403 573//403
f  573//404 429//404 427//404
f  573//404 427//404 574//404
f  574//405 427//405 426//405
f  574//405 426//405 570//405
f  575//320 339//320 571//320
f  571//320 339//320 423//320
f  571//320 423//320 430//320
f  339//337 575//337 346//337
f  346//337 575//337 576//337
f  577//406 261//406 260//406
f  577//406 260//406 578//406
f  578//407 260//407 348//407
f  578//407 348//407 579//407
f  579//408 348//408 347//408
f  579//408 347//408 580//408
f  580//409 347//409 346//409
f  580//409 346//409 576//409
f  261//75 577//75 412//75
f  412//75 577//75 581//75
f  412//75 581//75 411//75
f  582//410 415//410 583//410
f  583//411 415//411 414//411
f  583//412 414//412 584//412
f  414//413 413//413 584//413
f  584//414 413//414 407//414
f  584//414 407//414 585//414
f  585//415 407//415 409//415
f  585//415 409//415 586//415
f  586//416 409//416 411//416
f  586//416 411//416 581//416
f  415//328 582//328 420//328
f  420//328 582//328 557//328
f  577//417 587//417 571//417
f  571//418 587//418 576//418
f  571//419 576//419 575//419
f  577//420 578//420 587//420
f  587//421 578//421 579//421
f  587//422 579//422 576//422
f  576//423 579//423 580//423
f  573//424 585//424 572//424
f  572//425 585//425 586//425
f  572//426 586//426 571//426
f  571//427 586//427 581//427
f  571//428 581//428 577//428
f  588//429 589//429 557//429
f  590//430 591//430 569//430
f  569//431 591//431 592//431
f  569//432 592//432 593//432
f  593//433 588//433 569//433
f  569//434 588//434 557//434
f  569//435 557//435 570//435
f  570//435 557//435 582//435
f  570//436 582//436 574//436
f  574//437 582//437 583//437
f  574//438 583//438 573//438
f  573//439 583//439 584//439
f  573//440 584//440 585//440
f  589//441 594//441 557//441
f  557//435 594//435 595//435
f  557//442 595//442 558//442
f  558//443 595//443 559//443
f  595//444 596//444 559//444
f  559//445 596//445 597//445
f  559//446 597//446 563//446
f  563//447 597//447 598//447
f  569//448 565//448 590//448
f  590//449 565//449 566//449
f  590//450 566//450 599//450
f  599//451 566//451 567//451
f  599//452 567//452 600//452
f  600//453 567//453 568//453
f  600//454 568//454 601//454
f  601//455 568//455 564//455
f  601//456 564//456 602//456
f  602//456 564//456 560//456
f  602//457 560//457 603//457
f  603//458 560//458 561//458
f  603//459 561//459 598//459
f  598//460 561//460 562//460
f  598//461 562//461 563//461
f  592//320 591//320 604//320
f  604//320 591//320 605//320
f  592//462 604//462 606//462
f  592//462 606//462 593//462
f  593//463 606//463 607//463
f  593//463 607//463 588//463
f  588//464 607//464 608//464
f  588//464 608//464 589//464
f  589//465 608//465 609//465
f  589//465 609//465 594//465
f  595//337 594//337 610//337
f  610//337 594//337 609//337
f  596//75 595//75 611//75
f  611//75 595//75 610//75
f  596//466 611//466 612//466
f  596//466 612//466 597//466
f  597//467 612//467 613//467
f  597//468 613//468 598//468
f  598//469 613//469 614//469
f  598//470 614//470 603//470
f  603//471 614//471 615//471
f  603//471 615//471 602//471
f  601//328 602//328 616//328
f  616//328 602//328 615//328
f  601//472 616//472 617//472
f  601//472 617//472 600//472
f  600//473 617//473 618//473
f  600//473 618//473 599//473
f  599//474 618//474 619//474
f  599//474 619//474 590//474
f  590//475 619//475 605//475
f  590//475 605//475 591//475
f  620//476 621//476 622//476
f  622//477 621//477 623//477
f  622//478 623//478 624//478
f  625//479 626//479 621//479
f  621//479 626//479 627//479
f  621//480 627//480 623//480
f  623//481 627//481 628//481
f  623//482 628//482 624//482
f  628//483 350//483 349//483
f  628//483 349//483 624//483
f  624//484 349//484 381//484
f  624//484 381//484 622//484
f  622//485 381//485 380//485
f  622//485 380//485 620//485
f  620//486 380//486 379//486
f  620//486 379//486 621//486
f  373//337 625//337 379//337
f  379//337 625//337 621//337
f  372//320 626//320 373//320
f  373//320 626//320 625//320
f  356//328 627//328 372//328
f  372//328 627//328 626//328
f  350//75 628//75 356//75
f  356//75 628//75 627//75
f  629//487 630//487 631//487
f  632//488 633//488 634//488
f  634//489 633//489 635//489
f  634//490 635//490 636//490
f  630//491 637//491 631//491
f  631//492 637//492 638//492
f  631//493 638//493 636//493
f  636//494 638//494 639//494
f  636//495 639//495 634//495
f  634//496 639//496 640//496
f  634//497 640//497 632//497
f  641//498 642//498 643//498
f  644//499 645//499 646//499
f  646//500 645//500 647//500
f  646//501 647//501 648//501
f  643//502 642//502 648//502
f  648//503 642//503 649//503
f  648//504 649//504 646//504
f  646//505 649//505 650//505
f  646//506 650//506 644//506
f  651//507 652//507 653//507
f  631//508 643//508 654//508
f  654//509 655//509 631//509
f  631//510 655//510 656//510
f  631//511 656//511 657//511
f  631//512 657//512 629//512
f  658//513 659//513 631//513
f  631//514 659//514 660//514
f  631//515 660//515 643//515
f  643//516 660//516 661//516
f  643//517 661//517 641//517
f  658//518 631//518 653//518
f  653//519 631//519 662//519
f  653//520 662//520 651//520
f  640//521 318//521 320//521
f  640//521 320//521 632//521
f  632//522 320//522 321//522
f  632//522 321//522 633//522
f  633//523 321//523 295//523
f  633//523 295//523 635//523
f  635//524 295//524 293//524
f  635//524 293//524 636//524
f  292//525 631//525 293//525
f  293//525 631//525 636//525
f  291//328 663//328 292//328
f  292//328 663//328 631//328
f  292//337 631//337 291//337
f  291//337 631//337 663//337
f  294//526 662//526 292//526
f  292//526 662//526 631//526
f  662//527 294//527 290//527
f  662//527 290//527 651//527
f  651//528 290//528 288//528
f  651//528 288//528 652//528
f  367//529 658//529 368//529
f  368//530 658//530 653//530
f  368//531 653//531 287//531
f  287//532 653//532 652//532
f  287//532 652//532 288//532
f  366//533 659//533 367//533
f  367//533 659//533 658//533
f  659//534 366//534 371//534
f  659//534 371//534 660//534
f  660//535 371//535 370//535
f  660//535 370//535 661//535
f  661//536 370//536 369//536
f  661//536 369//536 641//536
f  641//537 369//537 365//537
f  641//537 365//537 642//537
f  364//337 649//337 365//337
f  365//337 649//337 642//337
f  375//320 650//320 364//320
f  364//320 650//320 649//320
f  650//538 375//538 376//538
f  650//538 376//538 644//538
f  644//539 376//539 361//539
f  644//539 361//539 645//539
f  645//540 361//540 360//540
f  645//540 360//540 647//540
f  647//541 360//541 362//541
f  647//541 362//541 648//541
f  363//542 643//542 362//542
f  362//542 643//542 648//542
f  305//543 654//543 306//543
f  306//544 654//544 643//544
f  306//545 643//545 363//545
f  654//546 305//546 304//546
f  654//546 304//546 655//546
f  655//547 304//547 303//547
f  655//547 303//547 656//547
f  302//320 657//320 303//320
f  303//320 657//320 656//320
f  657//548 302//548 307//548
f  657//548 307//548 629//548
f  629//549 307//549 308//549
f  629//549 308//549 630//549
f  630//550 308//550 312//550
f  630//550 312//550 637//550
f  637//551 312//551 314//551
f  637//551 314//551 638//551
f  315//328 639//328 314//328
f  314//328 639//328 638//328
f  318//75 640//75 315//75
f  315//75 640//75 639//75
f  664//552 665//552 666//552
f  664//553 666//553 667//553
f  668//554 669//554 670//554
f  670//555 669//555 671//555
f  667//556 672//556 664//556
f  664//557 672//557 673//557
f  664//558 673//558 668//558
f  668//559 673//559 674//559
f  668//560 674//560 669//560
f  675//561 676//561 677//561
f  678//562 675//562 679//562
f  679//563 675//563 677//563
f  679//564 677//564 664//564
f  664//565 677//565 680//565
f  680//566 681//566 664//566
f  664//567 681//567 682//567
f  664//568 682//568 665//568
f  668//569 328//569 664//569
f  664//570 328//570 265//570
f  664//571 265//571 264//571
f  263//572 679//572 264//572
f  264//572 679//572 664//572
f  679//573 263//573 286//573
f  679//573 286//573 678//573
f  678//574 286//574 285//574
f  678//574 285//574 675//574
f  268//75 676//75 285//75
f  285//75 676//75 675//75
f  269//575 677//575 268//575
f  268//575 677//575 676//575
f  276//576 680//576 269//576
f  269//576 680//576 677//576
f  680//577 276//577 278//577
f  680//577 278//577 681//577
f  681//578 278//578 273//578
f  681//578 273//578 682//578
f  682//579 273//579 271//579
f  682//579 271//579 665//579
f  665//580 271//580 666//580
f  666//581 271//581 270//581
f  270//582 344//582 666//582
f  666//583 344//583 343//583
f  666//583 343//583 667//583
f  667//584 343//584 342//584
f  667//584 342//584 672//584
f  345//585 673//585 342//585
f  342//585 673//585 672//585
f  262//586 674//586 345//586
f  345//586 674//586 673//586
f  329//75 669//75 262//75
f  262//75 669//75 674//75
f  669//587 329//587 327//587
f  669//587 327//587 671//587
f  671//588 327//588 326//588
f  671//588 326//588 670//588
f  670//589 326//589 328//589
f  670//589 328//589 668//589
f  683//590 274//590 267//590
f  683//590 267//590 684//590
f  684//591 267//591 266//591
f  684//591 266//591 685//591
f  685//592 266//592 325//592
f  685//592 325//592 686//592
f  686//593 325//593 324//593
f  686//593 324//593 687//593
f  322//75 688//75 323//75
f  323//75 688//75 687//75
f  323//75 687//75 324//75
f  688//594 322//594 310//594
f  688//594 310//594 689//594
f  689//595 310//595 309//595
f  689//595 309//595 690//595
f  690//596 309//596 317//596
f  690//596 317//596 691//596
f  691//597 317//597 316//597
f  691//597 316//597 692//597
f  313//337 693//337 316//337
f  316//337 693//337 692//337
f  693//598 313//598 301//598
f  693//598 301//598 694//598
f  694//599 301//599 300//599
f  694//599 300//599 695//599
f  695//600 300//600 299//600
f  695//600 299//600 696//600
f  696//601 299//601 297//601
f  696//601 297//601 697//601
f  281//320 698//320 296//320
f  296//320 698//320 697//320
f  296//320 697//320 297//320
f  698//602 281//602 280//602
f  698//602 280//602 699//602
f  699//603 280//603 279//603
f  699//603 279//603 700//603
f  700//604 279//604 277//604
f  700//604 277//604 701//604
f  701//605 277//605 275//605
f  701//605 275//605 702//605
f  274//328 683//328 275//328
f  275//328 683//328 702//328
f  703//606 704//606 705//606
f  703//606 705//606 706//606
f  706//607 705//607 707//607
f  706//607 707//607 708//607
f  708//608 707//608 709//608
f  708//608 709//608 710//608
f  710//609 709//609 711//609
f  710//609 711//609 712//609
f  703//337 713//337 704//337
f  704//337 713//337 714//337
f  715//610 716//610 717//610
f  715//610 717//610 718//610
f  718//611 717//611 719//611
f  718//611 719//611 720//611
f  720//612 719//612 721//612
f  720//612 721//612 722//612
f  722//613 721//613 714//613
f  722//613 714//613 713//613
f  715//320 723//320 716//320
f  716//320 723//320 724//320
f  725//614 726//614 727//614
f  725//614 727//614 728//614
f  728//615 727//615 729//615
f  728//615 729//615 730//615
f  730//616 729//616 731//616
f  730//616 731//616 732//616
f  732//617 731//617 724//617
f  732//617 724//617 723//617
f  725//328 733//328 726//328
f  726//328 733//328 734//328
f  735//618 736//618 737//618
f  735//618 737//618 738//618
f  738//619 737//619 739//619
f  738//619 739//619 740//619
f  740//620 739//620 741//620
f  740//620 741//620 742//620
f  742//621 741//621 734//621
f  742//621 734//621 733//621
f  735//75 712//75 736//75
f  736//75 712//75 711//75
f  702//622 703//622 706//622
f  702//623 706//623 701//623
f  701//624 706//624 708//624
f  701//625 708//625 700//625
f  700//626 708//626 699//626
f  699//627 708//627 710//627
f  699//628 710//628 698//628
f  698//629 710//629 712//629
f  698//630 712//630 697//630
f  712//631 735//631 697//631
f  697//632 735//632 738//632
f  697//633 738//633 696//633
f  696//634 738//634 740//634
f  696//635 740//635 695//635
f  695//636 740//636 694//636
f  694//637 740//637 742//637
f  694//638 742//638 693//638
f  693//639 742//639 733//639
f  693//640 733//640 692//640
f  733//640 725//640 692//640
f  692//641 725//641 728//641
f  692//642 728//642 691//642
f  691//643 728//643 730//643
f  691//644 730//644 690//644
f  690//645 730//645 689//645
f  689//646 730//646 732//646
f  689//647 732//647 688//647
f  688//648 732//648 723//648
f  688//649 723//649 687//649
f  723//650 715//650 687//650
f  687//651 715//651 718//651
f  687//652 718//652 686//652
f  686//653 718//653 720//653
f  703//654 702//654 713//654
f  713//654 702//654 683//654
f  713//655 683//655 722//655
f  722//656 683//656 684//656
f  722//657 684//657 720//657
f  720//658 684//658 685//658
f  720//659 685//659 686//659
f  615//660 614//660 613//660
f  616//661 604//661 743//661
f  743//662 604//662 605//662
f  605//663 619//663 743//663
f  743//664 619//664 618//664
f  743//665 618//665 616//665
f  616//666 618//666 617//666
f  613//667 744//667 604//667
f  613//668 604//668 615//668
f  615//669 604//669 616//669
f  608//670 607//670 745//670
f  745//671 607//671 606//671
f  745//672 606//672 604//672
f  613//673 612//673 744//673
f  744//674 612//674 611//674
f  744//675 611//675 604//675
f  604//676 611//676 610//676
f  604//677 610//677 745//677
f  745//678 610//678 609//678
f  745//679 609//679 608//679
f  746//680 707//680 705//680
f  707//681 746//681 709//681
f  719//682 717//682 747//682
f  747//683 717//683 716//683
f  747//684 716//684 746//684
f  705//685 704//685 746//685
f  746//686 704//686 714//686
f  746//686 714//686 747//686
f  747//687 714//687 721//687
f  747//688 721//688 719//688
f  748//689 729//689 727//689
f  739//690 737//690 749//690
f  749//691 737//691 736//691
f  749//692 736//692 748//692
f  727//693 726//693 748//693
f  748//694 726//694 734//694
f  748//695 734//695 749//695
f  749//696 734//696 741//696
f  749//697 741//697 739//697
f  709//698 746//698 711//698
f  711//684 746//684 716//684
f  711//699 716//699 736//699
f  736//700 716//700 724//700
f  736//701 724//701 748//701
f  748//702 724//702 731//702
f  748//703 731//703 729//703
f  495//324 509//324 750//324
f  750//324 509//324 751//324
f  750//324 751//324 752//324
f  752//324 751//324 753//324
f  754//324 755//324 756//324
f  509//324 510//324 751//324
f  751//324 510//324 754//324
f  751//324 754//324 757//324
f  757//324 754//324 756//324
f  758//704 759//704 760//704
f  761//705 762//705 763//705
f  764//706 765//706 766//706
f  767//707 768//707 769//707
f  519//708 770//708 518//708
f  518//709 770//709 771//709
f  518//710 771//710 516//710
f  516//711 771//711 763//711
f  516//712 763//712 517//712
f  517//713 763//713 762//713
f  759//714 761//714 760//714
f  760//715 761//715 763//715
f  760//716 763//716 769//716
f  769//717 763//717 771//717
f  769//718 771//718 767//718
f  767//719 771//719 770//719
f  772//720 758//720 773//720
f  773//721 758//721 760//721
f  773//722 760//722 766//722
f  766//723 760//723 769//723
f  766//724 769//724 764//724
f  764//725 769//725 768//725
f  765//726 774//726 766//726
f  766//727 774//727 775//727
f  766//728 775//728 773//728
f  773//729 775//729 776//729
f  773//730 776//730 772//730
f  772//731 776//731 777//731
f  778//732 779//732 780//732
f  781//733 782//733 783//733
f  784//734 785//734 786//734
f  787//735 788//735 789//735
f  790//736 791//736 792//736
f  792//737 791//737 793//737
f  792//738 793//738 794//738
f  794//739 793//739 783//739
f  794//740 783//740 795//740
f  795//741 783//741 782//741
f  779//742 781//742 780//742
f  780//743 781//743 783//743
f  780//744 783//744 789//744
f  789//745 783//745 793//745
f  789//746 793//746 787//746
f  787//747 793//747 791//747
f  796//748 778//748 797//748
f  797//749 778//749 780//749
f  797//750 780//750 786//750
f  786//751 780//751 789//751
f  786//752 789//752 784//752
f  784//753 789//753 788//753
f  785//754 520//754 786//754
f  786//755 520//755 521//755
f  786//756 521//756 797//756
f  797//757 521//757 522//757
f  797//758 522//758 796//758
f  796//759 522//759 523//759
f  798//760 774//760 799//760
f  799//761 774//761 765//761
f  799//762 765//762 764//762
f  519//763 525//763 770//763
f  770//764 525//764 800//764
f  770//765 800//765 767//765
f  767//766 800//766 801//766
f  767//767 801//767 768//767
f  768//768 801//768 802//768
f  768//769 802//769 764//769
f  764//770 802//770 803//770
f  764//771 803//771 799//771
f  804//75 774//75 805//75
f  805//75 774//75 798//75
f  806//772 795//772 807//772
f  807//773 795//773 777//773
f  807//774 777//774 808//774
f  806//775 809//775 795//775
f  795//776 809//776 810//776
f  795//777 810//777 794//777
f  794//778 810//778 811//778
f  794//778 811//778 792//778
f  792//779 811//779 812//779
f  792//780 812//780 790//780
f  790//781 812//781 813//781
f  775//782 774//782 804//782
f  804//783 814//783 775//783
f  775//779 814//779 815//779
f  775//778 815//778 776//778
f  776//778 815//778 816//778
f  776//777 816//777 777//777
f  777//784 816//784 817//784
f  777//785 817//785 808//785
f  818//75 790//75 819//75
f  819//75 790//75 813//75
f  524//786 520//786 820//786
f  820//787 520//787 785//787
f  790//788 818//788 791//788
f  791//789 818//789 821//789
f  791//790 821//790 787//790
f  787//791 821//791 822//791
f  787//792 822//792 788//792
f  788//793 822//793 823//793
f  788//794 823//794 784//794
f  784//795 823//795 824//795
f  784//796 824//796 785//796
f  785//797 824//797 825//797
f  785//798 825//798 820//798
f  826//799 827//799 828//799
f  828//800 827//800 829//800
f  828//801 829//801 830//801
f  826//802 828//802 831//802
f  831//803 828//803 832//803
f  831//804 832//804 833//804
f  834//805 835//805 836//805
f  836//806 835//806 837//806
f  836//807 837//807 832//807
f  832//808 837//808 838//808
f  832//809 838//809 833//809
f  834//810 836//810 839//810
f  839//811 836//811 840//811
f  839//812 840//812 841//812
f  842//813 843//813 844//813
f  844//814 843//814 845//814
f  844//815 845//815 840//815
f  840//816 845//816 846//816
f  840//817 846//817 841//817
f  842//818 844//818 847//818
f  847//819 844//819 848//819
f  847//820 848//820 849//820
f  850//821 851//821 852//821
f  852//822 851//822 853//822
f  852//823 853//823 848//823
f  848//824 853//824 854//824
f  848//825 854//825 849//825
f  850//826 852//826 855//826
f  855//827 852//827 856//827
f  855//828 856//828 857//828
f  858//829 859//829 860//829
f  860//830 859//830 861//830
f  860//831 861//831 856//831
f  856//832 861//832 862//832
f  856//833 862//833 857//833
f  858//834 860//834 863//834
f  863//835 860//835 864//835
f  863//836 864//836 865//836
f  866//837 867//837 868//837
f  868//838 867//838 869//838
f  868//839 869//839 864//839
f  864//840 869//840 870//840
f  864//841 870//841 865//841
f  866//842 868//842 871//842
f  871//843 868//843 872//843
f  871//844 872//844 873//844
f  874//845 875//845 876//845
f  874//846 876//846 872//846
f  872//847 876//847 877//847
f  872//848 877//848 873//848
f  878//849 879//849 880//849
f  880//850 879//850 881//850
f  880//851 881//851 874//851
f  874//852 881//852 882//852
f  874//853 882//853 875//853
f  878//854 880//854 883//854
f  883//855 880//855 884//855
f  883//856 884//856 885//856
f  829//857 886//857 830//857
f  830//858 886//858 887//858
f  830//859 887//859 888//859
f  888//860 887//860 889//860
f  888//861 889//861 890//861
f  890//862 889//862 891//862
f  890//863 891//863 892//863
f  892//864 891//864 893//864
f  892//865 893//865 894//865
f  894//866 893//866 895//866
f  894//867 895//867 896//867
f  896//868 895//868 897//868
f  896//869 897//869 898//869
f  898//870 897//870 899//870
f  898//871 899//871 900//871
f  900//872 899//872 901//872
f  900//873 901//873 902//873
f  902//874 901//874 903//874
f  902//875 903//875 904//875
f  904//876 903//876 905//876
f  904//877 905//877 906//877
f  906//878 905//878 907//878
f  906//879 907//879 908//879
f  908//880 907//880 909//880
f  908//881 909//881 910//881
f  910//882 909//882 911//882
f  910//882 911//882 912//882
f  912//883 911//883 913//883
f  912//884 913//884 914//884
f  914//885 913//885 915//885
f  914//886 915//886 884//886
f  884//887 915//887 916//887
f  884//888 916//888 885//888
f  917//889 757//889 756//889
f  917//889 756//889 918//889
f  918//890 756//890 755//890
f  918//890 755//890 919//890
f  919//891 755//891 754//891
f  919//891 754//891 920//891
f  517//892 762//892 921//892
f  921//893 762//893 922//893
f  762//894 761//894 922//894
f  922//895 761//895 759//895
f  922//896 759//896 923//896
f  777//897 924//897 772//897
f  772//898 924//898 923//898
f  772//899 923//899 758//899
f  758//900 923//900 759//900
f  795//901 782//901 925//901
f  925//902 782//902 926//902
f  782//903 781//903 926//903
f  926//904 781//904 779//904
f  926//905 779//905 927//905
f  523//906 928//906 796//906
f  796//907 928//907 927//907
f  796//908 927//908 778//908
f  778//909 927//909 779//909
f  795//320 925//320 929//320
f  929//320 930//320 795//320
f  795//320 930//320 931//320
f  795//320 931//320 777//320
f  777//320 931//320 932//320
f  777//320 932//320 924//320
f  929//910 933//910 934//910
f  929//910 934//910 930//910
f  930//324 934//324 935//324
f  930//324 935//324 931//324
f  931//911 935//911 936//911
f  931//911 936//911 932//911
f  933//75 937//75 751//75
f  917//75 936//75 757//75
f  757//75 936//75 935//75
f  757//75 935//75 751//75
f  751//75 935//75 934//75
f  751//75 934//75 933//75
f  938//912 750//912 752//912
f  938//912 752//912 939//912
f  939//913 752//913 753//913
f  939//913 753//913 940//913
f  940//914 753//914 751//914
f  940//914 751//914 937//914
f  253//324 252//324 920//324
f  920//324 252//324 921//324
f  920//324 921//324 919//324
f  919//324 921//324 922//324
f  919//324 922//324 918//324
f  918//324 922//324 923//324
f  918//324 923//324 917//324
f  917//324 923//324 924//324
f  917//324 924//324 936//324
f  936//324 924//324 932//324
f  810//915 809//915 912//915
f  798//916 799//916 904//916
f  904//917 799//917 803//917
f  904//918 803//918 802//918
f  209//919 211//919 525//919
f  525//920 211//920 902//920
f  525//921 902//921 800//921
f  800//922 902//922 904//922
f  800//923 904//923 801//923
f  801//924 904//924 802//924
f  798//925 904//925 805//925
f  805//926 904//926 906//926
f  805//927 906//927 804//927
f  804//928 906//928 908//928
f  804//929 908//929 814//929
f  814//930 908//930 815//930
f  815//931 908//931 910//931
f  815//932 910//932 816//932
f  807//933 808//933 910//933
f  910//934 808//934 817//934
f  910//935 817//935 816//935
f  912//324 809//324 910//324
f  910//936 809//936 806//936
f  910//937 806//937 807//937
f  914//938 884//938 819//938
f  819//939 813//939 914//939
f  914//940 813//940 812//940
f  914//941 812//941 912//941
f  912//942 812//942 811//942
f  912//943 811//943 810//943
f  824//944 823//944 880//944
f  824//945 880//945 825//945
f  823//946 822//946 880//946
f  880//947 822//947 821//947
f  880//948 821//948 884//948
f  884//949 821//949 818//949
f  884//950 818//950 819//950
f  825//951 880//951 820//951
f  820//952 880//952 874//952
f  820//953 874//953 524//953
f  894//954 896//954 227//954
f  227//955 229//955 894//955
f  894//956 229//956 231//956
f  894//957 231//957 892//957
f  231//958 233//958 892//958
f  892//959 233//959 235//959
f  892//960 235//960 890//960
f  235//961 237//961 890//961
f  890//962 237//962 239//962
f  890//963 239//963 888//963
f  239//964 241//964 888//964
f  888//965 241//965 243//965
f  888//966 243//966 830//966
f  243//967 245//967 830//967
f  830//968 245//968 247//968
f  830//969 247//969 828//969
f  247//970 941//970 828//970
f  828//971 941//971 942//971
f  828//972 942//972 832//972
f  942//973 943//973 832//973
f  832//974 943//974 944//974
f  832//975 944//975 836//975
f  944//976 945//976 836//976
f  836//977 945//977 946//977
f  836//978 946//978 840//978
f  946//979 947//979 840//979
f  840//980 947//980 948//980
f  840//981 948//981 844//981
f  948//982 949//982 844//982
f  844//983 949//983 950//983
f  844//984 950//984 848//984
f  950//985 951//985 848//985
f  848//986 951//986 952//986
f  848//987 952//987 852//987
f  952//988 953//988 852//988
f  852//989 953//989 954//989
f  852//990 954//990 856//990
f  954//991 955//991 856//991
f  856//992 955//992 956//992
f  856//993 956//993 860//993
f  956//994 957//994 860//994
f  860//995 957//995 958//995
f  860//996 958//996 864//996
f  958//997 959//997 864//997
f  864//998 959//998 960//998
f  864//999 960//999 868//999
f  960//1000 961//1000 868//1000
f  868//1001 961//1001 962//1001
f  868//1002 962//1002 872//1002
f  962//1003 963//1003 872//1003
f  872//1004 963//1004 964//1004
f  872//1005 964//1005 874//1005
f  874//1006 964//1006 965//1006
f  874//1007 965//1007 524//1007
f  524//1008 965//1008 251//1008
f  524//1009 251//1009 249//1009
f  211//1010 212//1010 902//1010
f  902//1011 212//1011 215//1011
f  902//1012 215//1012 900//1012
f  215//1013 217//1013 900//1013
f  900//1014 217//1014 219//1014
f  900//1015 219//1015 898//1015
f  219//1016 221//1016 898//1016
f  898//1017 221//1017 223//1017
f  898//1018 223//1018 896//1018
f  896//1019 223//1019 225//1019
f  896//1020 225//1020 227//1020
f  517//328 921//328 254//328
f  254//328 921//328 252//328
f  933//324 929//324 937//324
f  937//324 929//324 925//324
f  937//324 925//324 940//324
f  940//324 925//324 926//324
f  940//324 926//324 939//324
f  939//324 926//324 927//324
f  939//324 927//324 938//324
f  938//324 927//324 928//324
f  938//324 928//324 259//324
f  259//324 928//324 258//324
f  928//337 523//337 258//337
f  258//337 523//337 256//337
f  255//337 253//337 920//337
f  920//337 754//337 255//337
f  255//337 754//337 510//337
f  255//337 510//337 508//337
f  496//328 495//328 257//328
f  257//328 495//328 750//328
f  257//328 750//328 259//328
f  259//328 750//328 938//328
f  311//320 943//320 319//320
f  319//320 943//320 942//320
f  319//320 942//320 289//320
f  289//320 942//320 941//320
f  289//320 941//320 247//320
f  251//320 965//320 474//320
f  474//320 965//320 476//320
f  476//320 965//320 472//320
f  472//320 965//320 964//320
f  472//320 964//320 470//320
f  470//320 964//320 963//320
f  470//320 963//320 469//320
f  469//320 963//320 962//320
f  469//320 962//320 467//320
f  467//320 962//320 961//320
f  467//320 961//320 466//320
f  466//320 961//320 960//320
f  466//320 960//320 464//320
f  464//320 960//320 959//320
f  464//320 959//320 462//320
f  462//320 959//320 958//320
f  462//320 958//320 460//320
f  460//320 958//320 957//320
f  460//320 957//320 459//320
f  459//320 957//320 956//320
f  459//320 956//320 457//320
f  457//320 956//320 955//320
f  457//320 955//320 454//320
f  454//320 955//320 954//320
f  454//320 954//320 452//320
f  452//320 954//320 953//320
f  452//320 953//320 450//320
f  450//320 953//320 952//320
f  450//320 952//320 448//320
f  448//320 952//320 951//320
f  448//320 951//320 408//320
f  408//320 951//320 950//320
f  408//320 950//320 410//320
f  410//320 950//320 949//320
f  410//320 949//320 331//320
f  331//320 949//320 948//320
f  331//320 948//320 330//320
f  330//320 948//320 947//320
f  330//320 947//320 283//320
f  283//320 947//320 946//320
f  283//320 946//320 284//320
f  284//320 946//320 945//320
f  284//320 945//320 311//320
f  311//320 945//320 944//320
f  311//320 944//320 943//320
f  966//1021 185//1021 187//1021
f  183//1022 185//1022 966//1022
f  966//1023 191//1023 193//1023
f  189//1024 191//1024 966//1024
f  187//1025 189//1025 966//1025
f  966//1026 197//1026 199//1026
f  195//1027 197//1027 966//1027
f  193//1028 195//1028 966//1028
f  966//1029 203//1029 205//1029
f  201//1030 203//1030 966//1030
f  199//1031 201//1031 966//1031
f  205//1032 183//1032 966//1032
f  967//1033 180//1033 157//1033
f  178//1034 180//1034 967//1034
f  967//1035 161//1035 163//1035
f  159//1036 161//1036 967//1036
f  157//1037 159//1037 967//1037
f  967//1038 167//1038 169//1038
f  165//1039 167//1039 967//1039
f  163//1040 165//1040 967//1040
f  967//1041 174//1041 176//1041
f  171//1042 174//1042 967//1042
f  169//1043 171//1043 967//1043
f  176//1044 178//1044 967//1044
f  968//1045 154//1045 131//1045
f  152//1046 154//1046 968//1046
f  968//1047 135//1047 137//1047
f  133//1048 135//1048 968//1048
f  131//1049 133//1049 968//1049
f  968//1050 141//1050 143//1050
f  139//1051 141//1051 968//1051
f  137//1052 139//1052 968//1052
f  968//1053 148//1053 150//1053
f  145//1054 148//1054 968//1054
f  143//1055 145//1055 968//1055
f  150//1056 152//1056 968//1056
f  969//1057 126//1057 128//1057
f  124//1058 126//1058 969//1058
f  969//1059 107//1059 109//1059
f  105//1060 107//1060 969//1060
f  128//1061 105//1061 969//1061
f  969//1062 113//1062 115//1062
f  111//1063 113//1063 969//1063
f  109//1064 111//1064 969//1064
f  969//1065 120//1065 122//1065
f  118//1066 120//1066 969//1066
f  115//1067 118//1067 969//1067
f  122//1068 124//1068 969//1068
f  970//1045 100//1045 102//1045
f  98//1046 100//1046 970//1046
f  970//1047 81//1047 83//1047
f  79//1048 81//1048 970//1048
f  102//1049 79//1049 970//1049
f  970//1050 87//1050 89//1050
f  85//1051 87//1051 970//1051
f  83//1052 85//1052 970//1052
f  970//1053 94//1053 96//1053
f  92//1054 94//1054 970//1054
f  89//1055 92//1055 970//1055
f  96//1056 98//1056 970//1056
f  971//1069 76//1069 53//1069
f  74//1070 76//1070 971//1070
f  971//1071 57//1071 59//1071
f  55//1072 57//1072 971//1072
f  53//1073 55//1073 971//1073
f  971//1074 63//1074 65//1074
f  61//1075 63//1075 971//1075
f  59//1076 61//1076 971//1076
f  971//1077 70//1077 72//1077
f  67//1078 70//1078 971//1078
f  65//1079 67//1079 971//1079
f  72//1080 74//1080 971//1080
f  972//1033 48//1033 50//1033
f  46//1034 48//1034 972//1034
f  972//1035 29//1035 31//1035
f  27//1036 29//1036 972//1036
f  50//1037 27//1037 972//1037
f  972//1038 35//1038 37//1038
f  33//1039 35//1039 972//1039
f  31//1040 33//1040 972//1040
f  972//1041 42//1041 44//1041
f  40//1042 42//1042 972//1042
f  37//1043 40//1043 972//1043
f  44//1044 46//1044 972//1044
f  973//1081 20//1081 22//1081
f  18//1082 20//1082 973//1082
f  973//1083 1//1083 3//1083
f  24//1084 1//1084 973//1084
f  22//1085 24//1085 973//1085
f  973//1086 7//1086 9//1086
f  5//1087 7//1087 973//1087
f  3//1088 5//1088 973//1088
f  973//1089 14//1089 16//1089
f  12//1090 14//1090 973//1090
f  9//1091 12//1091 973//1091
f  16//1092 18//1092 973//1092
f  974//1093 975//1093 976//1093
f  976//1094 975//1094 977//1094
f  976//1094 977//1094 978//1094
f  978//1095 977//1095 979//1095
f  978//1095 979//1095 980//1095
f  980//1096 979//1096 981//1096
f  980//1096 981//1096 982//1096
f  982//1097 981//1097 983//1097
f  982//1097 983//1097 984//1097
f  984//1098 983//1098 985//1098
f  984//1098 985//1098 986//1098
f  986//1099 985//1099 987//1099
f  986//1099 987//1099 988//1099
f  988//324 987//324 989//324
f  988//324 989//324 990//324
f  990//1100 989//1100 991//1100
f  990//1100 991//1100 992//1100
f  992//1101 991//1101 993//1101
f  992//1101 993//1101 994//1101
f  994//1102 993//1102 995//1102
f  994//1102 995//1102 996//1102
f  996//1103 995//1103 997//1103
f  996//1103 997//1103 998//1103
f  998//1104 997//1104 999//1104
f  998//1104 999//1104 1000//1104
f  1000//1105 999//1105 1001//1105
f  1000//1105 1001//1105 1002//1105
f  1002//1106 1001//1106 1003//1106
f  1002//1107 1003//1107 1004//1107
f  1004//1108 1003//1108 1005//1108
f  1004//1109 1005//1109 1006//1109
f  1006//1110 1005//1110 1007//1110
f  1006//1110 1007//1110 1008//1110
f  1008//1111 1007//1111 1009//1111
f  1008//1111 1009//1111 1010//1111
f  1010//1112 1009//1112 1011//1112
f  1010//1112 1011//1112 1012//1112
f  1012//1113 1011//1113 1013//1113
f  1012//1113 1013//1113 1014//1113
f  1014//1114 1013//1114 1015//1114
f  1014//1114 1015//1114 1016//1114
f  1016//1115 1015//1115 1017//1115
f  1016//1115 1017//1115 1018//1115
f  1018//1116 1017//1116 1019//1116
f  1018//1116 1019//1116 1020//1116
f  1020//1117 1019//1117 1021//1117
f  1020//1117 1021//1117 1022//1117
f  1022//1118 1021//1118 1023//1118
f  1022//1118 1023//1118 1024//1118
f  1024//1119 1023//1119 1025//1119
f  1024//1119 1025//1119 1026//1119
f  1026//1120 1025//1120 1027//1120
f  1026//1120 1027//1120 1028//1120
f  1028//1121 1027//1121 1029//1121
f  1028//1121 1029//1121 1030//1121
f  1030//1122 1029//1122 1031//1122
f  1030//1122 1031//1122 1032//1122
f  1032//1123 1031//1123 1033//1123
f  1032//1124 1033//1124 974//1124
f  974//1125 1033//1125 975//1125
f  886//320 829//320 1034//320
f  911//320 1035//320 913//320
f  913//320 1035//320 915//320
f  886//320 1034//320 887//320
f  887//320 1034//320 1036//320
f  887//320 1036//320 889//320
f  889//320 1036//320 1037//320
f  889//320 1037//320 891//320
f  891//320 1037//320 1038//320
f  891//320 1038//320 893//320
f  893//320 1038//320 1039//320
f  893//320 1039//320 895//320
f  895//320 1039//320 1040//320
f  895//320 1040//320 897//320
f  897//320 1040//320 1041//320
f  897//320 1041//320 899//320
f  899//320 1041//320 1042//320
f  899//320 1042//320 901//320
f  901//320 1042//320 1043//320
f  901//320 1043//320 903//320
f  903//320 1043//320 1044//320
f  903//320 1044//320 905//320
f  905//320 1044//320 1045//320
f  905//320 1045//320 907//320
f  907//320 1045//320 1046//320
f  907//320 1046//320 909//320
f  909//320 1046//320 1047//320
f  909//320 1047//320 911//320
f  911//320 1047//320 1048//320
f  911//320 1048//320 1035//320
f  1049//1126 1050//1126 1051//1126
f  1052//1127 1053//1127 1054//1127
f  1054//1128 1053//1128 1055//1128
f  1054//1129 1055//1129 1056//1129
f  1056//1129 1055//1129 1057//1129
f  1056//324 1057//324 1058//324
f  1058//324 1057//324 1059//324
f  1058//1130 1059//1130 1060//1130
f  1060//1130 1059//1130 1061//1130
f  1060//1131 1061//1131 1062//1131
f  1062//1131 1061//1131 1063//1131
f  1062//1132 1063//1132 1064//1132
f  1064//1132 1063//1132 1065//1132
f  1064//1096 1065//1096 1066//1096
f  1066//1096 1065//1096 1067//1096
f  1066//1133 1067//1133 1068//1133
f  1068//1133 1067//1133 1069//1133
f  1068//1094 1069//1094 1070//1094
f  1070//1094 1069//1094 1071//1094
f  1070//1134 1071//1134 1072//1134
f  1072//1135 1071//1135 1073//1135
f  1072//1136 1073//1136 1074//1136
f  1074//1137 1073//1137 1075//1137
f  1074//1122 1075//1122 1076//1122
f  1076//1122 1075//1122 1077//1122
f  1076//1138 1077//1138 1078//1138
f  1078//1138 1077//1138 1079//1138
f  1078//1120 1079//1120 1080//1120
f  1080//1120 1079//1120 1081//1120
f  1080//1139 1081//1139 1082//1139
f  1082//1139 1081//1139 1083//1139
f  1082//1140 1083//1140 1051//1140
f  1051//1141 1083//1141 1084//1141
f  1051//1142 1084//1142 1049//1142
f  1085//1143 1086//1143 1087//1143
f  1085//1144 1088//1144 1086//1144
f  1086//1145 1088//1145 1089//1145
f  1086//1146 1089//1146 1090//1146
f  1089//1147 1091//1147 1090//1147
f  1090//1148 1091//1148 1092//1148
f  1090//1149 1092//1149 1093//1149
f  1092//1150 1094//1150 1093//1150
f  1093//1151 1094//1151 1095//1151
f  1093//1152 1095//1152 1096//1152
f  1095//67 1097//67 1096//67
f  1096//1153 1097//1153 1098//1153
f  1096//1154 1098//1154 1099//1154
f  1098//1155 1100//1155 1099//1155
f  1099//1156 1100//1156 1101//1156
f  1099//1157 1101//1157 1102//1157
f  1103//1158 1104//1158 1105//1158
f  1105//1159 1104//1159 1102//1159
f  1105//1160 1102//1160 1106//1160
f  1106//1161 1102//1161 1101//1161
f  1103//1162 1107//1162 1104//1162
f  1104//1163 1107//1163 1108//1163
f  1104//1164 1108//1164 1109//1164
f  1109//1165 1108//1165 1110//1165
f  1109//1166 1110//1166 1111//1166
f  1111//1167 1112//1167 1109//1167
f  1109//1168 1112//1168 1113//1168
f  1109//1169 1113//1169 1084//1169
f  1084//1170 1113//1170 1114//1170
f  1084//1171 1114//1171 1049//1171
f  1115//1172 1053//1172 1116//1172
f  1116//1173 1053//1173 1052//1173
f  1116//1173 1052//1173 1117//1173
f  1115//1174 1118//1174 1053//1174
f  1053//1175 1118//1175 1119//1175
f  1053//1176 1119//1176 1120//1176
f  1119//1177 1121//1177 1120//1177
f  1120//73 1121//73 1122//73
f  1120//1178 1122//1178 1123//1178
f  1122//1179 1124//1179 1123//1179
f  1123//1180 1124//1180 1125//1180
f  1123//1181 1125//1181 1126//1181
f  1125//1182 1127//1182 1126//1182
f  1126//1183 1127//1183 1128//1183
f  1126//1184 1128//1184 1129//1184
f  1128//1185 1130//1185 1129//1185
f  1129//1186 1130//1186 1131//1186
f  1129//1187 1131//1187 1087//1187
f  1087//1188 1131//1188 1132//1188
f  1087//1189 1132//1189 1085//1189
f  1120//75 1133//75 1053//75
f  1053//75 1133//75 1134//75
f  1053//75 1134//75 1055//75
f  1055//75 1134//75 1135//75
f  1055//75 1135//75 1057//75
f  1057//75 1135//75 1136//75
f  1057//75 1136//75 1059//75
f  1059//75 1136//75 1137//75
f  1059//75 1137//75 1061//75
f  1061//75 1137//75 1138//75
f  1061//75 1138//75 1063//75
f  1063//75 1138//75 1139//75
f  1063//75 1139//75 1065//75
f  1065//75 1139//75 1140//75
f  1065//75 1140//75 1067//75
f  1067//75 1140//75 1141//75
f  1067//75 1141//75 1069//75
f  1069//75 1141//75 1142//75
f  1069//75 1142//75 1071//75
f  1071//75 1142//75 1143//75
f  1071//75 1143//75 1073//75
f  1073//75 1143//75 1144//75
f  1073//75 1144//75 1075//75
f  1075//75 1144//75 1145//75
f  1075//75 1145//75 1077//75
f  1077//75 1145//75 1146//75
f  1077//75 1146//75 1079//75
f  1079//75 1146//75 1147//75
f  1079//75 1147//75 1081//75
f  1081//75 1147//75 1148//75
f  1081//75 1148//75 1083//75
f  1083//75 1148//75 1149//75
f  1083//75 1149//75 1084//75
f  1084//75 1149//75 1150//75
f  1084//75 1150//75 1109//75
f  1109//75 1150//75 1151//75
f  1109//75 1151//75 1104//75
f  1104//75 1151//75 1152//75
f  1104//75 1152//75 1102//75
f  1102//75 1152//75 1153//75
f  1102//75 1153//75 1099//75
f  1099//75 1153//75 1154//75
f  1099//75 1154//75 1096//75
f  1096//75 1154//75 1155//75
f  1096//75 1155//75 1093//75
f  1093//75 1155//75 1156//75
f  1093//75 1156//75 1090//75
f  1090//75 1156//75 1157//75
f  1090//75 1157//75 1086//75
f  1086//75 1157//75 1158//75
f  1086//75 1158//75 1087//75
f  1087//75 1158//75 1159//75
f  1087//75 1159//75 1129//75
f  1129//75 1159//75 1160//75
f  1129//75 1160//75 1126//75
f  1126//75 1160//75 1161//75
f  1126//75 1161//75 1123//75
f  1123//75 1161//75 1162//75
f  1123//75 1162//75 1120//75
f  1120//75 1162//75 1133//75
f  1163//75 1164//75 1165//75
f  1166//75 1167//75 1165//75
f  1165//75 1167//75 1168//75
f  1165//75 1168//75 1163//75
f  1169//75 1170//75 1165//75
f  1165//75 1170//75 1171//75
f  1165//75 1171//75 1166//75
f  1172//75 1173//75 1165//75
f  1165//75 1173//75 1174//75
f  1165//75 1174//75 1169//75
f  1175//75 1176//75 1165//75
f  1165//75 1176//75 1177//75
f  1165//75 1177//75 1172//75
f  1178//75 1179//75 1165//75
f  1165//75 1179//75 1180//75
f  1165//75 1180//75 1175//75
f  1181//75 1182//75 1165//75
f  1165//75 1182//75 1183//75
f  1165//75 1183//75 1178//75
f  1184//75 1185//75 1165//75
f  1165//75 1185//75 1186//75
f  1165//75 1186//75 1181//75
f  1187//75 1188//75 1165//75
f  1165//75 1188//75 1189//75
f  1165//75 1189//75 1184//75
f  1164//75 1190//75 1165//75
f  1165//75 1190//75 1191//75
f  1165//75 1191//75 1187//75
f  1168//1190 1192//1190 1193//1190
f  1168//1191 1193//1191 1163//1191
f  1192//1192 1168//1192 1194//1192
f  1194//1193 1168//1193 1167//1193
f  1194//1194 1167//1194 1195//1194
f  1195//1195 1167//1195 1196//1195
f  1196//1196 1167//1196 1166//1196
f  1196//1197 1166//1197 1197//1197
f  1197//1198 1166//1198 1198//1198
f  1198//1199 1166//1199 1171//1199
f  1198//1200 1171//1200 1199//1200
f  1199//1201 1171//1201 1200//1201
f  1200//1202 1171//1202 1170//1202
f  1200//1203 1170//1203 1201//1203
f  1201//1204 1170//1204 1202//1204
f  1202//1205 1170//1205 1169//1205
f  1202//1206 1169//1206 1203//1206
f  1203//1207 1169//1207 1204//1207
f  1204//1208 1169//1208 1174//1208
f  1204//1209 1174//1209 1205//1209
f  1205//1210 1174//1210 1206//1210
f  1206//1211 1174//1211 1173//1211
f  1206//1212 1173//1212 1207//1212
f  1207//1213 1173//1213 1208//1213
f  1208//1214 1173//1214 1172//1214
f  1208//1215 1172//1215 1209//1215
f  1209//1216 1172//1216 1210//1216
f  1210//1217 1172//1217 1177//1217
f  1210//1218 1177//1218 1211//1218
f  1211//1219 1177//1219 1212//1219
f  1212//1220 1177//1220 1176//1220
f  1212//1221 1176//1221 1213//1221
f  1213//1222 1176//1222 1214//1222
f  1214//1223 1176//1223 1175//1223
f  1214//1224 1175//1224 1215//1224
f  1215//1225 1175//1225 1216//1225
f  1216//1226 1175//1226 1180//1226
f  1216//1227 1180//1227 1217//1227
f  1217//1228 1180//1228 1218//1228
f  1218//1229 1180//1229 1179//1229
f  1218//1230 1179//1230 1219//1230
f  1178//1231 1220//1231 1179//1231
f  1179//1232 1220//1232 1221//1232
f  1179//1230 1221//1230 1219//1230
f  1183//1233 1182//1233 1222//1233
f  1222//1234 1223//1234 1183//1234
f  1183//1235 1223//1235 1224//1235
f  1183//1236 1224//1236 1178//1236
f  1178//1237 1224//1237 1225//1237
f  1178//1238 1225//1238 1220//1238
f  1181//1239 1186//1239 1226//1239
f  1226//1240 1227//1240 1181//1240
f  1181//1241 1227//1241 1228//1241
f  1181//1242 1228//1242 1182//1242
f  1182//1243 1228//1243 1229//1243
f  1182//1244 1229//1244 1222//1244
f  1185//1245 1184//1245 1230//1245
f  1230//1246 1231//1246 1185//1246
f  1185//1247 1231//1247 1232//1247
f  1185//1248 1232//1248 1186//1248
f  1186//1249 1232//1249 1233//1249
f  1186//1250 1233//1250 1226//1250
f  1188//1251 1234//1251 1189//1251
f  1189//1252 1234//1252 1235//1252
f  1189//1253 1235//1253 1184//1253
f  1184//1254 1235//1254 1236//1254
f  1184//1255 1236//1255 1230//1255
f  1187//1256 1237//1256 1188//1256
f  1188//1257 1237//1257 1238//1257
f  1188//1258 1238//1258 1234//1258
f  1191//1259 1239//1259 1187//1259
f  1187//1260 1239//1260 1240//1260
f  1187//1261 1240//1261 1237//1261
f  1190//1262 1241//1262 1191//1262
f  1191//1263 1241//1263 1242//1263
f  1191//1264 1242//1264 1239//1264
f  1164//1265 1243//1265 1190//1265
f  1190//1266 1243//1266 1244//1266
f  1190//1267 1244//1267 1241//1267
f  1193//1268 1245//1268 1163//1268
f  1163//1269 1245//1269 1246//1269
f  1163//1270 1246//1270 1164//1270
f  1164//1271 1246//1271 1247//1271
f  1164//1272 1247//1272 1243//1272
f  1248//1273 1249//1273 1192//1273
f  1192//1274 1194//1274 1248//1274
f  1248//1275 1194//1275 1195//1275
f  1248//1276 1195//1276 1250//1276
f  1195//1277 1196//1277 1250//1277
f  1250//1278 1196//1278 1197//1278
f  1250//1279 1197//1279 1251//1279
f  1197//1280 1198//1280 1251//1280
f  1251//1281 1198//1281 1199//1281
f  1251//1282 1199//1282 1252//1282
f  1199//1283 1200//1283 1252//1283
f  1252//1284 1200//1284 1201//1284
f  1252//1285 1201//1285 1253//1285
f  1201//1286 1202//1286 1253//1286
f  1253//1287 1202//1287 1203//1287
f  1253//1288 1203//1288 1254//1288
f  1203//1289 1204//1289 1254//1289
f  1254//1290 1204//1290 1205//1290
f  1254//1291 1205//1291 1255//1291
f  1205//1292 1206//1292 1255//1292
f  1255//1293 1206//1293 1207//1293
f  1255//1294 1207//1294 1256//1294
f  1207//1295 1208//1295 1256//1295
f  1256//1296 1208//1296 1209//1296
f  1256//1297 1209//1297 1257//1297
f  1209//1298 1210//1298 1257//1298
f  1257//1299 1210//1299 1211//1299
f  1257//1300 1211//1300 1258//1300
f  1211//1301 1212//1301 1258//1301
f  1258//1302 1212//1302 1213//1302
f  1258//1303 1213//1303 1259//1303
f  1213//1304 1214//1304 1259//1304
f  1259//1305 1214//1305 1215//1305
f  1259//1306 1215//1306 1260//1306
f  1215//1307 1216//1307 1260//1307
f  1260//1308 1216//1308 1217//1308
f  1260//1309 1217//1309 1261//1309
f  1217//1310 1218//1310 1261//1310
f  1261//1311 1218//1311 1219//1311
f  1261//1311 1219//1311 1262//1311
f  1262//1311 1219//1311 1221//1311
f  1262//1312 1221//1312 1263//1312
f  1221//1313 1220//1313 1263//1313
f  1263//1314 1220//1314 1225//1314
f  1263//1315 1225//1315 1264//1315
f  1225//1316 1224//1316 1264//1316
f  1264//1317 1224//1317 1223//1317
f  1264//1318 1223//1318 1265//1318
f  1223//1319 1222//1319 1265//1319
f  1265//1320 1222//1320 1229//1320
f  1265//1321 1229//1321 1266//1321
f  1229//1322 1228//1322 1266//1322
f  1266//1323 1228//1323 1227//1323
f  1266//1324 1227//1324 1267//1324
f  1227//1325 1226//1325 1267//1325
f  1267//1326 1226//1326 1233//1326
f  1267//1327 1233//1327 1268//1327
f  1233//1328 1232//1328 1268//1328
f  1268//1329 1232//1329 1231//1329
f  1268//1330 1231//1330 1269//1330
f  1231//1331 1230//1331 1269//1331
f  1269//1332 1230//1332 1236//1332
f  1269//1333 1236//1333 1270//1333
f  1236//1334 1235//1334 1270//1334
f  1270//1335 1235//1335 1234//1335
f  1270//1336 1234//1336 1271//1336
f  1234//1337 1238//1337 1271//1337
f  1271//1338 1238//1338 1237//1338
f  1271//1339 1237//1339 1272//1339
f  1237//1340 1240//1340 1272//1340
f  1272//1341 1240//1341 1239//1341
f  1272//1342 1239//1342 1273//1342
f  1273//1343 1239//1343 1242//1343
f  1242//1344 1241//1344 1273//1344
f  1273//1345 1241//1345 1244//1345
f  1273//1346 1244//1346 1274//1346
f  1244//1347 1243//1347 1274//1347
f  1274//1348 1243//1348 1247//1348
f  1274//1349 1247//1349 1275//1349
f  1275//1350 1247//1350 1246//1350
f  1275//1351 1246//1351 1276//1351
f  1276//1352 1246//1352 1245//1352
f  1276//1353 1245//1353 1249//1353
f  1249//1354 1245//1354 1193//1354
f  1249//1355 1193//1355 1192//1355
f  1117//75 1277//75 1116//75
f  1116//75 1277//75 1115//75
f  1115//75 1277//75 1118//75
f  1118//75 1277//75 1278//75
f  1118//75 1278//75 1119//75
f  1119//75 1278//75 1279//75
f  1119//75 1279//75 1121//75
f  1279//75 1280//75 1121//75
f  1121//75 1280//75 1281//75
f  1121//75 1281//75 1122//75
f  1122//75 1281//75 1282//75
f  1122//75 1282//75 1124//75
f  1124//75 1282//75 1283//75
f  1124//75 1283//75 1125//75
f  1125//75 1283//75 1284//75
f  1125//75 1284//75 1127//75
f  1127//75 1284//75 1285//75
f  1127//75 1285//75 1128//75
f  1128//75 1285//75 1286//75
f  1128//75 1286//75 1130//75
f  1130//75 1286//75 1287//75
f  1130//75 1287//75 1131//75
f  1131//75 1287//75 1288//75
f  1131//75 1288//75 1132//75
f  1132//75 1288//75 1289//75
f  1132//75 1289//75 1085//75
f  1085//75 1289//75 1290//75
f  1085//75 1290//75 1088//75
f  1088//75 1290//75 1291//75
f  1088//75 1291//75 1089//75
f  1089//75 1291//75 1292//75
f  1089//75 1292//75 1091//75
f  1091//75 1292//75 1293//75
f  1091//75 1293//75 1092//75
f  1092//75 1293//75 1294//75
f  1092//75 1294//75 1094//75
f  1094//75 1294//75 1295//75
f  1094//75 1295//75 1095//75
f  1095//75 1295//75 1296//75
f  1095//75 1296//75 1097//75
f  1097//75 1296//75 1297//75
f  1097//75 1297//75 1098//75
f  1098//75 1297//75 1298//75
f  1098//75 1298//75 1100//75
f  1100//75 1298//75 1299//75
f  1100//75 1299//75 1101//75
f  1101//75 1299//75 1300//75
f  1101//75 1300//75 1106//75
f  1106//75 1300//75 1301//75
f  1106//75 1301//75 1105//75
f  1105//75 1301//75 1302//75
f  1105//75 1302//75 1103//75
f  1103//75 1302//75 1303//75
f  1103//75 1303//75 1107//75
f  1107//75 1303//75 1304//75
f  1107//75 1304//75 1108//75
f  1108//75 1304//75 1110//75
f  1110//75 1304//75 1305//75
f  1110//75 1305//75 1111//75
f  1111//75 1305//75 1306//75
f  1111//75 1306//75 1112//75
f  1112//75 1306//75 1307//75
f  1112//75 1307//75 1113//75
f  1050//75 1049//75 1308//75
f  1308//75 1049//75 1114//75
f  1308//75 1114//75 1309//75
f  1309//75 1114//75 1113//75
f  1309//75 1113//75 1310//75
f  1310//75 1113//75 1307//75
f  1117//1356 1052//1356 1311//1356
f  1312//1357 1281//1357 1280//1357
f  1280//1358 1279//1358 1312//1358
f  1312//1359 1279//1359 1278//1359
f  1312//1360 1278//1360 1311//1360
f  1311//1361 1278//1361 1277//1361
f  1311//1356 1277//1356 1117//1356
f  1281//1362 1312//1362 1282//1362
f  1282//1363 1312//1363 1313//1363
f  1282//1364 1313//1364 1283//1364
f  1283//1365 1313//1365 1284//1365
f  1284//1366 1313//1366 1314//1366
f  1284//1367 1314//1367 1285//1367
f  1285//1368 1314//1368 1286//1368
f  1286//1369 1314//1369 1315//1369
f  1286//1370 1315//1370 1287//1370
f  1287//1371 1315//1371 1288//1371
f  1288//1372 1315//1372 1316//1372
f  1288//1373 1316//1373 1289//1373
f  1289//1374 1316//1374 1290//1374
f  1290//1375 1316//1375 1317//1375
f  1290//1376 1317//1376 1291//1376
f  1291//1377 1317//1377 1292//1377
f  1292//1378 1317//1378 1318//1378
f  1292//1379 1318//1379 1293//1379
f  1293//1380 1318//1380 1294//1380
f  1294//1381 1318//1381 1319//1381
f  1294//1382 1319//1382 1295//1382
f  1295//1383 1319//1383 1296//1383
f  1296//1384 1319//1384 1320//1384
f  1296//1385 1320//1385 1297//1385
f  1297//1386 1320//1386 1298//1386
f  1298//1387 1320//1387 1321//1387
f  1298//1388 1321//1388 1299//1388
f  1299//1389 1321//1389 1300//1389
f  1300//1390 1321//1390 1322//1390
f  1300//1391 1322//1391 1301//1391
f  1301//1392 1322//1392 1302//1392
f  1302//1393 1322//1393 1323//1393
f  1302//1394 1323//1394 1303//1394
f  1303//1395 1323//1395 1304//1395
f  1304//1396 1323//1396 1324//1396
f  1304//1397 1324//1397 1305//1397
f  1050//1398 1308//1398 1051//1398
f  1051//1399 1308//1399 1309//1399
f  1309//1400 1310//1400 1051//1400
f  1051//1401 1310//1401 1307//1401
f  1051//1402 1307//1402 1324//1402
f  1324//1403 1307//1403 1306//1403
f  1324//1404 1306//1404 1305//1404
f  1256//75 1054//75 1255//75
f  1255//75 1054//75 1056//75
f  1255//75 1056//75 1254//75
f  1254//75 1056//75 1058//75
f  1254//75 1058//75 1253//75
f  1253//75 1058//75 1060//75
f  1253//75 1060//75 1252//75
f  1252//75 1060//75 1062//75
f  1252//75 1062//75 1251//75
f  1251//75 1062//75 1064//75
f  1251//75 1064//75 1250//75
f  1250//75 1064//75 1066//75
f  1250//75 1066//75 1248//75
f  1248//75 1066//75 1068//75
f  1248//75 1068//75 1249//75
f  1249//75 1068//75 1070//75
f  1249//75 1070//75 1276//75
f  1276//75 1070//75 1072//75
f  1276//75 1072//75 1275//75
f  1275//75 1072//75 1074//75
f  1275//75 1074//75 1274//75
f  1274//75 1074//75 1076//75
f  1274//75 1076//75 1273//75
f  1273//75 1076//75 1078//75
f  1273//75 1078//75 1272//75
f  1272//75 1078//75 1080//75
f  1272//75 1080//75 1271//75
f  1271//75 1080//75 1082//75
f  1271//75 1082//75 1270//75
f  1082//75 1051//75 1270//75
f  1270//75 1051//75 1324//75
f  1270//75 1324//75 1269//75
f  1269//75 1324//75 1323//75
f  1269//75 1323//75 1268//75
f  1268//75 1323//75 1322//75
f  1268//75 1322//75 1267//75
f  1267//75 1322//75 1321//75
f  1267//75 1321//75 1266//75
f  1266//75 1321//75 1320//75
f  1266//75 1320//75 1265//75
f  1265//75 1320//75 1319//75
f  1265//75 1319//75 1264//75
f  1264//75 1319//75 1318//75
f  1264//75 1318//75 1263//75
f  1263//75 1318//75 1317//75
f  1263//75 1317//75 1262//75
f  1262//75 1317//75 1316//75
f  1262//75 1316//75 1261//75
f  1261//75 1316//75 1315//75
f  1261//75 1315//75 1260//75
f  1260//75 1315//75 1314//75
f  1260//75 1314//75 1259//75
f  1259//75 1314//75 1313//75
f  1259//75 1313//75 1258//75
f  1258//75 1313//75 1312//75
f  1258//75 1312//75 1257//75
f  1257//75 1312//75 1311//75
f  1257//75 1311//75 1256//75
f  1256//75 1311//75 1052//75
f  1256//75 1052//75 1054//75
f  992//1405 994//1405 915//1405
f  915//1406 994//1406 916//1406
f  879//1407 878//1407 996//1407
f  996//1408 878//1408 883//1408
f  996//1409 883//1409 994//1409
f  994//1410 883//1410 885//1410
f  994//1411 885//1411 916//1411
f  879//1412 996//1412 881//1412
f  881//1413 996//1413 998//1413
f  881//1414 998//1414 882//1414
f  873//1415 877//1415 1000//1415
f  1000//1416 877//1416 876//1416
f  1000//1417 876//1417 998//1417
f  998//1418 876//1418 875//1418
f  998//1419 875//1419 882//1419
f  873//1420 1000//1420 871//1420
f  871//1421 1000//1421 1002//1421
f  871//1422 1002//1422 866//1422
f  865//1423 870//1423 1004//1423
f  1004//1424 870//1424 869//1424
f  1004//1425 869//1425 1002//1425
f  1002//1426 869//1426 867//1426
f  1002//1427 867//1427 866//1427
f  865//1428 1004//1428 863//1428
f  863//1429 1004//1429 1006//1429
f  863//1430 1006//1430 858//1430
f  857//1431 862//1431 1008//1431
f  1008//1432 862//1432 861//1432
f  1008//1433 861//1433 1006//1433
f  1006//1434 861//1434 859//1434
f  1006//1435 859//1435 858//1435
f  857//1436 1008//1436 855//1436
f  855//1437 1008//1437 1010//1437
f  855//1438 1010//1438 850//1438
f  849//1439 854//1439 1012//1439
f  1012//1440 854//1440 853//1440
f  1012//1441 853//1441 1010//1441
f  1010//1442 853//1442 851//1442
f  1010//1443 851//1443 850//1443
f  849//1444 1012//1444 847//1444
f  847//1445 1012//1445 1014//1445
f  847//1446 1014//1446 842//1446
f  841//1447 846//1447 1016//1447
f  1016//1448 846//1448 845//1448
f  1016//1449 845//1449 1014//1449
f  1014//1450 845//1450 843//1450
f  1014//1451 843//1451 842//1451
f  841//1452 1016//1452 839//1452
f  839//1453 1016//1453 1018//1453
f  839//1454 1018//1454 834//1454
f  833//1455 838//1455 1020//1455
f  1020//1456 838//1456 837//1456
f  1020//1457 837//1457 1018//1457
f  1018//1458 837//1458 835//1458
f  1018//1459 835//1459 834//1459
f  833//1460 1020//1460 831//1460
f  831//1461 1020//1461 1022//1461
f  831//1462 1022//1462 826//1462
f  915//1463 1035//1463 992//1463
f  992//1464 1035//1464 1048//1464
f  992//1465 1048//1465 990//1465
f  990//1466 1048//1466 1047//1466
f  990//1466 1047//1466 988//1466
f  988//1467 1047//1467 1046//1467
f  988//1468 1046//1468 986//1468
f  986//1469 1046//1469 1045//1469
f  986//1470 1045//1470 984//1470
f  984//1471 1045//1471 1044//1471
f  984//1472 1044//1472 982//1472
f  982//1473 1044//1473 1043//1473
f  982//1474 1043//1474 980//1474
f  980//1475 1043//1475 1042//1475
f  980//1476 1042//1476 978//1476
f  978//1477 1042//1477 1041//1477
f  978//1478 1041//1478 976//1478
f  976//1479 1041//1479 1040//1479
f  976//1480 1040//1480 974//1480
f  974//1481 1040//1481 1039//1481
f  974//1482 1039//1482 1032//1482
f  1032//1483 1039//1483 1038//1483
f  1032//1484 1038//1484 1030//1484
f  1030//1485 1038//1485 1037//1485
f  1030//1486 1037//1486 1028//1486
f  1028//1487 1037//1487 1036//1487
f  1028//1488 1036//1488 1026//1488
f  1026//1489 1036//1489 1034//1489
f  1026//1490 1034//1490 1024//1490
f  1024//1491 1034//1491 829//1491
f  1024//1492 829//1492 1022//1492
f  1022//1493 829//1493 827//1493
f  1022//1494 827//1494 826//1494
f  1033//869 1158//869 975//869
f  975//1495 1158//1495 1157//1495
f  975//1496 1157//1496 977//1496
f  977//872 1157//872 1156//872
f  977//873 1156//873 979//873
f  979//1497 1156//1497 1155//1497
f  979//1498 1155//1498 981//1498
f  981//876 1155//876 1154//876
f  981//1499 1154//1499 983//1499
f  983//1500 1154//1500 1153//1500
f  983//1501 1153//1501 985//1501
f  985//1502 1153//1502 1152//1502
f  985//881 1152//881 987//881
f  987//882 1152//882 1151//882
f  987//882 1151//882 989//882
f  989//1503 1151//1503 1150//1503
f  989//1504 1150//1504 991//1504
f  991//1505 1150//1505 1149//1505
f  991//1506 1149//1506 993//1506
f  993//1507 1149//1507 1148//1507
f  993//1508 1148//1508 995//1508
f  995//1509 1148//1509 1147//1509
f  995//1510 1147//1510 997//1510
f  997//1511 1147//1511 1146//1511
f  997//1512 1146//1512 999//1512
f  999//1513 1146//1513 1145//1513
f  999//1514 1145//1514 1001//1514
f  1001//1515 1145//1515 1144//1515
f  1001//1516 1144//1516 1003//1516
f  1003//1517 1144//1517 1143//1517
f  1003//1518 1143//1518 1005//1518
f  1005//1519 1143//1519 1142//1519
f  1005//1520 1142//1520 1007//1520
f  1007//1521 1142//1521 1141//1521
f  1007//1522 1141//1522 1009//1522
f  1009//1523 1141//1523 1140//1523
f  1009//1524 1140//1524 1011//1524
f  1011//1525 1140//1525 1139//1525
f  1011//1526 1139//1526 1013//1526
f  1013//1527 1139//1527 1138//1527
f  1013//1528 1138//1528 1015//1528
f  1015//1529 1138//1529 1137//1529
f  1015//1530 1137//1530 1017//1530
f  1017//1531 1137//1531 1136//1531
f  1017//1531 1136//1531 1019//1531
f  1019//1532 1136//1532 1135//1532
f  1019//1533 1135//1533 1021//1533
f  1021//1534 1135//1534 1134//1534
f  1021//1535 1134//1535 1023//1535
f  1023//1536 1134//1536 1133//1536
f  1023//1537 1133//1537 1025//1537
f  1025//1538 1133//1538 1162//1538
f  1025//1539 1162//1539 1027//1539
f  1027//1540 1162//1540 1161//1540
f  1027//1541 1161//1541 1029//1541
f  1029//1542 1161//1542 1160//1542
f  1029//1543 1160//1543 1031//1543
f  1031//1544 1160//1544 1159//1544
f  1031//867 1159//867 1033//867
f  1033//1545 1159//1545 1158//1545
f  1325//320 1326//320 1327//320
f  1328//320 1329//320 1330//320
f  1330//320 1329//320 1331//320
f  1332//320 1330//320 1333//320
f  1333//320 1330//320 1331//320
f  1333//320 1331//320 1334//320
f  1334//320 1331//320 1335//320
f  1336//320 1325//320 1337//320
f  1337//320 1325//320 1327//320
f  1337//320 1327//320 1330//320
f  1330//320 1327//320 1338//320
f  1330//320 1338//320 1328//320
f  1339//1546 1340//1546 1341//1546
f  1341//1547 1340//1547 1342//1547
f  1341//1548 1342//1548 1343//1548
f  1341//1549 1344//1549 1345//1549
f  1345//1550 1346//1550 1341//1550
f  1341//1551 1346//1551 1347//1551
f  1341//1552 1347//1552 1339//1552
f  1348//1553 1329//1553 1328//1553
f  1338//1554 1349//1554 1328//1554
f  1328//1555 1349//1555 1339//1555
f  1328//1556 1339//1556 1348//1556
f  1348//1557 1339//1557 1347//1557
f  1350//75 1344//75 1341//75
f  1341//75 1343//75 1351//75
f  1352//75 1353//75 1341//75
f  1341//75 1353//75 1354//75
f  1341//75 1354//75 1350//75
f  1351//75 1355//75 1341//75
f  1341//75 1355//75 1356//75
f  1341//75 1356//75 1352//75
f  1348//1558 1331//1558 1329//1558
f  1338//1559 1327//1559 1349//1559
f  1349//1560 1327//1560 1339//1560
f  1339//1561 1327//1561 1326//1561
f  1339//1562 1326//1562 1340//1562
f  1325//1563 1343//1563 1326//1563
f  1326//1564 1343//1564 1342//1564
f  1326//1565 1342//1565 1340//1565
f  1331//1566 1348//1566 1335//1566
f  1335//1567 1348//1567 1347//1567
f  1335//1568 1347//1568 1346//1568
f  1346//1569 1345//1569 1335//1569
f  1335//1570 1345//1570 1344//1570
f  1335//1571 1344//1571 1334//1571
f  1334//1572 1344//1572 1350//1572
f  1334//1573 1350//1573 1333//1573
f  1333//1573 1350//1573 1354//1573
f  1333//1574 1354//1574 1332//1574
f  1332//1574 1354//1574 1353//1574
f  1332//1575 1353//1575 1330//1575
f  1330//1575 1353//1575 1352//1575
f  1330//1576 1352//1576 1337//1576
f  1337//1576 1352//1576 1356//1576
f  1337//1577 1356//1577 1336//1577
f  1336//1577 1356//1577 1355//1577
f  1336//1578 1355//1578 1325//1578
f  1325//1578 1355//1578 1351//1578
f  1325//1579 1351//1579 1343//1579
f  1357//320 1358//320 1359//320
f  1359//320 1358//320 1360//320
f  1359//320 1360//320 1361//320
f  1362//320 1363//320 1359//320
f  1359//320 1363//320 1364//320
f  1359//320 1364//320 1357//320
f  1365//320 1366//320 1359//320
f  1359//320 1366//320 1367//320
f  1359//320 1367//320 1362//320
f  1361//320 1368//320 1359//320
f  1359//320 1368//320 1369//320
f  1359//320 1369//320 1365//320
f  1370//1580 1360//1580 1371//1580
f  1371//20 1360//20 1358//20
f  1371//1581 1358//1581 1372//1581
f  1372//1582 1358//1582 1357//1582
f  1364//1583 1373//1583 1357//1583
f  1357//1584 1373//1584 1374//1584
f  1357//1585 1374//1585 1372//1585
f  1370//1586 1375//1586 1360//1586
f  1360//1587 1375//1587 1376//1587
f  1360//1588 1376//1588 1361//1588
f  1361//1589 1376//1589 1377//1589
f  1361//22 1377//22 1368//22
f  1368//22 1377//22 1378//22
f  1368//61 1378//61 1369//61
f  1369//61 1378//61 1379//61
f  1369//26 1379//26 1365//26
f  1365//26 1379//26 1380//26
f  1365//27 1380//27 1366//27
f  1366//27 1380//27 1381//27
f  1366//28 1381//28 1367//28
f  1367//28 1381//28 1382//28
f  1367//29 1382//29 1362//29
f  1362//29 1382//29 1383//29
f  1362//30 1383//30 1363//30
f  1363//30 1383//30 1384//30
f  1363//13 1384//13 1364//13
f  1364//13 1384//13 1385//13
f  1364//1590 1385//1590 1373//1590
f  1371//1591 1372//1591 1386//1591
f  1386//1592 1372//1592 1374//1592
f  1386//1593 1374//1593 1373//1593
f  1376//1594 1375//1594 1386//1594
f  1386//1595 1375//1595 1370//1595
f  1386//1596 1370//1596 1371//1596
f  1377//75 1376//75 1386//75
f  1386//75 1373//75 1385//75
f  1386//75 1381//75 1380//75
f  1382//75 1381//75 1383//75
f  1383//75 1381//75 1386//75
f  1383//75 1386//75 1384//75
f  1384//75 1386//75 1385//75
f  1380//75 1379//75 1386//75
f  1386//75 1379//75 1378//75
f  1386//75 1378//75 1377//75
f  1387//320 1388//320 1389//320
f  1389//320 1388//320 1390//320
f  1389//320 1390//320 1391//320
f  1392//320 1393//320 1389//320
f  1389//320 1393//320 1394//320
f  1389//320 1394//320 1387//320
f  1395//320 1396//320 1389//320
f  1389//320 1396//320 1397//320
f  1389//320 1397//320 1392//320
f  1391//320 1398//320 1389//320
f  1389//320 1398//320 1399//320
f  1389//320 1399//320 1395//320
f  1397//44 1400//44 1392//44
f  1392//44 1400//44 1401//44
f  1392//12 1401//12 1393//12
f  1393//12 1401//12 1402//12
f  1393//1597 1402//1597 1394//1597
f  1394//1597 1402//1597 1403//1597
f  1394//34 1403//34 1387//34
f  1387//34 1403//34 1404//34
f  1387//35 1404//35 1388//35
f  1388//35 1404//35 1405//35
f  1388//36 1405//36 1390//36
f  1390//36 1405//36 1406//36
f  1390//37 1406//37 1391//37
f  1391//37 1406//37 1407//37
f  1391//38 1407//38 1398//38
f  1398//38 1407//38 1408//38
f  1398//39 1408//39 1399//39
f  1399//39 1408//39 1409//39
f  1399//1598 1409//1598 1395//1598
f  1395//1598 1409//1598 1410//1598
f  1395//9 1410//9 1396//9
f  1396//9 1410//9 1411//9
f  1396//43 1411//43 1397//43
f  1397//43 1411//43 1400//43
f  1408//75 1407//75 1412//75
f  1412//75 1407//75 1406//75
f  1412//75 1406//75 1405//75
f  1411//75 1410//75 1412//75
f  1412//75 1410//75 1409//75
f  1412//75 1409//75 1408//75
f  1402//75 1401//75 1412//75
f  1412//75 1401//75 1400//75
f  1412//75 1400//75 1411//75
f  1405//75 1404//75 1412//75
f  1412//75 1404//75 1403//75
f  1412//75 1403//75 1402//75
f  1413//320 1414//320 1415//320
f  1415//320 1414//320 1416//320
f  1415//320 1416//320 1417//320
f  1418//320 1419//320 1415//320
f  1415//320 1419//320 1420//320
f  1415//320 1420//320 1413//320
f  1421//320 1422//320 1415//320
f  1415//320 1422//320 1423//320
f  1415//320 1423//320 1418//320
f  1417//320 1424//320 1415//320
f  1415//320 1424//320 1425//320
f  1415//320 1425//320 1421//320
f  1423//49 1426//49 1418//49
f  1418//49 1426//49 1427//49
f  1418//30 1427//30 1419//30
f  1419//30 1427//30 1428//30
f  1419//13 1428//13 1420//13
f  1420//13 1428//13 1429//13
f  1420//60 1429//60 1413//60
f  1413//60 1429//60 1430//60
f  1413//19 1430//19 1414//19
f  1414//19 1430//19 1431//19
f  1414//46 1431//46 1416//46
f  1416//46 1431//46 1432//46
f  1416//47 1432//47 1417//47
f  1417//47 1432//47 1433//47
f  1417//22 1433//22 1424//22
f  1424//22 1433//22 1434//22
f  1424//61 1434//61 1425//61
f  1425//61 1434//61 1435//61
f  1425//26 1435//26 1421//26
f  1421//26 1435//26 1436//26
f  1421//27 1436//27 1422//27
f  1422//27 1436//27 1437//27
f  1422//48 1437//48 1423//48
f  1423//48 1437//48 1426//48
f  1434//75 1433//75 1438//75
f  1438//75 1433//75 1432//75
f  1438//75 1432//75 1431//75
f  1437//75 1436//75 1438//75
f  1438//75 1436//75 1435//75
f  1438//75 1435//75 1434//75
f  1428//75 1427//75 1438//75
f  1438//75 1427//75 1426//75
f  1438//75 1426//75 1437//75
f  1431//75 1430//75 1438//75
f  1438//75 1430//75 1429//75
f  1438//75 1429//75 1428//75
f  1439//320 1440//320 1441//320
f  1441//320 1440//320 1442//320
f  1441//320 1442//320 1443//320
f  1444//320 1445//320 1441//320
f  1441//320 1445//320 1446//320
f  1441//320 1446//320 1439//320
f  1447//320 1448//320 1441//320
f  1441//320 1448//320 1449//320
f  1441//320 1449//320 1444//320
f  1443//320 1450//320 1441//320
f  1441//320 1450//320 1451//320
f  1441//320 1451//320 1447//320
f  1449//44 1452//44 1444//44
f  1444//44 1452//44 1453//44
f  1444//12 1453//12 1445//12
f  1445//12 1453//12 1454//12
f  1445//56 1454//56 1446//56
f  1446//56 1454//56 1455//56
f  1446//1599 1455//1599 1439//1599
f  1439//1599 1455//1599 1456//1599
f  1439//35 1456//35 1440//35
f  1440//35 1456//35 1457//35
f  1440//36 1457//36 1442//36
f  1442//36 1457//36 1458//36
f  1442//37 1458//37 1443//37
f  1443//37 1458//37 1459//37
f  1443//38 1459//38 1450//38
f  1450//38 1459//38 1460//38
f  1450//1600 1460//1600 1451//1600
f  1451//1600 1460//1600 1461//1600
f  1451//55 1461//55 1447//55
f  1447//55 1461//55 1462//55
f  1447//9 1462//9 1448//9
f  1448//9 1462//9 1463//9
f  1448//43 1463//43 1449//43
f  1449//43 1463//43 1452//43
f  1460//75 1459//75 1464//75
f  1464//75 1459//75 1458//75
f  1464//75 1458//75 1457//75
f  1463//75 1462//75 1464//75
f  1464//75 1462//75 1461//75
f  1464//75 1461//75 1460//75
f  1454//75 1453//75 1464//75
f  1464//75 1453//75 1452//75
f  1464//75 1452//75 1463//75
f  1457//75 1456//75 1464//75
f  1464//75 1456//75 1455//75
f  1464//75 1455//75 1454//75
f  1465//320 1466//320 1467//320
f  1467//320 1466//320 1468//320
f  1467//320 1468//320 1469//320
f  1470//320 1471//320 1467//320
f  1467//320 1471//320 1472//320
f  1467//320 1472//320 1465//320
f  1473//320 1474//320 1467//320
f  1467//320 1474//320 1475//320
f  1467//320 1475//320 1470//320
f  1469//320 1476//320 1467//320
f  1467//320 1476//320 1477//320
f  1467//320 1477//320 1473//320
f  1475//49 1478//49 1470//49
f  1470//49 1478//49 1479//49
f  1470//30 1479//30 1471//30
f  1471//30 1479//30 1480//30
f  1471//13 1480//13 1472//13
f  1472//13 1480//13 1481//13
f  1472//60 1481//60 1465//60
f  1465//60 1481//60 1482//60
f  1465//19 1482//19 1466//19
f  1466//19 1482//19 1483//19
f  1466//46 1483//46 1468//46
f  1468//46 1483//46 1484//46
f  1468//47 1484//47 1469//47
f  1469//47 1484//47 1485//47
f  1469//22 1485//22 1476//22
f  1476//22 1485//22 1486//22
f  1476//61 1486//61 1477//61
f  1477//61 1486//61 1487//61
f  1477//26 1487//26 1473//26
f  1473//26 1487//26 1488//26
f  1473//27 1488//27 1474//27
f  1474//27 1488//27 1489//27
f  1474//48 1489//48 1475//48
f  1475//48 1489//48 1478//48
f  1486//75 1485//75 1490//75
f  1490//75 1485//75 1484//75
f  1490//75 1484//75 1483//75
f  1489//75 1488//75 1490//75
f  1490//75 1488//75 1487//75
f  1490//75 1487//75 1486//75
f  1480//75 1479//75 1490//75
f  1490//75 1479//75 1478//75
f  1490//75 1478//75 1489//75
f  1483//75 1482//75 1490//75
f  1490//75 1482//75 1481//75
f  1490//75 1481//75 1480//75
f  1491//320 1492//320 1493//320
f  1493//320 1492//320 1494//320
f  1493//320 1494//320 1495//320
f  1496//320 1497//320 1493//320
f  1493//320 1497//320 1498//320
f  1493//320 1498//320 1491//320
f  1499//320 1500//320 1493//320
f  1493//320 1500//320 1501//320
f  1493//320 1501//320 1496//320
f  1495//320 1502//320 1493//320
f  1493//320 1502//320 1503//320
f  1493//320 1503//320 1499//320
f  1504//1601 1497//1601 1505//1601
f  1505//30 1497//30 1496//30
f  1505//1602 1496//1602 1506//1602
f  1506//1603 1496//1603 1501//1603
f  1500//1604 1507//1604 1501//1604
f  1501//1605 1507//1605 1508//1605
f  1501//1606 1508//1606 1506//1606
f  1504//1607 1509//1607 1497//1607
f  1497//1608 1509//1608 1510//1608
f  1497//1609 1510//1609 1498//1609
f  1498//1610 1510//1610 1511//1610
f  1498//60 1511//60 1491//60
f  1491//60 1511//60 1512//60
f  1491//19 1512//19 1492//19
f  1492//19 1512//19 1513//19
f  1492//20 1513//20 1494//20
f  1494//20 1513//20 1514//20
f  1494//21 1514//21 1495//21
f  1495//21 1514//21 1515//21
f  1495//22 1515//22 1502//22
f  1502//22 1515//22 1516//22
f  1502//61 1516//61 1503//61
f  1503//61 1516//61 1517//61
f  1503//26 1517//26 1499//26
f  1499//26 1517//26 1518//26
f  1499//27 1518//27 1500//27
f  1500//27 1518//27 1519//27
f  1500//1611 1519//1611 1507//1611
f  1505//1612 1506//1612 1520//1612
f  1520//1613 1506//1613 1508//1613
f  1520//1614 1508//1614 1507//1614
f  1510//1615 1509//1615 1520//1615
f  1520//1616 1509//1616 1504//1616
f  1520//1617 1504//1617 1505//1617
f  1511//75 1510//75 1520//75
f  1520//75 1507//75 1519//75
f  1520//75 1515//75 1514//75
f  1516//75 1515//75 1517//75
f  1517//75 1515//75 1520//75
f  1517//75 1520//75 1518//75
f  1518//75 1520//75 1519//75
f  1514//75 1513//75 1520//75
f  1520//75 1513//75 1512//75
f  1520//75 1512//75 1511//75
f  1521//320 1522//320 1523//320
f  1524//320 1525//320 1526//320
f  1526//320 1525//320 1527//320
f  1528//320 1529//320 1530//320
f  1530//320 1529//320 1526//320
f  1530//320 1526//320 1531//320
f  1531//320 1526//320 1527//320
f  1532//320 1521//320 1533//320
f  1533//320 1521//320 1523//320
f  1533//320 1523//320 1526//320
f  1526//320 1523//320 1534//320
f  1526//320 1534//320 1524//320
f  1535//1618 1536//1618 1537//1618
f  1537//1619 1536//1619 1538//1619
f  1537//1620 1538//1620 1539//1620
f  1537//1621 1540//1621 1541//1621
f  1541//1622 1542//1622 1537//1622
f  1537//1623 1542//1623 1543//1623
f  1537//1624 1543//1624 1535//1624
f  1544//1625 1525//1625 1524//1625
f  1534//1626 1545//1626 1524//1626
f  1524//1627 1545//1627 1535//1627
f  1524//1628 1535//1628 1544//1628
f  1544//1629 1535//1629 1543//1629
f  1546//75 1540//75 1537//75
f  1537//75 1539//75 1547//75
f  1548//75 1549//75 1537//75
f  1537//75 1549//75 1550//75
f  1537//75 1550//75 1546//75
f  1547//75 1551//75 1537//75
f  1537//75 1551//75 1552//75
f  1537//75 1552//75 1548//75
f  1544//1630 1527//1630 1525//1630
f  1534//1631 1523//1631 1545//1631
f  1545//1632 1523//1632 1535//1632
f  1535//1633 1523//1633 1522//1633
f  1535//1634 1522//1634 1536//1634
f  1521//1635 1539//1635 1522//1635
f  1522//1636 1539//1636 1538//1636
f  1522//1637 1538//1637 1536//1637
f  1527//1638 1544//1638 1531//1638
f  1531//1639 1544//1639 1543//1639
f  1531//1640 1543//1640 1542//1640
f  1542//1641 1541//1641 1531//1641
f  1531//1642 1541//1642 1540//1642
f  1531//1643 1540//1643 1530//1643
f  1530//1644 1540//1644 1546//1644
f  1530//1645 1546//1645 1528//1645
f  1528//1645 1546//1645 1550//1645
f  1528//1646 1550//1646 1529//1646
f  1529//1646 1550//1646 1549//1646
f  1529//1647 1549//1647 1526//1647
f  1526//1647 1549//1647 1548//1647
f  1526//1648 1548//1648 1533//1648
f  1533//1648 1548//1648 1552//1648
f  1533//1649 1552//1649 1532//1649
f  1532//1649 1552//1649 1551//1649
f  1532//1650 1551//1650 1521//1650
f  1521//1650 1551//1650 1547//1650
f  1521//1651 1547//1651 1539//1651
f  1553//75 1554//75 1555//75
f  1553//75 1555//75 1556//75
f  1556//75 1555//75 1557//75
f  1556//75 1557//75 1558//75
f  1559//1652 1560//1652 1561//1652
f  1561//1652 1560//1652 1562//1652
f  1561//1652 1562//1652 1563//1652
f  1564//1653 1565//1653 1566//1653
f  1564//1653 1566//1653 1567//1653
f  1567//1654 1566//1654 1560//1654
f  1567//1654 1560//1654 1559//1654
f  1564//320 1568//320 1565//320
f  1569//1655 1570//1655 1571//1655
f  1563//1656 1562//1656 1572//1656
f  1572//1657 1562//1657 1569//1657
f  1572//1658 1569//1658 1573//1658
f  1573//1655 1569//1655 1571//1655
f  1574//1652 1575//1652 1576//1652
f  1576//1659 1575//1659 1577//1659
f  1577//1660 1575//1660 1578//1660
f  1577//1661 1578//1661 1579//1661
f  1579//1662 1578//1662 1580//1662
f  1580//1663 1578//1663 1581//1663
f  1580//1664 1581//1664 1582//1664
f  1581//337 1583//337 1582//337
f  1582//337 1583//337 1584//337
f  1574//1116 1572//1116 1575//1116
f  1575//1116 1572//1116 1573//1116
f  1554//1116 1585//1116 1555//1116
f  1555//1116 1585//1116 1583//1116
f  1555//1116 1583//1116 1571//1116
f  1571//1116 1583//1116 1581//1116
f  1571//1116 1581//1116 1573//1116
f  1573//1116 1581//1116 1578//1116
f  1573//1116 1578//1116 1575//1116
f  1584//1665 1583//1665 1586//1665
f  1586//1666 1583//1666 1585//1666
f  1586//1667 1585//1667 1587//1667
f  1587//1668 1585//1668 1554//1668
f  1587//1668 1554//1668 1553//1668
f  1571//337 1570//337 1555//337
f  1555//337 1570//337 1557//337
f  1563//1669 1572//1669 1556//1669
f  1556//1670 1572//1670 1584//1670
f  1584//1671 1586//1671 1556//1671
f  1556//1672 1586//1672 1587//1672
f  1556//1673 1587//1673 1553//1673
f  1574//1674 1576//1674 1572//1674
f  1572//1675 1576//1675 1577//1675
f  1572//1676 1577//1676 1579//1676
f  1579//1677 1580//1677 1572//1677
f  1572//1678 1580//1678 1582//1678
f  1572//1679 1582//1679 1584//1679
f  1564//1680 1567//1680 1559//1680
f  1568//1681 1564//1681 1558//1681
f  1558//1682 1564//1682 1559//1682
f  1558//1683 1559//1683 1556//1683
f  1556//1684 1559//1684 1561//1684
f  1556//1685 1561//1685 1563//1685
f  1565//1116 1568//1116 1558//1116
f  1569//1116 1562//1116 1570//1116
f  1570//1116 1562//1116 1560//1116
f  1570//1116 1560//1116 1557//1116
f  1557//1116 1560//1116 1558//1116
f  1558//1116 1560//1116 1566//1116
f  1558//1116 1566//1116 1565//1116
f  1588//1686 1589//1686 1590//1686
f  1590//1686 1589//1686 1591//1686
f  1592//320 1593//320 1594//320
f  1595//1687 1596//1687 1597//1687
f  1597//1688 1596//1688 1598//1688
f  1597//1689 1598//1689 1599//1689
f  1599//1690 1598//1690 1589//1690
f  1599//1691 1589//1691 1588//1691
f  1600//75 1596//75 1595//75
f  1593//1692 1601//1692 1594//1692
f  1594//1693 1601//1693 1602//1693
f  1603//1694 1604//1694 1605//1694
f  1605//1695 1604//1695 1602//1695
f  1605//1696 1602//1696 1606//1696
f  1606//1697 1602//1697 1601//1697
f  1607//1698 1608//1698 1603//1698
f  1603//1698 1608//1698 1604//1698
f  1604//1699 1608//1699 1609//1699
f  1610//1700 1611//1700 1609//1700
f  1609//1701 1611//1701 1612//1701
f  1609//1702 1612//1702 1604//1702
f  1610//1703 1613//1703 1611//1703
f  1611//1704 1613//1704 1614//1704
f  1611//1705 1614//1705 1615//1705
f  1614//1706 1616//1706 1615//1706
f  1615//1707 1616//1707 1617//1707
f  1615//1708 1617//1708 1618//1708
f  1594//1709 1602//1709 1619//1709
f  1619//1710 1602//1710 1620//1710
f  1619//1711 1620//1711 1621//1711
f  1621//1712 1620//1712 1622//1712
f  1623//1713 1624//1713 1622//1713
f  1622//1714 1624//1714 1625//1714
f  1622//1715 1625//1715 1621//1715
f  1626//1716 1627//1716 1623//1716
f  1623//1717 1627//1717 1628//1717
f  1623//1718 1628//1718 1624//1718
f  1602//1719 1604//1719 1620//1719
f  1620//1720 1604//1720 1612//1720
f  1620//1721 1612//1721 1622//1721
f  1622//1722 1612//1722 1611//1722
f  1622//1723 1611//1723 1623//1723
f  1623//1724 1611//1724 1615//1724
f  1623//1725 1615//1725 1626//1725
f  1626//1726 1615//1726 1618//1726
f  1592//1727 1594//1727 1629//1727
f  1629//1728 1594//1728 1619//1728
f  1619//1729 1621//1729 1629//1729
f  1629//1730 1621//1730 1625//1730
f  1629//1731 1625//1731 1630//1731
f  1630//1732 1625//1732 1624//1732
f  1630//1733 1624//1733 1631//1733
f  1631//1734 1624//1734 1628//1734
f  1631//1735 1628//1735 1632//1735
f  1632//1736 1628//1736 1627//1736
f  1632//1737 1627//1737 1633//1737
f  1633//1738 1627//1738 1634//1738
f  1635//1739 1636//1739 1637//1739
f  1637//1740 1636//1740 1638//1740
f  1637//1741 1638//1741 1639//1741
f  1637//1742 1640//1742 1635//1742
f  1635//778 1640//778 1641//778
f  1635//1743 1641//1743 1642//1743
f  1642//1744 1641//1744 1596//1744
f  1642//1745 1596//1745 1600//1745
f  1637//1746 1643//1746 1640//1746
f  1640//1747 1643//1747 1644//1747
f  1640//1748 1644//1748 1641//1748
f  1641//1749 1644//1749 1645//1749
f  1641//1750 1645//1750 1596//1750
f  1596//1751 1645//1751 1598//1751
f  1643//1752 1646//1752 1644//1752
f  1644//1753 1646//1753 1647//1753
f  1644//1754 1647//1754 1645//1754
f  1645//1755 1647//1755 1648//1755
f  1645//1756 1648//1756 1598//1756
f  1598//1757 1648//1757 1589//1757
f  1649//1758 1591//1758 1589//1758
f  1649//1759 1589//1759 1650//1759
f  1650//1760 1589//1760 1648//1760
f  1650//1761 1648//1761 1651//1761
f  1651//1762 1648//1762 1647//1762
f  1651//1763 1647//1763 1652//1763
f  1652//1764 1647//1764 1653//1764
f  1653//1765 1647//1765 1646//1765
f  1653//1766 1646//1766 1654//1766
f  1652//1767 1653//1767 1655//1767
f  1653//1768 1654//1768 1656//1768
f  1653//1769 1656//1769 1655//1769
f  1655//1770 1656//1770 1657//1770
f  1655//1771 1657//1771 1658//1771
f  1658//1772 1659//1772 1655//1772
f  1655//1773 1659//1773 1660//1773
f  1655//1774 1660//1774 1652//1774
f  1661//1775 1650//1775 1660//1775
f  1660//1776 1650//1776 1651//1776
f  1660//1777 1651//1777 1652//1777
f  1662//1778 1591//1778 1661//1778
f  1661//1779 1591//1779 1649//1779
f  1661//1780 1649//1780 1650//1780
f  1659//1781 1663//1781 1660//1781
f  1660//1782 1663//1782 1664//1782
f  1660//1783 1664//1783 1661//1783
f  1661//1784 1664//1784 1665//1784
f  1661//1785 1665//1785 1662//1785
f  1662//1786 1665//1786 1666//1786
f  1608//1787 1667//1787 1609//1787
f  1609//1788 1667//1788 1668//1788
f  1609//1789 1668//1789 1610//1789
f  1610//1790 1668//1790 1613//1790
f  1613//1791 1668//1791 1669//1791
f  1613//1792 1669//1792 1614//1792
f  1614//1793 1669//1793 1616//1793
f  1616//1794 1669//1794 1670//1794
f  1616//1795 1670//1795 1617//1795
f  1667//1796 1671//1796 1668//1796
f  1668//1797 1671//1797 1672//1797
f  1668//1798 1672//1798 1669//1798
f  1669//1799 1672//1799 1673//1799
f  1669//1800 1673//1800 1670//1800
f  1670//1801 1673//1801 1674//1801
f  1590//1802 1591//1802 1662//1802
f  1590//1802 1662//1802 1675//1802
f  1675//1803 1662//1803 1666//1803
f  1675//1803 1666//1803 1676//1803
f  1677//1804 1671//1804 1678//1804
f  1678//1804 1671//1804 1667//1804
f  1678//1805 1667//1805 1607//1805
f  1607//1805 1667//1805 1608//1805
f  1675//1806 1676//1806 1679//1806
f  1590//1807 1675//1807 1680//1807
f  1680//1808 1675//1808 1681//1808
f  1680//1809 1681//1809 1682//1809
f  1682//1810 1681//1810 1683//1810
f  1683//1811 1681//1811 1684//1811
f  1683//1812 1684//1812 1685//1812
f  1685//1813 1684//1813 1686//1813
f  1686//1814 1684//1814 1687//1814
f  1686//1815 1687//1815 1688//1815
f  1675//1816 1679//1816 1681//1816
f  1681//1817 1679//1817 1689//1817
f  1681//1818 1689//1818 1684//1818
f  1684//1819 1689//1819 1690//1819
f  1684//1820 1690//1820 1687//1820
f  1588//1821 1590//1821 1691//1821
f  1691//1822 1590//1822 1680//1822
f  1691//1823 1680//1823 1692//1823
f  1692//1824 1680//1824 1682//1824
f  1692//1825 1682//1825 1693//1825
f  1693//1825 1682//1825 1683//1825
f  1693//1826 1683//1826 1694//1826
f  1694//1826 1683//1826 1685//1826
f  1694//1827 1685//1827 1695//1827
f  1695//1827 1685//1827 1686//1827
f  1695//1828 1686//1828 1696//1828
f  1696//1828 1686//1828 1688//1828
f  1697//1829 1597//1829 1599//1829
f  1698//1830 1699//1830 1692//1830
f  1692//1831 1699//1831 1697//1831
f  1692//1832 1697//1832 1691//1832
f  1691//1833 1697//1833 1599//1833
f  1691//1834 1599//1834 1588//1834
f  1692//1835 1693//1835 1698//1835
f  1698//1836 1693//1836 1694//1836
f  1698//1837 1694//1837 1700//1837
f  1700//1838 1694//1838 1695//1838
f  1700//1839 1695//1839 1701//1839
f  1701//1840 1695//1840 1696//1840
f  1701//1841 1696//1841 1702//1841
f  1634//1842 1639//1842 1638//1842
f  1597//1843 1601//1843 1595//1843
f  1595//1843 1601//1843 1593//1843
f  1595//1844 1593//1844 1600//1844
f  1699//1845 1698//1845 1697//1845
f  1697//1846 1698//1846 1703//1846
f  1697//1847 1703//1847 1597//1847
f  1597//1848 1703//1848 1704//1848
f  1597//1849 1704//1849 1601//1849
f  1700//1850 1701//1850 1698//1850
f  1698//1851 1701//1851 1702//1851
f  1698//1852 1702//1852 1705//1852
f  1705//1853 1702//1853 1706//1853
f  1705//1854 1706//1854 1707//1854
f  1707//1855 1708//1855 1705//1855
f  1705//1856 1708//1856 1709//1856
f  1705//1857 1709//1857 1698//1857
f  1698//1858 1709//1858 1710//1858
f  1698//1859 1710//1859 1703//1859
f  1593//1844 1592//1844 1600//1844
f  1600//1860 1592//1860 1629//1860
f  1600//1860 1629//1860 1642//1860
f  1642//1861 1629//1861 1630//1861
f  1642//1861 1630//1861 1635//1861
f  1635//1862 1630//1862 1631//1862
f  1635//1863 1631//1863 1632//1863
f  1638//1864 1636//1864 1634//1864
f  1634//1865 1636//1865 1635//1865
f  1634//1866 1635//1866 1633//1866
f  1633//1867 1635//1867 1632//1867
f  1707//1868 1706//1868 1711//1868
f  1710//1869 1709//1869 1712//1869
f  1712//1870 1709//1870 1708//1870
f  1713//1871 1714//1871 1703//1871
f  1703//1872 1714//1872 1704//1872
f  1715//1873 1716//1873 1711//1873
f  1711//1874 1716//1874 1712//1874
f  1711//1875 1712//1875 1707//1875
f  1707//1876 1712//1876 1708//1876
f  1716//1877 1717//1877 1712//1877
f  1712//1878 1717//1878 1713//1878
f  1712//1879 1713//1879 1710//1879
f  1710//1880 1713//1880 1703//1880
f  1717//1881 1718//1881 1713//1881
f  1713//1882 1718//1882 1719//1882
f  1713//1883 1719//1883 1714//1883
f  1714//1884 1719//1884 1720//1884
f  1714//1885 1720//1885 1603//1885
f  1601//1886 1704//1886 1606//1886
f  1606//1887 1704//1887 1714//1887
f  1606//1888 1714//1888 1605//1888
f  1605//1889 1714//1889 1603//1889
f  1603//1890 1720//1890 1607//1890
f  1607//1891 1720//1891 1721//1891
f  1720//1892 1719//1892 1721//1892
f  1721//1893 1719//1893 1718//1893
f  1721//1894 1718//1894 1722//1894
f  1722//1895 1718//1895 1717//1895
f  1722//1896 1717//1896 1723//1896
f  1723//1897 1717//1897 1716//1897
f  1723//1898 1716//1898 1715//1898
f  1724//1899 1725//1899 1726//1899
f  1723//1900 1724//1900 1727//1900
f  1723//1901 1727//1901 1722//1901
f  1722//1902 1727//1902 1728//1902
f  1722//1903 1728//1903 1721//1903
f  1721//1904 1728//1904 1678//1904
f  1721//1905 1678//1905 1607//1905
f  1724//1906 1726//1906 1727//1906
f  1727//1907 1726//1907 1729//1907
f  1727//1908 1729//1908 1728//1908
f  1728//1909 1729//1909 1677//1909
f  1728//1910 1677//1910 1678//1910
f  1730//337 1676//337 1731//337
f  1731//337 1676//337 1666//337
f  1666//1911 1665//1911 1731//1911
f  1731//1912 1665//1912 1732//1912
f  1665//1913 1664//1913 1732//1913
f  1732//1914 1664//1914 1663//1914
f  1732//1915 1663//1915 1733//1915
f  1733//1916 1663//1916 1659//1916
f  1733//1917 1659//1917 1734//1917
f  1734//1918 1659//1918 1658//1918
f  1734//1919 1658//1919 1657//1919
f  1706//324 1702//324 1711//324
f  1711//324 1702//324 1696//324
f  1735//324 1736//324 1690//324
f  1690//324 1736//324 1725//324
f  1690//324 1725//324 1687//324
f  1687//324 1725//324 1724//324
f  1687//324 1724//324 1688//324
f  1688//324 1724//324 1723//324
f  1688//324 1723//324 1696//324
f  1696//324 1723//324 1715//324
f  1696//324 1715//324 1711//324
f  1671//328 1677//328 1737//328
f  1737//328 1677//328 1738//328
f  1671//1920 1737//1920 1739//1920
f  1671//1920 1739//1920 1672//1920
f  1672//1921 1739//1921 1740//1921
f  1672//1921 1740//1921 1673//1921
f  1673//1922 1740//1922 1741//1922
f  1673//1922 1741//1922 1674//1922
f  1738//1923 1677//1923 1742//1923
f  1742//1923 1677//1923 1729//1923
f  1742//1924 1729//1924 1743//1924
f  1743//1924 1729//1924 1726//1924
f  1743//1925 1726//1925 1736//1925
f  1736//1925 1726//1925 1725//1925
f  1676//1926 1730//1926 1679//1926
f  1679//1926 1730//1926 1744//1926
f  1679//1927 1744//1927 1689//1927
f  1689//1927 1744//1927 1745//1927
f  1689//1928 1745//1928 1690//1928
f  1690//1928 1745//1928 1735//1928
f  1639//1116 1634//1116 1637//1116
f  1637//1116 1634//1116 1627//1116
f  1637//1116 1627//1116 1643//1116
f  1643//1116 1627//1116 1626//1116
f  1643//1116 1626//1116 1646//1116
f  1646//1116 1626//1116 1618//1116
f  1646//1116 1618//1116 1654//1116
f  1654//1116 1618//1116 1617//1116
f  1654//1116 1617//1116 1656//1116
f  1656//1116 1617//1116 1670//1116
f  1656//1116 1670//1116 1657//1116
f  1657//1116 1670//1116 1674//1116
f  1657//1116 1674//1116 1734//1116
f  1734//1116 1674//1116 1741//1116
f  1741//75 1740//75 1734//75
f  1734//75 1740//75 1739//75
f  1734//75 1739//75 1733//75
f  1738//75 1730//75 1737//75
f  1737//75 1730//75 1731//75
f  1737//75 1731//75 1739//75
f  1739//75 1731//75 1732//75
f  1739//75 1732//75 1733//75
f  1745//75 1744//75 1735//75
f  1735//75 1744//75 1730//75
f  1735//75 1730//75 1736//75
f  1736//75 1730//75 1738//75
f  1736//75 1738//75 1743//75
f  1743//75 1738//75 1742//75
f  1746//1652 1747//1652 1748//1652
f  1748//1652 1747//1652 1749//1652
f  1750//75 1751//75 1752//75
f  1753//1929 1754//1929 1755//1929
f  1755//1930 1754//1930 1756//1930
f  1755//1931 1756//1931 1757//1931
f  1747//1932 1746//1932 1756//1932
f  1756//1933 1746//1933 1758//1933
f  1756//1934 1758//1934 1757//1934
f  1753//320 1759//320 1754//320
f  1760//1935 1761//1935 1762//1935
f  1762//1936 1761//1936 1763//1936
f  1762//1937 1763//1937 1764//1937
f  1764//1938 1763//1938 1751//1938
f  1764//1939 1751//1939 1750//1939
f  1765//1940 1766//1940 1760//1940
f  1760//1940 1766//1940 1761//1940
f  1761//1941 1766//1941 1767//1941
f  1768//1942 1769//1942 1767//1942
f  1767//1943 1769//1943 1770//1943
f  1767//1944 1770//1944 1761//1944
f  1771//1945 1772//1945 1768//1945
f  1768//1946 1772//1946 1773//1946
f  1768//1946 1773//1946 1769//1946
f  1768//1947 1774//1947 1771//1947
f  1771//1948 1774//1948 1775//1948
f  1771//1949 1775//1949 1776//1949
f  1776//1950 1777//1950 1771//1950
f  1771//1951 1777//1951 1778//1951
f  1771//1952 1778//1952 1772//1952
f  1772//1953 1778//1953 1773//1953
f  1773//1954 1778//1954 1779//1954
f  1773//1955 1779//1955 1769//1955
f  1769//1956 1779//1956 1770//1956
f  1770//1957 1779//1957 1763//1957
f  1770//1958 1763//1958 1761//1958
f  1777//1959 1780//1959 1778//1959
f  1778//1960 1780//1960 1781//1960
f  1778//1961 1781//1961 1779//1961
f  1779//1962 1781//1962 1782//1962
f  1779//1963 1782//1963 1763//1963
f  1763//1964 1782//1964 1751//1964
f  1781//1965 1783//1965 1782//1965
f  1782//1966 1783//1966 1752//1966
f  1782//1967 1752//1967 1751//1967
f  1780//1968 1784//1968 1785//1968
f  1785//1969 1786//1969 1780//1969
f  1780//1970 1786//1970 1787//1970
f  1780//1971 1787//1971 1781//1971
f  1781//1972 1787//1972 1788//1972
f  1781//1973 1788//1973 1783//1973
f  1789//1974 1790//1974 1791//1974
f  1791//1975 1790//1975 1792//1975
f  1791//1976 1792//1976 1793//1976
f  1791//1977 1794//1977 1789//1977
f  1789//1978 1794//1978 1795//1978
f  1789//1979 1795//1979 1796//1979
f  1796//1980 1795//1980 1754//1980
f  1796//1727 1754//1727 1759//1727
f  1747//1981 1756//1981 1797//1981
f  1797//1982 1756//1982 1798//1982
f  1797//1983 1798//1983 1799//1983
f  1799//1984 1798//1984 1800//1984
f  1800//1985 1798//1985 1801//1985
f  1800//1986 1801//1986 1802//1986
f  1802//1987 1801//1987 1803//1987
f  1803//1988 1801//1988 1804//1988
f  1803//1989 1804//1989 1805//1989
f  1756//1990 1754//1990 1798//1990
f  1798//1991 1754//1991 1795//1991
f  1798//1992 1795//1992 1801//1992
f  1801//1993 1795//1993 1794//1993
f  1801//1994 1794//1994 1804//1994
f  1804//1995 1794//1995 1791//1995
f  1747//1996 1797//1996 1749//1996
f  1749//1996 1797//1996 1806//1996
f  1806//1997 1797//1997 1807//1997
f  1807//1997 1797//1997 1799//1997
f  1807//1998 1799//1998 1808//1998
f  1808//1998 1799//1998 1800//1998
f  1808//1999 1800//1999 1809//1999
f  1809//1999 1800//1999 1802//1999
f  1809//2000 1802//2000 1810//2000
f  1802//2000 1803//2000 1810//2000
f  1810//2001 1803//2001 1805//2001
f  1810//2001 1805//2001 1811//2001
f  1812//2002 1813//2002 1814//2002
f  1814//2003 1813//2003 1815//2003
f  1814//2004 1815//2004 1816//2004
f  1816//2005 1815//2005 1817//2005
f  1818//2006 1819//2006 1817//2006
f  1817//2007 1819//2007 1820//2007
f  1817//2008 1820//2008 1816//2008
f  1821//2009 1822//2009 1818//2009
f  1818//2010 1822//2010 1823//2010
f  1818//2011 1823//2011 1819//2011
f  1813//2012 1775//2012 1815//2012
f  1815//2013 1775//2013 1774//2013
f  1815//2014 1774//2014 1817//2014
f  1817//2015 1774//2015 1768//2015
f  1817//2016 1768//2016 1818//2016
f  1818//2017 1768//2017 1767//2017
f  1818//2018 1767//2018 1821//2018
f  1821//2019 1767//2019 1766//2019
f  1749//2020 1806//2020 1824//2020
f  1824//2021 1806//2021 1825//2021
f  1806//2022 1807//2022 1825//2022
f  1825//2023 1807//2023 1808//2023
f  1825//2024 1808//2024 1826//2024
f  1827//2025 1824//2025 1828//2025
f  1828//2026 1824//2026 1825//2026
f  1828//2027 1825//2027 1829//2027
f  1829//2028 1825//2028 1826//2028
f  1829//2029 1826//2029 1830//2029
f  1830//2030 1826//2030 1831//2030
f  1811//2031 1831//2031 1810//2031
f  1810//2032 1831//2032 1826//2032
f  1810//2033 1826//2033 1809//2033
f  1809//2034 1826//2034 1808//2034
f  1832//2035 1822//2035 1821//2035
f  1832//2035 1821//2035 1833//2035
f  1833//2036 1821//2036 1766//2036
f  1833//2036 1766//2036 1765//2036
f  1748//2037 1749//2037 1834//2037
f  1834//2037 1749//2037 1824//2037
f  1834//2038 1824//2038 1835//2038
f  1835//2038 1824//2038 1827//2038
f  1836//2039 1837//2039 1838//2039
f  1839//2040 1836//2040 1840//2040
f  1839//2041 1840//2041 1841//2041
f  1841//2042 1840//2042 1842//2042
f  1841//2043 1842//2043 1843//2043
f  1843//2044 1842//2044 1834//2044
f  1843//2045 1834//2045 1835//2045
f  1836//2046 1838//2046 1840//2046
f  1840//2047 1838//2047 1844//2047
f  1840//2048 1844//2048 1842//2048
f  1842//2049 1844//2049 1748//2049
f  1842//2050 1748//2050 1834//2050
f  1845//2051 1746//2051 1748//2051
f  1845//2052 1748//2052 1846//2052
f  1846//2053 1748//2053 1844//2053
f  1846//2054 1844//2054 1847//2054
f  1847//2055 1844//2055 1838//2055
f  1847//2056 1838//2056 1848//2056
f  1848//2057 1838//2057 1849//2057
f  1849//2058 1838//2058 1837//2058
f  1849//2059 1837//2059 1850//2059
f  1757//2060 1758//2060 1851//2060
f  1851//2061 1852//2061 1853//2061
f  1755//2062 1757//2062 1854//2062
f  1854//2063 1757//2063 1851//2063
f  1854//2064 1851//2064 1855//2064
f  1855//2065 1851//2065 1853//2065
f  1856//2066 1857//2066 1858//2066
f  1858//2067 1857//2067 1859//2067
f  1858//2068 1859//2068 1852//2068
f  1852//2069 1859//2069 1860//2069
f  1852//2070 1860//2070 1853//2070
f  1849//2071 1850//2071 1858//2071
f  1858//2072 1850//2072 1861//2072
f  1858//2073 1861//2073 1856//2073
f  1849//2074 1858//2074 1848//2074
f  1848//2075 1858//2075 1852//2075
f  1848//2076 1852//2076 1847//2076
f  1847//2077 1852//2077 1846//2077
f  1846//2078 1852//2078 1851//2078
f  1846//2079 1851//2079 1845//2079
f  1845//2080 1851//2080 1758//2080
f  1845//2081 1758//2081 1746//2081
f  1784//2082 1793//2082 1792//2082
f  1862//2083 1863//2083 1864//2083
f  1865//2084 1866//2084 1862//2084
f  1862//2085 1866//2085 1863//2085
f  1857//2086 1856//2086 1864//2086
f  1864//2087 1856//2087 1867//2087
f  1864//2088 1867//2088 1862//2088
f  1862//2089 1867//2089 1868//2089
f  1862//2090 1868//2090 1865//2090
f  1869//2091 1870//2091 1860//2091
f  1857//2092 1864//2092 1859//2092
f  1859//2093 1864//2093 1863//2093
f  1859//2094 1863//2094 1860//2094
f  1860//2095 1863//2095 1871//2095
f  1860//2096 1871//2096 1869//2096
f  1854//2097 1855//2097 1750//2097
f  1750//2098 1855//2098 1853//2098
f  1750//2099 1853//2099 1764//2099
f  1764//2100 1853//2100 1860//2100
f  1764//2101 1860//2101 1762//2101
f  1762//2102 1860//2102 1870//2102
f  1759//2103 1753//2103 1750//2103
f  1750//2104 1753//2104 1755//2104
f  1750//2105 1755//2105 1854//2105
f  1750//2103 1752//2103 1759//2103
f  1759//2106 1752//2106 1783//2106
f  1759//2106 1783//2106 1796//2106
f  1796//2107 1783//2107 1788//2107
f  1796//2107 1788//2107 1789//2107
f  1789//2108 1788//2108 1787//2108
f  1789//2109 1787//2109 1786//2109
f  1792//2110 1790//2110 1784//2110
f  1784//2111 1790//2111 1789//2111
f  1784//2112 1789//2112 1785//2112
f  1785//2113 1789//2113 1786//2113
f  1863//2114 1866//2114 1872//2114
f  1872//2115 1866//2115 1865//2115
f  1872//2116 1865//2116 1873//2116
f  1873//2117 1865//2117 1868//2117
f  1873//2118 1868//2118 1867//2118
f  1863//2119 1872//2119 1871//2119
f  1871//2120 1872//2120 1874//2120
f  1871//2121 1874//2121 1869//2121
f  1869//2122 1874//2122 1870//2122
f  1870//2123 1874//2123 1760//2123
f  1870//2124 1760//2124 1762//2124
f  1765//2125 1760//2125 1875//2125
f  1875//2125 1760//2125 1874//2125
f  1875//2126 1874//2126 1876//2126
f  1876//2126 1874//2126 1872//2126
f  1876//2127 1872//2127 1877//2127
f  1877//2127 1872//2127 1873//2127
f  1833//2128 1765//2128 1875//2128
f  1832//2129 1833//2129 1878//2129
f  1832//2130 1878//2130 1879//2130
f  1879//2131 1878//2131 1880//2131
f  1879//2132 1880//2132 1881//2132
f  1881//2133 1880//2133 1882//2133
f  1881//2134 1882//2134 1883//2134
f  1833//2135 1875//2135 1878//2135
f  1878//2136 1875//2136 1876//2136
f  1878//2137 1876//2137 1880//2137
f  1880//2138 1876//2138 1877//2138
f  1880//2139 1877//2139 1882//2139
f  1835//337 1827//337 1884//337
f  1884//337 1827//337 1885//337
f  1885//2140 1827//2140 1828//2140
f  1885//2140 1828//2140 1886//2140
f  1886//2141 1828//2141 1829//2141
f  1886//2141 1829//2141 1887//2141
f  1887//2142 1829//2142 1830//2142
f  1887//2142 1830//2142 1888//2142
f  1889//324 1890//324 1839//324
f  1839//324 1890//324 1883//324
f  1839//324 1883//324 1836//324
f  1836//324 1883//324 1882//324
f  1836//324 1882//324 1837//324
f  1837//324 1882//324 1877//324
f  1837//324 1877//324 1850//324
f  1850//324 1877//324 1873//324
f  1850//324 1873//324 1861//324
f  1861//324 1873//324 1867//324
f  1861//324 1867//324 1856//324
f  1835//1926 1884//1926 1843//1926
f  1843//1926 1884//1926 1891//1926
f  1843//1927 1891//1927 1841//1927
f  1841//1927 1891//1927 1892//1927
f  1841//1928 1892//1928 1839//1928
f  1839//1928 1892//1928 1889//1928
f  1893//328 1822//328 1894//328
f  1894//328 1822//328 1832//328
f  1823//2143 1822//2143 1893//2143
f  1823//2144 1893//2144 1819//2144
f  1819//2145 1893//2145 1895//2145
f  1819//2146 1895//2146 1820//2146
f  1820//2147 1895//2147 1816//2147
f  1816//2148 1895//2148 1896//2148
f  1816//2149 1896//2149 1814//2149
f  1814//2150 1896//2150 1897//2150
f  1814//2151 1897//2151 1812//2151
f  1894//1923 1832//1923 1898//1923
f  1898//1923 1832//1923 1879//1923
f  1898//1924 1879//1924 1899//1924
f  1899//1924 1879//1924 1881//1924
f  1899//1925 1881//1925 1890//1925
f  1890//1925 1881//1925 1883//1925
f  1897//1116 1888//1116 1812//1116
f  1812//1116 1888//1116 1830//1116
f  1812//1116 1830//1116 1813//1116
f  1813//1116 1830//1116 1831//1116
f  1813//1116 1831//1116 1775//1116
f  1775//1116 1831//1116 1811//1116
f  1775//1116 1811//1116 1776//1116
f  1776//1116 1811//1116 1805//1116
f  1776//1116 1805//1116 1777//1116
f  1777//1116 1805//1116 1804//1116
f  1777//1116 1804//1116 1780//1116
f  1780//1116 1804//1116 1791//1116
f  1780//1116 1791//1116 1784//1116
f  1784//1116 1791//1116 1793//1116
f  1886//75 1895//75 1893//75
f  1897//75 1896//75 1888//75
f  1888//75 1896//75 1895//75
f  1888//75 1895//75 1887//75
f  1887//75 1895//75 1886//75
f  1894//75 1884//75 1893//75
f  1893//75 1884//75 1885//75
f  1893//75 1885//75 1886//75
f  1892//75 1891//75 1889//75
f  1889//75 1891//75 1884//75
f  1889//75 1884//75 1890//75
f  1890//75 1884//75 1894//75
f  1890//75 1894//75 1899//75
f  1899//75 1894//75 1898//75
f  1900//75 1901//75 1902//75
f  1902//75 1901//75 1903//75
f  1902//75 1903//75 1904//75
f  1904//75 1903//75 1905//75
f  1906//2152 1907//2152 1908//2152
f  1908//2152 1907//2152 1909//2152
f  1908//2153 1909//2153 1910//2153
f  1910//2153 1909//2153 1911//2153
f  1912//320 1913//320 1914//320
f  1915//2154 1916//2154 1917//2154
f  1915//2154 1917//2154 1918//2154
f  1918//2155 1917//2155 1914//2155
f  1918//2155 1914//2155 1913//2155
f  1919//2156 1907//2156 1920//2156
f  1920//1698 1907//1698 1906//1698
f  1920//1698 1906//1698 1915//1698
f  1915//1698 1906//1698 1916//1698
f  1921//1698 1922//1698 1923//1698
f  1924//2157 1925//2157 1926//2157
f  1926//2158 1925//2158 1927//2158
f  1926//2159 1927//2159 1928//2159
f  1928//2160 1927//2160 1929//2160
f  1929//2161 1927//2161 1922//2161
f  1929//2162 1922//2162 1921//2162
f  1930//328 1925//328 1931//328
f  1931//328 1925//328 1924//328
f  1920//2163 1915//2163 1905//2163
f  1915//2164 1918//2164 1905//2164
f  1905//2165 1918//2165 1913//2165
f  1905//2166 1913//2166 1912//2166
f  1921//2167 1923//2167 1919//2167
f  1926//2168 1928//2168 1919//2168
f  1919//2169 1928//2169 1929//2169
f  1919//2170 1929//2170 1921//2170
f  1901//2171 1932//2171 1903//2171
f  1903//2172 1932//2172 1933//2172
f  1903//2173 1933//2173 1931//2173
f  1905//2174 1903//2174 1920//2174
f  1920//2175 1903//2175 1931//2175
f  1920//2176 1931//2176 1919//2176
f  1919//2177 1931//2177 1924//2177
f  1919//2178 1924//2178 1926//2178
f  1934//1116 1900//1116 1902//1116
f  1919//1116 1923//1116 1907//1116
f  1907//1116 1923//1116 1922//1116
f  1907//1116 1922//1116 1909//1116
f  1909//1116 1922//1116 1927//1116
f  1909//1116 1927//1116 1911//1116
f  1911//1116 1927//1116 1925//1116
f  1911//1116 1925//1116 1902//1116
f  1902//1116 1925//1116 1930//1116
f  1902//1116 1930//1116 1934//1116
f  1900//2179 1934//2179 1901//2179
f  1901//2179 1934//2179 1932//2179
f  1932//2180 1934//2180 1933//2180
f  1933//2181 1934//2181 1930//2181
f  1933//2182 1930//2182 1931//2182
f  1910//328 1911//328 1904//328
f  1904//328 1911//328 1902//328
f  1910//1116 1904//1116 1905//1116
f  1914//1116 1917//1116 1916//1116
f  1912//1116 1914//1116 1905//1116
f  1905//1116 1914//1116 1916//1116
f  1905//1116 1916//1116 1910//1116
f  1910//1116 1916//1116 1906//1116
f  1910//1116 1906//1116 1908//1116
f  1935//1116 1936//1116 1937//1116
f  1937//1116 1936//1116 1938//1116
f  1937//1116 1938//1116 1939//1116
f  1940//1116 1941//1116 1937//1116
f  1937//1116 1941//1116 1942//1116
f  1937//1116 1942//1116 1935//1116
f  1943//1116 1944//1116 1937//1116
f  1937//1116 1944//1116 1945//1116
f  1937//1116 1945//1116 1940//1116
f  1939//1116 1946//1116 1937//1116
f  1937//1116 1946//1116 1947//1116
f  1937//1116 1947//1116 1943//1116
f  1948//2183 1949//2183 1950//2183
f  1951//2184 1949//2184 1948//2184
f  1948//2185 1952//2185 1953//2185
f  1954//2186 1952//2186 1948//2186
f  1950//2187 1954//2187 1948//2187
f  1948//2188 1955//2188 1956//2188
f  1957//2189 1955//2189 1948//2189
f  1953//2190 1957//2190 1948//2190
f  1948//2191 1958//2191 1959//2191
f  1960//2192 1958//2192 1948//2192
f  1956//2193 1960//2193 1948//2193
f  1959//2194 1951//2194 1948//2194
f  1951//2195 1938//2195 1949//2195
f  1949//2195 1938//2195 1936//2195
f  1949//2196 1936//2196 1950//2196
f  1950//2196 1936//2196 1935//2196
f  1950//2197 1935//2197 1954//2197
f  1954//2197 1935//2197 1942//2197
f  1954//2198 1942//2198 1952//2198
f  1952//2198 1942//2198 1941//2198
f  1952//2199 1941//2199 1953//2199
f  1953//2199 1941//2199 1940//2199
f  1953//2200 1940//2200 1957//2200
f  1957//2200 1940//2200 1945//2200
f  1957//2201 1945//2201 1955//2201
f  1955//2201 1945//2201 1944//2201
f  1955//2202 1944//2202 1956//2202
f  1956//2202 1944//2202 1943//2202
f  1956//2203 1943//2203 1960//2203
f  1960//2203 1943//2203 1947//2203
f  1960//2204 1947//2204 1958//2204
f  1958//2204 1947//2204 1946//2204
f  1958//2205 1946//2205 1959//2205
f  1959//2205 1946//2205 1939//2205
f  1959//2206 1939//2206 1951//2206
f  1951//2206 1939//2206 1938//2206
f  1961//1116 1962//1116 1963//1116
f  1963//1116 1962//1116 1964//1116
f  1963//1116 1964//1116 1965//1116
f  1966//1116 1967//1116 1963//1116
f  1963//1116 1967//1116 1968//1116
f  1963//1116 1968//1116 1961//1116
f  1969//1116 1970//1116 1963//1116
f  1963//1116 1970//1116 1971//1116
f  1963//1116 1971//1116 1966//1116
f  1965//1116 1972//1116 1963//1116
f  1963//1116 1972//1116 1973//1116
f  1963//1116 1973//1116 1969//1116
f  1974//2183 1975//2183 1976//2183
f  1977//2184 1975//2184 1974//2184
f  1974//2185 1978//2185 1979//2185
f  1980//2186 1978//2186 1974//2186
f  1976//2187 1980//2187 1974//2187
f  1974//2188 1981//2188 1982//2188
f  1983//2189 1981//2189 1974//2189
f  1979//2190 1983//2190 1974//2190
f  1974//2191 1984//2191 1985//2191
f  1986//2192 1984//2192 1974//2192
f  1982//2193 1986//2193 1974//2193
f  1985//2194 1977//2194 1974//2194
f  1977//2195 1964//2195 1975//2195
f  1975//2195 1964//2195 1962//2195
f  1975//2196 1962//2196 1976//2196
f  1976//2196 1962//2196 1961//2196
f  1976//2197 1961//2197 1980//2197
f  1980//2197 1961//2197 1968//2197
f  1980//2198 1968//2198 1978//2198
f  1978//2198 1968//2198 1967//2198
f  1978//2199 1967//2199 1979//2199
f  1979//2199 1967//2199 1966//2199
f  1979//2200 1966//2200 1983//2200
f  1983//2200 1966//2200 1971//2200
f  1983//2201 1971//2201 1981//2201
f  1981//2201 1971//2201 1970//2201
f  1981//2202 1970//2202 1982//2202
f  1982//2202 1970//2202 1969//2202
f  1982//2203 1969//2203 1986//2203
f  1986//2203 1969//2203 1973//2203
f  1986//2204 1973//2204 1984//2204
f  1984//2204 1973//2204 1972//2204
f  1984//2205 1972//2205 1985//2205
f  1985//2205 1972//2205 1965//2205
f  1985//2206 1965//2206 1977//2206
f  1977//2206 1965//2206 1964//2206
f  1987//2207 1988//2207 1989//2207
f  1989//2208 1990//2208 1987//2208
f  1987//2209 1990//2209 1991//2209
f  1987//2210 1991//2210 1992//2210
f  1991//2211 1993//2211 1992//2211
f  1992//2212 1993//2212 1994//2212
f  1992//2213 1994//2213 1995//2213
f  1994//2214 1996//2214 1995//2214
f  1995//2215 1996//2215 1997//2215
f  1995//2216 1997//2216 1998//2216
f  1997//2217 1999//2217 1998//2217
f  1998//2218 1999//2218 2000//2218
f  1998//2219 2000//2219 2001//2219
f  2001//2220 2000//2220 2002//2220
f  2002//2221 2003//2221 2001//2221
f  2001//2222 2003//2222 2004//2222
f  2001//2223 2004//2223 2005//2223
f  2005//2224 2004//2224 2006//2224
f  2005//2225 2006//2225 2007//2225
f  2007//2226 2006//2226 2008//2226
f  2008//2227 2009//2227 2007//2227
f  2007//2228 2009//2228 2010//2228
f  2007//2229 2010//2229 2011//2229
f  2010//2230 2012//2230 2011//2230
f  2011//2231 2012//2231 2013//2231
f  2011//2232 2013//2232 2014//2232
f  2013//2233 2015//2233 2014//2233
f  2014//2234 2015//2234 2016//2234
f  2014//2235 2016//2235 2017//2235
f  2017//2236 2016//2236 2018//2236
f  2017//1 2018//1 2019//1
f  2018//2237 2020//2237 2019//2237
f  2019//2238 2020//2238 2021//2238
f  2019//2239 2021//2239 2022//2239
f  2021//2240 2023//2240 2022//2240
f  2022//2241 2023//2241 2024//2241
f  2022//2242 2024//2242 2025//2242
f  2024//2243 2026//2243 2025//2243
f  2025//2244 2026//2244 2027//2244
f  2025//2245 2027//2245 2028//2245
f  2028//2246 2027//2246 2029//2246
f  2029//2247 2030//2247 2028//2247
f  2028//2248 2030//2248 2031//2248
f  2028//2249 2031//2249 2032//2249
f  2031//2250 2033//2250 2032//2250
f  2032//2251 2033//2251 2034//2251
f  2032//2252 2034//2252 2035//2252
f  2035//2253 2034//2253 2036//2253
f  2035//2254 2036//2254 2037//2254
f  2036//2255 2038//2255 2037//2255
f  2037//2256 2038//2256 2039//2256
f  2037//2257 2039//2257 2040//2257
f  2039//2258 2041//2258 2040//2258
f  2040//2259 2041//2259 2042//2259
f  2040//2260 2042//2260 2043//2260
f  2042//2261 2044//2261 2043//2261
f  2043//2262 2044//2262 2045//2262
f  2043//2263 2045//2263 2046//2263
f  2046//2264 2045//2264 2047//2264
f  2047//2265 2048//2265 2046//2265
f  2046//2266 2048//2266 2049//2266
f  2046//2267 2049//2267 2050//2267
f  2049//2268 2051//2268 2050//2268
f  2050//2269 2051//2269 2052//2269
f  2050//2270 2052//2270 2053//2270
f  2053//2271 2052//2271 2054//2271
f  2053//2272 2054//2272 2055//2272
f  2055//2273 2054//2273 2056//2273
f  2056//2274 2057//2274 2055//2274
f  2055//2275 2057//2275 2058//2275
f  2055//2276 2058//2276 2059//2276
f  2058//2277 2060//2277 2059//2277
f  2059//2278 2060//2278 2061//2278
f  2059//2279 2061//2279 2062//2279
f  2062//2280 2061//2280 2063//2280
f  2062//2281 2063//2281 2064//2281
f  2063//2282 2065//2282 2064//2282
f  2064//2283 2065//2283 2066//2283
f  2064//2284 2066//2284 2067//2284
f  2066//2285 2068//2285 2067//2285
f  2067//2286 2068//2286 2069//2286
f  2067//2287 2069//2287 1988//2287
f  1988//2288 2069//2288 2070//2288
f  1988//2289 2070//2289 1989//2289
f  2071//2290 2070//2290 2072//2290
f  2072//2291 2070//2291 2069//2291
f  2072//2292 2069//2292 2073//2292
f  2073//2293 2069//2293 2068//2293
f  2073//2294 2068//2294 2074//2294
f  2074//2295 2068//2295 2066//2295
f  2074//2296 2066//2296 2075//2296
f  2075//2297 2066//2297 2065//2297
f  2075//2298 2065//2298 2076//2298
f  2076//2299 2065//2299 2063//2299
f  2076//2300 2063//2300 2077//2300
f  2077//2301 2063//2301 2061//2301
f  2077//2302 2061//2302 2078//2302
f  2078//2303 2061//2303 2060//2303
f  2078//2304 2060//2304 2079//2304
f  2079//2305 2060//2305 2058//2305
f  2079//2306 2058//2306 2080//2306
f  2080//2307 2058//2307 2057//2307
f  2080//2308 2057//2308 2081//2308
f  2081//2309 2057//2309 2056//2309
f  2081//2310 2056//2310 2082//2310
f  2082//2311 2056//2311 2054//2311
f  2082//2312 2054//2312 2083//2312
f  2083//2313 2054//2313 2052//2313
f  2083//2314 2052//2314 2084//2314
f  2084//2315 2052//2315 2051//2315
f  2084//2316 2051//2316 2085//2316
f  2085//2317 2051//2317 2049//2317
f  2085//2318 2049//2318 2086//2318
f  2086//2319 2049//2319 2048//2319
f  2086//2320 2048//2320 2087//2320
f  2087//2321 2048//2321 2047//2321
f  2087//2322 2047//2322 2088//2322
f  2088//2323 2047//2323 2045//2323
f  2088//2324 2045//2324 2089//2324
f  2089//2325 2045//2325 2044//2325
f  2089//2326 2044//2326 2090//2326
f  2090//2327 2044//2327 2042//2327
f  2090//2328 2042//2328 2091//2328
f  2091//2329 2042//2329 2041//2329
f  2091//2330 2041//2330 2092//2330
f  2092//2331 2041//2331 2039//2331
f  2092//2332 2039//2332 2093//2332
f  2093//2333 2039//2333 2038//2333
f  2093//2334 2038//2334 2094//2334
f  2094//2335 2038//2335 2036//2335
f  2094//2336 2036//2336 2095//2336
f  2095//2337 2036//2337 2034//2337
f  2095//2338 2034//2338 2096//2338
f  2096//2339 2034//2339 2033//2339
f  2096//2340 2033//2340 2097//2340
f  2097//2341 2033//2341 2031//2341
f  2097//2342 2031//2342 2098//2342
f  2098//2343 2031//2343 2030//2343
f  2098//2344 2030//2344 2099//2344
f  2099//2345 2030//2345 2029//2345
f  2099//2346 2029//2346 2100//2346
f  2100//2347 2029//2347 2027//2347
f  2100//2348 2027//2348 2101//2348
f  2101//2349 2027//2349 2026//2349
f  2101//2350 2026//2350 2102//2350
f  2102//2351 2026//2351 2024//2351
f  2102//2352 2024//2352 2103//2352
f  2103//2353 2024//2353 2023//2353
f  2103//2354 2023//2354 2104//2354
f  2104//2355 2023//2355 2021//2355
f  2104//2356 2021//2356 2105//2356
f  2105//2357 2021//2357 2020//2357
f  2105//2358 2020//2358 2106//2358
f  2106//2359 2020//2359 2018//2359
f  2106//2360 2018//2360 2107//2360
f  2107//2361 2018//2361 2016//2361
f  2107//2362 2016//2362 2108//2362
f  2108//2363 2016//2363 2015//2363
f  2108//2364 2015//2364 2109//2364
f  2109//2365 2015//2365 2013//2365
f  2109//2366 2013//2366 2110//2366
f  2110//2367 2013//2367 2012//2367
f  2110//2368 2012//2368 2111//2368
f  2111//2369 2012//2369 2010//2369
f  2111//2370 2010//2370 2112//2370
f  2112//2371 2010//2371 2009//2371
f  2112//2372 2009//2372 2113//2372
f  2113//2373 2009//2373 2008//2373
f  2113//2374 2008//2374 2114//2374
f  2114//2375 2008//2375 2006//2375
f  2114//2376 2006//2376 2115//2376
f  2115//2377 2006//2377 2004//2377
f  2115//2378 2004//2378 2116//2378
f  2116//2379 2004//2379 2003//2379
f  2116//2380 2003//2380 2117//2380
f  2117//2381 2003//2381 2002//2381
f  2117//2382 2002//2382 2118//2382
f  2118//2383 2002//2383 2000//2383
f  2118//2384 2000//2384 2119//2384
f  2119//2385 2000//2385 1999//2385
f  2119//2386 1999//2386 2120//2386
f  2120//2387 1999//2387 1997//2387
f  2120//2388 1997//2388 2121//2388
f  2121//2389 1997//2389 1996//2389
f  2121//2390 1996//2390 2122//2390
f  2122//2391 1996//2391 1994//2391
f  2122//2392 1994//2392 2123//2392
f  2123//2393 1994//2393 1993//2393
f  2123//2394 1993//2394 2124//2394
f  2124//2395 1993//2395 1991//2395
f  2124//2396 1991//2396 2125//2396
f  2125//2397 1991//2397 1990//2397
f  2125//2398 1990//2398 2126//2398
f  2126//2399 1990//2399 1989//2399
f  2126//2400 1989//2400 2071//2400
f  2071//2401 1989//2401 2070//2401
f  1992//75 1995//75 2122//75
f  1998//75 2120//75 1995//75
f  1995//75 2120//75 2121//75
f  1995//75 2121//75 2122//75
f  2001//75 2118//75 1998//75
f  1998//75 2118//75 2119//75
f  1998//75 2119//75 2120//75
f  2114//75 2005//75 2007//75
f  2108//75 2014//75 2017//75
f  2104//75 2019//75 2022//75
f  1988//75 1987//75 2126//75
f  2122//75 2123//75 1992//75
f  1992//75 2123//75 2124//75
f  1992//75 2124//75 1987//75
f  1987//75 2124//75 2125//75
f  1987//75 2125//75 2126//75
f  2114//75 2115//75 2005//75
f  2005//75 2115//75 2116//75
f  2005//75 2116//75 2001//75
f  2001//75 2116//75 2117//75
f  2001//75 2117//75 2118//75
f  2104//75 2105//75 2019//75
f  2019//75 2105//75 2106//75
f  2019//75 2106//75 2017//75
f  2017//75 2106//75 2107//75
f  2017//75 2107//75 2108//75
f  2011//75 2112//75 2007//75
f  2007//75 2112//75 2113//75
f  2007//75 2113//75 2114//75
f  2108//75 2109//75 2014//75
f  2014//75 2109//75 2110//75
f  2014//75 2110//75 2011//75
f  2011//75 2110//75 2111//75
f  2011//75 2111//75 2112//75
f  2094//75 2035//75 2037//75
f  2074//75 2064//75 2067//75
f  2040//75 2092//75 2037//75
f  2037//75 2092//75 2093//75
f  2037//75 2093//75 2094//75
f  2126//75 2071//75 1988//75
f  1988//75 2071//75 2072//75
f  1988//75 2072//75 2067//75
f  2067//75 2072//75 2073//75
f  2067//75 2073//75 2074//75
f  2025//75 2102//75 2022//75
f  2022//75 2102//75 2103//75
f  2022//75 2103//75 2104//75
f  2028//75 2100//75 2025//75
f  2025//75 2100//75 2101//75
f  2025//75 2101//75 2102//75
f  2032//75 2098//75 2028//75
f  2028//75 2098//75 2099//75
f  2028//75 2099//75 2100//75
f  2094//75 2095//75 2035//75
f  2035//75 2095//75 2096//75
f  2035//75 2096//75 2032//75
f  2032//75 2096//75 2097//75
f  2032//75 2097//75 2098//75
f  2043//75 2090//75 2040//75
f  2040//75 2090//75 2091//75
f  2040//75 2091//75 2092//75
f  2086//75 2046//75 2050//75
f  2086//75 2087//75 2046//75
f  2046//75 2087//75 2088//75
f  2046//75 2088//75 2043//75
f  2043//75 2088//75 2089//75
f  2043//75 2089//75 2090//75
f  2053//75 2084//75 2050//75
f  2050//75 2084//75 2085//75
f  2050//75 2085//75 2086//75
f  2055//75 2082//75 2053//75
f  2053//75 2082//75 2083//75
f  2053//75 2083//75 2084//75
f  2059//75 2080//75 2055//75
f  2055//75 2080//75 2081//75
f  2055//75 2081//75 2082//75
f  2062//75 2078//75 2059//75
f  2059//75 2078//75 2079//75
f  2059//75 2079//75 2080//75
f  2074//75 2075//75 2064//75
f  2064//75 2075//75 2076//75
f  2064//75 2076//75 2062//75
f  2062//75 2076//75 2077//75
f  2062//75 2077//75 2078//75

