# File produced by Open Asset Import Library (http://www.assimp.sf.net)
# (assimp v5.2.0)

mtllib forearm_link.mtl

# 4593 vertex positions
v  0.0307500008 0.208425045 -0.00637499988
v  0.0303306095 0.176425055 -0.0114362836
v  0.0303306095 0.208425045 -0.0114362836
v  0.0290838797 0.176425055 -0.0163595099
v  0.0290838797 0.208425045 -0.0163595099
v  0.0270438176 0.176425055 -0.0210103821
v  0.0270438176 0.208425045 -0.0210103821
v  0.0242660698 0.176425055 -0.025262041
v  0.0242660698 0.208425045 -0.025262041
v  0.0208264086 0.176425055 -0.0289985109
v  0.0208264086 0.208425045 -0.0289985109
v  0.0168186557 0.176425055 -0.0321178697
v  0.0168186557 0.208425045 -0.0321178697
v  0.0123521341 0.176425055 -0.0345350318
v  0.0123521341 0.208425045 -0.0345350318
v  0.00754867867 0.176425055 -0.0361840576
v  0.00754867867 0.208425045 -0.0361840576
v  0.0025393148 0.176425055 -0.0370199755
v  0.0025393148 0.208425045 -0.0370199755
v  -0.0025393148 0.176425055 -0.0370199755
v  -0.0025393148 0.208425045 -0.0370199755
v  -0.00754867867 0.176425055 -0.0361840576
v  -0.00754867867 0.208425045 -0.0361840576
v  -0.0123521341 0.176425055 -0.0345350318
v  -0.0123521341 0.208425045 -0.0345350318
v  -0.0168186557 0.176425055 -0.0321178697
v  -0.0168186557 0.208425045 -0.0321178697
v  -0.0208264086 0.176425055 -0.0289985109
v  -0.0208264086 0.208425045 -0.0289985109
v  -0.0242660698 0.176425055 -0.025262041
v  -0.0242660698 0.208425045 -0.025262041
v  -0.0270438176 0.176425055 -0.0210103821
v  -0.0270438176 0.208425045 -0.0210103821
v  -0.0290838797 0.176425055 -0.0163595099
v  -0.0290838797 0.208425045 -0.0163595099
v  -0.0303306095 0.176425055 -0.0114362836
v  -0.0303306095 0.208425045 -0.0114362836
v  -0.0307500008 0.176425055 -0.00637499988
v  -0.0307500008 0.208425045 -0.00637499988
v  -0.0303306095 0.176425055 -0.00131371629
v  -0.0303306095 0.208425045 -0.00131371629
v  -0.0290838797 0.176425055 0.00360950897
v  -0.0290838797 0.208425045 0.00360950897
v  -0.0270438176 0.176425055 0.00826038234
v  -0.0270438176 0.208425045 0.00826038234
v  -0.0242660698 0.176425055 0.0125120413
v  -0.0242660698 0.208425045 0.0125120413
v  -0.0208264086 0.176425055 0.0162485112
v  -0.0208264086 0.208425045 0.0162485112
v  -0.0168186557 0.176425055 0.0193678699
v  -0.0168186557 0.208425045 0.0193678699
v  -0.0123521341 0.176425055 0.0217850301
v  -0.0123521341 0.208425045 0.0217850301
v  -0.00754867867 0.176425055 0.0234340578
v  -0.00754867867 0.208425045 0.0234340578
v  -0.0025393148 0.176425055 0.0242699739
v  -0.0025393148 0.208425045 0.0242699739
v  0.0025393148 0.176425055 0.0242699739
v  0.0025393148 0.208425045 0.0242699739
v  0.00754867867 0.176425055 0.0234340578
v  0.00754867867 0.208425045 0.0234340578
v  0.0123521341 0.176425055 0.0217850301
v  0.0123521341 0.208425045 0.0217850301
v  0.0168186557 0.176425055 0.0193678699
v  0.0168186557 0.208425045 0.0193678699
v  0.0208264086 0.176425055 0.0162485112
v  0.0208264086 0.208425045 0.0162485112
v  0.0242660698 0.176425055 0.0125120413
v  0.0242660698 0.208425045 0.0125120413
v  0.0270438176 0.176425055 0.00826038234
v  0.0270438176 0.208425045 0.00826038234
v  0.0290838797 0.176425055 0.00360950897
v  0.0290838797 0.208425045 0.00360950897
v  0.0303306095 0.176425055 -0.00131371629
v  0.0303306095 0.208425045 -0.00131371629
v  0.0307500008 0.176425055 -0.00637499988
v  -4.42956128e-18 0.176425055 -0.00637499988
v  -5.23399856e-18 0.208425045 -0.00637499988
v  -0.00536897266 0.0441798829 -0.0535685048
v  -1.0613814e-18 0.0440737493 -0.0536960959
v  -4.3383581e-19 0.019171698 -0.0554729737
v  -0.0168247949 0.0430436656 -0.0230386555
v  -0.0172408242 0.0427570529 -0.0220480356
v  -0.00878553558 0.0453952067 -0.0211926978
v  -0.0446321182 0.0105695315 -0.0193750001
v  -0.0425008014 0.0175980292 -0.0193750001
v  -0.0423283949 0.0176599231 -0.0226379316
v  -0.0287076402 -0.0222344529 -0.0499087647
v  -0.0292822067 -0.0255148374 -0.0483226925
v  -0.0347713828 -0.0190180857 -0.0467906371
v  -0.0298271906 -0.0281591825 -0.0463945679
v  -0.0303372964 -0.0300954618 -0.0440980569
v  -0.0359031036 -0.0232391637 -0.0428144
v  6.7552139e-19 -0.0250048861 -0.0541087687
v  8.00827362e-19 -0.0300275683 -0.0530047864
v  -0.00759060681 -0.0292447023 -0.0529787242
v  -0.0159816425 -0.0378401689 -0.0476208031
v  -0.0156546459 -0.034901794 -0.0496943779
v  -0.00795754325 -0.0374033041 -0.0498320647
v  -0.0308072269 -0.0312785394 -0.0414248668
v  -0.0312316846 -0.0318577103 -0.0384943411
v  -0.0368614718 -0.0248851217 -0.0375458188
v  -0.0273610782 -0.0367657095 -0.0193750001
v  -0.0325146019 -0.0325393528 -0.0193750001
v  -0.0323688574 -0.0324677005 -0.0266347528
v  -0.018190654 -0.042183619 -0.0193750001
v  -0.0255439449 -0.0382559262 -0.0193750001
v  -0.0254238341 -0.0381928198 -0.0267958697
v  -0.00797933713 -0.0452149697 -0.0193750001
v  -0.00896555837 -0.0451179408 -0.0193750001
v  -0.00878471136 -0.0449104868 -0.0329168886
v  0.00602403516 0.019501986 -0.0553708151
v  0.0321006998 0.0687317103 -0.0375855789
v  0.0328454636 0.0618962906 -0.0383507572
v  0.0328130797 0.0620279275 -0.0406270213
v  9.11362267e-19 -0.034473408 -0.0515894406
v  0.0038097885 -0.0298302006 -0.0530022494
v  0.00265658111 -0.0457384959 -0.0193750001
v  -2.07942267e-18 -0.0460000001 -0.0193750001
v  1.15390786e-18 -0.0458028279 -0.03286599
v  0.0131288236 -0.0438560396 -0.0193750001
v  0.00897407159 -0.0451158658 -0.0193750001
v  0.00878472906 -0.0449104793 -0.0329168998
v  0.0089703761 -0.0451169834 -0.0193750001
v  0.00448712707 -0.0455582999 -0.0193750001
v  0.00441306876 -0.0455787964 -0.0328817777
v  0.0175974425 -0.0425010473 -0.0193750001
v  0.0132889114 -0.0438074991 -0.0193750001
v  0.0130738793 -0.04380491 -0.0329533629
v  0.0212450456 -0.0403344482 -0.0329648219
v  0.0172404237 -0.0422745496 -0.0329745971
v  0.0168250091 -0.041882176 -0.0391611531
v  0.0358394571 -0.00919751357 -0.0483564585
v  0.0335114151 -0.0124711888 -0.0494884253
v  0.0321676694 -0.00412351917 -0.0511034541
v  0.00340968394 0.0494515151 -0.0231389962
v  0.00679791952 0.0490214527 -0.0235745218
v  0.00601999788 0.0512803681 -0.0235733204
v  0.0437291935 0.00616146298 -0.033365313
v  0.0429346003 0.0105221141 -0.0320976526
v  0.0438319147 0.00952268951 -0.0292866658
v  0.0430825762 0.015689658 -0.0193750001
v  0.045110818 0.00897307415 -0.0193750001
v  0.044960741 0.00903287251 -0.0231763888
v  0.00795640703 0.0466383621 -0.0229032859
v  0.00758919399 0.0473052561 -0.0232299566
v  0.00380898127 0.0478904694 -0.0227441043
v  0.00828684121 0.0461018682 -0.0224588085
v  0.0162851438 0.0434773006 -0.0238380544
v  -7.64442063e-07 0.047492139 -0.022245476
v  -7.96433369e-07 0.0469958968 -0.0218488891
v  0.00416120421 0.0467709154 -0.0220150519
v  0.0255337581 0.0382627249 -0.0193750001
v  0.0255540181 0.0382461175 -0.0193750001
v  0.025048146 0.0384885371 -0.0229393356
v  0.0334464014 0.152385011 -0.0109630311
v  0.032925833 0.145261332 -0.0131062586
v  0.0325091816 0.145135805 -0.0193647128
v  0.0158096552 0.118408278 -0.0431994535
v  0.0149820652 0.105791882 -0.0454919785
v  0.0100798411 0.105797045 -0.0468077399
v  0.0048437817 0.092922911 -0.0490775071
v  0.00966258626 0.0928650424 -0.0484801568
v  0.0095533561 0.0788202286 -0.049996905
v  0.029393794 0.0772466436 -0.0425692573
v  0.0276310258 0.0774768069 -0.0440926775
v  0.0274538752 0.0923019648 -0.0411919355
v  0.0315408111 0.0767653212 -0.0386413112
v  0.0307727158 0.0770084932 -0.0407493263
v  0.0302527659 0.0920978338 -0.0373857915
v  0.0290422011 0.105730303 -0.0234088693
v  0.0306161959 0.105741486 -0.0282122884
v  0.031049924 0.118794881 -0.0232369173
v  -0.0303430632 0.0842941776 -0.0325140953
v  -0.0310575776 0.0844607204 -0.034725409
v  -0.0315046385 0.076520972 -0.0363949426
v  -0.0186059084 0.1597628 -0.0365888365
v  -0.0127722071 0.159749821 -0.0395094231
v  -0.012137631 0.14479281 -0.0409965739
v  -0.0298684351 0.118646644 -0.0312338565
v  -0.0285363682 0.118602037 -0.0336034782
v  -0.0278069898 0.105766095 -0.0376169868
v  -0.00506659923 0.105800197 -0.0475943945
v  -0.0100796139 0.105797045 -0.0468078032
v  -0.0114139738 0.131183401 -0.0428752154
v  -0.00577640161 0.131143898 -0.0441640504
v  -3.25773979e-18 0.131129563 -0.0445981584
v  -2.61819001e-18 0.10580124 -0.047860276
v  0.0327240676 0.194000006 0.00603928324
v  0.0323037393 0.194000006 0.00701217167
v  0.0322410353 0.185145631 0.00706041884
v  0.0109809292 0.194000006 0.0268618688
v  0.00682658376 0.194000006 0.0279572383
v  0.00680335611 0.184571058 0.0279709287
v  -0.0104747443 0.194000006 -0.0397587381
v  -0.00732293399 0.194000006 -0.0405819751
v  -0.0132226553 0.17661193 -0.0386672169
v  -0.00673722383 0.176626652 -0.0406132527
v  -0.0194227807 0.194000006 -0.0354372934
v  -0.0182399247 0.194000006 -0.0362353362
v  -0.019213751 0.176581189 -0.035504438
v  -0.0144443223 0.194000006 -0.0382442847
v  -0.0133740036 0.194000006 -0.0386526287
v  -0.0270959008 0.194000006 -0.0285179317
v  -0.0247158892 0.194000006 -0.0310869478
v  -0.0244848691 0.176531404 -0.0312395133
v  -0.0241544545 0.194000006 -0.0316929705
v  -0.0208697096 0.194000006 -0.0344610848
v  -0.0342605636 0.194000006 -0.0131837884
v  -0.0338478647 0.194000006 -0.0152662545
v  -0.0342583396 0.185517743 -0.0131408013
v  -0.0329012945 0.194000006 -0.0182995852
v  -0.0322683342 0.185608894 -0.0197017808
v  -0.0322767459 0.194000006 -0.0197372735
v  -0.0311769564 0.194000006 -0.0222689528
v  -0.0346828252 0.194000006 -0.0110530406
v  -0.0349198133 0.185426682 -0.0063165538
v  -0.0349957906 0.194000006 -0.00673529087
v  -0.0342379771 0.185302198 0.000503866351
v  -0.0348849557 0.194000006 -0.00356405391
v  -0.0349830016 0.194000006 -0.00636935746
v  -0.0323067531 0.194000006 0.0070136115
v  -0.033144895 0.194000006 0.00486670993
v  -0.032241378 0.185145661 0.00705959368
v  -0.034278512 0.194000006 0.00068916881
v  -0.0343116298 0.194000006 0.000456906739
v  -0.0290087741 0.184978887 0.0131000355
v  -0.0300096553 0.194000006 0.0116379447
v  -0.0319897719 0.194000006 0.0078255618
v  -0.0247136112 0.194000006 0.0183422994
v  -0.0254853498 0.194000006 0.0176171698
v  -0.0246652775 0.184824765 0.0183950588
v  -0.0275572967 0.194000006 0.0152047146
v  -0.0290467646 0.194000006 0.0130383968
v  -0.0223540459 0.194000006 0.0205593612
v  -0.0193773545 0.184700623 0.0227427837
v  -0.0194225721 0.194000006 0.0227013472
v  -0.018859189 0.194000006 0.0231130049
v  -0.0133470194 0.184615836 0.025976494
v  -0.016113352 0.194000006 0.0246989299
v  -0.00682191504 0.194000006 0.0279231183
v  -0.00804180466 0.194000006 0.0276929326
v  -0.00680462271 0.184571072 0.0279706754
v  -0.01218592 0.194000006 0.0264391676
v  -0.0133709423 0.194000006 0.0259140879
v  0.00368358684 0.194000006 0.0284350701
v  -2.12827763e-06 0.194000006 0.0285959393
v  -6.54255416e-07 0.184558854 0.0286450647
v  -0.00064012676 0.194000006 0.0286237858
v  -0.00492184609 0.194000006 0.0282816514
v  0.0133682769 0.194000006 0.0259054191
v  0.0133458665 0.184615821 0.0259769708
v  0.0149988048 0.194000006 0.0252521746
v  0.0193763711 0.184700593 0.022743443
v  0.0178048667 0.194000006 0.0237614159
v  0.0194063056 0.194000006 0.022677131
v  0.0213620905 0.194000006 0.0213529319
v  0.0246644989 0.184824735 0.0183958374
v  0.0246212725 0.194000006 0.018503407
v  0.0290082172 0.184978843 0.0131008681
v  0.0267726816 0.194000006 0.0161710512
v  0.0247408878 0.194000006 0.0183737334
v  0.0314649232 0.194000006 0.00895368867
v  0.0293327197 0.194000006 0.0127209648
v  0.0290800519 0.194000006 0.0130614769
v  0.0339977369 0.194000006 0.00193660136
v  0.0342378244 0.185302183 0.000504627242
v  0.0342649668 0.194000006 0.000448815874
v  0.0349198096 0.185426667 -0.00631589815
v  0.0349866934 0.194000006 -0.00549264392
v  0.0347629413 0.194000006 -0.00232362305
v  0.0342584401 0.185517743 -0.0131402751
v  0.0348303691 0.194000006 -0.00978659
v  0.0349548757 0.194000006 -0.00636662822
v  0.0322684944 0.185608894 -0.0197013933
v  0.0341423638 0.194000006 -0.0140595287
v  0.0342825018 0.194000006 -0.0131891891
v  0.0278748106 0.194000006 -0.02752956
v  0.0290729813 0.194000006 -0.0257939249
v  0.0288332049 0.176465839 -0.0260243639
v  0.029672401 0.194000006 -0.0249256231
v  0.0320792571 0.176399678 -0.0200435575
v  0.0317366794 0.194000006 -0.0211204495
v  0.0322781391 0.194000006 -0.019739775
v  0.0333047621 0.194000006 -0.0171219688
v  0.0250722971 0.194000006 -0.0307847895
v  0.0244850293 0.176531419 -0.0312393587
v  0.0247292072 0.194000006 -0.0310959723
v  0.0155710699 0.194000006 -0.0377093069
v  0.0192943364 0.194000006 -0.0355654508
v  0.0192138683 0.176581189 -0.0355043635
v  0.0194383226 0.194000006 -0.0354606025
v  0.0218665283 0.194000006 -0.0336924121
v  0.0115862032 0.194000006 -0.0393902659
v  0.0133665046 0.194000006 -0.0386392735
v  0.0132227223 0.176611945 -0.0386671908
v  0.00673724618 0.176626667 -0.0406132489
v  0.00681609008 0.194000006 -0.0406197794
v  0.00846444722 0.194000006 -0.0403209478
v  -4.40445593e-18 0.176630378 -0.0412703156
v  0.00342820352 0.194000006 -0.0411280952
v  0.00338446628 0.176629558 -0.0411055088
v  0.00428698165 0.194000006 -0.0410782807
v  -0.00682339165 0.194000006 -0.040654663
v  -0.00307375239 0.194000006 -0.0412002765
v  -8.13634537e-18 0.194000006 -0.0413269512
v  -0.00966238882 0.0928650424 -0.048480209
v  -0.0149817625 0.105791882 -0.0454921015
v  -0.0307688583 0.11869549 -0.028657008
v  -0.0292587485 0.105760321 -0.0355416536
v  -0.0274536163 0.0923019797 -0.0411922559
v  -0.0235143118 0.092484653 -0.0439915843
v  -0.0234921444 0.0779052153 -0.0464211702
v  -0.0189713836 0.078280203 -0.0480579361
v  -0.0195425898 0.062846683 -0.0496625304
v  -0.0315723866 0.131636441 -0.0238631424
v  -0.030735407 0.131564483 -0.0266890712
v  -0.0294853281 0.131501108 -0.0293401629
v  -0.0306163337 0.105741486 -0.028212769
v  -0.0307384301 0.105747744 -0.0307406057
v  -0.0308542978 0.0919908285 -0.0351194926
v  -0.00616093492 0.144758403 -0.0425557867
v  -0.0158093572 0.118408278 -0.0431995802
v  -0.0167750325 0.131242022 -0.0407489911
v  -0.0177501086 0.14483951 -0.0384419747
v  -0.0228181351 0.144891217 -0.034940917
v  -0.0237919819 0.159767792 -0.0326263532
v  -0.0281306393 0.159766108 -0.027732335
v  -0.0288330242 0.176465824 -0.0260246266
v  -0.0329259001 0.145261317 -0.0131068546
v  -0.0339332931 0.159877688 -0.00913272239
v  -0.0325091071 0.145135775 -0.0193652436
v  -0.0333999321 0.159821793 -0.0157244671
v  -0.0304968096 0.145021379 -0.0253124572
v  -0.030760156 0.0918840319 -0.032763999
v  -0.0300771017 0.0917798504 -0.0304833036
v  -0.0289781447 0.0916796923 -0.0283509195
v  -0.0307667051 0.0762787536 -0.0342317149
v  -0.0295607429 0.0760412812 -0.0322488286
v  -0.0291863922 0.084132269 -0.0304669794
v  -0.0263456739 0.0755883679 -0.028827982
v  -0.0260844398 0.0838273242 -0.0268833339
v  -0.0225361288 0.0751756579 -0.0260244887
v  -0.0223739948 0.0835533962 -0.0238982067
v  -0.0183866881 0.0748149678 -0.0237465817
v  -0.018300768 0.0833164826 -0.0214388445
v  -0.0140078552 0.0745174959 -0.0219590347
v  -0.013974335 0.0831224248 -0.0194820669
v  -0.00945529621 0.0742938146 -0.0206652172
v  -0.00945108943 0.0829771012 -0.0180432647
v  -0.00476910686 0.0741536468 -0.0198824573
v  -0.00477377418 0.0828862563 -0.0171563104
v  -4.57144409e-07 0.074105382 -0.0196173117
v  -4.5784958e-07 0.0828550458 -0.016851116
v  -0.0260004997 0.0914941281 -0.0245623589
v  -0.0223876685 0.0913303494 -0.0213540476
v  -0.0183749832 0.0911902115 -0.0186733305
v  -0.0140724089 0.0910758376 -0.0165098384
v  -0.00953991152 0.0909899846 -0.0148920259
v  -0.00482642464 0.0909359679 -0.0138739459
v  -4.631801e-07 0.0909172744 -0.0135177178
v  -5.91577987e-07 0.14511317 0.0181572288
v  -0.00633160723 0.152010486 0.0208144188
v  -0.00615150575 0.145104215 0.0175079312
v  -0.0124209132 0.15201506 0.0189019796
v  -0.0120696388 0.145097852 0.0156466905
v  -0.0180552453 0.152053669 0.0158695132
v  -0.0175564066 0.145116001 0.0127176102
v  -0.023046976 0.152132556 0.0118530802
v  -0.0224404968 0.145164981 0.00885772798
v  -0.0272291712 0.152239248 0.00699635874
v  -0.0265682247 0.145234197 0.00420046132
v  -0.0304504186 0.152344137 0.00145468942
v  -0.029793784 0.145297498 -0.00111753086
v  -0.0325676166 0.152405664 -0.00459987577
v  -0.0319665149 0.145317957 -0.00694771484
v  -0.0331241973 0.159857914 -0.00259200833
v  -0.0310523342 0.159756675 0.00365567557
v  -0.0278308671 0.159614682 0.00938925147
v  -0.0235964432 0.159475327 0.0144159608
v  -0.0185055714 0.159369722 0.0185638946
v  -0.012737141 0.159311488 0.0216806214
v  -0.0188885741 0.167177007 0.0206851903
v  -0.0240651499 0.167301759 0.0164352935
v  -0.0283461437 0.167463407 0.0112746004
v  -0.0315706916 0.167631909 0.00538877398
v  -0.0336073749 0.167765796 -0.00101232866
v  -0.0343592502 0.167825952 -0.00769373262
v  -0.0337721668 0.167816207 -0.0144057842
v  -6.47714558e-07 0.175459743 0.0280060098
v  -0.00673636608 0.175467029 0.0273296535
v  -0.0132130478 0.175504655 0.0253371522
v  -0.0191854388 0.175588369 0.0221178401
v  -0.0244293436 0.175720379 0.0178000014
v  -0.0287478361 0.175888345 0.0125478711
v  -0.0319766514 0.176066652 0.0065573277
v  -0.0339882635 0.176220357 5.09464844e-05
v  -0.0346971452 0.176316366 -0.00672632735
v  -0.0340657644 0.176356092 -0.013518081
v  -0.0320790932 0.176399663 -0.0200439505
v  -0.0290894769 0.194000006 -0.0258066393
v  -0.0289935544 0.194000006 -0.0259692036
v  0.00953921583 0.0909899771 -0.0148918573
v  0.00482559949 0.0909359604 -0.0138738388
v  0.00477294717 0.0828862414 -0.0171562172
v  0.0295604188 0.0760412291 -0.0322484486
v  0.0307664648 0.0762787014 -0.0342313088
v  0.0303428266 0.0842941478 -0.0325136818
v  0.0291860774 0.0841322318 -0.0304665975
v  0.0300768688 0.0917798281 -0.0304828808
v  0.0289778411 0.0916796699 -0.0283505265
v  -0.0311552119 0.118746303 -0.0259544682
v  -0.0310500488 0.118794866 -0.0232374314
v  -0.0296945944 0.118874609 -0.0180069841
v  -0.0290424805 0.105730303 -0.0234092977
v  -0.0271968246 0.118929632 -0.0132226963
v  -0.0263198186 0.10572122 -0.0191348009
v  -0.0238752924 0.118967116 -0.00896369386
v  -0.022879675 0.105713919 -0.0154084209
v  -0.019919442 0.118995309 -0.00527191721
v  -0.0189343244 0.105707996 -0.0122218058
v  -0.0154521922 0.119019836 -0.00220217253
v  -0.0145981442 0.105703168 -0.0095939571
v  -0.0105711445 0.119042441 0.00016240438
v  -0.00994580146 0.105699383 -0.00758096157
v  -0.00537704211 0.119060747 0.00170069363
v  -0.00504759792 0.105696827 -0.00627750205
v  -5.16931323e-07 0.11906863 0.00225112285
v  -4.84936209e-07 0.105695873 -0.00581156975
v  0.00537612848 0.119060747 0.00170086778
v  0.00504674716 0.105696827 -0.00627736002
v  0.010570392 0.119042441 0.00016268238
v  0.00994510297 0.105699383 -0.00758074084
v  0.015451571 0.119019836 -0.0022018326
v  0.0145975621 0.105703168 -0.00959369168
v  0.0199189298 0.118995309 -0.00527153537
v  0.0189338289 0.105707996 -0.0122215059
v  0.0238748696 0.118967116 -0.00896327849
v  0.0228792466 0.105713919 -0.0154080866
v  0.0271964837 0.118929632 -0.0132222464
v  0.0263194554 0.10572122 -0.0191344246
v  0.0296943448 0.118874617 -0.018006498
v  0.0234924257 0.077905193 -0.0464209989
v  0.023514621 0.0924846381 -0.0439913496
v  0.0142953927 0.0785891563 -0.0492121354
v  0.0144268526 0.092770271 -0.0474793725
v  0.0189716425 0.0782801881 -0.0480578169
v  0.0190825537 0.0926420391 -0.0460212901
v  0.0315045156 0.0765209273 -0.0363945141
v  0.0310574472 0.0844606906 -0.0347249731
v  0.0308542904 0.0919908136 -0.0351190418
v  0.03076002 0.0918840095 -0.0327635519
v  0.0307383947 0.105747744 -0.0307401195
v  0.0311551727 0.118746318 -0.0259539504
v  0.031944938 0.131712079 -0.0209404845
v  0.0302776862 0.105754137 -0.0332257859
v  0.0307689216 0.118695505 -0.0286565069
v  0.03157245 0.131636456 -0.0238626208
v  0.025573859 0.0923962593 -0.0427037217
v  0.0260453429 0.105771422 -0.0394402407
v  0.0278072376 0.105766095 -0.0376166068
v  0.0268734302 0.118561856 -0.0357370637
v  0.0285365991 0.118602045 -0.0336030684
v  0.0294855405 0.131501138 -0.0293397419
v  0.0196918268 0.105784908 -0.0435993224
v  0.0206201542 0.118461505 -0.0408022255
v  0.0217116922 0.131314144 -0.0377935767
v  0.00506670447 0.105800197 -0.0475943759
v  -0.0319449604 0.131712064 -0.0209410302
v  -0.0318923555 0.131781831 -0.0180136152
v  -0.0307462886 0.131880581 -0.0123128314
v  -0.0284317099 0.131924585 -0.00699174311
v  -0.0251772534 0.131934658 -0.00218516891
v  -0.0211514961 0.131933689 0.00201069261
v  -0.0164884459 0.131937608 0.00550006703
v  -0.0113133648 0.13195233 0.00817338564
v  -0.00576219661 0.131972849 0.00989670679
v  -5.54114536e-07 0.131984219 0.0105069242
v  0.00576119591 0.131972849 0.00989690796
v  0.0113125211 0.131952316 0.00817372371
v  0.0164877474 0.131937593 0.0055004945
v  0.0211509317 0.131933674 0.00201117876
v  0.0251768082 0.131934643 -0.00218464457
v  0.0284313783 0.13192457 -0.00699119596
v  0.0307460669 0.131880581 -0.0123122735
v  0.0318922587 0.131781846 -0.0180130601
v  0.0319663212 0.145317957 -0.00694707967
v  0.032567434 0.152405649 -0.00459920429
v  0.0297934525 0.145297468 -0.00111687987
v  0.0304500852 0.152344108 0.00145538978
v  0.026567746 0.145234168 0.00420110114
v  0.0272286721 0.152239218 0.00699705258
v  0.0224398598 0.145164952 0.00885832403
v  0.0230463035 0.152132526 0.0118537284
v  0.0175556112 0.145115972 0.0127181262
v  0.0180543996 0.152053639 0.0158700701
v  0.012068687 0.145097837 0.0156470872
v  0.0124199083 0.152015045 0.0189024005
v  0.00615040958 0.145104215 0.0175081566
v  0.00633046543 0.152010486 0.0208146535
v  -6.0888118e-07 0.152016386 0.0214764047
v  -0.00649341382 0.159295037 0.023632152
v  -0.0130054709 0.167102799 0.0238649119
v  0.0307355542 0.131564498 -0.0266885944
v  0.0298685934 0.118646659 -0.0312333945
v  0.0292589255 0.105760321 -0.0355412252
v  0.029060116 0.092202194 -0.039424032
v  0.0304970015 0.145021409 -0.0253120381
v  0.0314139277 0.159774959 -0.0220367722
v  0.0334000178 0.159821823 -0.0157239344
v  0.0339332595 0.159877703 -0.00913209189
v  0.0331240259 0.159857899 -0.00259130471
v  0.031051999 0.159756631 0.00365641969
v  0.0278303493 0.159614637 0.00938999467
v  0.0235957373 0.159475282 0.0144166555
v  0.0185046811 0.159369692 0.0185644869
v  0.0127360877 0.159311473 0.0216810647
v  0.00649223011 0.159295037 0.0236323941
v  -6.24413929e-07 0.159297004 0.0243026782
v  -0.00663048169 0.167074874 0.0258432031
v  -3.60133097e-18 0.144745067 -0.0430814624
v  0.00577648962 0.131143898 -0.0441640355
v  0.00616100011 0.144758403 -0.0425557755
v  0.0114141675 0.131183401 -0.0428751595
v  0.0240660291 0.105776317 -0.0410289839
v  0.0249621104 0.118525431 -0.0376386158
v  0.0260410868 0.131398067 -0.033999864
v  0.0228183866 0.144891232 -0.0349407271
v  0.0271487366 0.144947395 -0.030545732
v  0.0237921812 0.159767807 -0.0326261818
v  0.028130848 0.159766138 -0.0277320556
v  0.0317878574 0.167813271 -0.0208467171
v  0.03377226 0.167816222 -0.0144052524
v  0.0343592279 0.167825952 -0.00769308954
v  0.033607211 0.167765766 -0.00101159804
v  0.0315703526 0.167631865 0.00538955443
v  0.0283456091 0.167463362 0.0112753846
v  0.0240644123 0.167301714 0.0164360255
v  0.0188876428 0.167176977 0.0206858143
v  0.0130043738 0.167102769 0.0238653719
v  0.00662926165 0.167074874 0.0258434527
v  -6.37562891e-07 0.167072341 0.0265184194
v  0.0340658613 0.176356107 -0.0135175521
v  0.0346971378 0.176316351 -0.00672567543
v  0.0339881033 0.176220328 5.16966647e-05
v  0.0319763124 0.176066622 0.00655813701
v  0.0287472885 0.175888315 0.0125486851
v  0.0244285818 0.175720334 0.0178007632
v  0.0191844758 0.17558834 0.0221184846
v  0.0132119171 0.17550464 0.0253376216
v  0.00673511764 0.175467029 0.0273299031
v  0.0121377809 0.14479281 -0.0409965292
v  0.00649805274 0.159735486 -0.041301053
v  0.0127723105 0.159749821 -0.0395093858
v  0.0186060686 0.159762815 -0.0365887471
v  0.0177503228 0.144839525 -0.0384418704
v  0.016775297 0.131242037 -0.0407488681
v  0.0032631089 0.159730583 -0.0417540036
v  -3.97901957e-18 0.159728706 -0.0419056788
v  -0.00649801176 0.159735486 -0.0413010605
v  0.00878389552 0.0453955457 -0.0211925469
v  0.00441225944 0.0460681655 -0.0209099688
v  0.00265667425 0.0457391329 -0.0193750001
v  2.11104407e-06 0.0460000001 -0.0193750001
v  0.00895350426 0.0451203361 -0.0193750001
v  0.00897276215 0.0451145023 -0.0193750001
v  0.0172393247 0.0427576862 -0.0220478158
v  0.0131288888 0.0438559689 -0.0193750001
v  0.017581407 0.042507682 -0.0193750001
v  0.0176016726 0.0424968638 -0.0193750001
v  0.0229078066 0.0396644548 -0.0193750001
v  0.0314976536 0.0333744437 -0.0193750001
v  0.0319171734 0.032754723 -0.0237344131
v  0.0325059332 0.0325480141 -0.0193750001
v  0.0382425934 0.0255529676 -0.0193750001
v  0.0380750597 0.0256141219 -0.0222072247
v  0.0325880237 0.0324658193 -0.0193750001
v  0.0325264558 0.0325274654 -0.0193750001
v  0.0156502873 0.0441382341 -0.0244112611
v  0.0237140618 0.0392498709 -0.025368996
v  0.0244667623 0.0387619808 -0.0242735259
v  0.0312184598 0.0330232494 -0.0254215151
v  0.0375880711 0.0257787406 -0.0244770553
v  0.0423279405 0.0176610108 -0.0226378366
v  0.0425211862 0.0175487231 -0.0193750001
v  0.038282197 0.0255045537 -0.0193750001
v  0.0384096801 0.0252652876 -0.0193750001
v  0.0424931832 0.0176012777 -0.0193750001
v  0.0460000969 4.31462809e-07 -0.0193750001
v  0.0458621383 6.05220303e-05 -0.0239258148
v  0.0454794504 0.00531976717 -0.0193750001
v  0.0451271757 0.00891890097 -0.0193750001
v  0.0418455936 0.0178285297 -0.0252784863
v  0.0368310139 0.0260531511 -0.0265368279
v  0.0303129554 0.0335979722 -0.0268564671
v  0.0228253771 0.0401204713 -0.026131995
v  0.0149442628 0.0450184271 -0.0247770883
v  -4.61759925e-07 0.0661050826 -0.0214014407
v  -4.72391321e-07 0.0605671741 -0.0222646538
v  0.00493090041 0.0605936535 -0.0225137491
v  -5.13775149e-07 0.0544320829 -0.0229553785
v  0.00536240917 0.0543261431 -0.0232796334
v  -5.77184778e-07 0.0516102798 -0.0231129173
v  -6.5235497e-07 0.0495967045 -0.0229791962
v  0.0401177816 0.0189559329 -0.0300325137
v  0.0389587097 0.0208958667 -0.0316953473
v  0.0346853696 0.0282677189 -0.0296620969
v  0.0333861113 0.0305504389 -0.0304726083
v  0.0280493386 0.0364618637 -0.0284676719
v  0.0267751068 0.0386080742 -0.0287351795
v  0.020781368 0.0428829938 -0.0267856289
v  0.0196967032 0.0446639359 -0.0267705675
v  0.0134207495 0.0473452918 -0.0250010286
v  0.0175787043 0.0487906896 -0.026284311
v  0.0119186761 0.0503213853 -0.0247303117
v  0.0157646742 0.0535298698 -0.0254719052
v  0.0106421113 0.0540189892 -0.0241581053
v  0.0145341326 0.060794767 -0.0244396385
v  0.00979281589 0.0606709346 -0.0232430976
v  0.00956446584 0.0663127676 -0.0223743226
v  0.00481857872 0.0661583319 -0.0216465648
v  0.00476826727 0.0741536319 -0.0198823735
v  0.0380141996 0.0266402215 -0.0367319509
v  0.0390728973 0.0239136238 -0.0386733711
v  0.0364660993 0.036981944 -0.0383758806
v  0.041587133 0.0128358575 -0.0373117849
v  0.0403590612 0.0179767907 -0.0382573605
v  0.040664494 0.0165862758 -0.035596814
v  0.0393678397 0.0212507397 -0.036405731
v  0.0362662263 0.0275849141 -0.0333454385
v  0.0348192044 0.0319152437 -0.0335189253
v  0.0305580646 0.0367946215 -0.0309287254
v  0.031939581 0.0415336452 -0.0330206119
v  0.0277217515 0.0443091318 -0.0303485617
v  0.0293671638 0.0512172468 -0.0319858715
v  0.0252345055 0.0521012545 -0.0293283928
v  0.027444236 0.0613877326 -0.0308886953
v  0.0234500133 0.0611597896 -0.0282267928
v  0.0228892192 0.0672797412 -0.0274419915
v  0.0186494924 0.0668853 -0.0252727047
v  0.0183861051 0.0748149157 -0.0237463526
v  0.0140072014 0.0745174512 -0.0219588485
v  0.0183002204 0.0833164528 -0.0214386135
v  0.0139737139 0.083122395 -0.0194818731
v  0.0183744598 0.0911901891 -0.0186730865
v  0.0140718119 0.0910758227 -0.0165096279
v  0.0352882445 0.0385332741 -0.0363620445
v  0.034046337 0.0497664586 -0.0373213701
v  0.0327911526 0.0502611846 -0.0353219025
v  0.0320910439 0.0617652163 -0.036172986
v  0.0308248922 0.0616360158 -0.0342076756
v  0.0313488506 0.068472825 -0.0354319066
v  0.0301052332 0.0682179332 -0.0334747881
v  0.0263452381 0.0755883157 -0.0288276616
v  0.0260840245 0.083827287 -0.0268830135
v  0.026000103 0.0914941058 -0.0245620273
v  0.0267949179 0.0677287206 -0.0301396232
v  0.0225356147 0.0751755983 -0.0260242186
v  0.0223735087 0.0835533589 -0.0238979347
v  0.0223872066 0.0913303345 -0.0213537645
v  0.0427221581 0.00879570935 -0.0357199982
v  0.041866105 0.0129191959 -0.0341969058
v  0.0376604609 0.0238420367 -0.0327686034
v  0.0319954567 0.0334429406 -0.0308685862
v  0.025461847 0.0410988666 -0.0287290178
v  0.0228860024 0.0467590466 -0.0281429403
v  0.0206573252 0.0528818369 -0.027185576
v  0.0191077515 0.0609598048 -0.0260960776
v  0.0141885737 0.066558823 -0.023585638
v  0.00945455674 0.0742937848 -0.0206650775
v  0.00945037697 0.0829770789 -0.0180431157
v  0.0451160148 -0.00897374656 -0.0193750001
v  0.0449712165 -0.00891202968 -0.0248812847
v  0.0451168492 -0.00897100195 -0.0193750001
v  0.0454763584 -0.00531934248 -0.0193750001
v  0.0430798084 -0.0156886373 -0.0193750001
v  0.0423351377 -0.0175405778 -0.0257102661
v  0.0425008275 -0.0175979715 -0.0193750001
v  0.0424981639 -0.0176029578 -0.0193750001
v  0.045250468 -0.00425824896 -0.0285527278
v  0.0439182073 -0.0083486978 -0.0338959619
v  0.0442623459 -0.00347197824 -0.0346346423
v  0.0446398817 -0.00390158198 -0.0326196142
v  0.0444770083 0.000990557834 -0.0331750996
v  0.0448565669 0.000587698771 -0.0313557461
v  0.044573281 0.00507659186 -0.030238023
v  0.0440543629 0.00175903155 -0.0348354317
v  0.0445599109 -0.00871860236 -0.0294413604
v  0.0384053774 -0.0252629537 -0.0193750001
v  0.0380788222 -0.0254941359 -0.0262873732
v  0.0382525064 -0.0255490616 -0.0193750001
v  0.04359271 0.00298190094 -0.0362663008
v  0.0438421369 -0.00264401943 -0.0364757329
v  0.0435221605 -0.00789290108 -0.0361003838
v  0.0411545001 -0.0169480536 -0.0360406004
v  0.0418729186 -0.0173407141 -0.0309418216
v  0.0376018211 -0.0252923537 -0.0319809988
v  0.0323690474 -0.0324675068 -0.0266347807
v  0.0407124944 -0.016443152 -0.0385601409
v  0.0402223729 -0.0154445311 -0.0408582017
v  0.0430819541 -0.00700629782 -0.0381142423
v  0.0426020697 -0.00558375241 -0.0398538299
v  0.0433833711 -0.00132071797 -0.0380656645
v  0.0430961438 0.00463274727 -0.0374727957
v  0.0428901613 0.000468923012 -0.0394098535
v  0.0418168828 0.00526191667 -0.0414292365
v  0.0378869846 -0.00575487409 -0.0470046885
v  0.0407983921 -0.00770560466 -0.0430375561
v  0.039119035 -0.0116396295 -0.0445086621
v  0.0396894477 -0.0138311842 -0.0428386405
v  0.0353563204 -0.021451747 -0.0449745841
v  0.0359033197 -0.0232388172 -0.0428144298
v  0.036406979 -0.0243378635 -0.0403021462
v  0.0368616916 -0.0248847771 -0.0375458524
v  0.0341547579 -0.0160023831 -0.048287116
v  0.0370996967 -0.0154220546 -0.0457526408
v  0.0347715952 -0.0190177523 -0.0467906557
v  0.0325031355 -0.032550808 -0.0193750001
v  0.0314980112 -0.0333749019 -0.0193750001
v  0.0382471532 -0.0255555864 -0.0193750001
v  0.032535065 -0.0325188935 -0.0193750001
v  0.0325270817 -0.0325268693 -0.0193750001
v  0.0176032279 -0.0424979553 -0.0193750001
v  0.0215800535 -0.0403731801 -0.0193750001
v  0.0229074582 -0.039663963 -0.0193750001
v  0.0254239645 -0.0381927304 -0.0267958958
v  0.0255485158 -0.0382528752 -0.0193750001
v  0.025555782 -0.0382469147 -0.0193750001
v  0.00430357317 -0.0452079065 -0.0391107649
v  1.17606596e-18 -0.0454342328 -0.0390954055
v  0.00423637824 -0.0445942953 -0.0422865041
v  0.0085680075 -0.0445338413 -0.0391415507
v  0.00843500812 -0.0439199768 -0.0423088968
v  0.00828781724 -0.0426058508 -0.0452166013
v  0.00416201446 -0.043275103 -0.0452039093
v  0.00812810753 -0.0404161178 -0.0477220081
v  0.004081327 -0.0410734527 -0.0477188714
v  0.00795755442 -0.0374032967 -0.0498320833
v  0.00208327407 -0.0434437282 -0.0451971069
v  0.0020428265 -0.0412391759 -0.0477144159
v  0.00399516243 -0.0380422585 -0.0498381704
v  0.00777783291 -0.0336514637 -0.0515749492
v  0.00759061659 -0.0292446949 -0.0529787391
v  0.0039043678 -0.0342662595 -0.0515899211
v  1.00496551e-18 -0.0382574312 -0.0498346277
v  1.07947701e-18 -0.0412946828 -0.0477122329
v  1.13273648e-18 -0.0435001887 -0.0451941453
v  1.1634043e-18 -0.044820901 -0.0422736667
v  0.0420146137 0.00904943235 -0.0392756015
v  0.040655233 0.0113643492 -0.0426703915
v  0.0408424772 0.0146712093 -0.0403697416
v  0.0394381359 0.0184058007 -0.0432697684
v  0.0396124311 0.0211604144 -0.0408810452
v  0.0369693153 0.0338465571 -0.0430818163
v  0.0371094272 0.0354149304 -0.0406511948
v  0.0420869887 -0.00365682715 -0.0413250886
v  0.0396181718 -0.00217504869 -0.0454059988
v  0.0409691595 0.00150863687 -0.0435370579
v  0.038351424 0.00487022521 -0.0468563326
v  0.0397643112 0.00808704272 -0.0448990054
v  0.0370376408 0.0129954554 -0.0475504063
v  0.0385082811 0.0156755187 -0.0455597155
v  0.0357163139 0.0217695795 -0.0476486459
v  0.0372369178 0.0238752831 -0.045666568
v  0.0344269425 0.0307652354 -0.0473100953
v  0.0359860621 0.0322916508 -0.0453655086
v  0.0365687199 0.0017437808 -0.0485207513
v  0.0352067351 0.0103905229 -0.0492312536
v  0.0338435322 0.0197228566 -0.0493092239
v  0.0325216018 0.0292816032 -0.0489262938
v  0.0347672142 0.0492663756 -0.0395621285
v  0.0346738584 0.0487655289 -0.0419269055
v  0.0336892493 0.0482687838 -0.0441151634
v  0.0321020335 0.0477811508 -0.0459506735
v  0.0301715564 0.0473072715 -0.0474564247
v  0.0257666055 0.0464177132 -0.0497376807
v  0.031901937 0.0621586181 -0.0427292511
v  0.0303756054 0.062286742 -0.0444967635
v  0.0284928456 0.0624109171 -0.0459465012
v  0.0241882559 0.0626429543 -0.0481330454
v  0.0195427984 0.0628466755 -0.0496624596
v  0.030785244 0.0055009746 -0.0518314131
v  0.0294090342 0.0158805996 -0.0518666096
v  0.0280839298 0.0264962539 -0.0514019877
v  0.0209565237 0.0456320569 -0.0513354652
v  -9.69849041e-20 0.0057881237 -0.0559406839
v  0.00640371209 0.00624223426 -0.0558545887
v  0.00341055286 -0.00718009891 -0.0558196865
v  0.00680029904 -0.00674970588 -0.0557656586
v  0.00720039941 -0.0188026428 -0.0548816063
v  0.00986267067 0.0631404892 -0.051463265
v  0.0159024801 0.0449799448 -0.0524426885
v  0.023079481 0.0240373239 -0.0531295314
v  0.0243024677 0.0124896578 -0.0536446273
v  0.0255766232 0.00118742255 -0.0536301434
v  0.0268595777 -0.00929714367 -0.0528781004
v  0.0281089544 -0.0183898658 -0.0511791855
v  0.0287078079 -0.0222342573 -0.049908828
v  0.0292823762 -0.0255146343 -0.0483227596
v  0.0298273638 -0.0281589758 -0.0463946387
v  0.0303374715 -0.030095255 -0.0440981239
v  0.0308074057 -0.0312783308 -0.0414249338
v  0.0312318653 -0.0318575092 -0.0384944044
v  0.0319231823 -0.032269679 -0.0326103903
v  -1.5447691e-18 0.063245222 -0.0520330966
v  0.00494110584 0.0632186085 -0.0518897399
v  0.00536899501 0.0441798866 -0.0535685085
v  0.0106870383 0.0444881916 -0.0531651527
v  0.0119454917 0.0204630345 -0.0550065711
v  0.0176639017 0.0219984278 -0.0542915426
v  0.0126742776 0.00756476587 -0.0555187352
v  0.0186821762 0.00967946928 -0.0548198745
v  0.013435238 -0.00507137692 -0.0554655828
v  0.0197446272 -0.00238514948 -0.0547969714
v  0.014202727 -0.0167953447 -0.0546257794
v  0.0208156016 -0.0135789169 -0.0540057719
v  0.0149510959 -0.0269561261 -0.052776698
v  0.0218594465 -0.0232839361 -0.0522279106
v  0.0153100956 -0.0312465858 -0.0514037088
v  0.0223600566 -0.0273846425 -0.0509003364
v  0.015654698 -0.0349017531 -0.0496944264
v  0.0228405148 -0.0308809243 -0.0492437147
v  0.0159816947 -0.0378401317 -0.0476208515
v  0.0232963637 -0.0336953625 -0.0472305752
v  0.0162878837 -0.0399802141 -0.0451549888
v  0.0237231515 -0.0357505381 -0.0448334478
v  0.0165700577 -0.0412710346 -0.0422893241
v  0.0241164174 -0.0369979814 -0.0420442969
v  0.0244717058 -0.0375984013 -0.0389924049
v  0.0250505283 -0.0380046107 -0.0329098105
v  -2.29369884e-18 0.0929422081 -0.049280867
v  0.00478275679 0.0789635926 -0.0504642837
v  -0.0130738411 -0.0438049249 -0.0329533406
v  -0.0132888965 -0.043807514 -0.0193750001
v  -0.0175927226 -0.0425029993 -0.0193750001
v  -0.0168249477 -0.0418822095 -0.0391611084
v  -0.00856799167 -0.0445338488 -0.0391415358
v  -0.00843499321 -0.0439199805 -0.0423088819
v  -0.0165699981 -0.0412710719 -0.0422892757
v  -0.00828780327 -0.0426058583 -0.0452165827
v  -0.0162878279 -0.0399802513 -0.0451549403
v  -0.00812809449 -0.0404161252 -0.0477219932
v  -0.0250503998 -0.0380047038 -0.0329097621
v  -0.032563746 -0.0324901715 -0.0193750001
v  -0.0350701585 -0.0294306949 -0.0193750001
v  -0.0380785987 -0.0254944712 -0.0262873601
v  -0.0382630676 -0.025533244 -0.0193750001
v  -0.0409244634 -0.0205472726 -0.0193750001
v  -0.0423349254 -0.0175410844 -0.025710281
v  -0.0425080545 -0.0175805017 -0.0193750001
v  -0.0446309894 -0.0105692483 -0.0193750001
v  -0.0449710786 -0.00891271885 -0.0248813424
v  -0.0460000969 -4.31455078e-07 -0.0193750001
v  -0.0458621383 5.96592945e-05 -0.0239258986
v  -0.0451205149 -0.00895253103 -0.0193750001
v  -0.0451140516 -0.0089738816 -0.0193750001
v  -0.031922996 -0.0322698727 -0.0326103419
v  -0.0376016013 -0.0252926927 -0.0319809727
v  -0.0418727063 -0.0173412226 -0.0309418477
v  -0.0445597693 -0.00871929247 -0.0294414628
v  -0.0364067629 -0.0243382119 -0.0403021164
v  -0.0439180583 -0.00834938977 -0.0338961035
v  -0.041154284 -0.0169485677 -0.0360406376
v  -0.0446397997 -0.00390235987 -0.0326198079
v  -0.0452503897 -0.00425902754 -0.0285528656
v  -0.0448565744 0.000586839626 -0.0313559622
v  -0.0454700626 0.000244080991 -0.027682947
v  -0.0445733853 0.0050756596 -0.0302382428
v  -0.0077778222 -0.0336514711 -0.0515749343
v  -0.00720039057 -0.0188026503 -0.0548815913
v  5.37604481e-19 -0.0194903221 -0.054929506
v  -0.0396892279 -0.0138316844 -0.0428387076
v  -0.0353561044 -0.0214520879 -0.0449745581
v  -0.0407122746 -0.0164436661 -0.0385601856
v  -0.0402221531 -0.0154450405 -0.0408582576
v  -0.043522004 -0.00789359026 -0.0361005478
v  -0.0430817939 -0.00700697908 -0.0381144285
v  -0.0438420475 -0.00264478405 -0.0364759788
v  -0.043383278 -0.00132146594 -0.0380659401
v  -0.0435927212 0.00298107741 -0.0362666063
v  -0.0430961587 0.00463195052 -0.0374731272
v  -0.0407981835 -0.00770617137 -0.0430377014
v  -0.042086821 -0.00365747418 -0.0413253121
v  -0.0409689806 0.00150804652 -0.0435373113
v  -0.0418167859 0.00526125683 -0.0414295718
v  -0.0406551287 0.0113637717 -0.0426707529
v  -0.040842507 0.0146705769 -0.0403701477
v  -0.0396124683 0.0211598873 -0.0408814736
v  -0.0390730686 0.0239130557 -0.0386738032
v  -0.0451168381 0.0089710569 -0.0193750001
v  -0.0449609421 0.00903186947 -0.0231764764
v  -0.0445201918 0.00920679327 -0.0262856688
v  -0.043729309 0.00616055029 -0.0333655961
v  -0.0440543704 0.00175818894 -0.0348357074
v  -0.0444770195 0.000989703811 -0.0331753455
v  -0.0442622602 -0.0034727524 -0.0346348658
v  -0.0409249179 0.0205474198 -0.0193750001
v  -0.0382524654 0.0255491231 -0.0193750001
v  -0.0380757973 0.0256130211 -0.0222073309
v  -0.0382474512 0.0255552344 -0.0193750001
v  -0.0350691676 0.0294296984 -0.0193750001
v  -0.0325349979 0.0325189568 -0.0193750001
v  -0.0319181941 0.0327536985 -0.0237346198
v  -0.037588805 0.0257776435 -0.0244772416
v  -0.0273616798 0.0367664285 -0.0193750001
v  -0.0250494294 0.0384876691 -0.0229395591
v  -0.0325050093 0.0325489342 -0.0193750001
v  -0.0325275026 0.0325264521 -0.0193750001
v  -0.0244680233 0.0387611166 -0.0242738239
v  -0.0312194657 0.0330222286 -0.0254217926
v  -8.62923287e-07 0.0460000001 -0.0193750001
v  -8.44584179e-07 0.0462947637 -0.0208031125
v  -0.00897291303 0.0451164804 -0.0193750001
v  -0.00441393629 0.0460679941 -0.0209100526
v  -0.0255507138 0.0382514074 -0.0193750001
v  -0.0181909464 0.042184189 -0.0193750001
v  -0.0175998602 0.0425000452 -0.0193750001
v  -0.0089749489 0.045115862 -0.0193750001
v  -0.00797926635 0.0452143401 -0.0193750001
v  -0.0418663435 0.0129182795 -0.0341972448
v  -0.0427222885 0.00879484788 -0.0357203409
v  -0.0429348275 0.0105211418 -0.0320979394
v  -0.0389591865 0.0208948757 -0.0316957012
v  -0.0376609415 0.0238411408 -0.0327689946
v  -0.0333868265 0.0305495318 -0.0304730143
v  -0.0319961607 0.0334421508 -0.030869009
v  -0.0267760232 0.0386073329 -0.0287356079
v  -0.0254627336 0.0410982519 -0.0287294406
v  -0.0452195704 0.00474700658 -0.0269237384
v  -0.0438321307 0.00952169485 -0.0292868875
v  -0.0401182473 0.0189548824 -0.0300328135
v  -0.0346860886 0.0282667186 -0.0296624694
v  -0.028050283 0.0364610143 -0.028468091
v  -0.00416278653 0.046770744 -0.0220151786
v  -0.00399587955 0.0472769067 -0.0224242136
v  -0.0082883928 0.0461015366 -0.0224590395
v  -0.00795789901 0.0466380455 -0.0229035337
v  -0.0162865706 0.0434766784 -0.023838399
v  -0.0156516638 0.0441376455 -0.0244116355
v  -0.023715293 0.0392490253 -0.0253693536
v  -0.0418460481 0.0178274456 -0.0252786539
v  -0.0410949327 0.0181182008 -0.027761694
v  -0.0368317477 0.0260520633 -0.0265370831
v  -0.0358492844 0.0267446376 -0.0283586048
v  -0.0303139444 0.0335969776 -0.0268568099
v  -0.0292435698 0.0347579084 -0.0278631076
v  -0.022826571 0.0401196703 -0.0261323955
v  -0.0218371879 0.041349344 -0.0265888982
v  -0.0149455825 0.0450178906 -0.0247774739
v  -0.0207824744 0.0428823605 -0.0267860498
v  -0.0141938394 0.0460944921 -0.0249645393
v  -0.0196977612 0.0446634106 -0.0267709736
v  -7.28899806e-07 0.048087731 -0.0225638505
v  -0.00381043134 0.0478903204 -0.022744244
v  -0.00759061892 0.0473049656 -0.0232302099
v  -0.038357228 0.0281838644 -0.040934328
v  -0.0394380279 0.0184053183 -0.0432701483
v  -0.0397641212 0.00808652584 -0.0448992774
v  -0.0396179557 -0.00217556697 -0.045406159
v  -0.0106869731 0.0444881842 -0.0531651489
v  -0.00602402259 0.0195019804 -0.0553708076
v  -0.00986256916 0.0631404892 -0.0514632836
v  -0.0317876898 0.167813241 -0.0208471157
v  -0.0314137526 0.159774929 -0.0220371801
v  -0.0271484908 0.144947365 -0.0305460282
v  -0.0260408018 0.131398052 -0.0340001695
v  -0.0217113961 0.131314129 -0.0377937779
v  -0.0249617994 0.118525416 -0.0376389176
v  -0.0206198245 0.118461497 -0.0408024341
v  -0.0240657087 0.105776317 -0.0410292633
v  -0.0196914915 0.105784908 -0.0435995199
v  -0.0190822482 0.0926420465 -0.046021454
v  -0.0144265834 0.092770271 -0.0474794768
v  -0.0142951785 0.0785891563 -0.0492122062
v  -0.00955320522 0.0788202286 -0.0499969423
v  -0.0047826902 0.0789635926 -0.0504642949
v  -1.94235594e-18 0.0790123492 -0.050623931
v  -0.0153100463 -0.0312466249 -0.0514036603
v  -0.0149510484 -0.0269561652 -0.0527766533
v  -0.0142026823 -0.0167953782 -0.0546257347
v  -0.0208155029 -0.0135790035 -0.0540057085
v  -0.0197445303 -0.00238522422 -0.0547969192
v  -0.0255764667 0.00118728064 -0.0536301024
v  -0.0243023112 0.0124895452 -0.0536446013
v  -0.0294088218 0.0158804189 -0.051866632
v  -0.0280837137 0.0264961217 -0.0514020249
v  -0.0325213484 0.029281415 -0.048926428
v  -0.0301712956 0.0473072119 -0.0474565849
v  -0.0321017802 0.04778108 -0.045950897
v  -0.0303753577 0.0622867607 -0.0444970205
v  -0.031901747 0.0621586405 -0.0427295789
v  -0.0307725612 0.0770085305 -0.0407496914
v  -0.0068002902 -0.00674971193 -0.0557656437
v  -0.0134351952 -0.00507140672 -0.0554655455
v  -0.0126742339 0.00756474165 -0.0555187054
v  -0.0186820813 0.00967940874 -0.0548198372
v  -0.017663803 0.0219983831 -0.0542915165
v  -0.0230793227 0.0240372419 -0.0531295203
v  -0.0209563505 0.0456320271 -0.0513354912
v  -0.0257663783 0.0464176722 -0.0497377552
v  -0.0241880063 0.0626429617 -0.0481331646
v  -0.0284925792 0.062410932 -0.0459466949
v  -0.0276307613 0.0774768367 -0.0440929309
v  -0.0293935668 0.0772466809 -0.0425695628
v  -0.029059913 0.0922022089 -0.0394244008
v  -0.0302526522 0.0920978561 -0.0373862088
v  -0.0302776061 0.105754137 -0.0332262516
v  0.00371227087 -0.0248188172 -0.0541032702
v  0.00361266173 -0.0193168502 -0.0549211167
v  2.3257845e-19 -0.00732538849 -0.0558336191
v  -0.00640370231 0.00624222914 -0.0558545776
v  -0.0119454451 0.0204630177 -0.0550065488
v  -0.0159023628 0.0449799299 -0.0524426922
v  -0.0315407813 0.0767653659 -0.0386417285
v  -0.0175796561 0.0487903878 -0.0262846574
v  -0.0406647511 0.0165854432 -0.035597194
v  -0.0362667143 0.0275841318 -0.033345852
v  -0.0305587575 0.0367939658 -0.0309291519
v  -0.0228868183 0.0467587002 -0.0281433221
v  -0.0157655198 0.0535297766 -0.0254721791
v  -0.00602112804 0.0512802489 -0.0235734954
v  -0.00679919822 0.049021244 -0.0235747471
v  -0.00341098243 0.0494514033 -0.0231391191
v  -0.037109483 0.0354146324 -0.0406516418
v  -0.036466293 0.0369816199 -0.0383763276
v  -0.0340465568 0.0497663543 -0.0373218097
v  -0.0327914804 0.0502610765 -0.0353223234
v  -0.0308252256 0.0616360418 -0.0342080705
v  -0.0274447054 0.0613877624 -0.0308890417
v  -0.0267953724 0.0677287802 -0.0301399529
v  -0.0228897613 0.0672798008 -0.0274422746
v  -0.0301055647 0.0682179928 -0.0334751718
v  -0.031349089 0.0684728846 -0.0354323201
v  -0.0320912786 0.0617652461 -0.0361734107
v  -0.0328455642 0.0618963167 -0.0383511931
v  -0.0347672924 0.0492662825 -0.0395625718
v  -0.0346737653 0.0487654395 -0.0419273078
v  -0.036969211 0.0338462815 -0.0430822149
v  -0.0359858498 0.0322914012 -0.0453658104
v  -0.0372367091 0.0238749422 -0.0456668623
v  -0.0357160717 0.0217692796 -0.0476488471
v  -0.0370374024 0.0129950754 -0.0475505926
v  -0.035206493 0.0103901951 -0.0492313653
v  -0.0365684852 0.00174338906 -0.0485208519
v  -0.032167457 -0.00412379066 -0.0511034541
v  -0.0335112028 -0.0124714961 -0.0494884104
v  -0.0281087905 -0.0183900557 -0.0511791222
v  -0.0341545455 -0.0160027053 -0.0482870974
v  -0.038516216 -0.00892857928 -0.0458901562
v  -0.0378867537 -0.00575531973 -0.0470047779
v  -0.0383511968 0.00486977072 -0.0468565114
v  -0.0385080799 0.0156750865 -0.0455600023
v  -0.0381984152 0.0260199681 -0.0433627777
v  -0.0391188115 -0.0116401156 -0.0445087366
v  -0.0352885537 0.0385329314 -0.0363624804
v  -0.0293676537 0.0512171313 -0.0319862589
v  -0.0234505832 0.0611598231 -0.0282270964
v  -0.0186501108 0.0668853521 -0.0252729431
v  -0.0426019058 -0.0055844197 -0.0398540348
v  -0.0428900681 0.000468198501 -0.0394101515
v  -0.0420146361 0.00904870778 -0.039275974
v  -0.0403592177 0.0179761089 -0.038257774
v  -0.0380144864 0.026639618 -0.0367323793
v  -0.0319400765 0.0415332764 -0.0330210291
v  -0.0252351295 0.0521011353 -0.0293287486
v  -0.0191084109 0.0609598346 -0.0260963384
v  -0.0141892685 0.0665588751 -0.0235858317
v  -0.0415872745 0.0128350742 -0.0373121649
v  -0.0393681079 0.0212500133 -0.0364061445
v  -0.0348196961 0.0319145955 -0.03351935
v  -0.0277224146 0.0443087593 -0.030348964
v  -0.0206580646 0.0528817289 -0.0271858945
v  -0.0145348739 0.0607947893 -0.024439849
v  -0.0134219434 0.0473449044 -0.0250013862
v  -0.0119197359 0.0503211617 -0.0247306004
v  -0.0106430426 0.0540189184 -0.0241583157
v  -0.00979363639 0.0606709532 -0.0232432522
v  -0.00956524163 0.0663128048 -0.0223744642
v  -0.00481944159 0.0661583468 -0.0216466449
v  -0.00493179727 0.0605936609 -0.0225138348
v  -0.00536340615 0.0543261059 -0.0232797544
v  -0.0321008079 0.0687317625 -0.0375860073
v  -0.0328130126 0.0620279498 -0.0406274237
v  -0.0336890407 0.0482687056 -0.0441154763
v  -0.0344266929 0.0307650175 -0.0473103039
v  -0.0338432826 0.0197225977 -0.0493093468
v  -0.0307850316 0.00550074596 -0.0518314242
v  -0.0268594176 -0.00929731131 -0.0528780483
v  -0.0218593441 -0.0232840329 -0.0522278436
v  -0.0223599505 -0.0273847431 -0.0509002656
v  -0.0228404049 -0.0308810268 -0.0492436439
v  -0.0232962519 -0.0336954668 -0.0472305007
v  -0.0237230342 -0.0357506424 -0.044833377
v  -0.0241162982 -0.0369980857 -0.0420442298
v  -0.0244715828 -0.0375985019 -0.0389923416
v  -0.0172403585 -0.0422745794 -0.0329745635
v  -0.0175084118 -0.0424492285 -0.0268248599
v  -0.017602928 -0.0424975492 -0.0193750001
v  0.0454700589 0.000244942814 -0.0276827943
v  0.0452194735 0.00474794349 -0.0269235838
v  0.0445199832 0.00920779351 -0.0262855105
v  0.0410944745 0.0181192774 -0.0277614594
v  0.0358485579 0.0267456993 -0.0283582844
v  0.0292426012 0.0347588472 -0.0278627165
v  0.021836035 0.0413500667 -0.0265884772
v  0.0141925802 0.0460949577 -0.0249641594
v  -0.00984022114 0.047840748 -0.025735002
v  -0.0130768288 0.0468378961 -0.0265054442
v  -0.0116647985 0.0501088984 -0.026321644
v  -0.0237049963 0.0432117656 -0.0300072245
v  -0.0224707518 0.0462447517 -0.0296870302
v  -0.0172684565 0.0484649651 -0.0278680399
v  -0.0312108621 0.0464515351 -0.0448600091
v  -0.0325533375 0.0469840989 -0.0432900153
v  -0.0349172838 0.0307479035 -0.0444765426
v  -0.0390307792 0.016605515 -0.0381072685
v  -0.0380869173 0.0198941194 -0.0365076773
v  -0.0393744223 0.0153269609 -0.035349071
v  -0.0390615389 0.0209605731 -0.0216486529
v  -0.0409264639 0.0170202404 -0.0218229592
v  -0.0405367613 0.0171500146 -0.0244286563
v  -0.0356259122 -0.0134470211 -0.0455426797
v  -0.0334142968 -0.0168886632 -0.046529334
v  -0.0328750983 -0.0136283692 -0.0477528945
v  0.00770288985 -0.0345769934 -0.0494692698
v  0.00783331599 -0.037840452 -0.0476991944
v  0.0116576161 -0.0367920212 -0.0476735532
v  0.0151235871 -0.0321581364 -0.0493282974
v  0.0153781148 -0.0353484116 -0.0475983024
v  0.0189642124 -0.03352727 -0.0474526547
v  0.0220239572 -0.0282805692 -0.0488849469
v  0.0223868303 -0.0313500389 -0.0472179018
v  0.0256181303 -0.0288397502 -0.0468754917
v  0.0252095219 -0.0258479174 -0.0485036969
v  0.0286325328 -0.026022803 -0.0464092828
v  0.0281850621 -0.0231196415 -0.0479944684
v  0.031405475 -0.0229269601 -0.045802705
v  0.0309269596 -0.0201231055 -0.0473412089
v  0.0339152701 -0.019582808 -0.0450408123
v  0.0356261246 -0.013446629 -0.0455426686
v  0.0361396298 -0.0160222966 -0.0441072769
v  0.0380572565 -0.0122799417 -0.0429852679
v  0.0284785889 0.0396004245 -0.0320948213
v  0.0298120249 0.0357797258 -0.0321225114
v  0.0249222126 0.0402949117 -0.0301056728
v  0.0332498923 0.0293376371 -0.0327533185
v  0.0310921259 0.0322525278 -0.0317296386
v  0.0310975369 0.0303080976 -0.0286452249
v  0.0283155907 0.0333868563 -0.027888177
v  0.0271854494 0.0351785347 -0.029089829
v  0.00692919502 0.0474482477 -0.0248990785
v  0.00728464406 0.0464043804 -0.0245307516
v  0.00364347501 0.0470584631 -0.0241109226
v  0.00762907043 0.0454722419 -0.0239659213
v  0.00795910973 0.0447101407 -0.0232025329
v  0.00398707855 0.0454700142 -0.022946069
v  0.00589087792 0.144554108 -0.0409912504
v  0.0116046378 0.144587174 -0.0395012274
v  0.0121965669 0.159749866 -0.0380136482
v  0.0208017174 0.139016196 0.00441215001
v  0.0214114524 0.145713538 0.00776100159
v  0.0253396872 0.145696446 0.0032841356
v  0.0295436736 0.118510626 -0.025990054
v  0.0294544287 0.118666865 -0.0235424992
v  0.0302945878 0.131784439 -0.0182132535
v  0.0291369371 0.105315372 -0.030780144
v  0.0290333182 0.105427541 -0.0286032595
v  0.0282739699 0.07622464 -0.0416137911
v  0.0294253305 0.076000452 -0.040120434
v  0.0290399026 0.083910048 -0.0386439115
v  0.0293778945 0.075485155 -0.0350784138
v  0.0283142198 0.0753031075 -0.0333406404
v  0.0278909281 0.0835900679 -0.0315281264
v  -0.0134111708 0.0828374922 -0.0211531278
v  -0.013495164 0.0739682615 -0.0236445367
v  -0.0177159496 0.0742363259 -0.0253576227
v  -0.028619742 0.0913243741 -0.0312681235
v  -0.0292041618 0.0913243368 -0.0332160555
v  -0.0290418379 0.0985300243 -0.0309860911
v  -0.0169645827 0.144633427 -0.0370625034
v  -0.0116044916 0.144587174 -0.0395012721
v  -0.0121964673 0.159749866 -0.0380136818
v  0.0435371958 0.00866112392 -0.0193750001
v  0.0434604436 0.00868965406 -0.0222549122
v  0.0441042669 0.00437921099 -0.0225303546
v  -0.0287769418 0.0338119455 -0.0193750001
v  -0.0313529186 0.0313499048 -0.0193750001
v  -0.0313050449 0.0314304456 -0.0211998839
v  -0.0357445367 0.026337957 -0.0193750001
v  -0.0368583128 0.0246281568 -0.0193750001
v  -0.036821492 0.0246994793 -0.0214914847
v  -0.0385377593 0.0220499672 -0.0193750001
v  -0.0391080417 0.0209047999 -0.0193750001
v  -0.0252044331 -0.0365172289 -0.0193750001
v  -0.0247509293 -0.0368612446 -0.0193750001
v  -0.0245881211 -0.0368883759 -0.0251435209
v  -0.00767373107 0.194000006 0.0261358321
v  -0.00651053712 0.194000006 0.0263588168
v  -0.00649265246 0.184978843 0.0264089219
v  0.0239940193 0.194000006 -0.0295984354
v  0.0235950761 0.194000006 -0.0299613401
v  0.023555547 0.186203092 -0.0298923422
v  0.0208670665 0.194000006 -0.0324429125
v  0.0185740776 0.194000006 -0.034122888
v  0.0185019281 0.186280265 -0.0340293311
v  0.0149461422 0.194000006 -0.0362329632
v  0.0127543332 0.194000006 -0.0371613018
v  0.012741453 0.186335027 -0.0371019915
v  0.0110566178 0.194000006 -0.0378803648
v  0.0126211811 0.176861808 -0.037180271
v  0.00825840514 0.194000006 -0.0387231261
v  0.00643066783 0.176875785 -0.0390386432
v  0.00650966819 0.194000006 -0.039047569
v  0.00418502325 0.194000006 -0.0394788645
v  0.0283156913 0.194000006 -0.0240774304
v  0.0277462825 0.194000006 -0.024907412
v  0.0277077742 0.186107814 -0.0248476136
v  0.0267177243 0.194000006 -0.0264066588
v  0.0233695656 0.176785558 -0.030087987
v  0.0183394812 0.176832527 -0.0341600515
v  0.030326549 0.194000006 -0.020357931
v  0.0307960436 0.186006352 -0.0190858226
v  0.0308024734 0.194000006 -0.0191286206
v  0.0318412632 0.194000006 -0.0164454281
v  0.0319000408 0.185959116 -0.0160036441
v  0.0325813927 0.194000006 -0.0137082506
v  0.0326942988 0.185916156 -0.0128268972
v  0.0327139683 0.194000006 -0.0128772231
v  0.033247333 0.194000006 -0.00953385979
v  0.0333260894 0.185828954 -0.00631495891
v  0.0333488174 0.194000006 -0.00636666035
v  0.0333817527 0.194000006 -0.00533872051
v  0.0326759145 0.18570891 0.00019492663
v  0.0331736989 0.194000006 -0.00250888267
v  0.0308323186 0.194000006 0.00640268903
v  0.0311586745 0.194000006 0.00565329753
v  0.0307705272 0.185556725 0.00645247381
v  0.0324202888 0.194000006 0.00165105599
v  0.0326946191 0.194000006 0.000136344112
v  0.0276849344 0.185393021 0.012218276
v  0.0279387292 0.194000006 0.0119293723
v  0.0300266035 0.194000006 0.00825280882
v  0.0234960355 0.194000006 0.0173659325
v  0.0236101747 0.194000006 0.0172429103
v  0.0235386845 0.185239911 0.0172722526
v  0.0254231971 0.194000006 0.0152887832
v  0.0277542211 0.194000006 0.0121757779
v  0.0168236792 0.194000006 0.0224820804
v  0.0185173005 0.194000006 0.0213461071
v  0.0184909999 0.185114548 0.0214215126
v  0.0203087088 0.194000006 0.0201445445
v  0.0127351182 0.185026869 0.0245069824
v  0.0127562536 0.194000006 0.0244276375
v  0.0143135171 0.194000006 0.0238063522
v  0.00351551129 0.194000006 0.0268439092
v  0.00632411381 0.194000006 0.0264252536
v  0.00649144361 0.184978843 0.0264091641
v  0.00651192665 0.194000006 0.026376605
v  0.0103869336 0.194000006 0.0253729001
v  -2.20027209e-06 0.194000006 0.0269923471
v  -6.24112545e-07 0.184965104 0.0270521119
v  -0.000707766332 0.194000006 0.0270221196
v  -0.00488884747 0.194000006 0.0266696997
v  -0.0117196366 0.194000006 0.0249053985
v  -0.012736219 0.185026884 0.0245065242
v  -0.0127597572 0.194000006 0.0244390871
v  -0.0184919387 0.185114577 0.0214208849
v  -0.0179964807 0.194000006 0.021765504
v  -0.0155487079 0.194000006 0.0231887307
v  -0.0244526193 0.194000006 0.016379077
v  -0.0235786308 0.194000006 0.0172074717
v  -0.0235394277 0.185239941 0.0172715094
v  -0.0214063693 0.194000006 0.0192664117
v  -0.0185339712 0.194000006 0.0213715807
v  -0.0262971967 0.194000006 0.0142187383
v  -0.0276854672 0.185393065 0.0122174807
v  -0.02771575 0.194000006 0.0121491551
v  -0.0286874156 0.194000006 0.0107315555
v  -0.030770855 0.185556754 0.00645168591
v  -0.0306054652 0.194000006 0.00699905213
v  -0.0326760598 0.18570894 0.000194200198
v  -0.0316294618 0.194000006 0.00435342547
v  -0.0308357105 0.194000006 0.00640418287
v  -0.0333260931 0.185828969 -0.00631558476
v  -0.0333051011 0.194000006 -0.00388578675
v  -0.0327307917 0.194000006 0.000271552592
v  -0.0330841243 0.194000006 -0.0109348074
v  -0.033395879 0.194000006 -0.00671800924
v  -0.0333846994 0.194000006 -0.00636926899
v  -0.0326915681 0.194000006 -0.0128713781
v  -0.0326942019 0.185916156 -0.0128273983
v  -0.0322505943 0.194000006 -0.0150467893
v  -0.0318999104 0.185959116 -0.01600408
v  -0.0313972868 0.194000006 -0.0177536849
v  -0.0307958908 0.186006352 -0.0190861914
v  -0.0307992008 0.194000006 -0.0191250257
v  -0.0297075063 0.194000006 -0.0216281507
v  -0.023582492 0.194000006 -0.0299533345
v  -0.0258573685 0.194000006 -0.0275049396
v  -0.0277076084 0.186107814 -0.0248478577
v  -0.0275588967 0.194000006 -0.0252334401
v  -0.0277503394 0.194000006 -0.0249122065
v  -0.00981704053 0.194000006 -0.0382873565
v  -0.0127632935 0.194000006 -0.0371776782
v  -0.0126211178 0.176861808 -0.0371802971
v  -0.0136981979 0.194000006 -0.0368255526
v  -0.0183393676 0.176832512 -0.0341601223
v  -0.0174065232 0.194000006 -0.0348694474
v  -0.0185018294 0.186280265 -0.0340293981
v  -0.0185371842 0.194000006 -0.034111388
v  -0.0197594855 0.194000006 -0.0332918838
v  -0.00283769472 0.194000006 -0.0396139435
v  -0.00651769387 0.194000006 -0.0390848629
v  -0.00643064687 0.176875785 -0.039038647
v  -0.00698858779 0.194000006 -0.0390171632
v  1.74451547e-17 0.176879242 -0.0396660715
v  1.54770932e-10 0.194000006 -0.0397265665
v  -0.00434845872 -0.0441313162 -0.0193749908
v  -0.000179003066 -0.0443996377 -0.0193749852
v  -0.00427271938 -0.0440364704 -0.0314544514
v  -2.86663922e-12 -0.0442518853 -0.0314420536
v  -0.00850573182 -0.0433936268 -0.0314808004
v  -0.0055135414 -0.0440563373 -0.0193749908
v  -0.00535121793 -0.044066783 -0.0193749908
v  -0.0126592722 -0.0423296653 -0.0315053463
v  -0.0105882436 -0.0431190096 -0.0193749983
v  -0.00864913967 -0.0434771739 -0.0193749964
v  -0.0203363784 -0.0394688696 -0.0193750001
v  -0.0169679914 -0.040968284 -0.0193750001
v  -0.0169337336 -0.0409938507 -0.0251804702
v  -0.0157437902 -0.0415132269 -0.0193750001
v  -0.0166944154 -0.0408562385 -0.0315137841
v  -0.0157174077 -0.041524969 -0.0193750001
v  -0.0128647964 -0.0424115025 -0.0193750001
v  -0.0209128782 -0.0391283371 -0.0193750001
v  -0.0208608285 -0.0391294658 -0.025172174
v  -0.0280795023 -0.0342915989 -0.0250886399
v  -0.0281420387 -0.0342888273 -0.0193750001
v  -0.032521598 -0.0302275661 -0.0193750001
v  -0.0313512459 -0.0313495025 -0.0193750001
v  -0.031301897 -0.0313647576 -0.0250025131
v  -0.0288274828 -0.0337688662 -0.0193750001
v  -0.0342649817 -0.0281203594 -0.0193750001
v  -0.0331965461 -0.0294117611 -0.0193750001
v  -0.0342239067 -0.0281355288 -0.0248802658
v  -0.0357838497 -0.0262845214 -0.0193750001
v  -0.0368180312 -0.0246354863 -0.0247178562
v  -0.0368584916 -0.0246293936 -0.0193750001
v  -0.0385706499 -0.0219923873 -0.0193750001
v  -0.0390587561 -0.020897897 -0.0245114546
v  -0.039109394 -0.0209064912 -0.0193750001
v  -0.0423980318 -0.0128568392 -0.0239561293
v  -0.0409978032 -0.0169833526 -0.0193750001
v  -0.0409250781 -0.0169591121 -0.0242581535
v  -0.0408450663 -0.0174080618 -0.0193750001
v  -0.0392584614 -0.0206060316 -0.0193750001
v  -0.0434992686 -0.00865121465 -0.0193750001
v  -0.0430409573 -0.0106095001 -0.0193750001
v  -0.0434630997 -0.00863107946 -0.0236076321
v  -0.0425768644 -0.0125924814 -0.0193750001
v  -0.0424722955 -0.0128832581 -0.0193750001
v  -0.0437430441 -0.00760961324 -0.0193750001
v  -0.0441070497 -0.00432275748 -0.0232277028
v  -0.0441187844 -0.00434458349 -0.0193750001
v  -0.0443281084 -0.00252565322 -0.0193750001
v  -0.0443215631 2.716979e-05 -0.0228564236
v  -0.0443262197 -4.71569535e-07 -0.0193750001
v  -0.0441043563 0.00437830482 -0.0225304235
v  -0.0443242863 0.00259185932 -0.0193750001
v  -0.0430402718 0.0106092291 -0.0193750001
v  -0.04350169 0.00865085423 -0.0193750001
v  -0.0434606373 0.00868868455 -0.022254983
v  -0.0437316298 0.00767493993 -0.0193750001
v  -0.0441200212 0.00434378767 -0.0193750001
v  -0.0392571948 0.0206052959 -0.0193750001
v  -0.0408190191 0.0174690504 -0.0193750001
v  -0.0409951843 0.0169814825 -0.0193750001
v  -0.0424757935 0.012883611 -0.0193750001
v  -0.0342658237 0.028119836 -0.0193750001
v  -0.0324764587 0.0302760564 -0.0193750001
v  -0.0331949107 0.0294103082 -0.0193750001
v  -0.034227442 0.0282005221 -0.0213441458
v  -0.0202852506 0.0394951701 -0.0193750039
v  -0.0209124517 0.0391258784 -0.019375002
v  -0.0208611432 0.039197024 -0.0207387973
v  -0.0246951301 0.036898654 -0.0193750001
v  -0.0245896243 0.036955107 -0.0208995137
v  -0.0252026804 0.0365148373 -0.0193750001
v  -0.0280819498 0.0343578048 -0.0210528448
v  -0.0281443093 0.0342903472 -0.0193750001
v  -0.0156058883 0.0415670089 -0.0193750206
v  -0.0166858584 0.041237779 -0.02190377
v  -0.0128678251 0.0424184762 -0.0193765387
v  -0.0126437191 0.042727787 -0.0216151066
v  -0.0107192062 0.0430866405 -0.0193777289
v  -0.0169672426 0.040964257 -0.0193750151
v  -0.0169326141 0.041062925 -0.0205759499
v  -0.0157411005 0.0415071435 -0.0193750206
v  -0.00864968915 0.0434764437 -0.0193845984
v  -0.00848675799 0.0438209549 -0.0213884879
v  -0.00569031993 0.0440338552 -0.0193944238
v  -0.00425846269 0.0444998555 -0.0212482661
v  -0.00535052968 0.0440579727 -0.0193957146
v  0.00452431431 0.0441688858 -0.0193999559
v  0.00435104175 0.0441765897 -0.0194004253
v  0.00425684359 0.0445000306 -0.0212482251
v  -2.17704314e-06 0.0443701372 -0.0194122195
v  -8.13666702e-07 0.0447335765 -0.0211998262
v  -0.000586665119 0.0443961248 -0.0194138028
v  -0.00434906082 0.0441290587 -0.0193995163
v  0.00848517101 0.0438212901 -0.0213884022
v  0.0126421871 0.0427282676 -0.0216149744
v  0.0128701339 0.0424255431 -0.0193767175
v  0.00957307499 0.0433556959 -0.0193799119
v  0.00865431409 0.0435036756 -0.0193835609
v  0.00534544326 0.0440366305 -0.0193966962
v  0.0166844036 0.0412383899 -0.021903608
v  0.0157229099 0.0414623432 -0.0193751045
v  0.014497648 0.0419663936 -0.0193751398
v  0.0169624053 0.0409524366 -0.0193750691
v  0.0169311445 0.041063536 -0.0205758661
v  0.0192299541 0.0400196053 -0.0193750039
v  0.0208597742 0.0391977578 -0.020738706
v  0.0208959524 0.0390973203 -0.019375002
v  0.0237071849 0.0375410356 -0.0193750001
v  0.0251827762 0.0364855416 -0.0193750001
v  0.0246369056 0.0368760042 -0.0193750001
v  0.0245883707 0.0369559489 -0.0208994206
v  0.027869476 0.0345637426 -0.0193750001
v  0.028080821 0.0343587324 -0.0210527536
v  0.0281527992 0.0343069881 -0.0193750001
v  0.0313040502 0.0314314403 -0.0211997945
v  0.0313814916 0.0313810557 -0.0193750001
v  0.0342265889 0.0282015614 -0.0213440601
v  0.0342828184 0.0281339269 -0.0193750001
v  0.0331789143 0.0293945167 -0.0193750001
v  0.0316615291 0.0311272796 -0.0193750001
v  0.0368207842 0.024700541 -0.0214914009
v  0.0390609689 0.0209616404 -0.0216485728
v  0.039091967 0.0208959654 -0.0193750001
v  0.0379390046 0.0230649486 -0.0193750001
v  0.0368601866 0.0246287175 -0.0193750001
v  0.035032969 0.0272773001 -0.0193750001
v  0.040926028 0.017021291 -0.0218228828
v  0.0403410345 0.0185461864 -0.0193750001
v  0.0392496325 0.0205993615 -0.0193750001
v  0.0423971377 0.0129172979 -0.0220221635
v  0.0422071405 0.0137810437 -0.0193750001
v  0.0409591459 0.0169678237 -0.0193750001
v  0.0435125418 0.00883282442 -0.0193750001
v  0.0430441499 0.0106082922 -0.0193750001
v  0.0424453989 0.0128779057 -0.0193750001
v  0.0443215594 2.80022196e-05 -0.0228563566
v  0.04434276 -1.56237945e-06 -0.0193750001
v  0.0442398898 0.00376726245 -0.0193750001
v  0.0441564806 0.00434815651 -0.0193750001
v  0.0443795212 -0.00134834624 -0.0193750001
v  0.0441071242 -0.00432200637 -0.0232276432
v  0.0441150032 -0.00434529688 -0.0193750001
v  0.0439295843 -0.00644604256 -0.0193750001
v  0.0434632301 -0.00863041449 -0.0236075856
v  0.0434757322 -0.00864699483 -0.0193750001
v  0.0423982069 -0.0128562637 -0.0239561014
v  0.0428960584 -0.0114581045 -0.0193750001
v  0.0430694409 -0.0106172897 -0.0193750001
v  0.0409252793 -0.0169586241 -0.0242581405
v  0.0412926674 -0.0163179487 -0.0193750001
v  0.0424304716 -0.0128692929 -0.0193750001
v  0.0368182473 -0.0246351641 -0.0247178655
v  0.0391407199 -0.0209610146 -0.0193750001
v  0.0390589722 -0.0208974946 -0.0245114546
v  0.0392962769 -0.0206253808 -0.0193750001
v  0.0409877747 -0.016975794 -0.0193750001
v  0.0342241116 -0.0281352792 -0.0248802826
v  0.0364687964 -0.0253256168 -0.0193750001
v  0.0368842855 -0.0246469099 -0.0193750001
v  0.0332291313 -0.0294379517 -0.0193750001
v  0.033312384 -0.0293537937 -0.0193750001
v  0.0342725888 -0.0281283893 -0.0193750001
v  0.0313436463 -0.0313440077 -0.0193750001
v  0.0313020796 -0.0313645713 -0.0250025336
v  0.0297135115 -0.0329919271 -0.0193750001
v  0.0280796587 -0.0342914686 -0.0250886623
v  0.0281229131 -0.0342663787 -0.0193750001
v  0.0257195365 -0.0361920632 -0.0193750001
v  0.0245882496 -0.0368882902 -0.0251435414
v  0.0252056848 -0.0365143493 -0.0193750001
v  0.0167670231 -0.0411123708 -0.0193750001
v  0.0169854667 -0.0410082228 -0.0193750001
v  0.0169337988 -0.0409938246 -0.0251804851
v  0.0209185537 -0.0391330831 -0.0193750001
v  0.0208609235 -0.0391294137 -0.0251721907
v  0.0213848576 -0.0389107689 -0.0193750001
v  0.0246380363 -0.036870379 -0.0193750001
v  0.0157282446 -0.041467268 -0.0193750001
v  0.0166944768 -0.0408562087 -0.0315138139
v  0.0128731402 -0.0424427167 -0.0193750001
v  0.0126593085 -0.0423296541 -0.0315053649
v  0.0118939336 -0.0427772626 -0.0193750001
v  0.00850574858 -0.0433936231 -0.0314808115
v  0.0086493548 -0.043489106 -0.0193749964
v  0.00710667903 -0.0438275598 -0.0193749946
v  0.00427272357 -0.0440364704 -0.0314544551
v  0.00534540275 -0.0440163165 -0.0193749908
v  -9.25111362e-06 -0.0443999991 -0.0193749852
v  1.81978055e-06 -0.0443999991 -0.0193749852
v  6.925255e-05 -0.0443999469 -0.0193749852
v  0.00234196964 -0.0443381928 -0.0193749871
v  0.00434528152 -0.0441234969 -0.0193749908
v  -2.21864366e-17 0.105216138 -0.0463189408
v  -4.57062055e-17 0.117844298 -0.0447080098
v  -0.00553586939 0.130777925 -0.0426158868
v  -0.0238942653 0.117993839 -0.0365328118
v  -0.0231262911 0.105110504 -0.0398427732
v  -0.0197893996 0.117930233 -0.0395096615
v  -0.0189827718 0.10513752 -0.0422554873
v  -0.0151941758 0.117891736 -0.0417868495
v  -0.0144656217 0.105169319 -0.0440535285
v  -0.0102863079 0.117866084 -0.0434045419
v  -0.0097377412 0.105195202 -0.0453106873
v  -0.00489356462 0.105211079 -0.0460641496
v  -0.0248702113 0.131028801 -0.0329591185
v  -0.0207726937 0.130931601 -0.0365438648
v  -0.0160667617 0.130862847 -0.0393547826
v  -0.0109377848 0.130811661 -0.0413839407
v  -0.00589081459 0.144554108 -0.0409912616
v  -0.00620526029 0.159734577 -0.0397252999
v  -0.0217944011 0.144689903 -0.0337268636
v  -0.0177646577 0.159765437 -0.0352246538
v  -0.0180882718 0.168020889 -0.0345757492
v  -0.0259043016 0.144764557 -0.0295555349
v  -0.0229799226 0.194000006 -0.0306018647
v  -0.0235554054 0.186203092 -0.0298924837
v  -0.023369411 0.176785558 -0.0300881341
v  -0.0230813604 0.168003514 -0.0306254104
v  -0.0227101464 0.159777001 -0.031443879
v  -0.0263945926 0.152077928 -0.0280606095
v  -0.0318337306 0.159935698 -0.0154040717
v  -0.0317979641 0.152433366 -0.0140720652
v  -0.0314016268 0.152327687 -0.0170943011
v  -0.0313093364 0.145236239 -0.0161561649
v  -0.030935578 0.145102113 -0.0190729853
v  -0.0303373057 0.131625518 -0.0209265873
v  -0.0299951695 0.131457254 -0.0235944912
v  -0.0295437146 0.118510596 -0.0259905122
v  -0.0292014945 0.118350908 -0.0283799488
v  -0.0291369762 0.10531535 -0.0307805557
v  -0.0287478957 0.105213873 -0.0328837968
v  -0.0292831622 0.091311574 -0.0351104699
v  -0.0288012829 0.091325663 -0.036919456
v  -0.027516935 0.176725417 -0.0251110718
v  -0.0272211712 0.167979717 -0.0257789977
v  -0.0268403105 0.159790218 -0.0267819874
v  -0.0292054024 0.176695302 -0.0223376695
v  -0.0289136916 0.167971417 -0.0230682045
v  -0.0285384636 0.15980427 -0.024161201
v  -0.0281001329 0.152112842 -0.0255525168
v  -0.0276192296 0.144816741 -0.027178077
v  -0.0266115293 0.131096929 -0.0308778714
v  -0.0256761946 0.118043795 -0.0347647555
v  -0.0249691755 0.105105907 -0.0383744612
v  -0.0306108948 0.176669821 -0.0194076449
v  -0.0314291082 0.167984694 -0.0171884093
v  -0.0303240921 0.167971432 -0.0201959796
v  -0.0310633294 0.159873292 -0.0184433125
v  -0.0299559403 0.159830123 -0.0213735513
v  -0.0306391884 0.152233765 -0.0200410113
v  -0.0295271147 0.152162805 -0.0228719711
v  -0.0301782861 0.14498134 -0.0219093245
v  -0.029058449 0.144886911 -0.0246228445
v  -0.0292334147 0.131306112 -0.0261706281
v  -0.028085351 0.131187066 -0.0286103804
v  -0.0284046307 0.118215188 -0.0306668039
v  -0.0272035301 0.118114926 -0.0328066014
v  -0.0278699901 0.105147228 -0.0348780341
v  -0.0265781116 0.10511516 -0.0367186815
v  -0.0277954917 0.0913838968 -0.0386225954
v  -0.0263736937 0.0914707109 -0.0401698612
v  -0.0290334467 0.105427518 -0.0286036786
v  -0.029454546 0.118666835 -0.0235429686
v  -0.030294681 0.131784409 -0.0182137731
v  -0.0313310549 0.145360216 -0.0132030807
v  -0.0276242308 0.105614357 -0.0242693368
v  -0.0285031162 0.105528504 -0.0264114626
v  -0.0289992038 0.118810408 -0.0211018473
v  -0.0282264184 0.118938334 -0.018713465
v  -0.0299214553 0.131928101 -0.0155152241
v  -0.0292439777 0.132053435 -0.0128665688
v  -0.0284813326 0.0985897481 -0.0289186016
v  -0.0276370626 0.091306515 -0.0293600541
v  -0.0275491923 0.0986326411 -0.0268966202
v  -0.0249019768 0.0986816064 -0.0231384374
v  -0.025093507 0.105745912 -0.0202610735
v  -0.0218357798 0.105840765 -0.0167029444
v  -0.025903346 0.11914359 -0.0141940201
v  -0.022766199 0.119295001 -0.0101162512
v  -0.0270831808 0.132244304 -0.00781245437
v  -0.0240098406 0.132372662 -0.00320522022
v  -0.00910890941 0.0737672746 -0.022405494
v  -0.0090654213 0.0827251896 -0.0197741166
v  -0.00911709759 0.0909721702 -0.0165841393
v  -0.0045943493 0.0736417845 -0.0216564089
v  -0.00457624579 0.0826570392 -0.0189250447
v  -0.00460613938 0.0909466296 -0.0156070227
v  -0.00467899255 0.0987375453 -0.0118455673
v  -4.40082289e-07 0.0735987648 -0.0214027427
v  -4.38313634e-07 0.0826343894 -0.0186331738
v  -4.41070569e-07 0.0909388959 -0.015265706
v  -4.47951408e-07 0.0987413228 -0.0114498911
v  -4.58497368e-07 0.106051676 -0.00744974427
v  -0.0317150727 0.176652908 -0.0163483806
v  -0.0322086513 0.168012962 -0.014077859
v  -0.0322541185 0.160008058 -0.0122935371
v  -0.0318537317 0.152529344 -0.0110160392
v  -0.0310311168 0.152659491 -0.00496740127
v  -0.0304393545 0.1455497 -0.00736804074
v  -0.0290309228 0.152703211 0.000809370889
v  -0.028395649 0.145653278 -0.0018112642
v  -0.0259724483 0.152691126 0.00611499883
v  -0.0253401436 0.145696461 0.00328352093
v  -0.0219888724 0.15266104 0.0107753687
v  -0.0214120578 0.145713553 0.00776042696
v  -0.0172249675 0.15264079 0.0146340895
v  -0.0121446354 0.159887567 0.0203074552
v  -0.017652411 0.15991354 0.0173209496
v  -0.0225117318 0.159971684 0.0133456532
v  -0.0265491866 0.160049155 0.00853073131
v  -0.0296148416 0.160117 0.00304551306
v  -0.0315801501 0.160135731 -0.00291951816
v  -0.0323424637 0.160071343 -0.00915063638
v  -0.0326520912 0.168048948 -0.0108994413
v  -0.0325031951 0.176646084 -0.0131910648
v  -5.79318794e-07 0.152674183 0.0200177617
v  -5.62486093e-07 0.145807713 0.0167148896
v  -0.00585856522 0.14579004 0.0160914045
v  -0.00567278778 0.139156237 0.0124126058
v  -0.0111503433 0.139112681 0.0106783342
v  -0.0107802637 0.132599294 0.00679699145
v  -0.0157286711 0.132536411 0.00421131216
v  -0.0100580826 0.11956843 -0.00129875133
v  -0.0147275943 0.119498819 -0.00358708855
v  -0.00946221501 0.10601031 -0.00915367156
v  -0.013915116 0.105967589 -0.0110976584
v  -0.0136368359 0.0987226069 -0.0147146108
v  -0.0177655239 0.0987151861 -0.0170225184
v  -0.017594317 0.0910809562 -0.0202194247
v  -0.021438852 0.0911579356 -0.0227905568
v  -0.0214814432 0.0831758901 -0.0253839567
v  -0.0250115711 0.0833828896 -0.0282151513
v  -0.0253337212 0.07492394 -0.0301902834
v  -0.0283145141 0.0753031522 -0.0333409794
v  -5.44410909e-07 0.139176756 0.0130207259
v  -0.00548022659 0.132649317 0.0084612947
v  -0.00510254735 0.119617343 0.000186979189
v  -0.00478934404 0.106040053 -0.00789737515
v  -0.00925313402 0.0987300277 -0.0129642719
v  -0.0134635586 0.0910173878 -0.0181390326
v  -0.0175720286 0.0829901546 -0.0230301674
v  -0.0217056051 0.0745601207 -0.0275354479
v  -0.0329661109 0.176644206 -0.00996848475
v  -0.0327694006 0.168076679 -0.00768930092
v  -0.0320570804 0.168074325 -0.00131511188
v  -0.0301189199 0.167997599 0.00479818415
v  -0.0270447675 0.167880788 0.0104247034
v  -0.0229595043 0.16776213 0.0153602716
v  -0.0180175807 0.167669848 0.0194248371
v  -0.0124014476 0.167616948 0.0224646572
v  -0.00631949538 0.16760008 0.0243541487
v  -0.0208022892 0.139016211 0.00441162754
v  -0.0167510733 0.145730078 0.0114778318
v  -0.0118435789 0.152642518 0.01754798
v  -0.00618707296 0.159888938 0.0221754648
v  -6.07268873e-07 0.167600602 0.024998311
v  -0.0331066065 0.176635385 -0.00671436079
v  -0.0324323028 0.176570535 -0.000244831783
v  -0.0305141155 0.176447466 0.00596841983
v  -0.0274327137 0.176296353 0.0116906874
v  -0.0233099945 0.176150069 0.0167076793
v  -0.0183036346 0.176033258 0.020831313
v  -0.0126028787 0.175958291 0.0239045266
v  -0.00642350223 0.175924093 0.0258053467
v  -6.17379442e-07 0.175917327 0.0264501199
v  -5.25656219e-07 0.132671058 0.00904888567
v  -4.88854369e-07 0.119636662 0.000716718263
v  0.0299878605 0.075652346 -0.0368475653
v  0.0289184768 0.083681345 -0.033339642
v  0.0276367832 0.0913065076 -0.0293597002
v  0.0286195297 0.0913243666 -0.0312677547
v  0.0275489204 0.0986326486 -0.0268962476
v  0.0284811258 0.0985897556 -0.0289182123
v  0.0276239719 0.105614372 -0.0242689401
v  0.0285029132 0.105528526 -0.0264110509
v  0.0282261837 0.118938357 -0.0187130086
v  0.0289990231 0.118810438 -0.0211013835
v  0.0292437691 0.13205345 -0.0128660379
v  0.0299213044 0.131928131 -0.0155146969
v  0.0292831436 0.091311574 -0.035110116
v  0.0295763947 0.0838170201 -0.0369583778
v  0.0300179049 0.075810723 -0.0385266878
v  0.0290417112 0.0985300317 -0.0309856962
v  0.0292040389 0.0913243368 -0.033215683
v  0.0295196734 0.0837551281 -0.0351858102
v  0.0267098155 0.0764612034 -0.0429451391
v  0.0279614758 0.0840451419 -0.0402270406
v  0.0288013648 0.0913256556 -0.0369191132
v  -5.94406742e-07 0.159896314 0.0228162985
v  -0.00603174325 0.152660966 0.0193835814
v  -0.0115086166 0.145757213 0.0143001378
v  -0.0162466839 0.139064655 0.00796585903
v  -0.0201811641 0.132463738 0.000838715467
v  -0.0189987067 0.119409516 -0.00655648392
v  -0.0180680342 0.105912223 -0.0136352396
v  -0.0215622652 0.0987040699 -0.0198388752
v  -0.0248710923 0.0912390947 -0.0258406512
v  -0.0278912168 0.0835900903 -0.0315284692
v  -0.0289186891 0.0836813599 -0.0333399959
v  -0.0295197852 0.083755143 -0.0351861604
v  -0.0295763966 0.083817035 -0.0369587056
v  -0.029039802 0.0839100704 -0.0386442244
v  -0.0279612951 0.0840451717 -0.0402273312
v  -0.0264676809 0.084201768 -0.0416525044
v  -0.0227293484 0.0916708261 -0.042723123
v  -0.0228559673 0.0769205689 -0.0450805798
v  -0.0185080171 0.0918620899 -0.0446294881
v  -0.0185212977 0.0773283988 -0.0466290377
v  -0.0140152304 0.0920225605 -0.0460171513
v  -0.013979665 0.0776652545 -0.0477356911
v  -0.00939119235 0.0921420082 -0.046975527
v  -0.009347477 0.077917546 -0.0484924763
v  -0.00470570289 0.0922148973 -0.047549013
v  -0.00467814133 0.0780744627 -0.0489440635
v  1.14097464e-17 0.0922391117 -0.0477442853
v  1.08937794e-16 0.0781280175 -0.0490982421
v  0.00470578717 0.0922148973 -0.0475489981
v  0.00467820233 0.0780744627 -0.0489440523
v  0.00939137861 0.0921420082 -0.0469754748
v  0.00934761856 0.077917546 -0.0484924428
v  0.0140154846 0.0920225605 -0.0460170507
v  0.0139798671 0.077665247 -0.0477356203
v  0.0185083058 0.0918620825 -0.0446293354
v  0.0185215417 0.0773283839 -0.0466289297
v  0.0227296352 0.0916708112 -0.0427229032
v  0.0228562299 0.0769205466 -0.0450804196
v  0.0287479535 0.105213895 -0.0328833982
v  0.0277956612 0.0913838893 -0.038622275
v  0.0264679138 0.0842017457 -0.0416522473
v  0.00518801995 0.117850088 -0.0443794318
v  0.0048936638 0.105211079 -0.046064131
v  0.010286523 0.117866084 -0.0434044823
v  0.0097379582 0.105195202 -0.0453106277
v  0.0151944617 0.117891744 -0.0417867266
v  0.0144659104 0.105169319 -0.0440534092
v  0.0197897125 0.117930241 -0.0395094641
v  0.0189830884 0.10513752 -0.0422552973
v  0.023894554 0.117993854 -0.0365325287
v  0.0231265873 0.105110504 -0.0398425125
v  0.0256764498 0.11804381 -0.0347644277
v  0.02496944 0.105105907 -0.0383741595
v  0.0272037331 0.118114948 -0.0328062288
v  0.0265783276 0.10511516 -0.0367183425
v  0.0284047648 0.118215218 -0.0306663923
v  0.029201543 0.118350945 -0.0283795111
v  0.0278701372 0.105147235 -0.0348776579
v  0.026373921 0.091470696 -0.0401695743
v  0.0201806258 0.132463738 0.000839184853
v  0.0313309953 0.145360246 -0.0132025154
v  0.0313093364 0.145236269 -0.0161556341
v  0.0303372778 0.131625563 -0.0209260881
v  0.0219882317 0.152661011 0.0107759908
v  0.0259719733 0.152691096 0.00611566473
v  0.0283953324 0.145653263 -0.00181063975
v  0.0290306062 0.152703196 0.000810042373
v  0.0304391701 0.145549715 -0.00736743398
v  0.0310309436 0.152659491 -0.00496675959
v  0.031853687 0.152529374 -0.0110154543
v  0.0317979753 0.152433395 -0.0140715204
v  0.0309356414 0.145102158 -0.0190724935
v  0.0314016975 0.152327731 -0.0170938037
v  0.0301784128 0.144981369 -0.021908883
v  0.0306393169 0.152233794 -0.0200405661
v  0.0290586259 0.144886941 -0.0246224552
v  0.0295272842 0.152162835 -0.0228715856
v  0.027619442 0.144816771 -0.0271777455
v  0.0281003322 0.152112871 -0.025552189
v  0.0259045325 0.144764572 -0.0295552574
v  0.0263948068 0.152077958 -0.0280603394
v  0.0217946377 0.144689932 -0.0337266847
v  0.0222750418 0.152030721 -0.0324939676
v  0.0177648123 0.159765452 -0.0352245681
v  0.0169647895 0.144633442 -0.0370624028
v  0.0299952216 0.131457284 -0.0235940218
v  0.0292335432 0.131306157 -0.026170196
v  0.028085541 0.131187096 -0.0286099948
v  0.026611764 0.131096959 -0.0308775362
v  0.0248704758 0.131028816 -0.0329588316
v  0.0207729749 0.130931631 -0.036543671
v  0.0160670169 0.130862862 -0.0393546671
v  0.0109379729 0.130811676 -0.0413838848
v  0.00553595461 0.130777925 -0.0426158719
v  -3.74747923e-17 0.130765513 -0.0430310033
v  0.0225110576 0.159971654 0.01334632
v  0.026548693 0.160049126 0.00853144377
v  0.0296145212 0.160116985 0.00304622552
v  0.0315799862 0.160135731 -0.00291884504
v  0.0323424302 0.160071358 -0.00915003568
v  0.0322541445 0.160008088 -0.0122929821
v  0.0318338126 0.159935728 -0.0154035706
v  0.0310634598 0.159873322 -0.0184428692
v  0.0299561061 0.159830153 -0.0213731695
v  0.0285386518 0.159804299 -0.0241608787
v  0.0268405098 0.159790248 -0.0267817248
v  0.0227103364 0.15977703 -0.0314437151
v  0.0233092681 0.176150039 0.0167084057
v  0.0274321903 0.176296309 0.011691466
v  0.0305137895 0.176447436 0.00596919283
v  0.0324321538 0.17657052 -0.000244114664
v  0.033106599 0.176635385 -0.0067137382
v  0.0329661556 0.176644221 -0.00996791944
v  0.0275171082 0.176725432 -0.0251108222
v  0.02920557 0.176695317 -0.0223373603
v  0.0306110494 0.176669836 -0.0194072705
v  0.0317152031 0.176652923 -0.0163479429
v  0.0325032882 0.176646098 -0.0131905619
v  0.0124356486 0.168026865 -0.0374989919
v  0.0180884022 0.168020904 -0.034575671
v  0.0230815299 0.168003529 -0.0306252558
v  0.0272213537 0.167979732 -0.0257787406
v  0.0289138686 0.167971432 -0.0230678897
v  0.0303242505 0.167971462 -0.0201956015
v  0.0314292386 0.167984709 -0.0171879679
v  0.0322087407 0.168012977 -0.0140773561
v  0.0326521285 0.168048963 -0.0108988797
v  0.032769382 0.168076694 -0.00768868672
v  0.032056924 0.16807431 -0.00131441338
v  0.0301185977 0.167997569 0.004798932
v  0.027044259 0.167880744 0.010425454
v  0.0229588021 0.167762101 0.0153609738
v  -4.10818159e-17 0.144541264 -0.0414937288
v  0.00620529987 0.159734577 -0.0397252925
v  -2.94099302e-17 0.159727514 -0.0403029546
v  0.0205701143 0.0393616259 -0.0222132131
v  0.010890306 0.0453573279 -0.0251467414
v  0.010372743 0.0465523712 -0.0255481154
v  0.0144301672 0.0439516604 -0.0258855056
v  0.0137662692 0.0453365818 -0.026334649
v  0.0178623628 0.0422087796 -0.0266709235
v  0.0170682892 0.0438124202 -0.0271830242
v  0.0211498532 0.0401496813 -0.0274709482
v  0.020239152 0.0419943258 -0.0280586556
v  0.0242656674 0.0377979614 -0.028275134
v  0.0232502017 0.0399034508 -0.0289463401
v  0.0252957512 0.0361950919 -0.0271655414
v  0.0220647864 0.0387114137 -0.0264654066
v  0.0186503474 0.0409164503 -0.0257796943
v  0.0150816832 0.0427926555 -0.0251133591
v  0.0113941459 0.0443200953 -0.0244876109
v  -7.61012132e-07 0.0457383804 -0.0228515249
v  0.0118812928 0.0435315445 -0.0235922672
v  0.015717091 0.0419793241 -0.0240815394
v  0.0194228645 0.0400694609 -0.0246208478
v  0.0229608603 0.0378115289 -0.0251904801
v  0.0262972601 0.0352169275 -0.0257797129
v  0.0294009168 0.0323039405 -0.0263906643
v  0.0322420262 0.029095944 -0.0270300284
v  0.0347938649 0.0256222282 -0.0277109463
v  0.0351517722 0.0262881164 -0.0338679925
v  0.0364797339 0.0225445274 -0.0328266621
v  0.0345562771 0.0259721838 -0.0317726023
v  0.0323516615 0.0292390808 -0.0308158305
v  0.0260756295 0.0375642814 -0.029846549
v  0.0298876949 0.0323167816 -0.0299297702
v  0.0336164683 0.026984537 -0.0294531528
v  0.0364597775 0.0225473903 -0.0294488277
v  0.0370311104 0.0219155326 -0.0284498855
v  0.0383713469 0.0187166762 -0.0303512774
v  0.0389315225 0.0180124249 -0.0292665139
v  0.0399351753 0.0147313867 -0.0313629135
v  0.0404728912 0.0139514171 -0.0301841348
v  0.0411265269 0.0106309932 -0.0325123034
v  0.0416330434 0.00977361202 -0.0312302075
v  0.0419112295 0.00645713508 -0.0338309966
v  0.00656535523 0.0485720038 -0.0251052734
v  0.00327782845 0.0490185395 -0.0246834867
v  0.00291884784 0.0513395257 -0.0248326212
v  0.00983900484 0.0478410646 -0.0257347003
v  0.00584697491 0.0510956123 -0.0251675565
v  0.00522015151 0.0542304106 -0.0248911101
v  0.01623616 0.0455683246 -0.0273495112
v  0.0130756516 0.0468382947 -0.0265050903
v  0.0116637498 0.0501091257 -0.0263213553
v  -4.58195132e-07 0.060217645 -0.0239234902
v  -4.46637586e-07 0.0656738505 -0.0231034514
v  0.00466330023 0.0657200366 -0.0233402681
v  0.00459353393 0.0736417696 -0.0216563307
v  0.00910819042 0.0737672448 -0.022405358
v  0.00457544578 0.0826570317 -0.0189249571
v  0.00906473119 0.0827251747 -0.0197739732
v  0.00460534543 0.0909466296 -0.0156069202
v  0.00911642518 0.0909721628 -0.0165839773
v  0.00467819395 0.0987375453 -0.0118454481
v  0.00925246812 0.0987300277 -0.0129640857
v  0.00478853146 0.106040061 -0.00789723825
v  0.00946154352 0.106010318 -0.00915345922
v  0.00510167656 0.11961735 0.000187147292
v  0.0100573627 0.119568437 -0.00129848265
v  0.00547927292 0.132649332 0.00846149027
v  0.0107794572 0.132599294 0.00679731835
v  0.00567178801 0.139156237 0.0124128126
v  0.0111494875 0.139112681 0.0106786881
v  0.00585752027 0.145790055 0.0160916205
v  0.0115077086 0.145757213 0.0143005177
v  0.00603065407 0.152660966 0.0193838067
v  0.0118426206 0.152642518 0.0175483841
v  0.00618594373 0.159888938 0.0221756957
v  0.0121436296 0.159887552 0.0203078799
v  0.0063183317 0.167600065 0.0243543852
v  0.0124004008 0.167616934 0.0224650968
v  0.00642231153 0.175924093 0.0258055888
v  0.0126017993 0.175958276 0.0239049792
v  -4.98000588e-07 0.0543345325 -0.024570534
v  -4.75295849e-07 0.0563909933 -0.0243676696
v  0.00497339433 0.0563639514 -0.0246389005
v  0.00478786556 0.0602373518 -0.024166612
v  0.00951298699 0.0602885894 -0.0248774551
v  0.00925521087 0.0658525601 -0.0240427032
v  0.0137271881 0.0660614222 -0.0252106376
v  0.0134945279 0.0739682242 -0.0236443579
v  0.0177153852 0.0742362812 -0.0253574029
v  0.0134105673 0.0828374699 -0.0211529415
v  0.0175714958 0.0829901323 -0.0230299439
v  0.0134629803 0.0910173804 -0.0181388296
v  0.0175938122 0.0910809487 -0.0202191882
v  0.0136362724 0.0987226069 -0.0147143835
v  0.0177650377 0.0987151861 -0.0170222595
v  0.0139145553 0.105967596 -0.0110974023
v  0.0180675574 0.105912231 -0.0136349509
v  0.0147270001 0.119498827 -0.00358675979
v  0.018998215 0.119409531 -0.00655611511
v  0.0157280061 0.132536411 0.00421172567
v  0.0162459724 0.13906464 0.00796631537
v  0.0167503133 0.145730063 0.0114783291
v  0.0172241628 0.152640775 0.0146346241
v  0.0176515616 0.159913525 0.0173215177
v  0.0180166923 0.167669818 0.0194254331
v  0.0183027163 0.176033229 0.0208319295
v  0.0338129476 0.0307047423 -0.0344041362
v  0.0324531198 0.035536103 -0.0344943628
v  0.0310889967 0.0405599773 -0.0342609026
v  0.0103976624 0.0538911559 -0.0257631354
v  0.00989395753 0.0562658645 -0.025406979
v  0.0146865696 0.056081485 -0.0266152695
v  0.0141190169 0.0603610128 -0.0260402206
v  0.0185538363 0.0604531206 -0.0276437793
v  0.0180390961 0.0663380772 -0.0268355403
v  0.0221224893 0.066672489 -0.028916657
v  0.0217051115 0.0745600685 -0.0275351889
v  0.0253333095 0.0749238878 -0.0301899835
v  0.0214809757 0.0831758603 -0.025383696
v  0.0250111762 0.0833828598 -0.0282148495
v  0.0214384086 0.0911579207 -0.0227902848
v  0.024870716 0.0912390798 -0.0258403383
v  0.0215618405 0.0987040699 -0.0198385827
v  0.0249016192 0.0986816064 -0.0231381059
v  0.02183537 0.105840772 -0.016702624
v  0.0250931624 0.105745926 -0.0202607177
v  0.0227657948 0.119295008 -0.0101158498
v  0.0259030238 0.119143605 -0.0141935898
v  0.0240094177 0.132372662 -0.00320471521
v  0.0270828661 0.132244304 -0.00781192956
v  0.029664997 0.0608298294 -0.0352682322
v  0.030226171 0.049904611 -0.0347546749
v  0.0285349358 0.050469663 -0.0333109088
v  0.0327434503 0.0389672071 -0.0356666259
v  0.0340857357 0.0333869159 -0.0358546935
v  0.0354346707 0.028023161 -0.0357035287
v  0.0367750376 0.023131391 -0.0351068564
v  0.0380963273 0.0189857837 -0.0340076461
v  0.0237041619 0.0432122722 -0.0300068259
v  0.0271274 0.0435693525 -0.031791836
v  0.0246191863 0.0515388809 -0.0308043007
v  0.027447952 0.0551886261 -0.0327949598
v  0.0172675159 0.048465278 -0.0278676935
v  0.0154267801 0.0533003993 -0.0270633698
v  0.0192768965 0.0558256209 -0.0282379854
v  0.022741871 0.0605655052 -0.029693095
v  0.025843719 0.0670505986 -0.0314760879
v  0.0393537506 0.0158486925 -0.0323856361
v  0.0399898477 0.0134408809 -0.0345591567
v  0.0405765064 0.0118641863 -0.0336176381
v  0.0408467688 0.00953579228 -0.0360414349
v  0.0413975753 0.00780732976 -0.0350282826
v  0.0412401482 0.00560075277 -0.0377281085
v  0.0417577252 0.00372086116 -0.0366361812
v  0.0410774201 0.00167316245 -0.0395590328
v  0.0415768474 -0.000355169846 -0.03838728
v  0.0403386541 -0.00223013083 -0.0413593426
v  0.0408398956 -0.00440323772 -0.0401115008
v  0.0391285233 -0.00607938459 -0.0429735072
v  0.0396391787 -0.0083930511 -0.041656848
v  0.0375408977 -0.00983158778 -0.0443637669
v  0.0393741764 0.015327788 -0.0353487283
v  0.0380866602 0.0198948495 -0.0365073197
v  0.0402645469 0.0116043128 -0.0368841439
v  0.0390306301 0.0166062005 -0.0381069146
v  0.0406903923 0.00785181765 -0.0386300758
v  0.0395135544 0.0132945916 -0.0399219021
v  0.0405465886 0.00410459144 -0.0405215323
v  0.039405603 0.0099874828 -0.0418829285
v  0.0398070328 0.000378593424 -0.0423812233
v  0.0350775383 -0.0103372773 -0.0467198752
v  0.0369922966 -0.00688210316 -0.0454923995
v  0.0385873057 -0.00329733617 -0.0440508015
v  0.0380170755 -0.000101423051 -0.0449065641
v  0.0364119932 -0.00348946755 -0.0463884659
v  0.0344938263 -0.00675569801 -0.0476545841
v  0.0322976634 -0.0098670423 -0.0487247482
v  0.0292498693 -0.0084079355 -0.0503771938
v  0.031686306 -0.00567360455 -0.049459707
v  0.0338787884 -0.00276580849 -0.0483627208
v  0.0358032808 0.000286634371 -0.0470687859
v  0.0374210887 0.0034527455 -0.0455579869
v  0.0386640616 0.00669840071 -0.0438159071
v  0.0279843826 0.00143221964 -0.0512338728
v  0.0303910822 0.00373238767 -0.0502917916
v  0.0325796232 0.00617856812 -0.0491710827
v  0.0345219374 0.00874663983 -0.0478532948
v  0.0361706167 0.0114106508 -0.0463178828
v  0.0374420322 0.0141421575 -0.0445511378
v  0.0381881259 0.0169119127 -0.0425985828
v  0.0382676534 0.0197005644 -0.0406247899
v  0.0377433337 0.0224970598 -0.0387874097
v  0.0367644392 0.0252792332 -0.0371524505
v  0.0205729287 -0.0389874391 -0.0314926468
v  0.0242583342 -0.0367423855 -0.0314297862
v  0.0277155414 -0.0341423489 -0.0313134454
v  0.0309123043 -0.031213101 -0.0311335027
v  0.0338179357 -0.0279824082 -0.0308800172
v  0.0364054888 -0.0244818199 -0.030544566
v  0.0386496447 -0.0207445752 -0.0301188659
v  0.0405291207 -0.0168070104 -0.0295960102
v  0.0420234241 -0.0127072176 -0.0289704408
v  0.0431136489 -0.00848626718 -0.0282436144
v  0.0437771119 -0.00418663118 -0.0274428632
v  0.0439938568 0.000153753717 -0.0266513415
v  0.0437635332 0.00450055767 -0.0259513445
v  0.0431012474 0.00881129969 -0.025358215
v  0.0420205705 0.0130421957 -0.0248568784
v  0.0405363217 0.0171510633 -0.0244284999
v  0.0386638679 0.021096861 -0.0240557585
v  0.0364228487 0.0248409715 -0.0237228908
v  0.0338350199 0.0283465255 -0.0234153941
v  0.0309264809 0.0315802544 -0.02311996
v  0.0277250875 0.0345112607 -0.0228250362
v  0.0242621303 0.0371130146 -0.0225236025
v  0.0413754657 0.0132725462 -0.027509043
v  0.0420878455 0.00928344205 -0.0297939274
v  0.0424860306 0.00904283673 -0.0282870084
v  0.0428070612 0.0049925847 -0.0308598578
v  0.0431810804 0.00473767426 -0.0291960631
v  0.0430799946 0.000674718176 -0.0320940167
v  0.0434354208 0.000403312675 -0.0302565824
v  0.0428635962 -0.00362653844 -0.0334638469
v  0.0432169996 -0.00391695835 -0.0314422399
v  0.0421528667 -0.00789085124 -0.0348289236
v  0.0425229594 -0.00819868036 -0.032629624
v  0.0409992151 -0.0120867956 -0.0360583328
v  0.0413924716 -0.0124086253 -0.0337011106
v  0.0394509099 -0.0161679462 -0.0371161141
v  0.0398638807 -0.0165016241 -0.0346227288
v  0.0375387371 -0.0200904962 -0.0380062014
v  0.0379633904 -0.0204346962 -0.0353963673
v  0.0352875106 -0.0238152929 -0.0387406759
v  0.0357141532 -0.0241690055 -0.0360319279
v  0.0327194259 -0.0273060054 -0.0393318385
v  0.0331379995 -0.0276681669 -0.0365400016
v  0.0298594292 -0.0305294935 -0.0397928841
v  0.0302600041 -0.0308989491 -0.0369323231
v  0.0267331041 -0.0334543884 -0.0401365347
v  0.0271062646 -0.033829838 -0.0372204073
v  0.023369303 -0.0360529274 -0.0403774194
v  0.0237063486 -0.0364329815 -0.0374176092
v  0.0197980385 -0.0382992215 -0.0405301899
v  0.02009115 -0.0386824198 -0.0375373848
v  0.0160517525 -0.0401715375 -0.0406118296
v  0.016294213 -0.0405564681 -0.037595354
v  0.0121637676 -0.041650217 -0.0406396836
v  0.0123500954 -0.0420355983 -0.0376075059
v  0.00816894043 -0.0427200459 -0.0406331047
v  0.00829509739 -0.0431049317 -0.0375917032
v  0.00410245592 -0.0433679819 -0.0406125858
v  0.00416595396 -0.0437519364 -0.0375668742
v  -3.80874195e-12 -0.0435856245 -0.0406006053
v  -3.95328692e-12 -0.0439690463 -0.0375538245
v  -0.00416595023 -0.0437519364 -0.0375668705
v  0.0334145017 -0.0168883428 -0.0465293601
v  0.0328752995 -0.0136280609 -0.0477529168
v  0.0304068793 -0.0167220403 -0.0486089364
v  0.0298459083 -0.012792699 -0.049616307
v  0.0271605011 -0.015504011 -0.0503448434
v  0.0265920907 -0.0109420298 -0.0511307269
v  0.0237330198 -0.0132502625 -0.0517339483
v  0.0253835432 -0.000699554221 -0.0520134382
v  0.0226082038 -0.00264150975 -0.0526443534
v  0.0276937839 -0.0195890218 -0.0493038036
v  0.0247563124 -0.0222000424 -0.0498515889
v  0.0242616013 -0.0179735254 -0.0509241074
v  0.0211717412 -0.0201762225 -0.0513692535
v  0.0206945818 -0.0153092733 -0.0522017777
v  0.0174988806 -0.017096892 -0.0525486059
v  0.019678697 -0.00437407475 -0.0531411543
v  0.0166147817 -0.00587863615 -0.0535175018
v  0.00393666327 -0.0384779088 -0.0476970896
v  0.00387132377 -0.0351961292 -0.049477607
v  0.00379540306 -0.0311523546 -0.0509648249
v  0.00371087389 -0.0264441688 -0.0521570183
v  0.00755220605 -0.0305589661 -0.0509465709
v  0.0114637222 -0.0335591137 -0.0494266637
v  0.0216175113 -0.0245286915 -0.0502678081
v  0.0183012988 -0.0265498962 -0.0505675599
v  0.0179140102 -0.0220883619 -0.0516949967
v  0.0145130949 -0.0236891229 -0.0519184321
v  0.0141692469 -0.0185936354 -0.0527910218
v  0.0107297087 -0.019781366 -0.0529457517
v  0.0134367589 -0.00713876029 -0.0537886731
v  0.0101652732 -0.00813909806 -0.0539698116
v  0.0186530296 -0.0303915665 -0.0491538048
v  0.0148335276 -0.0282416958 -0.050768394
v  0.0109945675 -0.0249591507 -0.0520568788
v  0.00720490329 -0.0206449106 -0.0530312918
v  0.00682119885 -0.00886670593 -0.0540773459
v  5.93023582e-17 -0.0386927612 -0.047690995
v  7.03409313e-17 -0.0354048796 -0.0494750701
v  7.94115887e-17 -0.0313524753 -0.0509657152
v  8.36657125e-17 -0.0266336966 -0.0521611348
v  9.98770429e-17 -0.0213479809 -0.0530743264
v  0.0354363136 0.0311876778 -0.0373535119
v  0.0364414938 0.0289591104 -0.0390164442
v  0.0369925685 0.0267222095 -0.0408511721
v  0.0369319022 0.0244974457 -0.0427962653
v  0.0361796394 0.0222952683 -0.0447243303
v  0.03487885 0.0201270171 -0.0464750975
v  0.0331975184 0.0180134382 -0.047996901
v  0.0312359557 0.015976401 -0.0493024848
v  0.0290510394 0.0140362587 -0.0504137538
v  0.02413355 0.0105212387 -0.0521309078
v  0.0186287761 0.00760640576 -0.05327674
v  0.0126800099 0.00541238952 -0.0539595224
v  0.00642454531 0.00404029433 -0.0542860627
v  1.14035212e-16 0.0170191247 -0.0539765134
v  0.00603384897 0.0173647329 -0.0538776182
v  0.0119350851 0.0183711648 -0.0535217784
v  0.0175948385 0.0199798923 -0.052820649
v  0.0229007937 0.0221165679 -0.0516835116
v  0.027725894 0.0246928539 -0.0500084199
v  0.0318819471 0.0276079066 -0.0476613566
v  0.033591684 0.0291573498 -0.0461808331
v  0.0349174552 0.0307481587 -0.044476293
v  0.0356749333 0.0323689431 -0.0426051915
v  0.0357251465 0.0340169482 -0.0407149382
v  0.0351560153 0.0356794223 -0.0388940424
v  0.0341236442 0.0373352952 -0.0372074209
v  0.0271113981 0.0687297583 -0.0439365543
v  0.0287411008 0.068483755 -0.0426494107
v  0.0299626496 0.0682408139 -0.0411927328
v  0.0306111369 0.0680217221 -0.0396323577
v  0.0306089241 0.0678342432 -0.0379907638
v  0.0299964584 0.0676468089 -0.0362520106
v  0.0289068799 0.0674502477 -0.034545809
v  0.026545573 0.0606949888 -0.0322195776
v  0.0235779304 0.0555221401 -0.0302837156
v  0.0202012993 0.0524978526 -0.0287400875
v  0.0224699527 0.0462451242 -0.029686654
v  0.0192822404 0.044041764 -0.0282380879
v  0.0423826873 0.00552221201 -0.0324353389
v  0.0426803119 0.00124384533 -0.0338208415
v  0.042470701 -0.00301813614 -0.0353470631
v  0.0417460911 -0.00724531058 -0.036860548
v  0.0405714549 -0.0114069823 -0.0382206999
v  0.0390061177 -0.0154563636 -0.0393901356
v  0.0370857902 -0.0193495862 -0.0403748229
v  0.0348369516 -0.0230475999 -0.0411889106
v  0.0322819427 -0.0265143979 -0.0418463871
v  0.0294452943 -0.0297171138 -0.0423618183
v  0.0263517313 -0.0326246545 -0.0427490808
v  0.0230290219 -0.0352093987 -0.0430239774
v  0.0195058994 -0.0374454968 -0.0432022549
v  0.015813319 -0.0393110402 -0.0433020927
v  0.0119830566 -0.0407859944 -0.0433420055
v  0.00804827828 -0.0418544896 -0.0433425792
v  0.00404254021 -0.0425025634 -0.0433255136
v  -3.33383522e-13 -0.0427205637 -0.0433144458
v  -0.00410245219 -0.0433679819 -0.0406125821
v  -0.00829508249 -0.0431049354 -0.0375916883
v  0.0422389358 0.00225485 -0.0353390612
v  0.0420419574 -0.00193376211 -0.0369894244
v  0.0413092002 -0.00609068619 -0.0386191197
v  0.0401195474 -0.0101853339 -0.0400809348
v  0.0385439433 -0.014171686 -0.0413367487
v  0.036623057 -0.0180067867 -0.04239472
v  0.0343847126 -0.0216523167 -0.043270994
v  0.031850867 -0.0250729583 -0.0439811721
v  0.0290450118 -0.0282362886 -0.0445409939
v  0.0259903707 -0.0311114751 -0.0449652188
v  0.0227130279 -0.0336708203 -0.045270443
v  0.0192399882 -0.0358881429 -0.0454730242
v  0.0156004447 -0.0377408601 -0.0455917567
v  0.011824606 -0.0392080136 -0.0456456505
v  0.00794417411 -0.0402725674 -0.0456557572
v  0.0039915489 -0.0409192704 -0.0456441827
v  4.75831677e-17 -0.0411370955 -0.0456348918
v  -0.00404253602 -0.0425025672 -0.0433255099
v  -0.00816892553 -0.0427200496 -0.0406330861
v  -0.0123500619 -0.0420356132 -0.0376074798
v  0.0237168465 0.0373712853 -0.0238620546
v  0.0271297358 0.0347645693 -0.0243066307
v  0.0302927736 0.0318294577 -0.0247573461
v  0.0331749134 0.0285914019 -0.02522121
v  0.0357484706 0.0250811353 -0.0257112999
v  0.0379874706 0.0213324912 -0.0262434315
v  0.039869979 0.0173831154 -0.0268357676
v  -0.00399154425 -0.0409192741 -0.045644179
v  -0.00393665815 -0.0384779088 -0.0476970859
v  -0.00387131819 -0.035196133 -0.0494776033
v  -0.00379539747 -0.0311523564 -0.0509648211
v  -0.0037108683 -0.0264441706 -0.0521570109
v  -0.00361987529 -0.021170605 -0.0530671403
v  9.19615068e-17 -0.00945946295 -0.0541413464
v  -0.00342567055 -0.0093098646 -0.0541284382
v  -0.00804826338 -0.041854497 -0.0433425605
v  -0.00794415828 -0.0402725749 -0.0456557423
v  -0.00783330016 -0.0378404595 -0.0476991758
v  -0.00770287449 -0.0345770046 -0.0494692549
v  -0.00755219068 -0.0305589736 -0.0509465523
v  -0.00738483341 -0.0258823335 -0.0521296039
v  -0.00720488839 -0.0206449181 -0.0530312769
v  -0.00682118442 -0.00886671245 -0.054077331
v  -0.0205728374 -0.038987495 -0.0314926095
v  -0.0162941553 -0.0405565016 -0.037595313
v  -0.0200910605 -0.0386824794 -0.0375373326
v  -0.0160516948 -0.0401715748 -0.0406117849
v  -0.0197979528 -0.0382992849 -0.040530134
v  -0.0158132631 -0.0393110774 -0.0433020443
v  -0.0195058156 -0.0374455601 -0.0432021916
v  -0.0156003889 -0.0377408974 -0.0455917083
v  -0.0192399062 -0.0358882099 -0.0454729609
v  -0.0153780598 -0.0353484526 -0.0475982539
v  -0.0189641304 -0.033527337 -0.0474525914
v  -0.0151235331 -0.0321581773 -0.0493282489
v  -0.0186529495 -0.0303916316 -0.0491537414
v  -0.0148334745 -0.028241735 -0.0507683456
v  -0.0183012206 -0.0265499596 -0.0505675003
v  -0.0145130428 -0.0236891601 -0.0519183874
v  -0.0179139338 -0.0220884234 -0.0516949371
v  -0.0141691957 -0.0185936708 -0.0527909808
v  -0.0174988043 -0.0170969516 -0.0525485501
v  -0.0134367095 -0.00713879056 -0.0537886359
v  -0.016614709 -0.00587868644 -0.0535174534
v  -0.0242582113 -0.0367424749 -0.0314297415
v  -0.0237062294 -0.0364330746 -0.0374175496
v  -0.0233691875 -0.0360530242 -0.0403773524
v  -0.0230289083 -0.0352094993 -0.0430239066
v  -0.0227129161 -0.0336709209 -0.0452703722
v  -0.0223867185 -0.0313501433 -0.0472178273
v  -0.0220238492 -0.0282806717 -0.0488848761
v  -0.0216174051 -0.0245287884 -0.0502677411
v  -0.0211716369 -0.0201763175 -0.0513691865
v  -0.0206944793 -0.0153093617 -0.0522017144
v  -0.0196785964 -0.00437415112 -0.0531411022
v  -0.0339150652 -0.0195831377 -0.0450407825
v  -0.0361394137 -0.016022699 -0.0441072844
v  -0.0380570441 -0.0122804213 -0.0429853238
v  -0.034384504 -0.0216526501 -0.0432709642
v  -0.0366228409 -0.0180071983 -0.0423947237
v  -0.038543731 -0.0141721759 -0.0413368009
v  -0.0401193537 -0.0101859057 -0.0400810465
v  -0.0413090438 -0.00609133719 -0.0386193022
v  -0.0396389849 -0.00839360896 -0.0416569673
v  -0.0375406891 -0.00983205251 -0.0443638302
v  -0.035077326 -0.0103376526 -0.0467198938
v  -0.0322974622 -0.00986733567 -0.0487247333
v  -0.0420418717 -0.00193448877 -0.0369896702
v  -0.0408397391 -0.00440387288 -0.0401116945
v  -0.0391283259 -0.00607992476 -0.0429736376
v  -0.0369920842 -0.0068825488 -0.0454924665
v  -0.034493614 -0.0067560547 -0.0476546064
v  -0.0316861048 -0.00567387929 -0.0494596995
v  -0.0279842038 0.00143203314 -0.0512338467
v  -0.0292496886 -0.00840815529 -0.0503771566
v  -0.0298457257 -0.0127929328 -0.0496162623
v  -0.0304066949 -0.0167222861 -0.0486088879
v  -0.0309267752 -0.0201233625 -0.0473411568
v  -0.0314052887 -0.0229272228 -0.0458026491
v  -0.031850677 -0.0250732228 -0.0439811163
v  -0.030390881 0.00373215484 -0.0502917953
v  -0.033878576 -0.00276614237 -0.0483627506
v  -0.0364117809 -0.00348989014 -0.0463885404
v  -0.0385871083 -0.00329785305 -0.0440509394
v  -0.0403384976 -0.00223074411 -0.0413595475
v  -0.0415767618 -0.000355877652 -0.0383875407
v  -0.042238947 0.00225404836 -0.0353393406
v  -0.0325794071 0.00617828546 -0.0491711237
v  -0.0358030684 0.000286238675 -0.0470688678
v  -0.0380168743 -0.000101912461 -0.0449067056
v  -0.0398068726 0.000378007069 -0.0423814394
v  -0.0410773382 0.00167247967 -0.0395593084
v  -0.0417577401 0.00372008141 -0.0366364792
v  -0.041911345 0.00645626476 -0.0338312872
v  -0.0431014448 0.00881033298 -0.025358364
v  -0.0437636264 0.00449965335 -0.0259514898
v  -0.0439938568 0.000152923036 -0.0266514812
v  -0.0437770374 -0.0041873809 -0.027442988
v  -0.0431135111 -0.00848693214 -0.0282437075
v  -0.0420232452 -0.012707795 -0.0289704967
v  -0.0405289195 -0.0168075003 -0.0295960326
v  -0.0386494286 -0.0207449812 -0.0301188622
v  -0.0364052728 -0.0244821459 -0.0305445436
v  -0.0338177346 -0.0279826615 -0.0308799818
v  -0.0386644378 0.0210957974 -0.0240559224
v  -0.0398704186 0.0173820723 -0.0268359929
v  -0.0424862355 0.00904187374 -0.0282872226
v  -0.0431811772 0.0047367732 -0.0291962717
v  -0.0434354246 0.000402485428 -0.0302567855
v  -0.0432169177 -0.0039177062 -0.0314424187
v  -0.0425228141 -0.00819934625 -0.0326297581
v  -0.0413922891 -0.0124092065 -0.0337011889
v  -0.0398636758 -0.0165021196 -0.0346227624
v  -0.037963178 -0.0204351079 -0.0353963636
v  -0.0357139409 -0.024169337 -0.0360318981
v  -0.033137802 -0.0276684258 -0.0365399495
v  -0.0420880541 0.00928248372 -0.0297941715
v  -0.0428071655 0.0049916883 -0.0308600962
v  -0.0430799983 0.000673894479 -0.0320942476
v  -0.0428635143 -0.00362728327 -0.0334640518
v  -0.0421527214 -0.0078915162 -0.0348290727
v  -0.0409990288 -0.0120873777 -0.0360584222
v  -0.0394507013 -0.0161684435 -0.0371161513
v  -0.037538521 -0.0200909097 -0.0380061977
v  -0.0352872983 -0.0238156281 -0.0387406424
v  -0.0327192321 -0.0273062699 -0.0393317863
v  -0.0416332595 0.00977266487 -0.0312304795
v  -0.0423827954 0.00552132446 -0.0324356072
v  -0.0426803194 0.00124302937 -0.0338210985
v  -0.0424706154 -0.00301887468 -0.0353472903
v  -0.0417459421 -0.00724597136 -0.0368607156
v  -0.0405712649 -0.0114075616 -0.0382208005
v  -0.0390059054 -0.015456859 -0.0393901803
v  -0.0370855741 -0.0193499997 -0.0403748229
v  -0.0348367393 -0.0230479371 -0.0411888771
v  -0.032281749 -0.0265146643 -0.0418463312
v  -0.040473219 0.0139504233 -0.0301844142
v  -0.0413757823 0.0132715348 -0.0275092628
v  -0.0420208834 0.0130411796 -0.0248570312
v  -0.0423974469 0.01291628 -0.0220222361
v  -0.0425580107 0.012656061 -0.0193750001
v  -0.0205714721 0.039360892 -0.022213392
v  -0.0242633745 0.0371121727 -0.022523785
v  -0.0277262069 0.0345103368 -0.0228252206
v  -0.0271308422 0.0347636491 -0.024306884
v  -0.0262983479 0.0352160223 -0.025780024
v  -0.023718074 0.0373704508 -0.023862306
v  -0.0229620598 0.0378107019 -0.0251907837
v  -0.0200876277 0.0396276265 -0.0234221984
v  -0.0194241665 0.0400687307 -0.0246211346
v  -0.0162745044 0.0415206403 -0.0229993053
v  -0.0157184787 0.0419787019 -0.0240817964
v  -0.0118827447 0.0435310416 -0.0235924758
v  -0.0345217176 0.00874630548 -0.0478533916
v  -0.0374208875 0.00345228752 -0.045558136
v  -0.0392474793 0.00337142218 -0.0431946851
v  -0.0405465066 0.00410393951 -0.0405218154
v  -0.0412401669 0.00560000166 -0.0377284214
v  -0.0413976982 0.00780648366 -0.0350285918
v  -0.0411267504 0.0106300646 -0.0325125977
v  -0.0358483419 0.0234438274 -0.0303312242
v  -0.0336171724 0.0269835517 -0.0294534955
v  -0.034224581 0.0261856969 -0.0286317356
v  -0.0310983621 0.0303071346 -0.0286455732
v  -0.0322428644 0.0290949326 -0.0270303357
v  -0.0377688482 0.0197203625 -0.031300284
v  -0.0364603586 0.0225463714 -0.0294491462
v  -0.034794569 0.0256211925 -0.027711248
v  -0.033175759 0.0285903718 -0.0252214577
v  -0.0298884995 0.0323158912 -0.0299301445
v  -0.0323523507 0.0292381737 -0.0308161974
v  -0.0345568545 0.0259712767 -0.0317729637
v  -0.0364801958 0.0225436352 -0.032827016
v  -0.0380966812 0.0189849176 -0.0340079963
v  -0.0367753953 0.0231306255 -0.0351072215
v  -0.0351522341 0.0262873247 -0.0338683613
v  -0.0332504585 0.0293368306 -0.0327536985
v  -0.0338134095 0.0307040736 -0.0344045199
v  -0.029812688 0.035779044 -0.0321229137
v  -0.0310928021 0.0322517231 -0.031730026
v  -0.0354350321 0.0280225147 -0.0357039049
v  -0.0367647 0.0252786148 -0.0371528193
v  -0.0377434902 0.0224964805 -0.038787771
v  -0.0382676981 0.0197000299 -0.0406251401
v  -0.0252968092 0.0361942202 -0.0271658916
v  -0.0220659487 0.0387106165 -0.0264657494
v  -0.0186516047 0.0409157388 -0.025780024
v  -0.0150830196 0.0427920446 -0.0251136646
v  -0.0113955401 0.0443196036 -0.0244878717
v  -0.0079606045 0.0447097719 -0.0232026763
v  -0.00763050374 0.0454718843 -0.0239661112
v  -0.00398859661 0.045469813 -0.0229461435
v  -0.00382076623 0.0462029055 -0.0236090589
v  -7.28376278e-07 0.046457421 -0.0234761424
v  -0.0242666882 0.037797153 -0.028275514
v  -0.0232511908 0.0399027355 -0.0289467443
v  -0.0211509746 0.0401489399 -0.0274713263
v  -0.0202402361 0.0419936739 -0.028059056
v  -0.0178635716 0.0422081202 -0.0266712923
v  -0.0170694534 0.0438118428 -0.0271834135
v  -0.0144314505 0.0439510979 -0.0258858521
v  -0.0137675023 0.0453360938 -0.026335014
v  -0.0108916424 0.0453568771 -0.0251470394
v  -0.0103740208 0.0465519875 -0.0255484264
v  -0.00728601543 0.04640406 -0.0245309714
v  -0.00693050167 0.0474479795 -0.0248993076
v  -0.00364486384 0.0470582955 -0.0241110418
v  -0.0034634443 0.0480014607 -0.0244609285
v  -6.94305356e-07 0.0472835191 -0.0239560381
v  -6.59367004e-07 0.0481903926 -0.0243003611
v  -0.0309274681 0.0315792635 -0.0231201407
v  -0.0302937515 0.0318284705 -0.0247575976
v  -0.0294018816 0.0323029719 -0.0263909753
v  -0.0283165351 0.0333859324 -0.027888529
v  -0.0271863639 0.0351776741 -0.0290902071
v  -0.026076518 0.0375635214 -0.0298469514
v  -0.0249230769 0.0402942747 -0.0301060807
v  0.0112411464 -0.0295836944 -0.0508880988
v  0.00738484832 -0.0258823261 -0.0521296188
v  0.00361988088 -0.0211706031 -0.0530671477
v  0.00342567591 -0.00930986367 -0.054128442
v  9.74291905e-17 0.00356929144 -0.0543686561
v  -0.00642453041 0.0040402892 -0.0542860478
v  -0.0121637341 -0.0416502319 -0.0406396538
v  -0.011983024 -0.040786013 -0.0433419719
v  -0.0118245734 -0.0392080322 -0.0456456169
v  -0.0116575835 -0.0367920399 -0.0476735197
v  -0.0114636905 -0.0335591324 -0.0494266339
v  -0.0112411147 -0.029583713 -0.050888069
v  -0.0109945368 -0.0249591693 -0.052056849
v  -0.0107296789 -0.0197813846 -0.0529457219
v  -0.0101652443 -0.0081391139 -0.0539697856
v  -0.0126799606 0.00541236531 -0.0539594926
v  -0.0186286774 0.00760634476 -0.053276699
v  -0.0241333973 0.0105211232 -0.052130878
v  -0.0253833886 -0.00069969875 -0.0520133972
v  -0.0226080772 -0.00264161732 -0.0526443012
v  -0.0265919324 -0.0109421993 -0.0511306711
v  -0.0237328894 -0.0132503882 -0.051733885
v  -0.0271603428 -0.0155041916 -0.0503447838
v  -0.024261469 -0.0179736596 -0.0509240404
v  -0.0276936218 -0.0195892118 -0.0493037403
v  -0.0247561783 -0.0222001821 -0.0498515181
v  -0.0281849001 -0.0231198389 -0.0479944013
v  -0.0252093859 -0.0258480627 -0.0485036224
v  -0.028632367 -0.0260230042 -0.0464092121
v  -0.0256179906 -0.0288398974 -0.0468754172
v  -0.0290448442 -0.0282364916 -0.0445409231
v  -0.0259902291 -0.0311116222 -0.0449651442
v  -0.0294451229 -0.0297173169 -0.0423617512
v  -0.0263515878 -0.0326247998 -0.0427490063
v  -0.029859256 -0.0305296928 -0.0397928171
v  -0.026732957 -0.0334545299 -0.0401364639
v  -0.030259829 -0.0308991447 -0.0369322598
v  -0.0271061156 -0.0338299796 -0.0372203439
v  -0.0309121255 -0.031213291 -0.031133458
v  -0.0277153868 -0.034142483 -0.031313397
v  -0.0290508363 0.0140360733 -0.0504137687
v  -0.0312357377 0.0159761757 -0.0493025407
v  -0.0318817161 0.027607711 -0.0476614721
v  -0.0335914642 0.0291571245 -0.0461810119
v  -0.0348786376 0.0201267097 -0.0464752689
v  -0.0361794718 0.0222949199 -0.0447245762
v  -0.0374418683 0.0141417198 -0.0445513763
v  -0.0381880477 0.0169114266 -0.0425988883
v  -0.0394055247 0.00998690631 -0.0418832265
v  -0.0395135917 0.0132939583 -0.0399222448
v  -0.0406904183 0.00785110146 -0.0386303999
v  -0.0402646847 0.011603537 -0.0368844829
v  -0.0408468992 0.00953497831 -0.0360417627
v  -0.0399900861 0.0134400139 -0.0345594883
v  -0.0405767374 0.0118632847 -0.0336179547
v  -0.0393540934 0.0158477463 -0.0323859602
v  -0.0399355106 0.0147304125 -0.031363219
v  -0.0383718014 0.0187156722 -0.0303515866
v  -0.0389319733 0.0180114005 -0.0292667989
v  -0.0370316841 0.0219144933 -0.0284501798
v  -0.0379880443 0.0213314313 -0.0262436643
v  -0.0357491784 0.0250800811 -0.0257115401
v  -0.0364235602 0.0248399116 -0.0237230603
v  -0.0338358693 0.0283454899 -0.0234155692
v  -0.0386638977 0.00669788197 -0.0438161343
v  -0.0361704081 0.0114102643 -0.046318043
v  -0.0331972949 0.0180131719 -0.0479970053
v  -0.0277256891 0.0246927179 -0.0500084497
v  -0.0229006391 0.0221164841 -0.0516834967
v  -0.0175947379 0.0199798476 -0.0528206229
v  -0.0119350338 0.0183711462 -0.0535217561
v  -0.00603383314 0.0173647273 -0.0538776107
v  0.0316642188 0.0493235104 -0.0363354795
v  0.0327511206 0.0487290882 -0.0380431898
v  0.0333472341 0.0481275432 -0.0398239382
v  0.0333057754 0.0475389063 -0.0415785685
v  0.0325535052 0.0469841845 -0.043289762
v  0.0312110838 0.0464516096 -0.0448598154
v  0.0294773914 0.0459347554 -0.0462236851
v  0.0253412351 0.0449608341 -0.0483769625
v  0.0206988268 0.0440987982 -0.0499233902
v  0.0157537013 0.0433838405 -0.0510053635
v  0.0106094833 0.0428459756 -0.0517131761
v  0.00533792144 0.042509973 -0.0521076508
v  1.7666226e-16 0.0423948206 -0.0522318743
v  -0.00533789862 0.042509973 -0.0521076508
v  -0.0106094182 0.0428459719 -0.0517131723
v  -0.0157535858 0.0433838256 -0.0510053672
v  -0.0206986591 0.0440987721 -0.0499234125
v  -0.025341019 0.0449607931 -0.0483770259
v  -0.029477153 0.045934692 -0.0462238267
v  0.0358477645 0.0234448146 -0.0303308871
v  0.03776839 0.0197213367 -0.0312999561
v  0.0307683945 0.0608916506 -0.0369733125
v  0.0313792825 0.0609463379 -0.0387181602
v  0.0313586071 0.0610072538 -0.0403736569
v  0.030660674 0.0611014888 -0.0419561192
v  0.0293784477 0.0612153634 -0.043424964
v  0.0276942048 0.0613310188 -0.0447127931
v  0.0236593373 0.0615459494 -0.0467505045
v  0.0191832073 0.0617316216 -0.0482185744
v  0.0145001793 0.061884068 -0.049263306
v  0.00971068442 0.0619988106 -0.0499715768
v  0.00486625265 0.0620710179 -0.0503881536
v  1.05464092e-16 0.0620960519 -0.0505279265
v  -0.00486621447 0.0620710179 -0.0503881611
v  -0.00971058942 0.0619988143 -0.0499715917
v  -0.0145000303 0.0618840754 -0.0492633395
v  -0.0191830099 0.0617316291 -0.0482186377
v  -0.0236591026 0.0615459606 -0.0467506126
v  -0.0271280371 0.0435689539 -0.0317922272
v  -0.0284792408 0.039599888 -0.0320952237
v  -0.0310894605 0.0405595861 -0.0342612937
v  -0.0324535854 0.0355355702 -0.0344947577
v  -0.0327438228 0.0389668271 -0.0356670134
v  -0.0340861008 0.0333863981 -0.0358550809
v  -0.0341239199 0.0373349302 -0.0372078009
v  -0.0354365818 0.031187186 -0.0373538919
v  -0.0351561867 0.0356790796 -0.0388944149
v  -0.0364416614 0.0289586466 -0.039016813
v  -0.0357252024 0.0340166315 -0.0407152846
v  -0.036992617 0.026721783 -0.0408515185
v  -0.0356748626 0.0323686562 -0.0426054969
v  -0.0369318277 0.0244970582 -0.0427965708
v  -0.0162372757 0.0455678441 -0.0273498949
v  -0.0192832835 0.0440412201 -0.0282384865
v  -0.00656659482 0.0485717878 -0.0251054931
v  -0.00584807666 0.0510954969 -0.0251677297
v  -0.00327907875 0.0490184277 -0.024683604
v  -0.00291996007 0.0513394624 -0.0248327125
v  -6.24105098e-07 0.0491695553 -0.0245299768
v  -0.029665295 0.0608298481 -0.0352685861
v  -0.0316645093 0.0493233837 -0.0363358557
v  -0.0307685956 0.0608916618 -0.0369736664
v  -0.0327513069 0.0487289652 -0.0380435549
v  -0.0313793644 0.0609463491 -0.0387184918
v  -0.0333472975 0.0481274314 -0.0398242734
v  -0.0313585661 0.0610072687 -0.0403739437
v  -0.033305712 0.0475388058 -0.0415788628
v  -0.030660525 0.0611015074 -0.04195638
v  -0.0293782335 0.0612153821 -0.0434251837
v  -0.0276939627 0.0613310374 -0.0447129682
v  -0.00497431355 0.056363944 -0.0246389993
v  -0.00522112474 0.0542303734 -0.0248912293
v  -0.00989481341 0.0562658459 -0.025407156
v  -0.0103985779 0.0538910814 -0.0257633459
v  -0.0146873444 0.0560814552 -0.026615506
v  -0.015427609 0.053300295 -0.0270636417
v  -0.0192775801 0.0558255874 -0.0282382686
v  -0.020202022 0.0524977259 -0.0287404023
v  -0.0235785078 0.0555221029 -0.0302840341
v  -0.0246197879 0.0515387468 -0.0308046471
v  -0.0274484064 0.0551885888 -0.0327953063
v  -0.0285353977 0.0504695289 -0.0333112776
v  -0.0302265547 0.0499044806 -0.0347550474
v  -0.00478874007 0.0602373593 -0.0241666976
v  -0.00951378886 0.0602886043 -0.0248776078
v  -0.0141197406 0.0603610314 -0.0260404274
v  -0.0185544789 0.060453143 -0.0276440326
v  -0.0227424223 0.0605655275 -0.0296933893
v  -0.0265460182 0.0606950112 -0.0322199054
v  -0.0271111596 0.0687297955 -0.0439367555
v  -0.0287408978 0.0684837997 -0.0426496491
v  -0.0299625155 0.0682408512 -0.0411930047
v  -0.030611109 0.0680217594 -0.039632652
v  -0.0306090135 0.0678342804 -0.0379910916
v  -0.0299966633 0.0676468536 -0.0362523608
v  -0.0289071761 0.0674502999 -0.0345461518
v  -0.0258441474 0.0670506507 -0.0314763971
v  -0.0221230127 0.0666725487 -0.0289169271
v  -0.0180396978 0.0663381293 -0.0268357713
v  -0.0137278661 0.0660614669 -0.0252108239
v  -0.0092559671 0.0658525974 -0.0240428392
v  -0.00466414029 0.065720059 -0.0233403463
v  -5.56078874e-07 0.0514201038 -0.0247125197
v  -0.0267095789 0.0764612406 -0.0429453664
v  -0.0282737762 0.0762246773 -0.0416140519
v  -0.029425215 0.0760004818 -0.0401207246
v  -0.0300178938 0.0758107603 -0.0385269932
v  -0.0299879629 0.0756523758 -0.0368479006
v  -0.0293781031 0.0754851922 -0.0350787602
v  -0.0460000001 0 -0.0163749997
v  -0.0447600633 -0.0106083304 -0.0163749997
v  -0.0411071032 -0.0206447616 -0.0163749997
v  -0.0352380462 -0.0295682307 -0.0163749997
v  -0.027469296 -0.0368976668 -0.0163749997
v  -0.0182196684 -0.0422379412 -0.0163749997
v  -0.00798781589 -0.045301158 -0.0163749997
v  0.00267466204 -0.045922175 -0.0163749997
v  0.0131929489 -0.0440675169 -0.0163749997
v  0.023 -0.0398371704 -0.0163749997
v  0.0315671153 -0.0334591866 -0.0163749997
v  0.0384324379 -0.0252774134 -0.0163749997
v  0.0432258621 -0.0157329272 -0.0163749997
v  0.0456889644 -0.00534027396 -0.0163749997
v  0.0460000001 0 -0.0163749997
v  0.0456889644 0.00534027396 -0.0163749997
v  0.0432258621 0.0157329272 -0.0163749997
v  0.0384324379 0.0252774134 -0.0163749997
v  0.0315671153 0.0334591866 -0.0163749997
v  0.023 0.0398371704 -0.0163749997
v  0.0131929489 0.0440675169 -0.0163749997
v  0.00267466204 0.045922175 -0.0163749997
v  -0.00798781589 0.045301158 -0.0163749997
v  -0.0182196684 0.0422379412 -0.0163749997
v  -0.027469296 0.0368976668 -0.0163749997
v  -0.0352380462 0.0295682307 -0.0163749997
v  -0.0411071032 0.0206447616 -0.0163749997
v  -0.0447600633 0.0106083304 -0.0163749997
v  -0.015744457 -0.0415147208 -0.0163749997
v  -0.0252220742 -0.0365404822 -0.0163749997
v  -0.0332338773 -0.0294426456 -0.0163749997
v  -0.0431098156 -0.0106256157 -0.0163749997
v  -0.0431098156 0.0106256157 -0.0163749997
v  -0.0332338773 0.0294426456 -0.0163749997
v  -0.0252220742 0.0365404822 -0.0163749997
v  0.00535182841 0.0440762751 -0.0163749997
v  0.015744457 0.0415147208 -0.0163749997
v  0.0332338773 0.0294426456 -0.0163749997
v  0.0431098156 0.0106256157 -0.0163749997
v  0.0431098156 -0.0106256157 -0.0163749997
v  0.0393142477 -0.0206337087 -0.0163749997
v  0.015744457 -0.0415147208 -0.0163749997
v  0.00535182841 -0.0440762751 -0.0163749997
v  -0.00535182841 -0.0440762751 -0.0163749997
v  0.0252220742 -0.0365404822 -0.0163749997
v  0.0332338773 -0.0294426456 -0.0163749997
v  0.0443999991 0 -0.0163749997
v  0.0393142477 0.0206337087 -0.0163749997
v  0.0252220742 0.0365404822 -0.0163749997
v  -0.00535182841 0.0440762751 -0.0163749997
v  -0.015744457 0.0415147208 -0.0163749997
v  -0.0393142477 0.0206337087 -0.0163749997
v  -0.0443999991 0 -0.0163749997
v  -0.0393142477 -0.0206337087 -0.0163749997
v  -0.042560894 0.0110819954 -0.00237499992
v  -0.0438215621 0.0037297646 -0.00237499992
v  -0.0410199985 0 -0.00237499992
v  -0.0438215621 -0.0037297646 -0.00237499992
v  -0.0403968133 -0.00712304842 -0.00237499992
v  -0.042560894 -0.0110819954 -0.00237499992
v  -0.0385461897 -0.0140296659 -0.00237499992
v  -0.0400758274 -0.0181154162 -0.00237499992
v  -0.0355243608 -0.0205099992 -0.00237499992
v  -0.0364378542 -0.0246276911 -0.00237499992
v  -0.031423144 -0.0263671484 -0.00237499992
v  -0.031751629 -0.0304314718 -0.00237499992
v  -0.0263671484 -0.031423144 -0.00237499992
v  -0.0261519663 -0.0353597924 -0.00237499992
v  -0.0205099992 -0.0355243608 -0.00237499992
v  -0.0197999608 -0.0392708778 -0.00237499992
v  -0.0140296659 -0.0385461897 -0.00237499992
v  -0.0128783453 -0.0420522131 -0.00237499992
v  -0.00712304842 -0.0403968133 -0.00237499992
v  -0.0055862437 -0.0436237827 -0.00237499992
v  -1.47850263e-18 -0.0410199985 -0.00237499992
v  0.00186656415 -0.0439403728 -0.00237499992
v  0.00712304842 -0.0403968133 -0.00237499992
v  0.00926567428 -0.0429928787 -0.00237499992
v  0.0140296659 -0.0385461897 -0.00237499992
v  0.0163982287 -0.0408085585 -0.00237499992
v  0.0205099992 -0.0355243608 -0.00237499992
v  0.0230590347 -0.0374502502 -0.00237499992
v  0.0263671484 -0.031423144 -0.00237499992
v  0.0290564746 -0.0330145694 -0.00237499992
v  0.031423144 -0.0263671484 -0.00237499992
v  0.0342180133 -0.0276291147 -0.00237499992
v  0.0355243608 -0.0205099992 -0.00237499992
v  0.0383951589 -0.0214488246 -0.00237499992
v  0.0385461897 -0.0140296659 -0.00237499992
v  0.0414677486 -0.0146514885 -0.00237499992
v  0.0403968133 -0.00712304842 -0.00237499992
v  0.0433473885 -0.0074326559 -0.00237499992
v  0.0410199985 -1.11022302e-16 -0.00237499992
v  0.0439799987 0 -0.00237499992
v  0.0403968133 0.00712304842 -0.00237499992
v  0.0433473885 0.0074326559 -0.00237499992
v  0.0385461897 0.0140296659 -0.00237499992
v  0.0414677486 0.0146514885 -0.00237499992
v  0.0355243608 0.0205099992 -0.00237499992
v  0.0383951589 0.0214488246 -0.00237499992
v  0.031423144 0.0263671484 -0.00237499992
v  0.0342180133 0.0276291147 -0.00237499992
v  0.0263671484 0.031423144 -0.00237499992
v  0.0290564746 0.0330145694 -0.00237499992
v  0.0205099992 0.0355243608 -0.00237499992
v  0.0230590347 0.0374502502 -0.00237499992
v  0.0140296659 0.0385461897 -0.00237499992
v  0.0163982287 0.0408085585 -0.00237499992
v  0.00712304842 0.0403968133 -0.00237499992
v  0.00926567428 0.0429928787 -0.00237499992
v  1.15805352e-16 0.0410199985 -0.00237499992
v  0.00186656415 0.0439403728 -0.00237499992
v  -0.00712304842 0.0403968133 -0.00237499992
v  -0.0055862437 0.0436237827 -0.00237499992
v  -0.0140296659 0.0385461897 -0.00237499992
v  -0.0128783453 0.0420522131 -0.00237499992
v  -0.0205099992 0.0355243608 -0.00237499992
v  -0.0197999608 0.0392708778 -0.00237499992
v  -0.0263671484 0.031423144 -0.00237499992
v  -0.0261519663 0.0353597924 -0.00237499992
v  -0.031423144 0.0263671484 -0.00237499992
v  -0.031751629 0.0304314718 -0.00237499992
v  -0.0355243608 0.0205099992 -0.00237499992
v  -0.0364378542 0.0246276911 -0.00237499992
v  -0.0385461897 0.0140296659 -0.00237499992
v  -0.0400758274 0.0181154162 -0.00237499992
v  -0.0403968133 0.00712304842 -0.00237499992
v  0.0400200002 0 -0.00337500009
v  0.0400200002 0 -0.0333750024
v  0.0394120067 -0.00694940006 -0.00337500009
v  0.0394120067 -0.00694940006 -0.0333750024
v  0.0376065001 -0.013687646 -0.00337500009
v  0.0376065001 -0.013687646 -0.0333750024
v  0.0346583351 -0.0200100001 -0.00337500009
v  0.0346583351 -0.0200100001 -0.0333750024
v  0.0306570977 -0.0257243607 -0.00337500009
v  0.0306570977 -0.0257243607 -0.0333750024
v  0.0257243607 -0.0306570977 -0.00337500009
v  0.0257243607 -0.0306570977 -0.0333750024
v  0.0200100001 -0.0346583351 -0.00337500009
v  0.0200100001 -0.0346583351 -0.0333750024
v  0.013687646 -0.0376065001 -0.00337500009
v  0.013687646 -0.0376065001 -0.0333750024
v  0.00694940006 -0.0394120067 -0.00337500009
v  0.00694940006 -0.0394120067 -0.0333750024
v  1.23457203e-17 -0.0400200002 -0.00337500009
v  1.23717409e-17 -0.0400200002 -0.0333750024
v  -0.00694940006 -0.0394120067 -0.00337500009
v  -0.00694940006 -0.0394120067 -0.0333750024
v  -0.013687646 -0.0376065001 -0.00337500009
v  -0.013687646 -0.0376065001 -0.0333750024
v  -0.0200100001 -0.0346583351 -0.00337500009
v  -0.0200100001 -0.0346583351 -0.0333750024
v  -0.0257243607 -0.0306570977 -0.00337500009
v  -0.0257243607 -0.0306570977 -0.0333750024
v  -0.0306570977 -0.0257243607 -0.00337500009
v  -0.0306570977 -0.0257243607 -0.0333750024
v  -0.0346583351 -0.0200100001 -0.00337500009
v  -0.0346583351 -0.0200100001 -0.0333750024
v  -0.0376065001 -0.013687646 -0.00337500009
v  -0.0376065001 -0.013687646 -0.0333750024
v  -0.0394120067 -0.00694940006 -0.00337500009
v  -0.0394120067 -0.00694940006 -0.0333750024
v  -0.0400200002 0 -0.00337500009
v  -0.0400200002 0 -0.0333750024
v  -0.0394120067 0.00694940006 -0.00337500009
v  -0.0394120067 0.00694940006 -0.0333750024
v  -0.0376065001 0.013687646 -0.00337500009
v  -0.0376065001 0.013687646 -0.0333750024
v  -0.0346583351 0.0200100001 -0.00337500009
v  -0.0346583351 0.0200100001 -0.0333750024
v  -0.0306570977 0.0257243607 -0.00337500009
v  -0.0306570977 0.0257243607 -0.0333750024
v  -0.0257243607 0.0306570977 -0.00337500009
v  -0.0257243607 0.0306570977 -0.0333750024
v  -0.0200100001 0.0346583351 -0.00337500009
v  -0.0200100001 0.0346583351 -0.0333750024
v  -0.013687646 0.0376065001 -0.00337500009
v  -0.013687646 0.0376065001 -0.0333750024
v  -0.00694940006 0.0394120067 -0.00337500009
v  -0.00694940006 0.0394120067 -0.0333750024
v  -8.35467639e-18 0.0400200002 -0.00337500009
v  -8.32865577e-18 0.0400200002 -0.0333750024
v  0.00694940006 0.0394120067 -0.00337500009
v  0.00694940006 0.0394120067 -0.0333750024
v  0.013687646 0.0376065001 -0.00337500009
v  0.013687646 0.0376065001 -0.0333750024
v  0.0200100001 0.0346583351 -0.00337500009
v  0.0200100001 0.0346583351 -0.0333750024
v  0.0257243607 0.0306570977 -0.00337500009
v  0.0257243607 0.0306570977 -0.0333750024
v  0.0306570977 0.0257243607 -0.00337500009
v  0.0306570977 0.0257243607 -0.0333750024
v  0.0346583351 0.0200100001 -0.00337500009
v  0.0346583351 0.0200100001 -0.0333750024
v  0.0376065001 0.013687646 -0.00337500009
v  0.0376065001 0.013687646 -0.0333750024
v  0.0394120067 0.00694940006 -0.00337500009
v  0.0394120067 0.00694940006 -0.0333750024
v  0.0400447883 0.0104268519 -0.0333750024
v  0.0412309282 0.0035092691 -0.0333750024
v  0.0413799994 0 -0.0333750024
v  0.0412309282 -0.0035092691 -0.0333750024
v  0.0400447883 -0.0104268519 -0.0333750024
v  0.0377066359 -0.0170444734 -0.0333750024
v  0.0342837311 -0.0231717564 -0.0333750024
v  0.0298745427 -0.0286324304 -0.0333750024
v  0.0246059205 -0.0332694016 -0.0333750024
v  0.0186294317 -0.0369492732 -0.0333750024
v  0.0121170059 -0.0395661779 -0.0333750024
v  0.00525599718 -0.0410448387 -0.0333750024
v  -0.00175621698 -0.0413427167 -0.0333750024
v  -0.00871790852 -0.0404512361 -0.0333750024
v  -0.0154288011 -0.0383960493 -0.0333750024
v  -0.0216958355 -0.0352362767 -0.0333750024
v  -0.0273387209 -0.0310628191 -0.0333750024
v  -0.032195121 -0.0259957444 -0.0333750024
v  -0.0361253247 -0.0201808177 -0.0333750024
v  -0.0390162691 -0.013785325 -0.0333750024
v  -0.0407847874 -0.00699325372 -0.0333750024
v  -0.0413799994 0 -0.0333750024
v  -0.0407847874 0.00699325372 -0.0333750024
v  -0.0390162691 0.013785325 -0.0333750024
v  -0.0361253247 0.0201808177 -0.0333750024
v  -0.032195121 0.0259957444 -0.0333750024
v  -0.0273387209 0.0310628191 -0.0333750024
v  -0.0216958355 0.0352362767 -0.0333750024
v  -0.0154288011 0.0383960493 -0.0333750024
v  -0.00871790852 0.0404512361 -0.0333750024
v  -0.00175621698 0.0413427167 -0.0333750024
v  0.00525599718 0.0410448387 -0.0333750024
v  0.0121170059 0.0395661779 -0.0333750024
v  0.0186294317 0.0369492732 -0.0333750024
v  0.0246059205 0.0332694016 -0.0333750024
v  0.0298745427 0.0286324304 -0.0333750024
v  0.0342837311 0.0231717564 -0.0333750024
v  0.0377066359 0.0170444734 -0.0333750024
v  0.0423617736 0.00726365531 -0.0163749997
v  0.0429800004 0 -0.0163749997
v  0.0428251624 0.0036449586 -0.0289790351
v  0.0422091633 0.00723748794 -0.0289790351
v  0.0415931605 0.0108300168 -0.0289790351
v  0.0405248739 0.0143183488 -0.0163749997
v  0.0403788798 0.0142667666 -0.0289790351
v  0.039164599 0.0177035164 -0.0289790351
v  0.0375221483 0.0209611282 -0.0163749997
v  0.0373869725 0.0208856165 -0.0289790351
v  0.0356093459 0.0240677167 -0.0289790351
v  0.0334399752 0.0270008948 -0.0163749997
v  0.0333195105 0.0269036237 -0.0289790351
v  0.0310296733 0.0297395326 -0.0289790351
v  0.0283957999 0.0322638974 -0.0163749997
v  0.0282935034 0.0321476646 -0.0289790351
v  0.0255573336 0.0345557965 -0.0289790351
v  0.0225347262 0.0365987234 -0.0163749997
v  0.0224535447 0.0364668742 -0.0289790351
v  0.0193497576 0.0383779518 -0.0289790351
v  0.0160253718 0.0398806706 -0.0163749997
v  0.0159676392 0.0397370011 -0.0289790351
v  0.0125855226 0.0410960466 -0.0289790351
v  0.00905499514 0.0420153253 -0.0163749997
v  0.00902237464 0.041863963 -0.0289790351
v  0.00545922574 0.0426318794 -0.0289790351
v  0.00182412297 0.0429412723 -0.0163749997
v  0.00181755144 0.0427865759 -0.0289790351
v  -0.00182412297 0.0429412723 -0.0289790351
v  -0.00545922574 0.0426318794 -0.0163749997
v  -0.005439559 0.0424783006 -0.0289790351
v  -0.00905499514 0.0420153253 -0.0289790351
v  -0.0125855226 0.0410960466 -0.0163749997
v  -0.012540183 0.0409479961 -0.0289790351
v  -0.0160253718 0.0398806706 -0.0289790351
v  -0.0193497576 0.0383779518 -0.0163749997
v  -0.0192800499 0.0382396951 -0.0289790351
v  -0.0225347262 0.0365987234 -0.0289790351
v  -0.0255573336 0.0345557965 -0.0163749997
v  -0.0254652631 0.0344313085 -0.0289790351
v  -0.0283957999 0.0322638974 -0.0289790351
v  -0.0310296733 0.0297395326 -0.0163749997
v  -0.0309178885 0.0296323951 -0.0289790351
v  -0.0334399752 0.0270008948 -0.0289790351
v  -0.0356093459 0.0240677167 -0.0163749997
v  -0.0354810618 0.0239810124 -0.0289790351
v  -0.0375221483 0.0209611282 -0.0289790351
v  -0.039164599 0.0177035164 -0.0163749997
v  -0.0390235111 0.0176397394 -0.0289790351
v  -0.0405248739 0.0143183488 -0.0289790351
v  -0.0415931605 0.0108300168 -0.0163749997
v  -0.0414433219 0.0107910018 -0.0289790351
v  -0.0423617736 0.00726365531 -0.0289790351
v  -0.0428251624 0.0036449586 -0.0163749997
v  -0.042670887 0.00363182765 -0.0289790351
v  -0.0429800004 0 -0.0289790351
v  -0.0428251624 -0.0036449586 -0.0163749997
v  -0.042670887 -0.00363182765 -0.0289790351
v  -0.0423617736 -0.00726365531 -0.0289790351
v  -0.0415931605 -0.0108300168 -0.0163749997
v  -0.0414433219 -0.0107910018 -0.0289790351
v  -0.0405248739 -0.0143183488 -0.0289790351
v  -0.039164599 -0.0177035164 -0.0163749997
v  -0.0390235111 -0.0176397394 -0.0289790351
v  -0.0375221483 -0.0209611282 -0.0289790351
v  -0.0356093459 -0.0240677167 -0.0163749997
v  -0.0354810618 -0.0239810124 -0.0289790351
v  -0.0334399752 -0.0270008948 -0.0289790351
v  -0.0310296733 -0.0297395326 -0.0163749997
v  -0.0309178885 -0.0296323951 -0.0289790351
v  -0.0283957999 -0.0322638974 -0.0289790351
v  -0.0255573336 -0.0345557965 -0.0163749997
v  -0.0254652631 -0.0344313085 -0.0289790351
v  -0.0225347262 -0.0365987234 -0.0289790351
v  -0.0193497576 -0.0383779518 -0.0163749997
v  -0.0192800499 -0.0382396951 -0.0289790351
v  -0.0160253718 -0.0398806706 -0.0289790351
v  -0.0125855226 -0.0410960466 -0.0163749997
v  -0.012540183 -0.0409479961 -0.0289790351
v  -0.00905499514 -0.0420153253 -0.0289790351
v  -0.00545922574 -0.0426318794 -0.0163749997
v  -0.005439559 -0.0424783006 -0.0289790351
v  -0.00182412297 -0.0429412723 -0.0289790351
v  0.00182412297 -0.0429412723 -0.0163749997
v  0.00181755144 -0.0427865759 -0.0289790351
v  0.00545922574 -0.0426318794 -0.0289790351
v  0.00905499514 -0.0420153253 -0.0163749997
v  0.00902237464 -0.041863963 -0.0289790351
v  0.0125855226 -0.0410960466 -0.0289790351
v  0.0160253718 -0.0398806706 -0.0163749997
v  0.0159676392 -0.0397370011 -0.0289790351
v  0.0193497576 -0.0383779518 -0.0289790351
v  0.0225347262 -0.0365987234 -0.0163749997
v  0.0224535447 -0.0364668742 -0.0289790351
v  0.0255573336 -0.0345557965 -0.0289790351
v  0.0283957999 -0.0322638974 -0.0163749997
v  0.0282935034 -0.0321476646 -0.0289790351
v  0.0310296733 -0.0297395326 -0.0289790351
v  0.0334399752 -0.0270008948 -0.0163749997
v  0.0333195105 -0.0269036237 -0.0289790351
v  0.0356093459 -0.0240677167 -0.0289790351
v  0.0375221483 -0.0209611282 -0.0163749997
v  0.0373869725 -0.0208856165 -0.0289790351
v  0.039164599 -0.0177035164 -0.0289790351
v  0.0405248739 -0.0143183488 -0.0163749997
v  0.0403788798 -0.0142667666 -0.0289790351
v  0.0415931605 -0.0108300168 -0.0289790351
v  0.0423617736 -0.00726365531 -0.0163749997
v  0.0422091633 -0.00723748794 -0.0289790351
v  0.0428251624 -0.0036449586 -0.0289790351
v  0.0429800004 0 -0.0289790351
v  -0.0453528911 -0.00756805949 -0.0163749997
v  -0.045979999 0 -0.0163749997
v  -0.0453528911 0.00756805949 -0.0163749997
v  -0.0434886776 0.014929682 -0.0163749997
v  -0.0404382013 0.0218840614 -0.0163749997
v  -0.0362846814 0.0282415003 -0.0163749997
v  -0.0311414059 0.0338285863 -0.0163749997
v  -0.0251486767 0.0384929143 -0.0163749997
v  -0.0184699558 0.042107258 -0.0163749997
v  -0.0112874229 0.0445730239 -0.0163749997
v  -0.00379699841 0.0458229557 -0.0163749997
v  0.00379699841 0.0458229557 -0.0163749997
v  0.0112874229 0.0445730239 -0.0163749997
v  0.0184699558 0.042107258 -0.0163749997
v  0.0251486767 0.0384929143 -0.0163749997
v  0.0311414059 0.0338285863 -0.0163749997
v  0.0362846814 0.0282415003 -0.0163749997
v  0.0404382013 0.0218840614 -0.0163749997
v  0.0434886776 0.014929682 -0.0163749997
v  0.0453528911 0.00756805949 -0.0163749997
v  0.045979999 0 -0.0163749997
v  0.0453528911 -0.00756805949 -0.0163749997
v  0.0434886776 -0.014929682 -0.0163749997
v  0.0404382013 -0.0218840614 -0.0163749997
v  0.0362846814 -0.0282415003 -0.0163749997
v  0.0311414059 -0.0338285863 -0.0163749997
v  0.0251486767 -0.0384929143 -0.0163749997
v  0.0184699558 -0.042107258 -0.0163749997
v  0.0112874229 -0.0445730239 -0.0163749997
v  0.00379699841 -0.0458229557 -0.0163749997
v  -0.00379699841 -0.0458229557 -0.0163749997
v  -0.0112874229 -0.0445730239 -0.0163749997
v  -0.0184699558 -0.042107258 -0.0163749997
v  -0.0251486767 -0.0384929143 -0.0163749997
v  -0.0311414059 -0.0338285863 -0.0163749997
v  -0.0362846814 -0.0282415003 -0.0163749997
v  -0.0404382013 -0.0218840614 -0.0163749997
v  -0.0434886776 -0.014929682 -0.0163749997
v  0.0453528911 -0.00756805949 -0.0159750003
v  0.0434886776 -0.014929682 -0.0159750003
v  0.0404382013 -0.0218840614 -0.0159750003
v  0.0362846814 -0.0282415003 -0.0159750003
v  0.0311414059 -0.0338285863 -0.0159750003
v  0.0251486767 -0.0384929143 -0.0159750003
v  0.0184699558 -0.042107258 -0.0159750003
v  0.0112874229 -0.0445730239 -0.0159750003
v  0.00379699841 -0.0458229557 -0.0159750003
v  -0.00379699841 -0.0458229557 -0.0159750003
v  -0.0112874229 -0.0445730239 -0.0159750003
v  -0.0184699558 -0.042107258 -0.0159750003
v  -0.0251486767 -0.0384929143 -0.0159750003
v  -0.0311414059 -0.0338285863 -0.0159750003
v  -0.0362846814 -0.0282415003 -0.0159750003
v  -0.0404382013 -0.0218840614 -0.0159750003
v  -0.0434886776 -0.014929682 -0.0159750003
v  -0.0453528911 -0.00756805949 -0.0159750003
v  -0.045979999 0 -0.0159750003
v  -0.0453528911 0.00756805949 -0.0159750003
v  -0.0434886776 0.014929682 -0.0159750003
v  -0.0404382013 0.0218840614 -0.0159750003
v  -0.0362846814 0.0282415003 -0.0159750003
v  -0.0311414059 0.0338285863 -0.0159750003
v  -0.0251486767 0.0384929143 -0.0159750003
v  -0.0184699558 0.042107258 -0.0159750003
v  -0.0112874229 0.0445730239 -0.0159750003
v  -0.00379699841 0.0458229557 -0.0159750003
v  0.00379699841 0.0458229557 -0.0159750003
v  0.0112874229 0.0445730239 -0.0159750003
v  0.0184699558 0.042107258 -0.0159750003
v  0.0251486767 0.0384929143 -0.0159750003
v  0.0311414059 0.0338285863 -0.0159750003
v  0.0362846814 0.0282415003 -0.0159750003
v  0.0404382013 0.0218840614 -0.0159750003
v  0.0434886776 0.014929682 -0.0159750003
v  0.0453528911 0.00756805949 -0.0159750003
v  0.045979999 0 -0.0159750003
v  0.0440208428 -0.00374672585 -0.0153749995
v  0.0447610766 -0.00746930251 -0.0153749995
v  0.04538 0 -0.0153749995
v  0.0447610766 0.00746930251 -0.0153749995
v  0.0440208428 0.00374672585 -0.0153749995
v  0.0441799983 0 -0.0153749995
v  -0.0111401314 0.0439913832 -0.0153749995
v  -0.0182289388 0.0415577926 -0.0153749995
v  -0.0164727997 0.0409941375 -0.0153749995
v  0.0182289388 0.0415577926 -0.0153749995
v  0.0111401314 0.0439913832 -0.0153749995
v  0.0129369097 0.0422434472 -0.0153749995
v  0.0307350382 0.0333871506 -0.0153749995
v  0.0248205066 0.0379906148 -0.0153749995
v  0.0262708943 0.0355205946 -0.0153749995
v  0.0291886088 0.0331647024 -0.0153749995
v  0.0318960212 0.0305698588 -0.0153749995
v  0.035811197 0.0278729722 -0.0153749995
v  0.0429211855 0.0147348624 -0.0153749995
v  0.0399105176 0.0215984918 -0.0153749995
v  0.040258076 0.0181977972 -0.0153749995
v  0.0416563265 0.0147181163 -0.0153749995
v  0.0427544415 0.0111323912 -0.0153749995
v  0.0435445122 0.00746645639 -0.0153749995
v  -0.035811197 -0.0278729722 -0.0153749995
v  -0.0307350382 -0.0333871506 -0.0153749995
v  -0.0318960212 -0.0305698588 -0.0153749995
v  -0.0447610766 -0.00746930251 -0.0153749995
v  -0.0429211855 -0.0147348624 -0.0153749995
v  -0.0427544415 -0.0111323912 -0.0153749995
v  -0.0248205066 0.0379906148 -0.0153749995
v  -0.0307350382 0.0333871506 -0.0153749995
v  -0.0291886088 0.0331647024 -0.0153749995
v  -0.0129369097 0.0422434472 -0.0153749995
v  -0.00930781011 0.0431883894 -0.0153749995
v  -0.00374745065 0.0452250056 -0.0153749995
v  0.00374745065 0.0452250056 -0.0153749995
v  0.00561164739 0.0438221619 -0.0153749995
v  0.00930781011 0.0431883894 -0.0153749995
v  0.00374745065 -0.0452250056 -0.0153749995
v  0.0111401314 -0.0439913832 -0.0153749995
v  0.00930781011 -0.0431883894 -0.0153749995
v  -0.0111401314 -0.0439913832 -0.0153749995
v  -0.00374745065 -0.0452250056 -0.0153749995
v  -0.00561164739 -0.0438221619 -0.0153749995
v  -0.0248205066 -0.0379906148 -0.0153749995
v  -0.0182289388 -0.0415577926 -0.0153749995
v  -0.019890001 -0.0394494645 -0.0153749995
v  -0.0231638961 -0.0376205556 -0.0153749995
v  -0.0262708943 -0.0355205946 -0.0153749995
v  -0.0291886088 -0.0331647024 -0.0153749995
v  -0.0440208428 0.00374672585 -0.0153749995
v  -0.0447610766 0.00746930251 -0.0153749995
v  -0.04538 0 -0.0153749995
v  -0.0262708943 0.0355205946 -0.0153749995
v  -0.0231638961 0.0376205556 -0.0153749995
v  -0.019890001 0.0394494645 -0.0153749995
v  -0.00561164739 0.0438221619 -0.0153749995
v  -0.00187505234 0.0441401936 -0.0153749995
v  0.00187505234 0.0441401936 -0.0153749995
v  0.0164727997 0.0409941375 -0.0153749995
v  0.019890001 0.0394494645 -0.0153749995
v  0.0231638961 0.0376205556 -0.0153749995
v  0.0343736187 0.0277547594 -0.0153749995
v  0.0366035551 0.0247396864 -0.0153749995
v  0.0385697633 0.021546362 -0.0153749995
v  0.040258076 -0.0181977972 -0.0153749995
v  0.0399105176 -0.0215984918 -0.0153749995
v  0.0429211855 -0.0147348624 -0.0153749995
v  0.0182289388 -0.0415577926 -0.0153749995
v  0.0164727997 -0.0409941375 -0.0153749995
v  0.0129369097 -0.0422434472 -0.0153749995
v  -0.0343736187 -0.0277547594 -0.0153749995
v  -0.0366035551 -0.0247396864 -0.0153749995
v  -0.0399105176 -0.0215984918 -0.0153749995
v  -0.0385697633 -0.021546362 -0.0153749995
v  -0.040258076 -0.0181977972 -0.0153749995
v  -0.0416563265 -0.0147181163 -0.0153749995
v  -0.0435445122 -0.00746645639 -0.0153749995
v  -0.0440208428 -0.00374672585 -0.0153749995
v  -0.0441799983 0 -0.0153749995
v  0.0435445122 -0.00746645639 -0.0153749995
v  0.0427544415 -0.0111323912 -0.0153749995
v  0.0416563265 -0.0147181163 -0.0153749995
v  0.0385697633 -0.021546362 -0.0153749995
v  0.0366035551 -0.0247396864 -0.0153749995
v  0.035811197 -0.0278729722 -0.0153749995
v  0.0343736187 -0.0277547594 -0.0153749995
v  0.0307350382 -0.0333871506 -0.0153749995
v  0.0318960212 -0.0305698588 -0.0153749995
v  0.0291886088 -0.0331647024 -0.0153749995
v  0.0248205066 -0.0379906148 -0.0153749995
v  0.0262708943 -0.0355205946 -0.0153749995
v  0.0231638961 -0.0376205556 -0.0153749995
v  0.019890001 -0.0394494645 -0.0153749995
v  0.00561164739 -0.0438221619 -0.0153749995
v  0.00187505234 -0.0441401936 -0.0153749995
v  -0.00187505234 -0.0441401936 -0.0153749995
v  -0.00930781011 -0.0431883894 -0.0153749995
v  -0.0129369097 -0.0422434472 -0.0153749995
v  -0.0164727997 -0.0409941375 -0.0153749995
v  -0.040258076 0.0181977972 -0.0153749995
v  -0.0399105176 0.0215984918 -0.0153749995
v  -0.0429211855 0.0147348624 -0.0153749995
v  -0.0435445122 0.00746645639 -0.0153749995
v  -0.0427544415 0.0111323912 -0.0153749995
v  -0.0416563265 0.0147181163 -0.0153749995
v  -0.0385697633 0.021546362 -0.0153749995
v  -0.0366035551 0.0247396864 -0.0153749995
v  -0.035811197 0.0278729722 -0.0153749995
v  -0.0343736187 0.0277547594 -0.0153749995
v  -0.0318960212 0.0305698588 -0.0153749995
v  0.0438215621 0.0037297646 -0.0151749998
v  0.0433473885 0.0074326559 -0.0151749998
v  0.042560894 0.0110819954 -0.0151749998
v  0.0414677486 0.0146514885 -0.0151749998
v  0.0400758274 0.0181154162 -0.0151749998
v  0.0383951589 0.0214488246 -0.0151749998
v  0.0364378542 0.0246276911 -0.0151749998
v  0.0342180133 0.0276291147 -0.0151749998
v  0.031751629 0.0304314718 -0.0151749998
v  0.0290564746 0.0330145694 -0.0151749998
v  0.0261519663 0.0353597924 -0.0151749998
v  0.0230590347 0.0374502502 -0.0151749998
v  0.0197999608 0.0392708778 -0.0151749998
v  0.0163982287 0.0408085585 -0.0151749998
v  0.0128783453 0.0420522131 -0.0151749998
v  0.00926567428 0.0429928787 -0.0151749998
v  0.0055862437 0.0436237827 -0.0151749998
v  0.00186656415 0.0439403728 -0.0151749998
v  -0.00186656415 0.0439403728 -0.0151749998
v  -0.0055862437 0.0436237827 -0.0151749998
v  -0.00926567428 0.0429928787 -0.0151749998
v  -0.0128783453 0.0420522131 -0.0151749998
v  -0.0163982287 0.0408085585 -0.0151749998
v  -0.0197999608 0.0392708778 -0.0151749998
v  -0.0230590347 0.0374502502 -0.0151749998
v  -0.0261519663 0.0353597924 -0.0151749998
v  -0.0290564746 0.0330145694 -0.0151749998
v  -0.031751629 0.0304314718 -0.0151749998
v  -0.0342180133 0.0276291147 -0.0151749998
v  -0.0364378542 0.0246276911 -0.0151749998
v  -0.0383951589 0.0214488246 -0.0151749998
v  -0.0400758274 0.0181154162 -0.0151749998
v  -0.0414677486 0.0146514885 -0.0151749998
v  -0.042560894 0.0110819954 -0.0151749998
v  -0.0433473885 0.0074326559 -0.0151749998
v  -0.0438215621 0.0037297646 -0.0151749998
v  -0.0439799987 0 -0.0151749998
v  -0.0438215621 -0.0037297646 -0.0151749998
v  -0.0433473885 -0.0074326559 -0.0151749998
v  -0.042560894 -0.0110819954 -0.0151749998
v  -0.0414677486 -0.0146514885 -0.0151749998
v  -0.0400758274 -0.0181154162 -0.0151749998
v  -0.0383951589 -0.0214488246 -0.0151749998
v  -0.0364378542 -0.0246276911 -0.0151749998
v  -0.0342180133 -0.0276291147 -0.0151749998
v  -0.031751629 -0.0304314718 -0.0151749998
v  -0.0290564746 -0.0330145694 -0.0151749998
v  -0.0261519663 -0.0353597924 -0.0151749998
v  -0.0230590347 -0.0374502502 -0.0151749998
v  -0.0197999608 -0.0392708778 -0.0151749998
v  -0.0163982287 -0.0408085585 -0.0151749998
v  -0.0128783453 -0.0420522131 -0.0151749998
v  -0.00926567428 -0.0429928787 -0.0151749998
v  -0.0055862437 -0.0436237827 -0.0151749998
v  -0.00186656415 -0.0439403728 -0.0151749998
v  0.00186656415 -0.0439403728 -0.0151749998
v  0.0055862437 -0.0436237827 -0.0151749998
v  0.00926567428 -0.0429928787 -0.0151749998
v  0.0128783453 -0.0420522131 -0.0151749998
v  0.0163982287 -0.0408085585 -0.0151749998
v  0.0197999608 -0.0392708778 -0.0151749998
v  0.0230590347 -0.0374502502 -0.0151749998
v  0.0261519663 -0.0353597924 -0.0151749998
v  0.0290564746 -0.0330145694 -0.0151749998
v  0.031751629 -0.0304314718 -0.0151749998
v  0.0342180133 -0.0276291147 -0.0151749998
v  0.0364378542 -0.0246276911 -0.0151749998
v  0.0383951589 -0.0214488246 -0.0151749998
v  0.0400758274 -0.0181154162 -0.0151749998
v  0.0414677486 -0.0146514885 -0.0151749998
v  0.042560894 -0.0110819954 -0.0151749998
v  0.0433473885 -0.0074326559 -0.0151749998
v  0.0438215621 -0.0037297646 -0.0151749998
v  0.0439799987 0 -0.0151749998
v  -0.0440800004 0 -0.0153482053
v  -0.0439212024 -0.00373824523 -0.0153482053
v  -0.0434459485 -0.00744955614 -0.0153482053
v  -0.0426576696 -0.0111071933 -0.0153482053
v  -0.0415620394 -0.0146848019 -0.0153482053
v  -0.0401669517 -0.0181566067 -0.0153482053
v  -0.0384824611 -0.0214975923 -0.0153482053
v  -0.0365207046 -0.0246836878 -0.0153482053
v  -0.034295816 -0.027691938 -0.0153482053
v  -0.0318238251 -0.0305006653 -0.0153482053
v  -0.0291225426 -0.033089634 -0.0153482053
v  -0.0262114312 -0.0354401954 -0.0153482053
v  -0.0231114645 -0.0375354029 -0.0153482053
v  -0.0198449809 -0.039360173 -0.0153482053
v  -0.0164355133 -0.040901348 -0.0153482053
v  -0.012907628 -0.0421478301 -0.0153482053
v  -0.00928674266 -0.043090634 -0.0153482053
v  -0.00559894554 -0.0437229723 -0.0153482053
v  -0.00187080819 -0.0440402813 -0.0153482053
v  0.00187080819 -0.0440402813 -0.0153482053
v  0.00559894554 -0.0437229723 -0.0153482053
v  0.00928674266 -0.043090634 -0.0153482053
v  0.012907628 -0.0421478301 -0.0153482053
v  0.0164355133 -0.040901348 -0.0153482053
v  0.0198449809 -0.039360173 -0.0153482053
v  0.0231114645 -0.0375354029 -0.0153482053
v  0.0262114312 -0.0354401954 -0.0153482053
v  0.0291225426 -0.033089634 -0.0153482053
v  0.0318238251 -0.0305006653 -0.0153482053
v  0.034295816 -0.027691938 -0.0153482053
v  0.0365207046 -0.0246836878 -0.0153482053
v  0.0384824611 -0.0214975923 -0.0153482053
v  0.0401669517 -0.0181566067 -0.0153482053
v  0.0415620394 -0.0146848019 -0.0153482053
v  0.0426576696 -0.0111071933 -0.0153482053
v  0.0434459485 -0.00744955614 -0.0153482053
v  0.0439212024 -0.00373824523 -0.0153482053
v  0.0440800004 0 -0.0153482053
v  0.0439212024 0.00373824523 -0.0153482053
v  0.0434459485 0.00744955614 -0.0153482053
v  0.0426576696 0.0111071933 -0.0153482053
v  0.0415620394 0.0146848019 -0.0153482053
v  0.0401669517 0.0181566067 -0.0153482053
v  0.0384824611 0.0214975923 -0.0153482053
v  0.0365207046 0.0246836878 -0.0153482053
v  0.034295816 0.027691938 -0.0153482053
v  0.0318238251 0.0305006653 -0.0153482053
v  0.0291225426 0.033089634 -0.0153482053
v  0.0262114312 0.0354401954 -0.0153482053
v  0.0231114645 0.0375354029 -0.0153482053
v  0.0198449809 0.039360173 -0.0153482053
v  0.0164355133 0.040901348 -0.0153482053
v  0.012907628 0.0421478301 -0.0153482053
v  0.00928674266 0.043090634 -0.0153482053
v  0.00559894554 0.0437229723 -0.0153482053
v  0.00187080819 0.0440402813 -0.0153482053
v  -0.00187080819 0.0440402813 -0.0153482053
v  -0.00559894554 0.0437229723 -0.0153482053
v  -0.00928674266 0.043090634 -0.0153482053
v  -0.012907628 0.0421478301 -0.0153482053
v  -0.0164355133 0.040901348 -0.0153482053
v  -0.0198449809 0.039360173 -0.0153482053
v  -0.0231114645 0.0375354029 -0.0153482053
v  -0.0262114312 0.0354401954 -0.0153482053
v  -0.0291225426 0.033089634 -0.0153482053
v  -0.0318238251 0.0305006653 -0.0153482053
v  -0.034295816 0.027691938 -0.0153482053
v  -0.0365207046 0.0246836878 -0.0153482053
v  -0.0384824611 0.0214975923 -0.0153482053
v  -0.0401669517 0.0181566067 -0.0153482053
v  -0.0415620394 0.0146848019 -0.0153482053
v  -0.0426576696 0.0111071933 -0.0153482053
v  -0.0434459485 0.00744955614 -0.0153482053
v  -0.0439212024 0.00373824523 -0.0153482053
v  -0.0440067947 0 -0.0152749997
v  -0.0438482612 -0.00373203703 -0.0152749997
v  -0.0433737971 -0.00743718445 -0.0152749997
v  -0.0425868258 -0.0110887466 -0.0152749997
v  -0.0414930135 -0.0146604143 -0.0152749997
v  -0.0401002467 -0.0181264542 -0.0152749997
v  -0.0384185538 -0.021461891 -0.0152749997
v  -0.0364600532 -0.0246426947 -0.0152749997
v  -0.03423886 -0.0276459493 -0.0152749997
v  -0.0317709744 -0.0304500125 -0.0152749997
v  -0.0290741771 -0.0330346823 -0.0152749997
v  -0.0261678994 -0.0353813358 -0.0152749997
v  -0.0230730828 -0.0374730676 -0.0152749997
v  -0.0198120233 -0.0392948054 -0.0152749997
v  -0.0164082181 -0.0408334211 -0.0152749997
v  -0.0128861917 -0.0420778319 -0.0152749997
v  -0.00927131902 -0.0430190712 -0.0152749997
v  -0.00558964722 -0.0436503589 -0.0152749997
v  -0.0018677013 -0.0439671427 -0.0152749997
v  0.0018677013 -0.0439671427 -0.0152749997
v  0.00558964722 -0.0436503589 -0.0152749997
v  0.00927131902 -0.0430190712 -0.0152749997
v  0.0128861917 -0.0420778319 -0.0152749997
v  0.0164082181 -0.0408334211 -0.0152749997
v  0.0198120233 -0.0392948054 -0.0152749997
v  0.0230730828 -0.0374730676 -0.0152749997
v  0.0261678994 -0.0353813358 -0.0152749997
v  0.0290741771 -0.0330346823 -0.0152749997
v  0.0317709744 -0.0304500125 -0.0152749997
v  0.03423886 -0.0276459493 -0.0152749997
v  0.0364600532 -0.0246426947 -0.0152749997
v  0.0384185538 -0.021461891 -0.0152749997
v  0.0401002467 -0.0181264542 -0.0152749997
v  0.0414930135 -0.0146604143 -0.0152749997
v  0.0425868258 -0.0110887466 -0.0152749997
v  0.0433737971 -0.00743718445 -0.0152749997
v  0.0438482612 -0.00373203703 -0.0152749997
v  0.0440067947 0 -0.0152749997
v  0.0438482612 0.00373203703 -0.0152749997
v  0.0433737971 0.00743718445 -0.0152749997
v  0.0425868258 0.0110887466 -0.0152749997
v  0.0414930135 0.0146604143 -0.0152749997
v  0.0401002467 0.0181264542 -0.0152749997
v  0.0384185538 0.021461891 -0.0152749997
v  0.0364600532 0.0246426947 -0.0152749997
v  0.03423886 0.0276459493 -0.0152749997
v  0.0317709744 0.0304500125 -0.0152749997
v  0.0290741771 0.0330346823 -0.0152749997
v  0.0261678994 0.0353813358 -0.0152749997
v  0.0230730828 0.0374730676 -0.0152749997
v  0.0198120233 0.0392948054 -0.0152749997
v  0.0164082181 0.0408334211 -0.0152749997
v  0.0128861917 0.0420778319 -0.0152749997
v  0.00927131902 0.0430190712 -0.0152749997
v  0.00558964722 0.0436503589 -0.0152749997
v  0.0018677013 0.0439671427 -0.0152749997
v  -0.0018677013 0.0439671427 -0.0152749997
v  -0.00558964722 0.0436503589 -0.0152749997
v  -0.00927131902 0.0430190712 -0.0152749997
v  -0.0128861917 0.0420778319 -0.0152749997
v  -0.0164082181 0.0408334211 -0.0152749997
v  -0.0198120233 0.0392948054 -0.0152749997
v  -0.0230730828 0.0374730676 -0.0152749997
v  -0.0261678994 0.0353813358 -0.0152749997
v  -0.0290741771 0.0330346823 -0.0152749997
v  -0.0317709744 0.0304500125 -0.0152749997
v  -0.03423886 0.0276459493 -0.0152749997
v  -0.0364600532 0.0246426947 -0.0152749997
v  -0.0384185538 0.021461891 -0.0152749997
v  -0.0401002467 0.0181264542 -0.0152749997
v  -0.0414930135 0.0146604143 -0.0152749997
v  -0.0425868258 0.0110887466 -0.0152749997
v  -0.0433737971 0.00743718445 -0.0152749997
v  -0.0438482612 0.00373203703 -0.0152749997
v  -4.5449141e-18 -0.0400200002 -0.00337500009
v  -4.6594203e-18 -0.0410199985 -0.00237499992
v  0.0410199985 0 -0.00237499992
v  4.55076888e-18 0.0400200002 -0.00337500009
v  4.66354048e-18 0.0410199985 -0.00237499992
v  -0.0083732307 0.205925047 0.0257827677
v  -0.00281810085 0.205925047 0.0267352872
v  -1.90761481e-17 0.205925047 0.0249949992
v  0.00281810085 0.205925047 0.0267352872
v  0.00544734346 0.205925047 0.0245184191
v  0.0083732307 0.205925047 0.0257827677
v  0.0107291723 0.205925047 0.0231031571
v  0.0136874784 0.205925047 0.0239051227
v  0.0156849995 0.205925047 0.0207922179
v  0.0186079629 0.205925047 0.0211563762
v  0.0201642476 0.205925047 0.0176558141
v  0.0229931287 0.205925047 0.0176156014
v  0.0240308139 0.205925047 0.0137892477
v  0.0267168246 0.205925047 0.0133846607
v  0.0271672178 0.205925047 0.00930999964
v  0.0296719261 0.205925047 0.00858527049
v  0.0294781569 0.205925047 0.00435417239
v  0.0317734219 0.205925047 0.00335550099
v  0.0308934189 0.205925047 -0.00092765654
v  0.0329608507 0.205925047 -0.00215419778
v  0.0313699991 0.205925047 -0.00637499988
v  0.0332000591 0.205925047 -0.00778532121
v  0.0308934189 0.205925047 -0.0118223438
v  0.0324841589 0.205925047 -0.0133758718
v  0.0294781569 0.205925047 -0.0171041731
v  0.0308337528 0.205925047 -0.0187650211
v  0.0271672178 0.205925047 -0.0220599994
v  0.0282963123 0.205925047 -0.02379773
v  0.0240308139 0.205925047 -0.0265392475
v  0.02494484 0.205925047 -0.0283292215
v  0.0201642476 0.205925047 -0.0304058138
v  0.0208757501 0.205925047 -0.0322291292
v  0.0156849995 0.205925047 -0.0335422195
v  0.0162061024 0.205925047 -0.0353852585
v  0.0107291723 0.205925047 -0.0358531587
v  0.0110702356 0.205925047 -0.0377068184
v  0.00544734346 0.205925047 -0.0372684188
v  0.00561589748 0.205925047 -0.0391270183
v  5.73061001e-17 0.205925047 -0.0377449989
v  8.73545823e-18 0.205925047 -0.0396049991
v  -0.00544734346 0.205925047 -0.0372684188
v  -0.00561589748 0.205925047 -0.0391270183
v  -0.0107291723 0.205925047 -0.0358531587
v  -0.0110702356 0.205925047 -0.0377068184
v  -0.0156849995 0.205925047 -0.0335422195
v  -0.0162061024 0.205925047 -0.0353852585
v  -0.0201642476 0.205925047 -0.0304058138
v  -0.0208757501 0.205925047 -0.0322291292
v  -0.0240308139 0.205925047 -0.0265392475
v  -0.02494484 0.205925047 -0.0283292215
v  -0.0271672178 0.205925047 -0.0220599994
v  -0.0282963123 0.205925047 -0.02379773
v  -0.0294781569 0.205925047 -0.0171041731
v  -0.0308337528 0.205925047 -0.0187650211
v  -0.0308934189 0.205925047 -0.0118223438
v  -0.0324841589 0.205925047 -0.0133758718
v  -0.0313699991 0.205925047 -0.00637499988
v  -0.0332000591 0.205925047 -0.00778532121
v  -0.0308934189 0.205925047 -0.00092765654
v  -0.0329608507 0.205925047 -0.00215419778
v  -0.0294781569 0.205925047 0.00435417239
v  -0.0317734219 0.205925047 0.00335550099
v  -0.0271672178 0.205925047 0.00930999964
v  -0.0296719261 0.205925047 0.00858527049
v  -0.0240308139 0.205925047 0.0137892477
v  -0.0267168246 0.205925047 0.0133846607
v  -0.0201642476 0.205925047 0.0176558141
v  -0.0229931287 0.205925047 0.0176156014
v  -0.0156849995 0.205925047 0.0207922179
v  -0.0186079629 0.205925047 0.0211563762
v  -0.0107291723 0.205925047 0.0231031571
v  -0.0136874784 0.205925047 0.0239051227
v  -0.00544734346 0.205925047 0.0245184191
v  2.70684681e-18 0.205325052 -0.037145
v  3.29320764e-18 0.181999996 -0.037145
v  0.00534315454 0.205325052 -0.0366775356
v  0.00534315454 0.181999996 -0.0366775356
v  0.01052396 0.205325052 -0.0352893434
v  0.01052396 0.181999996 -0.0352893434
v  0.015385 0.205325052 -0.0330226012
v  0.015385 0.181999996 -0.0330226012
v  0.0197785739 0.205325052 -0.0299461875
v  0.0197785739 0.181999996 -0.0299461875
v  0.0235711876 0.205325052 -0.0261535738
v  0.0235711876 0.181999996 -0.0261535738
v  0.0266476013 0.205325052 -0.0217599999
v  0.0266476013 0.181999996 -0.0217599999
v  0.0289143417 0.205325052 -0.0168989599
v  0.0289143417 0.181999996 -0.0168989599
v  0.0303025339 0.205325052 -0.0117181549
v  0.0303025339 0.181999996 -0.0117181549
v  0.0307700001 0.205325052 -0.00637499988
v  0.0307700001 0.181999996 -0.00637499988
v  0.0303025339 0.205325052 -0.00103184546
v  0.0303025339 0.181999996 -0.00103184546
v  0.0289143417 0.205325052 0.00414896011
v  0.0289143417 0.181999996 0.00414896011
v  0.0266476013 0.205325052 0.00901000015
v  0.0266476013 0.181999996 0.00901000015
v  0.0235711876 0.205325052 0.013403574
v  0.0235711876 0.181999996 0.013403574
v  0.0197785739 0.205325052 0.0171961877
v  0.0197785739 0.181999996 0.0171961877
v  0.015385 0.205325052 0.0202726014
v  0.015385 0.181999996 0.0202726014
v  0.01052396 0.205325052 0.0225393418
v  0.01052396 0.181999996 0.0225393418
v  0.00534315454 0.205325052 0.023927534
v  0.00534315454 0.181999996 0.023927534
v  -1.67872219e-17 0.205325052 0.0243950002
v  -1.62008617e-17 0.181999996 0.0243950002
v  -0.00534315454 0.205325052 0.023927534
v  -0.00534315454 0.181999996 0.023927534
v  -0.01052396 0.205325052 0.0225393418
v  -0.01052396 0.181999996 0.0225393418
v  -0.015385 0.205325052 0.0202726014
v  -0.015385 0.181999996 0.0202726014
v  -0.0197785739 0.205325052 0.0171961877
v  -0.0197785739 0.181999996 0.0171961877
v  -0.0235711876 0.205325052 0.013403574
v  -0.0235711876 0.181999996 0.013403574
v  -0.0266476013 0.205325052 0.00901000015
v  -0.0266476013 0.181999996 0.00901000015
v  -0.0289143417 0.205325052 0.00414896011
v  -0.0289143417 0.181999996 0.00414896011
v  -0.0303025339 0.205325052 -0.00103184546
v  -0.0303025339 0.181999996 -0.00103184546
v  -0.0307700001 0.205325052 -0.00637499988
v  -0.0307700001 0.181999996 -0.00637499988
v  -0.0303025339 0.205325052 -0.0117181549
v  -0.0303025339 0.181999996 -0.0117181549
v  -0.0289143417 0.205325052 -0.0168989599
v  -0.0289143417 0.181999996 -0.0168989599
v  -0.0266476013 0.205325052 -0.0217599999
v  -0.0266476013 0.181999996 -0.0217599999
v  -0.0235711876 0.205325052 -0.0261535738
v  -0.0235711876 0.181999996 -0.0261535738
v  -0.0197785739 0.205325052 -0.0299461875
v  -0.0197785739 0.181999996 -0.0299461875
v  -0.015385 0.205325052 -0.0330226012
v  -0.015385 0.181999996 -0.0330226012
v  -0.01052396 0.205325052 -0.0352893434
v  -0.01052396 0.181999996 -0.0352893434
v  -0.00534315454 0.205325052 -0.0366775356
v  -0.00534315454 0.181999996 -0.0366775356
v  9.33476878e-18 0.181999996 -0.037145
v  0.00268665166 0.181999996 -0.037940871
v  0.00798266474 0.181999996 -0.0370327793
v  0.0130490316 0.181999996 -0.0352427177
v  0.0177400019 0.181999996 -0.0326221883
v  0.0219206233 0.181999996 -0.0292465687
v  0.0254706293 0.181999996 -0.0252129789
v  0.0282878913 0.181999996 -0.0206374545
v  0.0302913617 0.181999996 -0.0156516265
v  0.0314234048 0.181999996 -0.0103989244
v  0.0316514559 0.181999996 -0.00503046252
v  0.0309689492 0.181999996 0.000299319508
v  0.0293955244 0.181999996 0.00543709379
v  0.0269764438 0.181999996 0.0102350544
v  0.0237812977 0.181999996 0.0145551749
v  0.0199020095 0.181999996 0.0182731729
v  0.0154501759 0.181999996 0.021282088
v  0.0105538685 0.181999996 0.0234953575
v  0.00535394577 0.181999996 0.0248493124
v  -1.5004737e-17 0.181999996 0.0243950002
v  -2.19444201e-17 0.181999996 0.0253049992
v  -0.00535394577 0.181999996 0.0248493124
v  -0.0105538685 0.181999996 0.0234953575
v  -0.0154501759 0.181999996 0.021282088
v  -0.0199020095 0.181999996 0.0182731729
v  -0.0237812977 0.181999996 0.0145551749
v  -0.0269764438 0.181999996 0.0102350544
v  -0.0293955244 0.181999996 0.00543709379
v  -0.0309689492 0.181999996 0.000299319508
v  -0.0316514559 0.181999996 -0.00503046252
v  -0.0314234048 0.181999996 -0.0103989244
v  -0.0302913617 0.181999996 -0.0156516265
v  -0.0282878913 0.181999996 -0.0206374545
v  -0.0254706293 0.181999996 -0.0252129789
v  -0.0219206233 0.181999996 -0.0292465687
v  -0.0177400019 0.181999996 -0.0326221883
v  -0.0130490316 0.181999996 -0.0352427177
v  -0.00798266474 0.181999996 -0.0370327793
v  -0.00268665166 0.181999996 -0.037940871
v  1.6274451e-17 0.181999996 -0.038054999
v  -0.00552294683 0.194000006 -0.038584929
v  1.14839139e-17 0.194000006 -0.039055001
v  -0.00277145766 0.184747472 -0.0389372706
v  -0.00550305052 0.184747472 -0.0384688899
v  -0.00823464338 0.184747472 -0.0380005129
v  -0.0108870082 0.194000006 -0.0371882357
v  -0.0108477883 0.184747472 -0.0370772295
v  -0.0134609332 0.184747472 -0.0361539461
v  -0.0159378704 0.194000006 -0.0349051021
v  -0.0158804543 0.184747472 -0.0348023213
v  -0.0182999764 0.184747472 -0.0334506966
v  -0.0205302294 0.194000006 -0.0318012089
v  -0.0204562694 0.184747472 -0.0317096114
v  -0.0226125624 0.184747472 -0.0299685244
v  -0.0245319717 0.194000006 -0.0279658493
v  -0.0244435947 0.184747472 -0.0278880689
v  -0.0262746271 0.184747472 -0.0258076116
v  -0.0278279725 0.194000006 -0.0235093627
v  -0.0277277213 0.184747472 -0.0234476347
v  -0.0291808173 0.184747472 -0.0210876595
v  -0.0303234141 0.194000006 -0.0185599495
v  -0.0302141737 0.184747472 -0.0185160544
v  -0.0312475283 0.184747472 -0.0159444492
v  -0.0319465064 0.194000006 -0.0132599985
v  -0.0318314172 0.184747472 -0.0132351955
v  -0.0324153081 0.184747472 -0.0105259428
v  -0.0326505527 0.194000006 -0.00776197854
v  -0.0325329304 0.184747472 -0.007756982
v  -0.0326505527 0.184747472 -0.00498802168
v  -0.0324153081 0.194000006 -0.00222405768
v  -0.0322985314 0.184747472 -0.00223901146
v  -0.0319465064 0.184747472 0.000509998645
v  -0.0312475283 0.194000006 0.00319444831
v  -0.0311349593 0.184747472 0.00315997447
v  -0.0303234141 0.184747472 0.00580994971
v  -0.0291808173 0.194000006 0.00833765883
v  -0.0290756933 0.184747472 0.00828465633
v  -0.0278279725 0.184747472 0.010759363
v  -0.0262746271 0.194000006 0.0130576119
v  -0.0261799712 0.184747472 0.0129876062
v  -0.0245319717 0.184747472 0.0152158495
v  -0.0226125624 0.194000006 0.0172185246
v  -0.0225310996 0.184747472 0.0171335302
v  -0.0205302294 0.184747472 0.0190512091
v  -0.0182999764 0.194000006 0.020700695
v  -0.0182340499 0.184747472 0.0206031557
v  -0.0159378704 0.184747472 0.0221551005
v  -0.0134609332 0.194000006 0.0234039463
v  -0.0134124393 0.184747472 0.0232966673
v  -0.0108870082 0.184747472 0.0244382359
v  -0.00823464338 0.194000006 0.0252505131
v  -0.00820497796 0.184747472 0.0251365826
v  -0.00552294683 0.184747472 0.0258349292
v  -0.00277145766 0.194000006 0.0261872709
v  -0.00276147341 0.184747472 0.0260699652
v  -1.6991916e-17 0.184747472 0.0263050012
v  0.00277145766 0.194000006 0.0261872709
v  0.00276147341 0.184747472 0.0260699652
v  0.00552294683 0.184747472 0.0258349292
v  0.00823464338 0.194000006 0.0252505131
v  0.00820497796 0.184747472 0.0251365826
v  0.0108870082 0.184747472 0.0244382359
v  0.0134609332 0.194000006 0.0234039463
v  0.0134124393 0.184747472 0.0232966673
v  0.0159378704 0.184747472 0.0221551005
v  0.0182999764 0.194000006 0.020700695
v  0.0182340499 0.184747472 0.0206031557
v  0.0205302294 0.184747472 0.0190512091
v  0.0226125624 0.194000006 0.0172185246
v  0.0225310996 0.184747472 0.0171335302
v  0.0245319717 0.184747472 0.0152158495
v  0.0262746271 0.194000006 0.0130576119
v  0.0261799712 0.184747472 0.0129876062
v  0.0278279725 0.184747472 0.010759363
v  0.0291808173 0.194000006 0.00833765883
v  0.0290756933 0.184747472 0.00828465633
v  0.0303234141 0.184747472 0.00580994971
v  0.0312475283 0.194000006 0.00319444831
v  0.0311349593 0.184747472 0.00315997447
v  0.0319465064 0.184747472 0.000509998645
v  0.0324153081 0.194000006 -0.00222405768
v  0.0322985314 0.184747472 -0.00223901146
v  0.0326505527 0.184747472 -0.00498802168
v  0.0326505527 0.194000006 -0.00776197854
v  0.0325329304 0.184747472 -0.007756982
v  0.0324153081 0.184747472 -0.0105259428
v  0.0319465064 0.194000006 -0.0132599985
v  0.0318314172 0.184747472 -0.0132351955
v  0.0312475283 0.184747472 -0.0159444492
v  0.0303234141 0.194000006 -0.0185599495
v  0.0302141737 0.184747472 -0.0185160544
v  0.0291808173 0.184747472 -0.0210876595
v  0.0278279725 0.194000006 -0.0235093627
v  0.0277277213 0.184747472 -0.0234476347
v  0.0262746271 0.184747472 -0.0258076116
v  0.0245319717 0.194000006 -0.0279658493
v  0.0244435947 0.184747472 -0.0278880689
v  0.0226125624 0.184747472 -0.0299685244
v  0.0205302294 0.194000006 -0.0318012089
v  0.0204562694 0.184747472 -0.0317096114
v  0.0182999764 0.184747472 -0.0334506966
v  0.0159378704 0.194000006 -0.0349051021
v  0.0158804543 0.184747472 -0.0348023213
v  0.0134609332 0.184747472 -0.0361539461
v  0.0108870082 0.194000006 -0.0371882357
v  0.0108477883 0.184747472 -0.0370772295
v  0.00823464338 0.184747472 -0.0380005129
v  0.00552294683 0.194000006 -0.038584929
v  0.00550305052 0.184747472 -0.0384688899
v  0.00277145766 0.184747472 -0.0389372706
v  1.17165105e-17 0.184747472 -0.039055001
v  -0.00575751858 0.194000006 0.0281279199
v  -0.0113579873 0.194000006 0.026709687
v  -0.016648639 0.194000006 0.0243889913
v  -0.021485161 0.194000006 0.0212291349
v  -0.0257356223 0.194000006 0.0173163097
v  -0.0292840842 0.194000006 0.0127572473
v  -0.0320337527 0.194000006 0.00767630618
v  -0.0339096226 0.194000006 0.0022120818
v  -0.0348605253 0.194000006 -0.00348637463
v  -0.0348605253 0.194000006 -0.00926362537
v  -0.0339096226 0.194000006 -0.0149620818
v  -0.0320337527 0.194000006 -0.0204263069
v  -0.0292840842 0.194000006 -0.0255072471
v  -0.0257356223 0.194000006 -0.0300663095
v  -0.021485161 0.194000006 -0.0339791365
v  -0.016648639 0.194000006 -0.0371389911
v  -0.0113579873 0.194000006 -0.0394596867
v  -0.00575751858 0.194000006 -0.0408779196
v  9.03476113e-18 0.194000006 -0.039055001
v  2.09786197e-18 0.194000006 -0.0413549989
v  0.00575751858 0.194000006 -0.0408779196
v  0.0113579873 0.194000006 -0.0394596867
v  0.016648639 0.194000006 -0.0371389911
v  0.021485161 0.194000006 -0.0339791365
v  0.0257356223 0.194000006 -0.0300663095
v  0.0292840842 0.194000006 -0.0255072471
v  0.0320337527 0.194000006 -0.0204263069
v  0.0339096226 0.194000006 -0.0149620818
v  0.0348605253 0.194000006 -0.00926362537
v  0.0348605253 0.194000006 -0.00348637463
v  0.0339096226 0.194000006 0.0022120818
v  0.0320337527 0.194000006 0.00767630618
v  0.0292840842 0.194000006 0.0127572473
v  0.0257356223 0.194000006 0.0173163097
v  0.021485161 0.194000006 0.0212291349
v  0.016648639 0.194000006 0.0243889913
v  0.0113579873 0.194000006 0.026709687
v  0.00575751858 0.194000006 0.0281279199
v  -3.26572891e-17 0.194000006 0.0286049992
v  1.26349886e-17 0.194000006 -0.0413549989
v  0.00575751858 0.194399998 -0.0408779196
v  0.0113579873 0.194399998 -0.0394596867
v  0.016648639 0.194399998 -0.0371389911
v  0.021485161 0.194399998 -0.0339791365
v  0.0257356223 0.194399998 -0.0300663095
v  0.0292840842 0.194399998 -0.0255072471
v  0.0320337527 0.194399998 -0.0204263069
v  0.0339096226 0.194399998 -0.0149620818
v  0.0348605253 0.194399998 -0.00926362537
v  0.0348605253 0.194399998 -0.00348637463
v  0.0339096226 0.194399998 0.0022120818
v  0.0320337527 0.194399998 0.00767630618
v  0.0292840842 0.194399998 0.0127572473
v  0.0257356223 0.194399998 0.0173163097
v  0.021485161 0.194399998 0.0212291349
v  0.016648639 0.194399998 0.0243889913
v  0.0113579873 0.194399998 0.026709687
v  0.00575751858 0.194399998 0.0281279199
v  -3.36382161e-17 0.194399998 0.0286049992
v  -3.36281609e-17 0.194000006 0.0286049992
v  -0.00575751858 0.194399998 0.0281279199
v  -0.0113579873 0.194399998 0.026709687
v  -0.016648639 0.194399998 0.0243889913
v  -0.021485161 0.194399998 0.0212291349
v  -0.0257356223 0.194399998 0.0173163097
v  -0.0292840842 0.194399998 0.0127572473
v  -0.0320337527 0.194399998 0.00767630618
v  -0.0339096226 0.194399998 0.0022120818
v  -0.0348605253 0.194399998 -0.00348637463
v  -0.0348605253 0.194399998 -0.00926362537
v  -0.0339096226 0.194399998 -0.0149620818
v  -0.0320337527 0.194399998 -0.0204263069
v  -0.0292840842 0.194399998 -0.0255072471
v  -0.0257356223 0.194399998 -0.0300663095
v  -0.021485161 0.194399998 -0.0339791365
v  -0.016648639 0.194399998 -0.0371389911
v  -0.0113579873 0.194399998 -0.0394596867
v  -0.00575751858 0.194399998 -0.0408779196
v  1.26249334e-17 0.194399998 -0.0413549989
v  -0.0163630713 0.194999993 0.0238613077
v  -0.0111631677 0.194999993 0.0261421986
v  -0.0083732307 0.194999993 0.0257827677
v  -0.00565876206 0.194999993 0.0275361016
v  -0.00281810085 0.194999993 0.0267352872
v  -1.88041182e-17 0.194999993 0.0280050002
v  0.00281810085 0.194999993 0.0267352872
v  0.00565876206 0.194999993 0.0275361016
v  0.0083732307 0.194999993 0.0257827677
v  0.0111631677 0.194999993 0.0261421986
v  0.0136874784 0.194999993 0.0239051227
v  0.0163630713 0.194999993 0.0238613077
v  0.0186079629 0.194999993 0.0211563762
v  0.021116633 0.194999993 0.0207556505
v  0.0229931287 0.194999993 0.0176156014
v  0.0252941884 0.194999993 0.0169099402
v  0.0267168246 0.194999993 0.0133846607
v  0.0287817828 0.194999993 0.0124290772
v  0.0296719261 0.194999993 0.00858527049
v  0.0314842872 0.194999993 0.00743528921
v  0.0317734219 0.194999993 0.00335550099
v  0.0333279818 0.194999993 0.00206479128
v  0.0329608507 0.194999993 -0.00215419778
v  0.0342625752 0.194999993 -0.00353592215
v  0.0332000591 0.194999993 -0.00778532121
v  0.0342625752 0.194999993 -0.00921407808
v  0.0324841589 0.194999993 -0.0133758718
v  0.0333279818 0.194999993 -0.0148147913
v  0.0308337528 0.194999993 -0.0187650211
v  0.0314842872 0.194999993 -0.0201852899
v  0.0282963123 0.194999993 -0.02379773
v  0.0287817828 0.194999993 -0.0251790769
v  0.02494484 0.194999993 -0.0283292215
v  0.0252941884 0.194999993 -0.0296599399
v  0.0208757501 0.194999993 -0.0322291292
v  0.021116633 0.194999993 -0.0335056521
v  0.0162061024 0.194999993 -0.0353852585
v  0.0163630713 0.194999993 -0.0366113074
v  0.0110702356 0.194999993 -0.0377068184
v  0.0111631677 0.194999993 -0.0388921984
v  0.00561589748 0.194999993 -0.0391270183
v  0.00565876206 0.194999993 -0.0402861014
v  2.07120587e-18 0.194999993 -0.0396049991
v  9.01109714e-18 0.194999993 -0.040755
v  -0.00561589748 0.194999993 -0.0391270183
v  -0.00565876206 0.194999993 -0.0402861014
v  -0.0110702356 0.194999993 -0.0377068184
v  -0.0111631677 0.194999993 -0.0388921984
v  -0.0162061024 0.194999993 -0.0353852585
v  -0.0163630713 0.194999993 -0.0366113074
v  -0.0208757501 0.194999993 -0.0322291292
v  -0.021116633 0.194999993 -0.0335056521
v  -0.02494484 0.194999993 -0.0283292215
v  -0.0252941884 0.194999993 -0.0296599399
v  -0.0282963123 0.194999993 -0.02379773
v  -0.0287817828 0.194999993 -0.0251790769
v  -0.0308337528 0.194999993 -0.0187650211
v  -0.0314842872 0.194999993 -0.0201852899
v  -0.0324841589 0.194999993 -0.0133758718
v  -0.0333279818 0.194999993 -0.0148147913
v  -0.0332000591 0.194999993 -0.00778532121
v  -0.0342625752 0.194999993 -0.00921407808
v  -0.0329608507 0.194999993 -0.00215419778
v  -0.0342625752 0.194999993 -0.00353592215
v  -0.0317734219 0.194999993 0.00335550099
v  -0.0333279818 0.194999993 0.00206479128
v  -0.0296719261 0.194999993 0.00858527049
v  -0.0314842872 0.194999993 0.00743528921
v  -0.0267168246 0.194999993 0.0133846607
v  -0.0287817828 0.194999993 0.0124290772
v  -0.0229931287 0.194999993 0.0176156014
v  -0.0252941884 0.194999993 0.0169099402
v  -0.0186079629 0.194999993 0.0211563762
v  -0.021116633 0.194999993 0.0207556505
v  -0.0136874784 0.194999993 0.0239051227
v  1.17340318e-17 0.194999993 -0.0396049991
v  1.14593905e-17 0.205925047 -0.0396049991
v  -2.04245253e-17 0.181999996 0.0253049992
v  2.29241526e-17 0.181999996 -0.038054999
v  1.57186551e-17 0.184747472 -0.039055001
v  -2.09940623e-17 0.184747472 0.0263050012
v  -2.59195374e-17 0.194999993 0.0280050002
v  -2.62713472e-17 0.194399998 0.0286049992
v  1.23095692e-17 0.194999993 -0.040755
v  1.62215958e-17 0.205325052 -0.037145
v  1.66233674e-17 0.205925047 -0.0377449989
v  -2.05554614e-17 0.205325052 0.0243950002
v  -2.0870824e-17 0.205925047 0.0249949992
v  0.019176919 0.195999995 -0.032303907
v  0.0232830849 0.195999995 -0.0286900289
v  0.0240154937 0.195999995 -0.0265263915
v  0.026719436 0.195999995 -0.0244341865
v  0.0271498971 0.195999995 -0.0220500007
v  0.0293871183 0.195999995 -0.0196588151
v  0.0294593628 0.195999995 -0.0170973316
v  0.0312093869 0.195999995 -0.0145012923
v  0.0308737233 0.195999995 -0.0118188709
v  0.0321338177 0.195999995 -0.00910999067
v  0.0313500017 0.195999995 -0.00637499988
v  0.0321338177 0.195999995 -0.00364000909
v  0.0308737233 0.195999995 -0.000931129442
v  0.0312093869 0.195999995 0.00175129238
v  0.0294593628 0.195999995 0.00434733182
v  0.0293871183 0.195999995 0.00690881535
v  0.0271498971 0.195999995 0.00930000097
v  0.026719436 0.195999995 0.0116841868
v  0.0240154937 0.195999995 0.0137763917
v  0.0232830849 0.195999995 0.0159400292
v  0.0201513916 0.195999995 0.0176404938
v  0.019176919 0.195999995 0.0195539072
v  0.0156750008 0.195999995 0.0207748972
v  0.0145190712 0.195999995 0.0224218592
v  0.0107223317 0.195999995 0.023084363
v  0.00944353454 0.195999995 0.0244613774
v  0.00544387056 0.195999995 0.0244987234
v  0.00409632456 0.195999995 0.0256137885
v  8.10060714e-19 0.195999995 0.0249750018
v  -0.00136872882 0.195999995 0.0258459412
v  -0.00544387056 0.195999995 0.0244987234
v  -0.00679440657 0.195999995 0.0251511559
v  -0.0107223317 0.195999995 0.023084363
v  -0.0120246215 0.195999995 0.0235494208
v  -0.0156750008 0.195999995 0.0207748972
v  -0.0169089101 0.195999995 0.0210868139
v  -0.0201513916 0.195999995 0.0176404938
v  -0.0213067606 0.195999995 0.0178341828
v  -0.0240154937 0.195999995 0.0137763917
v  -0.0250916537 0.195999995 0.0138850957
v  -0.0271498971 0.195999995 0.00930000097
v  -0.0281547047 0.195999995 0.00935316272
v  -0.0294593628 0.195999995 0.00434733182
v  -0.0304077975 0.195999995 0.00436875876
v  -0.0308737233 0.195999995 -0.000931129442
v  -0.031786114 0.195999995 -0.000924723339
v  -0.0313500017 0.195999995 -0.00637499988
v  -0.0322499983 0.195999995 -0.00637499988
v  -0.0308737233 0.195999995 -0.0118188709
v  -0.031786114 0.195999995 -0.0118252765
v  -0.0294593628 0.195999995 -0.0170973316
v  -0.0304077975 0.195999995 -0.0171187595
v  -0.0271498971 0.195999995 -0.0220500007
v  -0.0281547047 0.195999995 -0.0221031625
v  -0.0240154937 0.195999995 -0.0265263915
v  -0.0250916537 0.195999995 -0.0266350955
v  -0.0201513916 0.195999995 -0.0303904936
v  -0.0213067606 0.195999995 -0.0305841826
v  -0.0156750008 0.195999995 -0.0335248969
v  -0.0169089101 0.195999995 -0.0338368155
v  -0.0107223317 0.195999995 -0.0358343646
v  -0.0120246215 0.195999995 -0.0362994224
v  -0.00544387056 0.195999995 -0.0372487232
v  -0.00679440657 0.195999995 -0.0379011557
v  -6.81409137e-18 0.195999995 -0.0377250016
v  -0.00136872882 0.195999995 -0.0385959409
v  0.00544387056 0.195999995 -0.0372487232
v  0.00409632456 0.195999995 -0.0383637883
v  0.0107223317 0.195999995 -0.0358343646
v  0.00944353454 0.195999995 -0.0372113772
v  0.0156750008 0.195999995 -0.0335248969
v  0.0145190712 0.195999995 -0.035171859
v  0.0201513916 0.195999995 -0.0303904936
v  -0.0340000018 0.220899999 -0.00637499988
v  -0.0340000018 0.197999999 -0.00637499988
v  -0.0335362852 0.220899999 -0.0119712166
v  -0.0335362852 0.197999999 -0.0119712166
v  -0.0321577862 0.220899999 -0.0174147822
v  -0.0321577862 0.197999999 -0.0174147822
v  -0.029902108 0.220899999 -0.022557212
v  -0.029902108 0.197999999 -0.022557212
v  -0.0268307775 0.220899999 -0.0272582322
v  -0.0268307775 0.197999999 -0.0272582322
v  -0.0230275728 0.220899999 -0.0313896127
v  -0.0230275728 0.197999999 -0.0313896127
v  -0.0185962375 0.220899999 -0.0348386616
v  -0.0185962375 0.197999999 -0.0348386616
v  -0.0136576444 0.220899999 -0.0375112928
v  -0.0136576444 0.197999999 -0.0375112928
v  -0.00834650639 0.220899999 -0.0393346101
v  -0.00834650639 0.197999999 -0.0393346101
v  -0.00280769775 0.220899999 -0.0402588733
v  -0.00280769775 0.197999999 -0.0402588733
v  0.00280769775 0.220899999 -0.0402588733
v  0.00280769775 0.197999999 -0.0402588733
v  0.00834650639 0.220899999 -0.0393346101
v  0.00834650639 0.197999999 -0.0393346101
v  0.0136576444 0.220899999 -0.0375112928
v  0.0136576444 0.197999999 -0.0375112928
v  0.0185962375 0.220899999 -0.0348386616
v  0.0185962375 0.197999999 -0.0348386616
v  0.0230275728 0.220899999 -0.0313896127
v  0.0230275728 0.197999999 -0.0313896127
v  0.0268307775 0.220899999 -0.0272582322
v  0.0268307775 0.197999999 -0.0272582322
v  0.029902108 0.220899999 -0.022557212
v  0.029902108 0.197999999 -0.022557212
v  0.0321577862 0.220899999 -0.0174147822
v  0.0321577862 0.197999999 -0.0174147822
v  0.0335362852 0.220899999 -0.0119712166
v  0.0335362852 0.197999999 -0.0119712166
v  0.0340000018 0.220899999 -0.00637499988
v  0.0340000018 0.197999999 -0.00637499988
v  0.0335362852 0.220899999 -0.000778783695
v  0.0335362852 0.197999999 -0.000778783695
v  0.0321577862 0.220899999 0.00466478243
v  0.0321577862 0.197999999 0.00466478243
v  0.029902108 0.220899999 0.00980721228
v  0.029902108 0.197999999 0.00980721228
v  0.0268307775 0.220899999 0.0145082325
v  0.0268307775 0.197999999 0.0145082325
v  0.0230275728 0.220899999 0.0186396129
v  0.0230275728 0.197999999 0.0186396129
v  0.0185962375 0.220899999 0.0220886599
v  0.0185962375 0.197999999 0.0220886599
v  0.0136576444 0.220899999 0.0247612931
v  0.0136576444 0.197999999 0.0247612931
v  0.00834650639 0.220899999 0.0265846103
v  0.00834650639 0.197999999 0.0265846103
v  0.00280769775 0.220899999 0.0275088735
v  0.00280769775 0.197999999 0.0275088735
v  -0.00280769775 0.220899999 0.0275088735
v  -0.00280769775 0.197999999 0.0275088735
v  -0.00834650639 0.220899999 0.0265846103
v  -0.00834650639 0.197999999 0.0265846103
v  -0.0136576444 0.220899999 0.0247612931
v  -0.0136576444 0.197999999 0.0247612931
v  -0.0185962375 0.220899999 0.0220886599
v  -0.0185962375 0.197999999 0.0220886599
v  -0.0230275728 0.220899999 0.0186396129
v  -0.0230275728 0.197999999 0.0186396129
v  -0.0268307775 0.220899999 0.0145082325
v  -0.0268307775 0.197999999 0.0145082325
v  -0.029902108 0.220899999 0.00980721228
v  -0.029902108 0.197999999 0.00980721228
v  -0.0321577862 0.220899999 0.00466478243
v  -0.0321577862 0.197999999 0.00466478243
v  -0.0335362852 0.220899999 -0.000778783695
v  -0.0335362852 0.197999999 -0.000778783695
v  -0.0325361118 0.220899999 -0.0175446626
v  -0.0339308307 0.220899999 -0.0120370537
v  -0.0344000012 0.220899999 -0.00637499988
v  -0.0339308307 0.220899999 -0.000712946174
v  -0.0325361118 0.220899999 0.00479466189
v  -0.0302538965 0.220899999 0.00999758951
v  -0.0271464344 0.220899999 0.0147539172
v  -0.0232984852 0.220899999 0.0189339034
v  -0.0188150164 0.220899999 0.0224235263
v  -0.0138183227 0.220899999 0.0251276009
v  -0.00844470039 0.220899999 0.0269723684
v  -0.00284072943 0.220899999 0.0279075056
v  0.00284072943 0.220899999 0.0279075056
v  0.00844470039 0.220899999 0.0269723684
v  0.0138183227 0.220899999 0.0251276009
v  0.0188150164 0.220899999 0.0224235263
v  0.0232984852 0.220899999 0.0189339034
v  0.0271464344 0.220899999 0.0147539172
v  0.0302538965 0.220899999 0.00999758951
v  0.0325361118 0.220899999 0.00479466189
v  0.0339308307 0.220899999 -0.000712946174
v  0.0344000012 0.220899999 -0.00637499988
v  0.0339308307 0.220899999 -0.0120370537
v  0.0325361118 0.220899999 -0.0175446626
v  0.0302538965 0.220899999 -0.0227475893
v  0.0271464344 0.220899999 -0.027503917
v  0.0232984852 0.220899999 -0.0316839032
v  0.0188150164 0.220899999 -0.0351735279
v  0.0138183227 0.220899999 -0.0378776006
v  0.00844470039 0.220899999 -0.0397223681
v  0.00284072943 0.220899999 -0.0406575054
v  -0.00284072943 0.220899999 -0.0406575054
v  -0.00844470039 0.220899999 -0.0397223681
v  -0.0138183227 0.220899999 -0.0378776006
v  -0.0188150164 0.220899999 -0.0351735279
v  -0.0232984852 0.220899999 -0.0316839032
v  -0.0271464344 0.220899999 -0.027503917
v  -0.0302538965 0.220899999 -0.0227475893
v  0.0199202113 0.194999993 -0.0333089046
v  0.0232984852 0.194999993 -0.0316839032
v  0.024185529 0.194999993 -0.0295549519
v  0.0271464344 0.194999993 -0.027503917
v  0.0277550723 0.194999993 -0.0251341555
v  0.0302538965 0.194999993 -0.0227475893
v  0.0305261537 0.194999993 -0.0201736931
v  0.0325361118 0.194999993 -0.0175446626
v  0.032419052 0.194999993 -0.0148162646
v  0.0339308307 0.194999993 -0.0120370537
v  0.0333793163 0.194999993 -0.00921599846
v  0.0344000012 0.194999993 -0.00637499988
v  0.0335000008 0.194999993 -0.00637499988
v  0.0333793163 0.194999993 -0.00353400153
v  0.0339308307 0.194999993 -0.000712946174
v  0.032419052 0.194999993 0.00206626463
v  0.0325361118 0.194999993 0.00479466189
v  0.0305261537 0.194999993 0.00742369238
v  0.0302538965 0.194999993 0.00999758951
v  0.0277550723 0.194999993 0.0123841558
v  0.0271464344 0.194999993 0.0147539172
v  0.024185529 0.194999993 0.0168049522
v  0.0232984852 0.194999993 0.0189339034
v  0.0199202113 0.194999993 0.0205589049
v  0.0188150164 0.194999993 0.0224235263
v  0.0150818257 0.194999993 0.0235380158
v  0.0138183227 0.194999993 0.0251276009
v  0.00980956294 0.194999993 0.0256565847
v  0.00844470039 0.194999993 0.0269723684
v  0.00425509689 0.194999993 0.0268536657
v  0.00284072943 0.194999993 0.0279075056
v  -0.00142178033 0.194999993 0.0270948149
v  -0.00284072943 0.194999993 0.0279075056
v  -0.00705775572 0.194999993 0.0263730995
v  -0.00844470039 0.194999993 0.0269723684
v  -0.0124906916 0.194999993 0.0247092824
v  -0.0138183227 0.194999993 0.0251276009
v  -0.0175642949 0.194999993 0.0221512262
v  -0.0188150164 0.194999993 0.0224235263
v  -0.0221326035 0.194999993 0.018772522
v  -0.0232984852 0.194999993 0.0189339034
v  -0.0260641985 0.194999993 0.0146703701
v  -0.0271464344 0.194999993 0.0147539172
v  -0.0292459726 0.194999993 0.0099627804
v  -0.0302538965 0.194999993 0.00999758951
v  -0.0315863937 0.194999993 0.00478518289
v  -0.0325361118 0.194999993 0.00479466189
v  -0.0330181345 0.194999993 -0.000713472371
v  -0.0339308307 0.194999993 -0.000712946174
v  -0.0335000008 0.194999993 -0.00637499988
v  -0.0344000012 0.194999993 -0.00637499988
v  -0.0330181345 0.194999993 -0.0120365275
v  -0.0339308307 0.194999993 -0.0120370537
v  -0.0315863937 0.194999993 -0.0175351836
v  -0.0325361118 0.194999993 -0.0175446626
v  -0.0292459726 0.194999993 -0.0227127802
v  -0.0302538965 0.194999993 -0.0227475893
v  -0.0260641985 0.194999993 -0.0274203699
v  -0.0271464344 0.194999993 -0.027503917
v  -0.0221326035 0.194999993 -0.0315225236
v  -0.0232984852 0.194999993 -0.0316839032
v  -0.0175642949 0.194999993 -0.0349012278
v  -0.0188150164 0.194999993 -0.0351735279
v  -0.0124906916 0.194999993 -0.0374592841
v  -0.0138183227 0.194999993 -0.0378776006
v  -0.00705775572 0.194999993 -0.0391230993
v  -0.00844470039 0.194999993 -0.0397223681
v  -0.00142178033 0.194999993 -0.0398448147
v  -0.00284072943 0.194999993 -0.0406575054
v  0.00425509689 0.194999993 -0.0396036655
v  0.00284072943 0.194999993 -0.0406575054
v  0.00980956294 0.194999993 -0.0384065844
v  0.00844470039 0.194999993 -0.0397223681
v  0.0150818257 0.194999993 -0.0362880155
v  0.0138183227 0.194999993 -0.0378776006
v  0.0188150164 0.194999993 -0.0351735279
v  -0.0350000001 0.195600003 -0.00637499988
v  -0.0345226452 0.220300004 -0.0121358112
v  -0.0345226452 0.195600003 -0.0121358112
v  -0.0331036039 0.220300004 -0.0177394822
v  -0.0331036039 0.195600003 -0.0177394822
v  -0.030781582 0.220300004 -0.0230331589
v  -0.030781582 0.195600003 -0.0230331589
v  -0.0276199169 0.220300004 -0.0278724451
v  -0.0276199169 0.195600003 -0.0278724451
v  -0.0237048548 0.220300004 -0.0321253389
v  -0.0237048548 0.195600003 -0.0321253389
v  -0.0191431846 0.220300004 -0.0356758274
v  -0.0191431846 0.195600003 -0.0356758274
v  -0.0140593396 0.220300004 -0.0384270661
v  -0.0140593396 0.195600003 -0.0384270661
v  -0.00859199185 0.220300004 -0.0403040089
v  -0.00859199185 0.195600003 -0.0403040089
v  -0.00289027719 0.220300004 -0.0412554555
v  -0.00289027719 0.195600003 -0.0412554555
v  0.00289027719 0.220300004 -0.0412554555
v  0.00289027719 0.195600003 -0.0412554555
v  0.00859199185 0.220300004 -0.0403040089
v  0.00859199185 0.195600003 -0.0403040089
v  0.0140593396 0.220300004 -0.0384270661
v  0.0140593396 0.195600003 -0.0384270661
v  0.0191431846 0.220300004 -0.0356758274
v  0.0191431846 0.195600003 -0.0356758274
v  0.0237048548 0.220300004 -0.0321253389
v  0.0237048548 0.195600003 -0.0321253389
v  0.0276199169 0.220300004 -0.0278724451
v  0.0276199169 0.195600003 -0.0278724451
v  0.030781582 0.220300004 -0.0230331589
v  0.030781582 0.195600003 -0.0230331589
v  0.0331036039 0.220300004 -0.0177394822
v  0.0331036039 0.195600003 -0.0177394822
v  0.0345226452 0.220300004 -0.0121358112
v  0.0345226452 0.195600003 -0.0121358112
v  0.0350000001 0.220300004 -0.00637499988
v  0.0350000001 0.195600003 -0.00637499988
v  0.0345226452 0.220300004 -0.000614189194
v  0.0345226452 0.195600003 -0.000614189194
v  0.0331036039 0.220300004 0.00498948153
v  0.0331036039 0.195600003 0.00498948153
v  0.030781582 0.220300004 0.0102831591
v  0.030781582 0.195600003 0.0102831591
v  0.0276199169 0.220300004 0.0151224453
v  0.0276199169 0.195600003 0.0151224453
v  0.0237048548 0.220300004 0.0193753373
v  0.0237048548 0.195600003 0.0193753373
v  0.0191431846 0.220300004 0.0229258277
v  0.0191431846 0.195600003 0.0229258277
v  0.0140593396 0.220300004 0.0256770663
v  0.0140593396 0.195600003 0.0256770663
v  0.00859199185 0.220300004 0.0275540091
v  0.00859199185 0.195600003 0.0275540091
v  0.00289027719 0.220300004 0.0285054557
v  0.00289027719 0.195600003 0.0285054557
v  -0.00289027719 0.220300004 0.0285054557
v  -0.00289027719 0.195600003 0.0285054557
v  -0.00859199185 0.220300004 0.0275540091
v  -0.00859199185 0.195600003 0.0275540091
v  -0.0140593396 0.220300004 0.0256770663
v  -0.0140593396 0.195600003 0.0256770663
v  -0.0191431846 0.220300004 0.0229258277
v  -0.0191431846 0.195600003 0.0229258277
v  -0.0237048548 0.220300004 0.0193753373
v  -0.0237048548 0.195600003 0.0193753373
v  -0.0276199169 0.220300004 0.0151224453
v  -0.0276199169 0.195600003 0.0151224453
v  -0.030781582 0.220300004 0.0102831591
v  -0.030781582 0.195600003 0.0102831591
v  -0.0331036039 0.220300004 0.00498948153
v  -0.0331036039 0.195600003 0.00498948153
v  -0.0345226452 0.220300004 -0.000614189194
v  -0.0345226452 0.195600003 -0.000614189194
v  -0.0350000001 0.220300004 -0.00637499988
v  -9.51333607e-17 0.197500005 0.0252749994
v  0.00276640803 0.197500005 0.0270105824
v  0.00549596502 0.197500005 0.024794165
v  0.00822376367 0.197500005 0.0260999091
v  0.0108249374 0.197500005 0.0233662724
v  0.0134567963 0.197500005 0.0243034065
v  0.0158249997 0.197500005 0.0210347045
v  0.018322764 0.197500005 0.021670077
v  0.0203442276 0.197500005 0.017870307
v  0.0226889327 0.197500005 0.0182717517
v  0.0242453068 0.197500005 0.0139692277
v  0.0264362078 0.197500005 0.0142011251
v  0.0274097044 0.197500005 0.00944999978
v  0.029462371 0.197500005 0.00956923701
v  0.0297412723 0.197500005 0.00444993749
v  0.0316848792 0.197500005 0.00450243242
v  0.0311691649 0.197500005 -0.000879034982
v  0.0330431052 0.197500005 -0.000861081411
v  0.0316499993 0.197500005 -0.00637499988
v  0.0335000008 0.197500005 -0.00637499988
v  0.0311691649 0.197500005 -0.0118709654
v  0.0330431052 0.197500005 -0.0118889185
v  0.0297412723 0.197500005 -0.0171999373
v  0.0316848792 0.197500005 -0.0172524322
v  0.0274097044 0.197500005 -0.0221999995
v  0.029462371 0.197500005 -0.0223192368
v  0.0242453068 0.197500005 -0.0267192274
v  0.0264362078 0.197500005 -0.0269511249
v  0.0203442276 0.197500005 -0.0306203067
v  0.0226889327 0.197500005 -0.0310217515
v  0.0158249997 0.197500005 -0.0337847061
v  0.018322764 0.197500005 -0.0344200768
v  0.0108249374 0.197500005 -0.0361162722
v  0.0134567963 0.197500005 -0.0370534062
v  0.00549596502 0.197500005 -0.0375441648
v  0.00822376367 0.197500005 -0.0388499089
v  -2.99390206e-18 0.197500005 -0.0380249992
v  0.00276640803 0.197500005 -0.0397605821
v  -0.00276640803 0.197500005 -0.0397605821
v  -0.00549596502 0.197500005 -0.0375441648
v  -0.00822376367 0.197500005 -0.0388499089
v  -0.0108249374 0.197500005 -0.0361162722
v  -0.0134567963 0.197500005 -0.0370534062
v  -0.0158249997 0.197500005 -0.0337847061
v  -0.018322764 0.197500005 -0.0344200768
v  -0.0203442276 0.197500005 -0.0306203067
v  -0.0226889327 0.197500005 -0.0310217515
v  -0.0242453068 0.197500005 -0.0267192274
v  -0.0264362078 0.197500005 -0.0269511249
v  -0.0274097044 0.197500005 -0.0221999995
v  -0.029462371 0.197500005 -0.0223192368
v  -0.0297412723 0.197500005 -0.0171999373
v  -0.0316848792 0.197500005 -0.0172524322
v  -0.0311691649 0.197500005 -0.0118709654
v  -0.0330431052 0.197500005 -0.0118889185
v  -0.0316499993 0.197500005 -0.00637499988
v  -0.0335000008 0.197500005 -0.00637499988
v  -0.0311691649 0.197500005 -0.000879034982
v  -0.0330431052 0.197500005 -0.000861081411
v  -0.0297412723 0.197500005 0.00444993749
v  -0.0316848792 0.197500005 0.00450243242
v  -0.0274097044 0.197500005 0.00944999978
v  -0.029462371 0.197500005 0.00956923701
v  -0.0242453068 0.197500005 0.0139692277
v  -0.0264362078 0.197500005 0.0142011251
v  -0.0203442276 0.197500005 0.017870307
v  -0.0226889327 0.197500005 0.0182717517
v  -0.0158249997 0.197500005 0.0210347045
v  -0.018322764 0.197500005 0.021670077
v  -0.0108249374 0.197500005 0.0233662724
v  -0.0134567963 0.197500005 0.0243034065
v  -0.00549596502 0.197500005 0.024794165
v  -0.00822376367 0.197500005 0.0260999091
v  -0.00276640803 0.197500005 0.0270105824
v  -0.0313500017 0.1972 -0.00637499988
v  -0.0308737233 0.1972 -0.0118188709
v  -0.0294593628 0.1972 -0.0170973316
v  -0.0271498971 0.1972 -0.0220500007
v  -0.0240154937 0.1972 -0.0265263915
v  -0.0201513916 0.1972 -0.0303904936
v  -0.0156750008 0.1972 -0.0335248969
v  -0.0107223317 0.1972 -0.0358343646
v  -0.00544387056 0.1972 -0.0372487232
v  -6.84425782e-18 0.1972 -0.0377250016
v  0.00544387056 0.1972 -0.0372487232
v  0.0107223317 0.1972 -0.0358343646
v  0.0156750008 0.1972 -0.0335248969
v  0.0201513916 0.1972 -0.0303904936
v  0.0240154937 0.1972 -0.0265263915
v  0.0271498971 0.1972 -0.0220500007
v  0.0294593628 0.1972 -0.0170973316
v  0.0308737233 0.1972 -0.0118188709
v  0.0313500017 0.1972 -0.00637499988
v  0.0308737233 0.1972 -0.000931129442
v  0.0294593628 0.1972 0.00434733182
v  0.0271498971 0.1972 0.00930000097
v  0.0240154937 0.1972 0.0137763917
v  0.0201513916 0.1972 0.0176404938
v  0.0156750008 0.1972 0.0207748972
v  0.0107223317 0.1972 0.023084363
v  0.00544387056 0.1972 0.0244987234
v  7.79894161e-19 0.1972 0.0249750018
v  -0.00544387056 0.1972 0.0244987234
v  -0.0107223317 0.1972 0.023084363
v  -0.0156750008 0.1972 0.0207748972
v  -0.0201513916 0.1972 0.0176404938
v  -0.0240154937 0.1972 0.0137763917
v  -0.0271498971 0.1972 0.00930000097
v  -0.0294593628 0.1972 0.00434733182
v  -0.0308737233 0.1972 -0.000931129442
v  0.0327717289 0.196700007 -0.0119942771
v  0.032653667 0.195250005 -0.0119740339
v  0.0331302173 0.195250005 -0.0091947969
v  0.0332500003 0.196700007 -0.00637499988
v  0.0321771204 0.195250005 -0.01475327
v  0.031350676 0.196700007 -0.0174518991
v  0.0312377345 0.195250005 -0.0174119938
v  0.0302983467 0.195250005 -0.0200707167
v  0.0290277191 0.196700007 -0.022590857
v  0.0289231464 0.195250005 -0.0225324389
v  0.0275479462 0.195250005 -0.024994161
v  0.025869688 0.196700007 -0.0272633154
v  0.0257764924 0.195250005 -0.0271880645
v  0.0240050405 0.195250005 -0.0293819681
v  0.0219674353 0.196700007 -0.0313348547
v  0.0218882971 0.195250005 -0.0312449355
v  0.0197715536 0.195250005 -0.0331079066
v  0.0174332168 0.196700007 -0.0346883461
v  0.017370414 0.195250005 -0.0345863439
v  0.0149692744 0.195250005 -0.036064785
v  0.0123974783 0.196700007 -0.0372273102
v  0.0123528158 0.195250005 -0.0371161662
v  0.00973635726 0.195250005 -0.0381675437
v  0.0070050857 0.196700007 -0.0388787128
v  0.00697984966 0.195250005 -0.0387616158
v  0.00422334252 0.195250005 -0.0393556878
v  0.00141117 0.196700007 -0.0395950414
v  0.00140608626 0.195250005 -0.0394753665
v  -0.00141117 0.195250005 -0.0395950414
v  -0.00422334252 0.196700007 -0.0393556878
v  -0.00420812797 0.195250005 -0.0392368771
v  -0.0070050857 0.195250005 -0.0388787128
v  -0.00973635726 0.196700007 -0.0381675437
v  -0.00970128179 0.195250005 -0.0380530097
v  -0.0123974783 0.195250005 -0.0372273102
v  -0.0149692744 0.196700007 -0.036064785
v  -0.0149153471 0.195250005 -0.0359578282
v  -0.0174332168 0.195250005 -0.0346883461
v  -0.0197715536 0.196700007 -0.0331079066
v  -0.019700326 0.195250005 -0.0330116004
v  -0.0219674353 0.195250005 -0.0313348547
v  -0.0240050405 0.196700007 -0.0293819681
v  -0.0239185616 0.195250005 -0.0292990841
v  -0.025869688 0.195250005 -0.0272633154
v  -0.0275479462 0.196700007 -0.024994161
v  -0.0274487045 0.195250005 -0.0249270853
v  -0.0302983467 0.196700007 -0.0200707167
v  -0.0321771204 0.196700007 -0.01475327
v  -0.0320612006 0.195250005 -0.0147230877
v  -0.031350676 0.195250005 -0.0174518991
v  -0.0301891975 0.195250005 -0.0200213771
v  -0.0290277191 0.195250005 -0.022590857
v  -0.0331302173 0.196700007 -0.00355520309
v  -0.0330108628 0.195250005 -0.00356536149
v  -0.0332500003 0.196700007 -0.00637499988
v  -0.0332500003 0.195250005 -0.00637499988
v  -0.0331302173 0.196700007 -0.0091947969
v  -0.0330108628 0.195250005 -0.00918463897
v  -0.0327717289 0.195250005 -0.0119942771
v  -0.0321771204 0.196700007 0.00200326997
v  -0.0302983467 0.196700007 0.00732071698
v  -0.0301891975 0.195250005 0.00727137737
v  -0.031350676 0.195250005 0.00470189843
v  -0.0320612006 0.195250005 0.00197308767
v  -0.0327717289 0.195250005 -0.000755722751
v  -0.0275479462 0.196700007 0.0122441612
v  -0.0240050405 0.196700007 0.0166319683
v  -0.0239185616 0.195250005 0.0165490843
v  -0.025869688 0.195250005 0.0145133156
v  -0.0274487045 0.195250005 0.0121770855
v  -0.0290277191 0.195250005 0.00984085724
v  -0.0197715536 0.196700007 0.020357905
v  -0.0149692744 0.196700007 0.0233147852
v  -0.0149153471 0.195250005 0.0232078265
v  -0.0174332168 0.195250005 0.0219383445
v  -0.019700326 0.195250005 0.0202615988
v  -0.0219674353 0.195250005 0.0185848549
v  -0.00973635726 0.196700007 0.0254175439
v  -0.00422334252 0.196700007 0.026605688
v  -0.00420812797 0.195250005 0.0264868774
v  -0.0070050857 0.195250005 0.026128713
v  -0.00970128179 0.195250005 0.0253030099
v  -0.0123974783 0.195250005 0.0244773105
v  0.00141117 0.196700007 0.0268450417
v  0.0070050857 0.196700007 0.026128713
v  0.00697984966 0.195250005 0.026011616
v  0.00422334252 0.195250005 0.026605688
v  0.00140608626 0.195250005 0.0267253667
v  -0.00141117 0.195250005 0.0268450417
v  0.0174332168 0.196700007 0.0219383445
v  0.0149692744 0.195250005 0.0233147852
v  0.0123974783 0.196700007 0.0244773105
v  0.0123528158 0.195250005 0.0243661646
v  0.00973635726 0.195250005 0.0254175439
v  0.0219674353 0.196700007 0.0185848549
v  0.0197715536 0.195250005 0.020357905
v  0.017370414 0.195250005 0.0218363442
v  0.025869688 0.196700007 0.0145133156
v  0.0240050405 0.195250005 0.0166319683
v  0.0218882971 0.195250005 0.0184949357
v  0.0290277191 0.196700007 0.00984085724
v  0.0275479462 0.195250005 0.0122441612
v  0.0257764924 0.195250005 0.0144380648
v  0.031350676 0.196700007 0.00470189843
v  0.0302983467 0.195250005 0.00732071698
v  0.0289231464 0.195250005 0.0097824391
v  0.0327717289 0.196700007 -0.000755722751
v  0.0321771204 0.195250005 0.00200326997
v  0.0312377345 0.195250005 0.00466199405
v  0.0332500003 0.195250005 -0.00637499988
v  0.0331302173 0.195250005 -0.00355520309
v  0.032653667 0.195250005 -0.000775966444
v  -0.0322499983 0.196700007 -0.00637499988
v  -0.031786114 0.196700007 -0.0118252765
v  -0.0304077975 0.196700007 -0.0171187595
v  -0.0281547047 0.196700007 -0.0221031625
v  -0.0250916537 0.196700007 -0.0266350955
v  -0.0213067606 0.196700007 -0.0305841826
v  -0.0169089101 0.196700007 -0.0338368155
v  -0.0120246215 0.196700007 -0.0362994224
v  -0.00679440657 0.196700007 -0.0379011557
v  -0.00136872882 0.196700007 -0.0385959409
v  0.00409632456 0.196700007 -0.0383637883
v  0.00944353454 0.196700007 -0.0372113772
v  0.0145190712 0.196700007 -0.035171859
v  0.019176919 0.196700007 -0.032303907
v  0.0232830849 0.196700007 -0.0286900289
v  0.026719436 0.196700007 -0.0244341865
v  0.0293871183 0.196700007 -0.0196588151
v  0.0312093869 0.196700007 -0.0145012923
v  0.0321338177 0.196700007 -0.00910999067
v  0.0321338177 0.196700007 -0.00364000909
v  0.0312093869 0.196700007 0.00175129238
v  0.0293871183 0.196700007 0.00690881535
v  0.026719436 0.196700007 0.0116841868
v  0.0232830849 0.196700007 0.0159400292
v  0.019176919 0.196700007 0.0195539072
v  0.0145190712 0.196700007 0.0224218592
v  0.00944353454 0.196700007 0.0244613774
v  0.00409632456 0.196700007 0.0256137885
v  -0.00136872882 0.196700007 0.0258459412
v  -0.00679440657 0.196700007 0.0251511559
v  -0.0120246215 0.196700007 0.0235494208
v  -0.0169089101 0.196700007 0.0210868139
v  -0.0213067606 0.196700007 0.0178341828
v  -0.0250916537 0.196700007 0.0138850957
v  -0.0281547047 0.196700007 0.00935316272
v  -0.0304077975 0.196700007 0.00436875876
v  -0.031786114 0.196700007 -0.000924723339
v  -5.73937665e-19 0.1972 -0.0377250016
v  -5.39585527e-19 0.197500005 -0.0380249992
v  -9.32969403e-18 0.1972 0.0249750018
v  -9.37912965e-18 0.197500005 0.0252749994
v  0.0399999991 0 -0.00200000009
v  0.0394544527 0.00658378378 -0.0281000007
v  0.0394544527 0.00658378378 -0.00200000009
v  0.0378326885 0.0129879788 -0.0281000007
v  0.0378326885 0.0129879788 -0.00200000009
v  0.0351789482 0.0190378949 -0.0281000007
v  0.0351789482 0.0190378949 -0.00200000009
v  0.0315656215 0.0245685093 -0.0281000007
v  0.0315656215 0.0245685093 -0.00200000009
v  0.0270912629 0.029428957 -0.0281000007
v  0.0270912629 0.029428957 -0.00200000009
v  0.0218779258 0.0334866606 -0.0281000007
v  0.0218779258 0.0334866606 -0.00200000009
v  0.0160678178 0.0366309322 -0.0281000007
v  0.0160678178 0.0366309322 -0.00200000009
v  0.00981941912 0.0387760103 -0.0281000007
v  0.00981941912 0.0387760103 -0.00200000009
v  0.00330317393 0.0398633815 -0.0281000007
v  0.00330317393 0.0398633815 -0.00200000009
v  -0.00330317393 0.0398633815 -0.0281000007
v  -0.00330317393 0.0398633815 -0.00200000009
v  -0.00981941912 0.0387760103 -0.0281000007
v  -0.00981941912 0.0387760103 -0.00200000009
v  -0.0160678178 0.0366309322 -0.0281000007
v  -0.0160678178 0.0366309322 -0.00200000009
v  -0.0218779258 0.0334866606 -0.0281000007
v  -0.0218779258 0.0334866606 -0.00200000009
v  -0.0270912629 0.029428957 -0.0281000007
v  -0.0270912629 0.029428957 -0.00200000009
v  -0.0315656215 0.0245685093 -0.0281000007
v  -0.0315656215 0.0245685093 -0.00200000009
v  -0.0351789482 0.0190378949 -0.0281000007
v  -0.0351789482 0.0190378949 -0.00200000009
v  -0.0378326885 0.0129879788 -0.0281000007
v  -0.0378326885 0.0129879788 -0.00200000009
v  -0.0394544527 0.00658378378 -0.0281000007
v  -0.0394544527 0.00658378378 -0.00200000009
v  -0.0399999991 0 -0.0281000007
v  -0.0399999991 0 -0.00200000009
v  -0.0394544527 -0.00658378378 -0.0281000007
v  -0.0394544527 -0.00658378378 -0.00200000009
v  -0.0378326885 -0.0129879788 -0.0281000007
v  -0.0378326885 -0.0129879788 -0.00200000009
v  -0.0351789482 -0.0190378949 -0.0281000007
v  -0.0351789482 -0.0190378949 -0.00200000009
v  -0.0315656215 -0.0245685093 -0.0281000007
v  -0.0315656215 -0.0245685093 -0.00200000009
v  -0.0270912629 -0.029428957 -0.0281000007
v  -0.0270912629 -0.029428957 -0.00200000009
v  -0.0218779258 -0.0334866606 -0.0281000007
v  -0.0218779258 -0.0334866606 -0.00200000009
v  -0.0160678178 -0.0366309322 -0.0281000007
v  -0.0160678178 -0.0366309322 -0.00200000009
v  -0.00981941912 -0.0387760103 -0.0281000007
v  -0.00981941912 -0.0387760103 -0.00200000009
v  -0.00330317393 -0.0398633815 -0.0281000007
v  -0.00330317393 -0.0398633815 -0.00200000009
v  0.00330317393 -0.0398633815 -0.0281000007
v  0.00330317393 -0.0398633815 -0.00200000009
v  0.00981941912 -0.0387760103 -0.0281000007
v  0.00981941912 -0.0387760103 -0.00200000009
v  0.0160678178 -0.0366309322 -0.0281000007
v  0.0160678178 -0.0366309322 -0.00200000009
v  0.0218779258 -0.0334866606 -0.0281000007
v  0.0218779258 -0.0334866606 -0.00200000009
v  0.0270912629 -0.029428957 -0.0281000007
v  0.0270912629 -0.029428957 -0.00200000009
v  0.0315656215 -0.0245685093 -0.0281000007
v  0.0315656215 -0.0245685093 -0.00200000009
v  0.0351789482 -0.0190378949 -0.0281000007
v  0.0351789482 -0.0190378949 -0.00200000009
v  0.0378326885 -0.0129879788 -0.0281000007
v  0.0378326885 -0.0129879788 -0.00200000009
v  0.0394544527 -0.00658378378 -0.0281000007
v  0.0394544527 -0.00658378378 -0.00200000009
v  0.0399999991 0 -0.0281000007
v  -0.0379999988 0 -0.0300999992
v  -0.0374817289 0.00625459431 -0.0300999992
v  2.61075876e-20 0 -0.0300999992
v  -0.0374817289 -0.00625459431 -0.0300999992
v  -0.0299873389 -0.0233400837 -0.0300999992
v  -0.033420004 -0.0180860013 -0.0300999992
v  -0.0359410569 -0.0123385796 -0.0300999992
v  -0.0152644264 -0.0347993858 -0.0300999992
v  -0.0207840297 -0.0318123251 -0.0300999992
v  -0.0257366989 -0.0279575083 -0.0300999992
v  0.00313801505 -0.0378702097 -0.0300999992
v  -0.00313801505 -0.0378702097 -0.0300999992
v  -0.00932844821 -0.036837209 -0.0300999992
v  0.0207840297 -0.0318123251 -0.0300999992
v  0.0152644264 -0.0347993858 -0.0300999992
v  0.00932844821 -0.036837209 -0.0300999992
v  0.033420004 -0.0180860013 -0.0300999992
v  0.0299873389 -0.0233400837 -0.0300999992
v  0.0257366989 -0.0279575083 -0.0300999992
v  0.0379999988 0 -0.0300999992
v  0.0374817289 -0.00625459431 -0.0300999992
v  0.0359410569 -0.0123385796 -0.0300999992
v  0.033420004 0.0180860013 -0.0300999992
v  0.0359410569 0.0123385796 -0.0300999992
v  0.0374817289 0.00625459431 -0.0300999992
v  0.0207840297 0.0318123251 -0.0300999992
v  0.0257366989 0.0279575083 -0.0300999992
v  0.0299873389 0.0233400837 -0.0300999992
v  0.00313801505 0.0378702097 -0.0300999992
v  0.00932844821 0.036837209 -0.0300999992
v  0.0152644264 0.0347993858 -0.0300999992
v  -0.0152644264 0.0347993858 -0.0300999992
v  -0.00932844821 0.036837209 -0.0300999992
v  -0.00313801505 0.0378702097 -0.0300999992
v  -0.0299873389 0.0233400837 -0.0300999992
v  -0.0257366989 0.0279575083 -0.0300999992
v  -0.0207840297 0.0318123251 -0.0300999992
v  -0.0359410569 0.0123385796 -0.0300999992
v  -0.033420004 0.0180860013 -0.0300999992
v  -0.0379999988 0 0
v  -0.0374817289 -0.00625459431 0
v  0 0 0
v  -0.0374817289 0.00625459431 0
v  -0.0299873389 0.0233400837 0
v  -0.033420004 0.0180860013 0
v  -0.0359410569 0.0123385796 0
v  -0.0152644264 0.0347993858 8.67361738e-19
v  -0.0207840297 0.0318123251 8.67361738e-19
v  -0.0257366989 0.0279575083 8.67361738e-19
v  0.00313801505 0.0378702097 8.67361738e-19
v  -0.00313801505 0.0378702097 8.67361738e-19
v  -0.00932844821 0.036837209 8.67361738e-19
v  0.0207840297 0.0318123251 8.67361738e-19
v  0.0152644264 0.0347993858 8.67361738e-19
v  0.00932844821 0.036837209 8.67361738e-19
v  0.033420004 0.0180860013 8.67361738e-19
v  0.0299873389 0.0233400837 8.67361738e-19
v  0.0257366989 0.0279575083 8.67361738e-19
v  0.0379999988 0 0
v  0.0374817289 0.00625459431 0
v  0.0359410569 0.0123385796 0
v  0.033420004 -0.0180860013 0
v  0.0359410569 -0.0123385796 0
v  0.0374817289 -0.00625459431 0
v  0.0207840297 -0.0318123251 -8.67361738e-19
v  0.0257366989 -0.0279575083 -8.67361738e-19
v  0.0299873389 -0.0233400837 0
v  0.00313801505 -0.0378702097 -8.67361738e-19
v  0.00932844821 -0.036837209 -8.67361738e-19
v  0.0152644264 -0.0347993858 -8.67361738e-19
v  -0.0152644264 -0.0347993858 -8.67361738e-19
v  -0.00932844821 -0.036837209 -8.67361738e-19
v  -0.00313801505 -0.0378702097 -8.67361738e-19
v  -0.0299873389 -0.0233400837 -8.67361738e-19
v  -0.0257366989 -0.0279575083 -8.67361738e-19
v  -0.0207840297 -0.0318123251 -8.67361738e-19
v  -0.0359410569 -0.0123385796 0
v  -0.033420004 -0.0180860013 -8.67361738e-19

# 0 UV coordinates

# 7241 vertex normals
vn 0.996584475 3.17585408e-17 -0.0825796202
vn 0.969400287 3.41512369e-17 -0.24548547
vn 0.915773332 3.56123819e-17 -0.40169543
vn 0.837166429 3.61021125e-17 -0.546948195
vn 0.735724092 3.56070714e-17 -0.67728138
vn 0.614212632 3.41407614e-17 -0.789140582
vn 0.47594732 3.17431817e-17 -0.879473805
vn 0.324699342 2.84797292e-17 -0.945817292
vn 0.164594784 2.44394334e-17 -0.986361265
vn 8.67361738e-19 1.97324795e-17 -1
vn -0.164594784 1.44872743e-17 -0.986361265
vn -0.324699342 8.84691172e-18 -0.945817292
vn -0.47594732 2.96521585e-18 -0.879473805
vn -0.614212632 -2.99736091e-18 -0.789140582
vn -0.735724092 -8.8781899e-18 -0.67728138
vn -0.837166429 -1.45168229e-17 -0.546948195
vn -0.915773332 -1.9759487e-17 -0.40169543
vn -0.969400287 -2.44631635e-17 -0.24548547
vn -0.996584475 -2.84995385e-17 -0.0825796202
vn -0.996584475 -3.17585408e-17 0.0825796202
vn -0.969400287 -3.41512369e-17 0.24548547
vn -0.915773332 -3.56123819e-17 0.40169543
vn -0.837166429 -3.61021125e-17 0.546948195
vn -0.735724092 -3.56070714e-17 0.67728138
vn -0.614212632 -3.41407614e-17 0.789140582
vn -0.47594732 -3.17431817e-17 0.879473805
vn -0.324699342 -2.84797292e-17 0.945817292
vn -0.164594784 -2.44394334e-17 0.986361265
vn -8.67361738e-19 -1.97324795e-17 1
vn 0.164594784 -1.44872743e-17 0.986361265
vn 0.324699342 -8.84691172e-18 0.945817292
vn 0.47594732 -2.96521585e-18 0.879473805
vn 0.614212632 2.99736091e-18 0.789140582
vn 0.735724092 8.8781899e-18 0.67728138
vn 0.837166429 1.45168229e-17 0.546948195
vn 0.915773332 1.9759487e-17 0.40169543
vn 0.969400287 2.44631635e-17 0.24548547
vn 0.996584475 2.84995385e-17 0.0825796202
vn 2.51386673e-17 -1 -1.96240593e-17
vn -2.51386673e-17 1 1.96240593e-17
vn -0.0222917777 0.0711560324 -0.997216046
vn -0.307934999 0.940625906 0.142825037
vn -0.955998838 0.289896429 -0.0450139865
vn -0.552866518 -0.282237351 -0.784015775
vn -0.697491825 -0.463964701 -0.546115339
vn -0.0254858807 -0.214605138 -0.976368308
vn -0.193649858 -0.551185608 -0.811599731
vn -0.772366405 -0.592474639 -0.22896266
vn -0.633990109 -0.773073196 -0.0203578565
vn -0.471088767 -0.8819561 -0.0151249049
vn -0.0978983864 -0.995058775 -0.0165511277
vn 0.0130120581 0.0711676925 -0.997379482
vn 0.993991375 0.109178111 -0.00782751944
vn 0.0163475964 -0.30331111 -0.952751338
vn 0.0979525372 -0.995084822 -0.0145432642
vn 0.29012832 -0.956807613 -0.0185682159
vn 0.0979632363 -0.995189548 0.000973064103
vn 0.290174216 -0.95696193 -0.00477778073
vn 0.434547752 -0.896529615 -0.0860401243
vn 0.524239659 -0.0796435922 -0.847838223
vn 0.133012652 0.0452801026 0.990079463
vn 0.946899056 0.236018613 -0.218351558
vn 0.956775665 0.288922518 -0.0332281142
vn 0.187111765 0.513300657 0.837562919
vn 0.339995623 0.715261757 0.610576451
vn 0.0647988319 0.622990787 0.779540658
vn 0.633503795 0.772837698 -0.037348032
vn 0.99644953 -0.053178858 -0.0652711764
vn 0.256184697 0.156523094 -0.953871012
vn 0.123581745 0.105596043 -0.986700058
vn 0.65755558 0.152230799 -0.737866104
vn 0.938162088 0.105804913 -0.329631925
vn 0.939850509 -0.148482129 0.307626545
vn -0.951742709 -0.0109027047 0.306703448
vn -0.446457058 0.0697565377 -0.892081916
vn -0.866179407 0.103639022 -0.488868266
vn -0.153499395 0.143385291 -0.977690458
vn -0.0740157589 0.127387807 -0.989087462
vn 0.917979062 -0.00433977228 0.396605104
vn 0.254954815 0.000775909226 0.966952682
vn -0.252662033 -0.0207941178 -0.967331111
vn -0.287377238 -0.00796407182 -0.957784355
vn -0.559284925 -0.00351610826 -0.828968048
vn -0.467770994 -0.0109323571 -0.883782089
vn -0.466777533 -0.0112862745 -0.884302735
vn -0.356454372 -0.00231876317 -0.93430984
vn -0.356452972 -0.00231875037 -0.934310377
vn -0.73357141 -0.00376595301 -0.679601967
vn -0.733571827 -0.00376596279 -0.67960149
vn -0.628935754 -0.00828415528 -0.77741313
vn -0.644333184 -0.0154576777 -0.764588654
vn -0.559284329 -0.00351609895 -0.828968465
vn -0.980922163 -0.0012423615 -0.194397077
vn -0.954214394 -0.0284372736 -0.297768682
vn -0.956592143 -0.0236187186 -0.290471315
vn -0.917191267 -0.00260475697 -0.398438662
vn -0.917191505 -0.00260475511 -0.398438126
vn -0.980922639 -0.00124234951 -0.194394663
vn -0.994966149 -0.025969198 -0.0967885107
vn -0.997307062 -0.0123688839 -0.0722882524
vn -0.994707763 -0.0277191307 0.0989348292
vn -0.999364257 -0.00715053873 0.0349279754
vn -0.999364316 -0.00715054758 0.0349265747
vn -0.931518018 -0.00498920912 0.363660961
vn -0.964553058 -0.0336018652 0.261740983
vn -0.956634402 -0.0106599154 0.291096121
vn -0.989957988 -0.00762082217 0.141156331
vn -0.989958525 -0.00762084685 0.141152561
vn -0.881726682 -0.0214452222 0.471272916
vn -0.887342691 -0.0146545833 0.460877627
vn -0.931518376 -0.00498921657 0.363660008
vn -0.684757113 0.000583379006 0.728771091
vn -0.758554935 -0.0125647476 0.651487947
vn -0.773276985 -0.0234124474 0.633635998
vn -0.82401973 0.000400961493 0.566560924
vn -0.824019909 0.000400959194 0.566560686
vn -0.684757471 0.000583375746 0.728770792
vn -0.635249078 -0.0220828429 0.771991551
vn -0.589972496 0.000729035761 0.807423055
vn -0.589973986 0.000729023479 0.807421923
vn -0.472659171 -0.00874509197 0.881201923
vn -0.499927342 -0.0295340233 0.865563631
vn -0.185419753 0.0046161674 0.982648551
vn -0.28956455 -0.00980112609 0.957108319
vn -0.291616797 -0.0110758711 0.956471086
vn -0.40510422 0.00504721142 0.914256573
vn -0.405105591 0.00504720397 0.914255977
vn 0.0436045714 0.0052051153 0.999035299
vn 0.0436046198 0.0052051153 0.999035299
vn -0.098640658 -0.00443834765 0.995113194
vn -0.0796404928 -0.0169688463 0.996679187
vn -0.185420632 0.0046161646 0.982648373
vn 0.371890664 0.00618956424 0.928255916
vn 0.472662091 -0.0152015509 0.881112635
vn 0.46909374 -0.0173843224 0.882977247
vn 0.560644627 0.00409991294 0.828046381
vn 0.560643911 0.00409991853 0.828046858
vn 0.635222912 -0.0201958902 0.772064745
vn 0.658198178 -0.00572509924 0.752822936
vn 0.773255408 -0.0240267143 0.633639336
vn 0.735037386 -0.00448618364 0.678011775
vn 0.735031605 -0.00448612031 0.678018034
vn 0.917979062 -0.00433977135 0.396605164
vn 0.869911671 -0.0290260576 0.492352694
vn 0.881744683 -0.0118581671 0.471577883
vn 0.803058565 -0.00379272294 0.595888078
vn 0.80305928 -0.00379273295 0.595887065
vn 0.954883158 -0.0179044157 0.296441555
vn 0.956533074 -0.0214780103 0.290831774
vn 0.984247327 -0.0019370598 0.176786497
vn 0.994920731 -0.017284235 0.0991667807
vn 0.996822655 -0.0372956917 0.0703817233
vn 0.984247327 -0.0019370591 0.176786587
vn 0.994886696 -0.0288085844 -0.0968017131
vn 0.999328732 -0.00430267118 -0.0363814235
vn 0.999328732 -0.00430266839 -0.0363809131
vn 0.956721783 -0.018381834 -0.290423065
vn 0.987276971 -0.00371730234 -0.158966675
vn 0.987277091 -0.00371729746 -0.158965781
vn 0.822945118 -0.00378737925 -0.56810832
vn 0.822945058 -0.00378737878 -0.56810832
vn 0.878773332 -0.0121631781 -0.477084309
vn 0.930965424 -0.00274000037 -0.365097135
vn 0.930965781 -0.00273999642 -0.365096211
vn 0.96387589 -0.0379956514 -0.263627678
vn 0.757757366 -0.0145840785 -0.652373433
vn 0.767962515 -0.00915243756 -0.640429437
vn 0.671820998 -0.0033108932 -0.740706146
vn 0.498985142 -0.00534423813 -0.866594076
vn 0.588643789 -0.00555424811 -0.808373451
vn 0.588646054 -0.00555428164 -0.808371782
vn 0.388668209 -0.001734594 -0.921376169
vn 0.388669968 -0.00173460972 -0.921375394
vn 0.178382754 -0.00117939815 -0.98396045
vn 0.0486370511 -0.00142120302 -0.998815536
vn 0.0579089448 -0.00144390552 -0.998320818
vn -0.143991858 -0.00307286973 -0.989574075
vn -0.143993795 -0.00307287881 -0.989573836
vn -0.0970511064 -0.0131613994 -0.995192349
vn -0.0411765985 -0.0032578276 -0.999146581
vn 0.0579082444 -0.00325512141 -0.998316586
vn -0.153933048 0.121840127 -0.980540454
vn -0.257590234 0.115748487 -0.959296405
vn -0.256987512 0.13473691 -0.956976175
vn -0.941587806 0.0658561438 -0.330265552
vn -0.810214996 0.150993079 -0.5663504
vn -0.812678158 0.129533291 -0.568133175
vn -0.574039221 0.196042433 -0.795013428
vn -0.578187406 0.133261159 -0.804947674
vn -0.347629726 0.15361166 -0.924963236
vn -0.346406907 0.109682709 -0.931650102
vn -0.941721201 0.0638741553 -0.330274582
vn -0.957963586 0.0358500667 -0.284641147
vn -0.86512959 0.113791846 -0.488469243
vn -0.901268244 0.0747469366 -0.426765114
vn -0.998812318 -0.00693810266 0.0482262
vn -0.250420362 0.10659647 -0.962250948
vn -0.352754474 0.144839793 -0.924438059
vn -0.363189697 0.148313254 -0.919834971
vn -0.364292651 0.130327985 -0.922120094
vn -0.564934969 0.0984842703 -0.819237053
vn -0.565418661 0.0905379355 -0.819819868
vn -0.747199357 0.0541447178 -0.662390709
vn -0.747799754 0.0363387242 -0.662929118
vn -0.99656266 -0.0509176999 -0.0653471574
vn -0.995951474 -0.0405197628 -0.0802423209
vn -0.946884871 0.0220957808 -0.320812732
vn -0.957767606 -0.0369711667 0.285156727
vn -0.95149976 -0.0486077443 0.303785235
vn -0.886922657 -0.0913282484 0.452799499
vn -0.855969191 -0.0731149316 0.511830986
vn -0.731416881 -0.114216603 0.672297537
vn -0.755249679 -0.127787828 0.642859399
vn -0.596078157 -0.166496232 0.7854743
vn -0.624582529 -0.18073976 0.759756386
vn -0.484588593 -0.206365988 0.850051165
vn -0.513563693 -0.219945818 0.829383016
vn -0.380878359 -0.238636941 0.89329952
vn -0.408222646 -0.251054555 0.87768209
vn -0.275624424 -0.264915586 0.924040556
vn -0.299411148 -0.275669515 0.913432717
vn -0.166208118 -0.284969032 0.944016695
vn -0.1836216 -0.293019295 0.938308477
vn -0.0560033657 -0.297556281 0.953060269
vn -0.0628102273 -0.300847709 0.951601565
vn -0.946920276 -0.0187225156 0.320922852
vn -0.871119022 -0.0584421568 0.487581939
vn -0.868974984 -0.111216091 0.48219651
vn -0.753191352 -0.158229813 0.638487339
vn -0.778344512 -0.174090803 0.603218198
vn -0.62121129 -0.220818132 0.751888216
vn -0.651068568 -0.237032413 0.721058488
vn -0.509305954 -0.268387049 0.817664862
vn -0.539532006 -0.283538461 0.792786956
vn -0.403632641 -0.306577027 0.862027407
vn -0.432351619 -0.320323735 0.842890739
vn -0.295156419 -0.337655574 0.893796086
vn -0.320805043 -0.349719971 0.880215943
vn -0.180470675 -0.361708969 0.914656758
vn -0.200112626 -0.371062994 0.906789482
vn -0.0615499206 -0.377207577 0.924081206
vn -0.0695255995 -0.381163329 0.921889722
vn -0.0940595642 -0.431906193 0.897000492
vn -0.272033125 -0.421303183 0.865159869
vn -0.271708578 -0.421053797 0.865383267
vn -0.436245501 -0.401198536 0.805437505
vn -0.432961553 -0.398472548 0.808556676
vn -0.586007118 -0.369718313 0.721043706
vn -0.579782486 -0.363866061 0.729008734
vn -0.71988076 -0.326075494 0.612736821
vn -0.712061465 -0.317191482 0.626384854
vn -0.834577262 -0.270326942 0.48000434
vn -0.8271842 -0.259095669 0.498633862
vn -0.924845219 -0.203478128 0.321337849
vn -0.919947445 -0.191363648 0.342164695
vn -0.981984854 -0.109543696 0.153967306
vn -0.987648606 -0.117933616 0.103159428
vn -0.986829937 -0.106505968 0.12175031
vn -0.932724297 -0.157109395 0.324564278
vn -0.936572671 -0.167468011 0.307873458
vn -0.846349299 -0.213602677 0.487920821
vn -0.852193654 -0.223077208 0.473289043
vn -0.733931005 -0.263046384 0.626220345
vn -0.740008414 -0.270338058 0.61587733
vn -0.600274384 -0.303233087 0.74008131
vn -0.60483247 -0.307730854 0.7344926
vn -0.448641717 -0.333046585 0.829337418
vn -0.450554013 -0.334707111 0.82763052
vn -0.280678689 -0.352182925 0.892853081
vn -0.461799592 -0.253594667 0.849959314
vn -0.620300889 -0.233855009 0.748691261
vn -0.617449462 -0.230986848 0.751931667
vn -0.756378531 -0.205526635 0.621007442
vn -0.752047777 -0.200216234 0.627963066
vn -0.866327465 -0.169716358 0.469758481
vn -0.861948907 -0.162427723 0.480272114
vn -0.945870578 -0.127900437 0.298279017
vn -0.942924321 -0.119689651 0.310754031
vn -0.990411818 -0.0826302767 0.110709593
vn -0.98965627 -0.0751595497 0.122194692
vn -0.995497048 -0.0375956558 -0.087018609
vn -0.996217668 -0.0331358574 -0.0803264678
vn 0.150303468 0.00106519973 0.988639355
vn 0.0986123085 -0.0163506158 0.994991601
vn 0.0984803662 -0.0697194636 0.992693722
vn -0.0985177159 -0.0697193518 0.992690027
vn -0.0997370705 -0.0706306398 0.992503822
vn -0.291297287 -0.069363825 0.954114556
vn -0.293673635 -0.0712088123 0.953249753
vn -0.472217172 -0.068610467 0.878808022
vn -0.474081486 -0.0701784641 0.877679765
vn -0.63462913 -0.0661733598 0.769978583
vn -0.635231555 -0.0667511895 0.76943171
vn -0.772574186 -0.0613249987 0.631955981
vn -0.771950603 -0.0605942048 0.632788002
vn -0.881022155 -0.0538372956 0.470001549
vn -0.87973994 -0.0517979562 0.472625196
vn -0.95598644 -0.0439238064 0.290104508
vn -0.954851806 -0.0409290455 0.294249654
vn -0.994579852 -0.0322760865 0.0988388732
vn -0.994199455 -0.0289584603 0.103579946
vn -0.995110989 -0.0199713297 -0.0967225134
vn -0.995551765 -0.0171108674 -0.0926494151
vn -0.956887007 -0.00815693941 -0.290345937
vn -0.956598163 -0.00883479603 -0.291276276
vn -0.915651143 -0.00388109055 -0.401955128
vn -0.878716052 -0.0152739966 -0.477100462
vn -0.861226261 -0.00627838867 -0.508183002
vn -0.861230016 -0.00627852278 -0.508176625
vn 0.200095922 -0.371065289 0.906792223
vn 0.856004417 -0.0646686703 0.512907863
vn 0.870923221 -0.0669207573 0.486841261
vn 0.86960578 -0.100262232 0.483459651
vn 0.886170685 -0.102258839 0.451934308
vn -0.998136759 -0.0465350561 0.0394646898
vn -0.997518301 -0.0514595397 0.0480534695
vn -0.959659815 -0.127416402 0.250635445
vn -0.936189294 -0.172352105 0.306340337
vn -0.86187017 -0.228775427 0.45259434
vn -0.80896014 -0.284078926 0.514667571
vn -0.747863889 -0.311947793 0.58599335
vn -0.686077774 -0.359194934 0.632673919
vn -0.630431235 -0.377253622 0.678407073
vn -0.572649896 -0.412893951 0.708230674
vn -0.510249913 -0.428002685 0.745961607
vn -0.462476522 -0.4527933 0.762295008
vn -0.383797288 -0.466851234 0.796711743
vn -0.34811312 -0.482687861 0.803635299
vn -0.245103106 -0.495188266 0.833494484
vn -0.222385988 -0.503797233 0.834705234
vn -0.0867246762 -0.512241423 0.854451597
vn -0.0789096057 -0.514722943 0.853717506
vn 0.0865611136 -0.514394641 0.853173673
vn 0.0790095031 -0.512431443 0.855085671
vn 0.244025201 -0.501529574 0.830011904
vn 0.223364919 -0.49706167 0.838473499
vn 0.381298304 -0.477315784 0.791695178
vn 0.350476652 -0.471625865 0.809157073
vn 0.50601846 -0.443186939 0.739953101
vn 0.466554433 -0.436858475 0.769078434
vn 0.624428749 -0.397866428 0.672154009
vn 0.578542471 -0.391439617 0.715586185
vn 0.740683496 -0.337998867 0.580641627
vn 0.693335235 -0.332257479 0.63944602
vn 0.85522747 -0.257977486 0.449481428
vn 0.496473819 0.141956612 -0.856365621
vn 0.167333871 0.104568824 -0.98033911
vn 0.206391647 0.116789326 -0.971474528
vn 0.24523063 0.115342341 -0.962578893
vn 0.299566597 0.131680757 -0.944944441
vn 0.347037584 0.12904343 -0.928930938
vn 0.998428643 0.0516462252 0.0217467323
vn 0.997511566 0.0302449111 0.0636858419
vn 0.998723209 0.0291055795 0.0412901305
vn 0.999198735 -0.00424979022 0.0397967473
vn 0.998819232 -0.00548716867 0.0482707098
vn 0.997605264 -0.0496982969 0.0481025651
vn 0.998054147 -0.0482270718 0.0395232625
vn 0.996296704 -0.0761350244 0.0399539992
vn 0.9627406 0.101405747 -0.250693768
vn 0.964687765 0.0751415044 -0.252450526
vn 0.981133997 0.0660953745 -0.181679487
vn 0.982907951 0.0269883871 -0.182108849
vn 0.9896788 0.0204906967 -0.141830802
vn 0.989923537 -0.00911927689 -0.141309053
vn 0.991943717 -0.0116452901 -0.126142785
vn 0.623637378 0.157277182 -0.765728652
vn 0.623111069 0.164598212 -0.764617562
vn 0.709755898 0.163337156 -0.685249984
vn 0.710962951 0.15271537 -0.686447144
vn 0.778904915 0.146416679 -0.609810889
vn 0.779171407 0.144285187 -0.609978437
vn 0.367367148 0.174667403 -0.913527608
vn 0.440919638 0.132386565 -0.887729526
vn 0.438066214 0.169455424 -0.882826626
vn 0.36874342 0.151897341 -0.917036235
vn 0.299569935 0.131451726 -0.944975317
vn 0.256982476 0.135091737 -0.956927478
vn 0.206380114 0.118942484 -0.971215725
vn 0.153937921 0.121840358 -0.98053968
vn 0.123572394 0.111429423 -0.986059487
vn 0.0520931408 0.113372438 -0.99218595
vn -0.997472048 -0.0683166236 0.0195524395
vn -0.995937526 -0.0806797072 0.0399898551
vn -0.969924271 -0.142330974 0.197455913
vn -0.950451374 -0.185932443 0.249141231
vn -0.888998032 -0.242063522 0.388700068
vn -0.845955014 -0.293778449 0.445032954
vn -0.781792939 -0.32843563 0.530028105
vn -0.730145752 -0.372680426 0.572709739
vn -0.661897719 -0.398374468 0.634971797
vn -0.614109218 -0.430718035 0.661325812
vn -0.533956528 -0.452770829 0.714065135
vn -0.497080237 -0.473445207 0.727159441
vn -0.398162395 -0.493134201 0.773489058
vn -0.374577045 -0.504331231 0.77803731
vn -0.251359284 -0.520729423 0.815879524
vn -0.23992306 -0.525346458 0.816362679
vn -0.0878886059 -0.535701692 0.839820981
vn -0.0851594359 -0.536626339 0.839511752
vn 0.0878028795 -0.536502421 0.839318633
vn 0.0851872042 -0.535770893 0.840055168
vn 0.250707299 -0.524112284 0.813911617
vn 0.240543365 -0.521733105 0.818494618
vn 0.396203369 -0.500454783 0.769784331
vn 0.376555592 -0.496531814 0.78208828
vn 0.530079186 -0.46522516 0.708929896
vn 0.501066267 -0.46023488 0.732882321
vn 0.65598774 -0.416694641 0.629321575
vn 0.620297849 -0.411379069 0.667830706
vn 0.774598062 -0.352326512 0.525227427
vn 0.73789835 -0.347537041 0.578553379
vn 0.882387936 -0.268970132 0.386065543
vn 0.853403091 -0.265420884 0.448614478
vn 0.966474473 -0.16447635 0.197166607
vn 0.981013834 -0.117994457 0.153912678
vn 0.982340097 -0.128396496 0.136096522
vn 0.919939399 -0.191372126 0.342181504
vn 0.924837172 -0.203485996 0.321355969
vn 0.827171803 -0.259103745 0.498650193
vn 0.834564507 -0.270334184 0.480022371
vn 0.712044835 -0.317198753 0.626400113
vn 0.719863713 -0.326082081 0.612753451
vn 0.579762101 -0.363872409 0.729021788
vn 0.585985601 -0.369723529 0.721058547
vn 0.43293649 -0.398477405 0.808567703
vn 0.436219305 -0.40120244 0.805449784
vn 0.271678329 -0.421056956 0.865391195
vn 0.27200219 -0.421305805 0.865168333
vn 0.0940256789 -0.431907326 0.897003472
vn 0.0933873057 -0.431434691 0.897297561
vn -0.0934213698 -0.431433678 0.897294521
vn -0.0966525003 -0.360938728 0.927567542
vn -0.280108035 -0.351724952 0.893212795
vn -0.288081527 -0.267683655 0.919431627
vn -0.462352633 -0.254083723 0.849512517
vn -0.997251451 -0.0341948792 -0.065728493
vn -0.996297896 -0.0836341232 0.0198963918
vn -0.979377389 -0.131065011 0.153759062
vn -0.966149509 -0.166436061 0.197114602
vn -0.914584875 -0.218831033 0.34006983
vn -0.884657204 -0.260082394 0.386960894
vn -0.817357838 -0.299452394 0.49219346
vn -0.779760778 -0.33538717 0.528666735
vn -0.698635995 -0.36774686 0.613734484
vn -0.663290083 -0.393900275 0.63630873
vn -0.564721823 -0.422025144 0.709213734
vn -0.538384259 -0.437940747 0.719965518
vn -0.418838859 -0.462067991 0.781707883
vn -0.404167473 -0.469519973 0.784983814
vn -0.261323124 -0.488366991 0.832591057
vn -0.256740302 -0.490350276 0.832851171
vn -0.0901045203 -0.501431584 0.860492647
vn -0.0901460871 -0.501416206 0.860497236
vn 0.0900728479 -0.501419187 0.860503137
vn 0.0901137143 -0.501432061 0.860491395
vn 0.261040449 -0.489867032 0.831798136
vn 0.256984383 -0.488756418 0.83371228
vn 0.417583406 -0.467106819 0.779381394
vn 0.40545848 -0.464159727 0.787501872
vn 0.561865032 -0.431928217 0.705510914
vn 0.541400075 -0.427417129 0.724016905
vn 0.694098711 -0.383038044 0.60951525
vn 0.668173969 -0.377667576 0.641023219
vn 0.811864674 -0.319531947 0.48864615
vn 0.785834372 -0.314063489 0.532755494
vn 0.909649789 -0.241199553 0.338171542
vn 0.890318453 -0.236265615 0.389245003
vn 0.976692677 -0.149995923 0.153533712
vn 0.969354689 -0.146195889 0.197429106
vn 0.996477187 -0.0526428707 -0.0652837679
vn 0.816029966 -0.253903627 0.519257188
vn 0.956465364 -0.150279358 0.250180155
vn 0.954559505 -0.162420616 0.249871314
vn 0.997167826 -0.0725900084 0.0196741335
vn 0.99884069 -0.0442182273 0.0190280713
vn 0.991700709 -0.0269270036 -0.125716329
vn 0.958257318 0.0283004995 -0.284503013
vn 0.957502127 0.0460233651 -0.284730613
vn 0.942401826 0.052947361 -0.330265552
vn 0.940469623 0.0808581859 -0.330119491
vn 0.911622047 0.0908746198 -0.400857866
vn 0.908818066 0.120052002 -0.399546236
vn 0.858717263 0.12940824 -0.495840907
vn 0.857724965 0.139834121 -0.494726479
vn 0.797881246 0.141057029 -0.586078882
vn 0.735520244 0.155108273 -0.659508467
vn 0.735458791 0.155801862 -0.659413517
vn 0.810317576 0.150319859 -0.566382706
vn 0.812496424 0.131421834 -0.567959368
vn 0.864198267 0.122272313 -0.488068491
vn 0.866750896 0.0978717878 -0.489043921
vn 0.900030673 0.0896507725 -0.426506221
vn 0.902338982 0.0596627891 -0.426877886
vn 0.945796967 0.0495973155 -0.320948929
vn 0.947108805 0.0123271933 -0.32067585
vn 0.953738749 0.016564317 -0.300179929
vn 0.996302247 -0.0418297276 -0.0750470981
vn 0.995759964 -0.045111917 -0.0801687837
vn 0.985842228 -0.0974084586 0.136479735
vn 0.986826897 -0.106512748 0.121768862
vn 0.932716668 -0.157116622 0.324582815
vn 0.936565161 -0.167475015 0.307892621
vn 0.846336782 -0.213610232 0.487939298
vn 0.852180839 -0.223084077 0.473308861
vn 0.733913839 -0.263053417 0.626237452
vn 0.739990711 -0.270344287 0.615895867
vn 0.60025239 -0.303239346 0.740096569
vn 0.604809046 -0.307735622 0.734509885
vn 0.448615015 -0.333050907 0.829350173
vn 0.450526416 -0.334710658 0.82764411
vn 0.28064698 -0.352185786 0.892861962
vn 0.28007549 -0.351727128 0.893222094
vn 0.0966173038 -0.360939622 0.927570879
vn 0.095686622 -0.36022076 0.927946687
vn -0.0957218483 -0.360219866 0.927943408
vn -0.0987229347 -0.27365014 0.95674938
vn -0.286718875 -0.266569495 0.920180976
vn -0.0741605312 0.114923924 -0.990602195
vn -0.0842591524 0.110316314 -0.990318477
vn 0.0742115006 0.11040473 -0.991112232
vn 0.0842102244 0.114550129 -0.989841878
vn 0.220837235 0.108262859 -0.969283283
vn 0.416138977 0.148856267 -0.897034109
vn 0.416229844 0.146086112 -0.897447228
vn 0.499611408 0.168643743 -0.849675059
vn 0.501007915 0.151328757 -0.852109551
vn 0.57851553 0.171406418 -0.797458231
vn 0.581901073 0.138186768 -0.801433444
vn 0.649264038 0.155999109 -0.744392693
vn 0.654325902 0.104050517 -0.7490201
vn 0.706404448 0.12007799 -0.697548568
vn 0.710532308 0.0625350103 -0.700880349
vn 0.746135354 0.0761368647 -0.661426663
vn 0.528766096 0.150671542 -0.835287094
vn 0.528061152 0.163804635 -0.833258331
vn 0.617548347 0.165827781 -0.768853188
vn 0.618023157 0.161183774 -0.769459009
vn 0.694904983 0.15811418 -0.701503336
vn 0.696964681 0.140366286 -0.7032336
vn 0.795787454 0.131599143 -0.59110409
vn 0.800296664 0.085858196 -0.593425333
vn 0.837735593 0.0973966941 -0.537320197
vn 0.841154039 0.0465537831 -0.53878814
vn 0.864916444 0.056950815 -0.498674393
vn 0.865848303 0.0336240157 -0.499175459
vn 0.953904748 5.64653747e-05 -0.300109565
vn 0.95566988 0.00406474527 -0.294412225
vn 0.996219099 -0.033140067 -0.0803074166
vn 0.995498478 -0.0376003906 -0.0870002359
vn 0.989653528 -0.0751645416 0.12221349
vn 0.990409315 -0.0826353505 0.110728435
vn 0.942917168 -0.119695321 0.3107737
vn 0.945863307 -0.127905473 0.298299849
vn 0.86193651 -0.162433207 0.480292529
vn 0.866314888 -0.169721276 0.469779938
vn 0.752030253 -0.20022139 0.627982378
vn 0.756360352 -0.205530807 0.621028244
vn 0.617425978 -0.23099114 0.751949608
vn 0.620276868 -0.233858705 0.748710036
vn 0.461771637 -0.253598154 0.8499735
vn 0.462323934 -0.254086584 0.849527299
vn 0.288048297 -0.267686099 0.919441283
vn 0.286684871 -0.266571283 0.92019105
vn 0.098686628 -0.273650974 0.956752896
vn 0.0975458845 -0.272752553 0.957126319
vn -0.09758237 -0.272751898 0.957122803
vn 0.878923833 -0.0120663792 -0.476809531
vn 0.926250517 -0.00503061665 -0.376874924
vn 0.956602633 -0.00883523282 -0.291261733
vn 0.956891119 -0.00815808959 -0.290332377
vn 0.995553315 -0.0171120539 -0.0926326811
vn 0.995112598 -0.019972492 -0.0967056826
vn 0.994197309 -0.0289597847 0.103600539
vn 0.994577825 -0.0322779045 0.0988588408
vn 0.95484513 -0.0409309939 0.294271111
vn 0.955979526 -0.0439249687 0.290127128
vn 0.879727304 -0.0517993458 0.472648621
vn 0.881009459 -0.0538385212 0.470025241
vn 0.771932125 -0.0605956391 0.632810354
vn 0.772555053 -0.0613256656 0.631979287
vn 0.63520664 -0.066752024 0.769452214
vn 0.634604096 -0.066174075 0.769999146
vn 0.474051088 -0.0701793134 0.877696097
vn 0.472186089 -0.0686107427 0.878824711
vn 0.293639064 -0.0712091029 0.953260362
vn 0.748084009 0.0239443388 -0.663171947
vn 0.767834544 0.033130642 -0.639791012
vn 0.877113163 0.0122077074 -0.480128586
vn 0.878867388 0.0147761879 -0.476837307
vn 0.955667496 -0.00489440374 -0.294407398
vn 0.956648231 -0.00261647883 -0.291234106
vn 0.995885253 -0.0251896866 -0.0870520547
vn 0.995272398 -0.029051153 -0.0926764533
vn 0.992424369 -0.0521713048 0.111229643
vn 0.992999434 -0.0576987416 0.103068039
vn 0.950303733 -0.0806307867 0.300701708
vn 0.952378511 -0.0863524899 0.292435408
vn 0.873179138 -0.107876964 0.475311249
vn 0.876061141 -0.112629458 0.468861908
vn 0.764952242 -0.131756142 0.630466819
vn 0.767462254 -0.13480255 0.626761436
vn 0.62942332 -0.150801674 0.762289405
vn 0.63052386 -0.151896209 0.761161745
vn 0.470593303 -0.164266467 0.866924703
vn 0.46984145 -0.163609415 0.867456615
vn 0.292611718 -0.172052771 0.940625429
vn 0.290610075 -0.170434833 0.941540122
vn 0.0997904316 -0.174758807 0.979541361
vn 0.249987438 0.119345173 -0.960865736
vn 0.251315147 0.07518664 -0.964980662
vn 0.273442864 0.0836755037 -0.95824182
vn 0.2743375 0.0352462754 -0.960987329
vn 0.287256241 0.040125899 -0.957012951
vn 0.28735593 -0.0124542601 -0.957742929
vn 0.285677314 -0.0129607227 -0.958238244
vn 0.466749668 -0.0143235726 -0.884273469
vn 0.466640502 0.0401032306 -0.883537412
vn 0.447377115 0.0326890014 -0.893747807
vn 0.445899993 0.0850759 -0.89103049
vn 0.412673563 0.0727701709 -0.907967508
vn 0.410228342 0.123880118 -0.903530002
vn 0.365488112 0.108185157 -0.924507678
vn 0.0486115739 0.0379526578 -0.998096466
vn 0.0463774279 0.0375247821 -0.998218954
vn -0.0970193371 0.0373879857 -0.99458003
vn -0.092534706 0.0392033495 -0.99493742
vn -0.287300467 0.0349085853 -0.957204163
vn -0.274267882 0.0406617336 -0.960793316
vn -0.466745377 0.0316756144 -0.883824289
vn -0.447213292 0.0414451249 -0.893466592
vn -0.628925204 0.0273673143 -0.776983976
vn -0.251055568 0.0852187574 -0.964214087
vn -0.273667693 0.0741789788 -0.958959579
vn -0.0845590159 0.0812949687 -0.99309665
vn -0.0922843888 0.0778968334 -0.992681026
vn 0.0845898166 0.0779502839 -0.993362129
vn 0.0463055298 0.0623515397 -0.996979475
vn 0.138107121 0.0795969293 -0.987213612
vn 0.138515562 0.0369836427 -0.989669442
vn 0.145190269 0.0382021777 -0.988665938
vn 0.145256385 -0.00599623285 -0.989375889
vn 0.17838192 -0.00117939431 -0.983960629
vn 0.0520057902 0.127565324 -0.99046582
vn 0.0739639699 0.13172783 -0.988522708
vn 0.153815612 0.128301948 -0.979734361
vn 0.219815046 0.138046041 -0.965724945
vn 0.30780372 0.129831299 -0.942550123
vn 0.363195151 0.148312941 -0.919832885
vn 0.508325815 0.124463886 -0.852123022
vn 0.509472728 0.108299896 -0.853644371
vn 0.563004732 0.125743046 -0.816831887
vn 0.566531479 0.0694755614 -0.821106076
vn 0.604956269 0.0836004168 -0.791857898
vn 0.60685432 0.0292806439 -0.794273555
vn 0.628766358 0.0382638164 -0.776652277
vn 0.628853798 -0.0149011621 -0.777380764
vn 0.671819329 -0.00331085664 -0.740707695
vn 0.164609805 0.90892005 0.383103073
vn 0.093006134 0.946422815 0.309246957
vn 0.0968345478 0.985381126 0.140168294
vn 0.287927121 0.950472116 0.117050163
vn 0.306381404 0.945022881 0.114289925
vn 0.289420307 0.955769181 0.0523563884
vn 0.289420664 0.955769002 0.0523570068
vn 0.470808417 0.881955147 0.02223772
vn 0.481380492 0.876277804 0.0202504694
vn 0.470891923 0.88215214 -0.00826794561
vn 0.470891833 0.8821522 -0.00826802943
vn 0.63315779 0.772477627 -0.0488822944
vn 0.633156776 0.772478461 -0.0488825105
vn 0.773635268 0.632817626 -0.0320986062
vn 0.763032973 0.642008305 -0.0748730004
vn 0.706197321 0.705301166 -0.0619323216
vn 0.330105394 0.555576622 0.763128459
vn 0.354607373 0.783355176 0.510498106
vn 0.517200828 0.787495911 0.335191756
vn 0.500558436 0.864722431 0.0411867984
vn 0.635254979 0.766419351 -0.095144853
vn 0.62770611 0.766116083 -0.138026267
vn 0.747727692 0.630130529 -0.209377274
vn 0.764346421 0.633914053 -0.118014917
vn 0.868144512 0.472464859 -0.151993677
vn 0.956260145 0.288766086 -0.0466981083
vn 0.773619533 0.632836938 -0.0320972577
vn 0.881598294 0.469723642 -0.046304632
vn 0.879883409 0.472986996 -0.0457000844
vn 0.881968558 0.469926476 -0.036063306
vn 0.88196063 0.469941378 -0.0360626318
vn 0.994829178 0.0973720104 -0.0288726706
vn 0.994077146 0.10281077 -0.0352213308
vn 0.994422734 0.0973317251 -0.040620286
vn 0.956781507 0.288903028 -0.0332286507
vn 0.95481509 0.29404816 -0.0431725383
vn 0.942445219 0.297147453 -0.153298512
vn 0.86881429 0.478209972 -0.128362596
vn 0.843759 0.476712286 -0.246609256
vn 0.749389708 0.63399142 -0.190971076
vn 0.743430257 0.63312608 -0.215552405
vn 0.635334313 0.766504645 -0.0939197317
vn 0.659127772 0.747223616 0.0848969966
vn 0.519934118 0.797941566 0.304889798
vn 0.499117911 0.642167389 0.581809521
vn 0.33619839 0.57853961 0.743143678
vn 0.050671488 -0.153815955 0.986799419
vn 0.0507305674 -0.111735336 0.99244225
vn 0.0576296858 -0.117184967 0.991436601
vn 0.0591633394 -0.055646006 0.996696174
vn 0.071621269 -0.0804006234 0.994186163
vn 0.0796803162 0.0660502017 0.9946298
vn 0.0529489443 0.158568576 0.985927165
vn 0.921449184 0.349364907 -0.169928133
vn 0.908620894 0.356667221 -0.21724759
vn 0.863442838 0.504264295 -0.0135630155
vn 0.866783082 0.498476148 0.0144431544
vn 0.749901533 0.55477792 0.360373557
vn 0.725074887 0.490711153 0.483186275
vn 0.532509983 0.408553988 0.741294026
vn 0.471816331 0.280285299 0.835960209
vn 0.344863951 0.202284291 0.916596949
vn 0.284258336 0.0329890139 0.95818001
vn 0.277663261 0.0528858118 0.959221661
vn 0.246049091 -0.0715193748 0.96661514
vn 0.241944253 -0.0662732348 0.968024194
vn 0.238573462 -0.0968882591 0.966279149
vn 0.245920777 -0.101203598 0.963992119
vn 0.245740592 -0.137803838 0.959490299
vn 0.154572487 -0.14425078 0.977393985
vn 0.154864535 -0.211941615 0.964934051
vn 0.056368839 -0.214789629 0.97503227
vn 0.055985041 -0.297557682 0.953060925
vn 0.0627896339 -0.300848067 0.951602817
vn 0.0615296289 -0.377209038 0.924081922
vn 0.0695032105 -0.381163865 0.921891212
vn 0.948142529 0.183217913 0.259724706
vn 0.972125888 0.234210327 0.0108074667
vn 0.961509049 0.272875965 0.0322345793
vn 0.907057405 0.302864134 0.292438298
vn 0.909805894 0.314853936 0.270407498
vn 0.701833189 0.261077255 0.662773609
vn 0.63351661 0.150344983 0.758981645
vn 0.604010642 0.16782929 0.779104948
vn 0.562660396 0.0613771752 0.824406564
vn 0.549688876 0.0664379895 0.83272332
vn 0.54264313 0.0119925141 0.839877725
vn 0.554236174 0.00796431396 0.832321346
vn 0.555904329 -0.0554193705 0.829396784
vn 0.459590763 -0.0714080632 0.885255456
vn 0.461377263 -0.152895704 0.873930156
vn 0.382352084 -0.162393257 0.909634709
vn 0.380865395 -0.238639638 0.893304348
vn 0.408210278 -0.251057774 0.877686918
vn 0.403620332 -0.306580842 0.862031817
vn 0.4323394 -0.320327848 0.842895448
vn 0.904709876 0.195592955 0.378475159
vn 0.897116065 0.135104775 0.420629859
vn 0.853869259 0.137277588 0.50205791
vn 0.853383124 0.0899221003 0.513469875
vn 0.834423959 0.0909943432 0.543559313
vn 0.844989955 -0.0191569738 0.534438908
vn 0.855319321 -0.0215798244 0.517651618
vn 0.731203198 -0.0556542054 0.679885626
vn 0.731399357 -0.114222325 0.672315598
vn 0.755233526 -0.127794176 0.642877102
vn 0.75317508 -0.158236891 0.638504803
vn 0.77832973 -0.174098521 0.603235066
vn 0.839205265 0.0328850634 0.54281956
vn 0.841692328 0.0320118777 0.539007604
vn 0.709805906 -0.00082428829 0.704396784
vn 0.713235378 -0.0755136088 0.696845055
vn 0.596720397 -0.0987889394 0.796345115
vn 0.596063733 -0.166500255 0.785484374
vn 0.624569118 -0.18074432 0.7597664
vn 0.62119776 -0.220823362 0.751897871
vn 0.651055694 -0.237037987 0.721068323
vn 0.966965556 0.218664929 0.131008536
vn 0.953420162 0.249707058 0.169223025
vn 0.857335448 0.242805094 0.453896046
vn 0.825372577 0.172459036 0.537603915
vn 0.776408017 0.201509178 0.597147107
vn 0.746479034 0.100603111 0.657759905
vn 0.709454238 0.114152625 0.695445061
vn 0.704357445 0.0524120964 0.707907915
vn 0.697463393 0.0547873527 0.714523077
vn 0.700978696 -0.0124562951 0.713073432
vn 0.570877612 -0.0384260938 0.820135474
vn 0.573504746 -0.119829439 0.81039077
vn 0.485794961 -0.133354723 0.863840163
vn 0.484575689 -0.206369177 0.850057721
vn 0.513551533 -0.219949543 0.829389572
vn 0.509293735 -0.268391073 0.81767118
vn 0.5395208 -0.28354314 0.792792916
vn 0.967496276 0.235186473 -0.0929424614
vn 0.956128418 0.277772456 -0.0930637345
vn 0.932618678 0.34544009 0.104372263
vn 0.931093931 0.357788891 0.0710719153
vn 0.790393353 0.369703859 0.488464296
vn 0.776521325 0.3425062 0.528870583
vn 0.555189252 0.25231716 0.792528212
vn 0.470838457 0.11013595 0.875317752
vn 0.461261749 0.118869148 0.879265428
vn 0.421569616 0.0158626605 0.906657279
vn 0.425845116 0.0135475872 0.904694676
vn 0.419966489 -0.0275824778 0.907120347
vn 0.441571087 -0.0362075418 0.896495402
vn 0.442066818 -0.0898249224 0.892473221
vn 0.358392686 -0.101241663 0.928065062
vn 0.359457344 -0.179009393 0.915830791
vn 0.277028203 -0.186362892 0.942615628
vn 0.27560991 -0.26491797 0.924044192
vn 0.299397081 -0.275672436 0.913436413
vn 0.295142442 -0.337658793 0.893799484
vn 0.320790797 -0.349723369 0.880219758
vn 0.956370234 -0.290772915 -0.0284087006
vn 0.994816124 -0.0979405344 -0.0273603015
vn 0.956603587 -0.290078044 -0.0276464019
vn 0.956603706 -0.290077686 -0.0276465174
vn 0.881713271 -0.470993638 -0.0273268558
vn 0.994604707 -0.0941111073 -0.0436415933
vn 0.994938612 -0.0954454988 -0.031422019
vn 0.994816065 -0.0979409143 -0.0273600481
vn 0.973952949 -0.0995859578 -0.20371142
vn 0.983289242 0.0121110864 -0.181646898
vn 0.979303181 0.00964820478 -0.202168584
vn 0.977800608 0.106621958 -0.180382237
vn 0.961073458 0.200851619 -0.189727306
vn 0.967570484 0.132007629 -0.215363219
vn 0.973416805 0.133940816 -0.185794428
vn 0.971865594 0.0296721924 -0.233659655
vn 0.956738055 -0.289560854 -0.0284047872
vn 0.954349816 -0.282140374 -0.0980472863
vn 0.986468315 -0.133868143 -0.0946549401
vn 0.881700397 -0.471098363 -0.0258976649
vn 0.881698251 -0.471102387 -0.0258974284
vn 0.180455014 -0.361711442 0.914658844
vn 0.183605745 -0.293021411 0.938310921
vn 0.166192636 -0.284971058 0.944018781
vn 0.167204753 -0.204264835 0.96453017
vn 0.258233726 -0.198910713 0.94538343
vn 0.257663786 -0.126478121 0.957921028
vn 0.341912717 -0.117637217 0.932339609
vn 0.341960579 -0.0751738474 0.936702669
vn 0.322102964 -0.0655898228 0.944429815
vn 0.32594645 -0.0371727161 0.944657147
vn 0.319492728 -0.031787917 0.947055399
vn 0.354051113 0.0718394518 0.932462811
vn 0.357397527 0.0661830604 0.931604445
vn 0.436661303 0.228075072 0.870234847
vn 0.612972677 0.321401745 0.721779346
vn 0.658824503 0.403656393 0.634832144
vn 0.850446939 0.446875334 0.277565151
vn 0.85401845 0.462855726 0.237522796
vn 0.923551738 0.369166404 -0.103770845
vn 0.931049585 0.359305173 -0.0636122599
vn 0.947450578 0.263628632 -0.181210801
vn 0.961346388 0.222375557 -0.162364602
vn 0.960051417 0.164993644 -0.226005316
vn 0.970955372 0.137177274 -0.19603081
vn 0.962633669 0.0525680222 -0.265655875
vn 0.977383971 0.0308299661 -0.209212959
vn 0.963969827 -0.0769731253 -0.254631609
vn 0.975713253 -0.0984907821 -0.195661053
vn 0.943247855 -0.248089567 -0.220760047
vn 0.951176822 -0.267139405 -0.154593572
vn 0.878309667 -0.451057553 -0.158490255
vn 0.882231653 -0.462077349 -0.0902877375
vn 0.772909224 -0.628520072 -0.0870276541
vn 0.93025738 -0.219688922 -0.293867379
vn 0.901830971 -0.177513435 -0.393941402
vn 0.952156961 -0.0478990562 -0.301832408
vn 0.951760113 0.0894620046 -0.293511838
vn 0.77800101 -0.100184053 -0.62022382
vn 0.904194117 -0.258969098 -0.339658737
vn 0.869694114 -0.135349676 -0.474671006
vn 0.903903544 -0.178548634 -0.388688505
vn 0.814261377 -0.328932703 -0.4783113
vn 0.810825288 -0.32756713 -0.485038251
vn 0.855811179 -0.388512254 -0.341533959
vn 0.852625668 -0.387694806 -0.35031724
vn 0.874950588 -0.426639706 -0.228997976
vn 0.601499259 -0.156896815 -0.783314764
vn 0.661843836 -0.171291247 -0.729809642
vn 0.660842836 -0.220800117 -0.717310309
vn 0.75768292 -0.263473809 -0.597074628
vn 0.785903931 -0.364693671 -0.499353141
vn 0.786488473 -0.231586069 -0.572541475
vn 0.704445124 -0.147772089 -0.694204926
vn 0.704903781 -0.146760613 -0.693953872
vn 0.577930152 -0.0234184694 -0.815750122
vn 0.633895576 -0.773144782 -0.0205793772
vn 0.772869825 -0.634093046 -0.0244580675
vn 0.772917986 -0.634034336 -0.0244587176
vn 0.774074972 -0.632705271 -0.022180099
vn 0.706618249 -0.707278371 -0.0211653374
vn 0.70683831 -0.707058311 -0.0211683288
vn 0.471072078 -0.881679833 -0.027050741
vn 0.435982138 -0.899856865 -0.0133122113
vn 0.47119692 -0.881914854 -0.0141291684
vn 0.472756326 -0.881076157 -0.0143613052
vn 0.47119087 -0.881902754 -0.0150560448
vn 0.634128749 -0.77304256 -0.0169084836
vn 0.289421886 -0.957021654 -0.0185615867
vn 0.150962412 -0.988390863 -0.0171417911
vn 0.150352091 -0.986724317 -0.0613950342
vn 0.0522077568 -0.996815801 -0.0602706857
vn 0.0508779474 -0.980367601 -0.190501556
vn 0.290163219 -0.956965268 -0.00477760751
vn 0.24956128 -0.968347788 -0.00465617422
vn 0.248503149 -0.966302752 -0.0671206042
vn 0.155339435 -0.985716939 -0.0650516674
vn 0.151787832 -0.969146609 -0.194204345
vn 0.154675022 -0.969409466 -0.190580472
vn 0.142221063 -0.899271965 -0.413621902
vn 0.144757345 -0.900188982 -0.410737276
vn 0.118641041 -0.743870974 -0.657708347
vn 0.120507613 -0.745017052 -0.656069696
vn 0.0915907621 -0.567768097 -0.818077326
vn 0.0723142177 -0.908097804 -0.412466973
vn 0.0587280989 -0.750527859 -0.658224046
vn 0.0595441759 -0.75013715 -0.658596039
vn 0.044676479 -0.571576476 -0.819331646
vn 0.0929691568 -0.568743825 -0.817243636
vn 0.0687314421 -0.417592704 -0.906031072
vn 0.0514767841 -0.301136374 -0.952190638
vn 0.0699122027 -0.418422699 -0.905557692
vn 0.0218324661 -0.420303911 -0.907120705
vn 0.029733222 -0.565632522 -0.824121237
vn 0.0146862194 -0.572733581 -0.81961
vn 0.0197286792 -0.751990676 -0.658878446
vn 0.019447105 -0.752111673 -0.658748686
vn 0.0244804528 -0.923373818 -0.383120805
vn 0.0474363342 -0.910135686 -0.411585748
vn 0.0518772863 -0.98056221 -0.189226106
vn 0.950410962 0.114743747 -0.289055198
vn 0.947149098 0.119770661 -0.297596365
vn 0.948588431 0.142805085 -0.282465488
vn 0.949921072 0.140429109 -0.279158831
vn 0.953539491 0.160665482 -0.254851073
vn 0.95576036 0.155852988 -0.249463469
vn 0.970526278 0.173121721 -0.167653307
vn 0.847864687 -0.0428256541 -0.528480351
vn 0.793618321 0.0174972713 -0.608164251
vn 0.794785082 0.0199881457 -0.60656178
vn 0.754280508 0.0661624521 -0.653210104
vn 0.756141365 0.0684902593 -0.650814354
vn 0.729333818 0.102258869 -0.676472664
vn 0.73218435 0.104754269 -0.67300272
vn 0.716216683 0.128472939 -0.685950696
vn 0.72051698 0.131439582 -0.680866301
vn 0.868642449 0.146034047 -0.473428339
vn 0.871126771 0.144995227 -0.469163626
vn 0.85738796 0.126435712 -0.498898655
vn 0.868872344 0.109079994 -0.48286891
vn 0.864347041 0.100156322 -0.492821366
vn 0.883608937 0.0741740242 -0.462313116
vn 0.880965054 0.0642949194 -0.468792796
vn 0.908950746 0.0282934774 -0.415942311
vn 0.908137977 0.0173954573 -0.41830942
vn 0.701341212 -0.0205786098 -0.712528646
vn 0.644708097 0.0388186537 -0.763442576
vn 0.645002127 0.0390991829 -0.763179898
vn 0.60798806 0.0822130591 -0.789678097
vn 0.608930349 0.0828682706 -0.78888315
vn 0.586985528 0.113291301 -0.80163151
vn 0.589229047 0.114556313 -0.799803674
vn 0.982221723 0.172001943 -0.0752048343
vn 0.973559618 0.162241936 -0.160807922
vn 0.883716583 0.169734135 -0.43615976
vn 0.861718953 0.161519065 -0.480990738
vn 0.726074696 0.156772256 -0.669505775
vn 0.70951581 0.151916862 -0.68811965
vn 0.586444318 0.143809676 -0.797120929
vn 0.574468136 0.140647173 -0.806352735
vn 0.435277164 0.129398763 -0.890948772
vn 0.988530755 0.150925249 -0.00533558708
vn 0.986926079 0.145305574 -0.0697364062
vn 0.908642471 0.165080577 -0.383558661
vn 0.886693001 0.157473087 -0.434715688
vn 0.752763987 0.160563678 -0.63840872
vn 0.726883233 0.153603196 -0.669363022
vn 0.609357595 0.150551543 -0.778471291
vn 0.58619076 0.144841582 -0.797120631
vn 0.454439819 0.138478279 -0.879947841
vn 0.435048997 0.130429178 -0.89090997
vn 0.315204322 0.123717383 -0.940925181
vn 0.963577211 0.0721329376 -0.257518589
vn 0.930877328 -0.0175403859 -0.364910603
vn 0.935769439 -0.0187117718 -0.352115661
vn 0.892439485 -0.0977416113 -0.440452397
vn 0.847257614 -0.0458242558 -0.529201865
vn 0.778240621 -0.0994538888 -0.620040655
vn 0.701183259 -0.0208194554 -0.712677062
vn 0.568790019 -0.065762125 -0.819849491
vn 0.498801202 0.0073528043 -0.866685212
vn 0.501476884 0.00659397943 -0.865145922
vn 0.456514269 0.0592675172 -0.887739897
vn 0.46051383 0.0580549128 -0.885752022
vn 0.433646232 0.0958644226 -0.895969272
vn 0.43941763 0.0939506069 -0.893356264
vn 0.422842205 0.12417943 -0.897654653
vn 0.296417892 0.113701612 -0.94826597
vn 0.295912325 0.116441779 -0.948091328
vn 0.0138464067 -0.00568774715 -0.999887943
vn 0.0167401545 -0.00633292319 -0.999839842
vn 0.0250717681 -0.0723001286 -0.99706775
vn 0.185045868 0.114183336 -0.976073861
vn 0.198996007 0.110971168 -0.973697066
vn 0.200502306 0.100672141 -0.974507034
vn 0.277251005 0.106585577 -0.954867244
vn 0.292942166 0.0735476688 -0.953297257
vn 0.281833917 0.0770379007 -0.956365407
vn 0.308675081 0.0335802585 -0.950574577
vn 0.299119353 0.0364262089 -0.953520179
vn 0.344833672 -0.0251090005 -0.938327909
vn 0.336912721 -0.022800345 -0.941259801
vn 0.411855459 -0.112370774 -0.904294133
vn 0.405004591 -0.110404052 -0.907624483
vn 0.488989115 -0.204072669 -0.848082542
vn 0.484056026 -0.201497421 -0.851521313
vn 0.554945111 -0.281321436 -0.782875538
vn 0.549498379 -0.278513372 -0.787706673
vn 0.628439665 -0.369557798 -0.684463739
vn 0.622310579 -0.366553694 -0.69164151
vn 0.700027466 -0.461711735 -0.544778645
vn 0.693498611 -0.458990306 -0.555326581
vn 0.753460407 -0.541932881 -0.372298449
vn 0.7474069 -0.540515363 -0.386297882
vn 0.775408864 -0.58861202 -0.228641644
vn 0.77049464 -0.588913679 -0.243964583
vn 0.779845893 -0.61136204 -0.134450004
vn 0.0293632038 0.0884526744 -0.99564749
vn 0.0701863095 0.0891842544 -0.993539155
vn 0.0707802922 0.0799149573 -0.994285524
vn 0.102129892 0.0813389793 -0.991440117
vn 0.111843303 0.0457364619 -0.992672801
vn 0.0977673903 0.050708171 -0.993916631
vn 0.114598557 0.00272257859 -0.993408144
vn 0.102376893 0.00712730875 -0.994720161
vn 0.131357238 -0.0622713417 -0.989377379
vn 0.121323653 -0.0584305972 -0.990891755
vn 0.170952782 -0.164204553 -0.97149986
vn 0.162813634 -0.160816729 -0.97346276
vn 0.223072261 -0.280123383 -0.933686078
vn 0.218220219 -0.2763668 -0.935949445
vn 0.274340808 -0.386008471 -0.880757928
vn 0.269164532 -0.381931484 -0.884126008
vn 0.338630855 -0.51706481 -0.786112666
vn 0.332602054 -0.512426794 -0.791703641
vn 0.409285218 -0.663312674 -0.626499772
vn 0.402107596 -0.658496857 -0.636153579
vn 0.465980768 -0.788645267 -0.40112409
vn 0.458278656 -0.785485864 -0.415923834
vn 0.487257421 -0.848728061 -0.205525786
vn 0.480195999 -0.848390579 -0.222812176
vn 0.486708909 -0.863614559 -0.13146989
vn 0.520313561 -0.847358406 -0.106101789
vn 0.521875203 -0.851043522 -0.0580618382
vn -0.802081764 -0.00545564806 -0.597189367
vn -0.767867148 -0.0149945114 -0.640433609
vn -0.768004656 0.0212105028 -0.640092969
vn -0.606602013 0.0406116433 -0.793967724
vn -0.605854571 0.0637314543 -0.793018639
vn -0.412013024 0.0889795572 -0.906822979
vn -0.411349267 0.103139393 -0.905623555
vn -0.22039251 0.121871576 -0.967767775
vn -0.220292807 0.124773465 -0.967420638
vn -0.0519702025 0.132519096 -0.989817023
vn -0.0521116704 0.109656952 -0.992602527
vn 0.0421298407 0.109708659 -0.993070543
vn 0.0421344638 0.0985873267 -0.994235992
vn 0.0999496952 0.0979298055 -0.990161479
vn 0.0998820215 0.0946005955 -0.990491927
vn 0.16703932 0.0950710103 -0.981355906
vn 0.1847855 0.0895901322 -0.97868681
vn 0.245016098 0.109227844 -0.963346481
vn 0.315165609 0.109674983 -0.942678094
vn 0.346768141 0.120157734 -0.930222511
vn 0.454744518 0.119731426 -0.882537127
vn 0.496395409 0.133933827 -0.857702374
vn 0.610247135 0.131045073 -0.781297386
vn 0.657860458 0.138556957 -0.740284801
vn 0.754926622 0.132305712 -0.642324686
vn 0.797992527 0.138872206 -0.586449027
vn 0.91348654 0.121246673 -0.38838324
vn 0.936760902 0.124918483 -0.326916486
vn 0.995048821 0.0775216371 0.0621955954
vn 0.997068882 0.0726441219 0.0240087993
vn -0.290070266 -0.956993401 -0.00477664499
vn -0.245660424 -0.957950771 -0.148260757
vn -0.249414712 -0.968226433 -0.0181635171
vn -0.290069818 -0.95699358 -0.004776638
vn -0.0978998542 -0.995090008 -0.0145433396
vn -0.10095147 -0.994756758 -0.0163627621
vn -0.100489788 -0.992904723 -0.0635768995
vn -0.304904163 -0.949945569 -0.0680945218
vn -0.299556762 -0.93422097 -0.193641335
vn -0.30339703 -0.930227757 -0.20646213
vn -0.283727199 -0.868337333 -0.406803608
vn -0.286354661 -0.862715483 -0.416800916
vn -0.242217705 -0.722824574 -0.647190213
vn -0.634032309 -0.773123264 -0.0168367289
vn -0.63622874 -0.771296024 -0.0177615117
vn -0.635703027 -0.769399226 -0.0625018477
vn -0.707216084 -0.706680357 -0.0211726371
vn -0.773360372 -0.633559406 -0.0227219537
vn -0.774078548 -0.632658243 -0.0233661681
vn -0.773333311 -0.633537948 -0.0241914522
vn -0.881888151 -0.470731437 -0.0261752214
vn -0.882173955 -0.470166266 -0.0266973861
vn -0.881868422 -0.470720202 -0.0270282645
vn -0.956714451 -0.289683223 -0.0279472508
vn -0.95673418 -0.2896097 -0.0280353148
vn -0.994715571 -0.0977350548 -0.0314449146
vn -0.995008826 -0.0958664045 -0.0276966225
vn -0.95672828 -0.289626807 -0.028058663
vn -0.956711233 -0.289683193 -0.0280588474
vn -0.640850961 -0.764175534 -0.0731151327
vn -0.773244321 -0.629227221 -0.0785259083
vn -0.776471794 -0.62409389 -0.0871685371
vn -0.880794406 -0.464815766 -0.0902637094
vn -0.882075131 -0.46131596 -0.095556736
vn -0.95454067 -0.282493889 -0.0951276571
vn -0.95483017 -0.280519396 -0.098021619
vn -0.750611603 -0.545220375 -0.373251915
vn -0.950070381 -0.268398613 -0.159149095
vn -0.951172948 -0.267152876 -0.154594123
vn -0.878305078 -0.451066583 -0.158490092
vn -0.881249785 -0.448206097 -0.150033757
vn -0.773540616 -0.616219819 -0.148013711
vn -0.779841721 -0.611367643 -0.134448692
vn -0.638690591 -0.758711219 -0.128185958
vn -0.988825142 -0.00580977323 -0.148966745
vn -0.985966563 -0.0159960035 -0.16617465
vn -0.982820511 0.100542612 -0.15477401
vn 0.097964853 -0.995189428 0.000973054965
vn 0.0506808758 -0.998701274 -0.00521750934
vn 0.0504014082 -0.996985316 -0.0589917153
vn -0.104018115 -0.992838919 -0.0587463751
vn -0.101634033 -0.976800025 -0.188500077
vn -0.103399113 -0.975649476 -0.193433911
vn -0.0951647311 -0.907026112 -0.410179526
vn -0.0965539441 -0.905155897 -0.413968742
vn -0.0791423619 -0.749894381 -0.656806588
vn -0.0800591782 -0.74799788 -0.658854842
vn -0.0608157963 -0.571735144 -0.818181157
vn -0.0344198942 -0.302017182 -0.952680886
vn -0.033815138 -0.303178161 -0.952333748
vn -0.0459743552 -0.419041961 -0.906802177
vn -0.0206367671 -0.147178054 -0.988894701
vn -0.757676482 -0.26348123 -0.597079575
vn -0.624677479 -0.365005136 -0.690325499
vn -0.626167178 -0.370983005 -0.685774207
vn -0.750404894 -0.537014186 -0.385367662
vn -0.854605734 -0.390577614 -0.342196107
vn -0.853928447 -0.385451198 -0.34961921
vn -0.929833293 -0.220899105 -0.294301838
vn -0.929118812 -0.217673987 -0.298925191
vn -0.966522217 -0.0764521882 -0.244928211
vn -0.948457956 -0.0476216078 -0.313304543
vn -0.970172584 0.0518092848 -0.236814201
vn -0.954042017 0.074904114 -0.290160656
vn -0.845947504 -0.0444944352 -0.531406701
vn -0.91275686 0.0228679143 -0.407862663
vn -0.876239717 0.0698249713 -0.476789713
vn -0.956262887 0.128596291 -0.262724727
vn -0.94150579 0.154877692 -0.299298704
vn -0.982378304 0.186768278 0.00710705109
vn -0.994423091 0.0979027078 -0.0392144546
vn -0.98492682 0.110073872 -0.133427635
vn -0.99433893 0.102279387 -0.0287924763
vn -0.973418117 0.133921281 -0.18580173
vn -0.971864581 0.0296525713 -0.233666271
vn -0.983288825 0.0120901903 -0.181650549
vn -0.881128132 0.470794231 -0.0443396159
vn -0.772641063 0.633937776 -0.0338921212
vn -0.772703767 0.633861065 -0.0338974893
vn -0.770968854 0.632438481 -0.0750241578
vn -0.770047426 0.633755565 -0.0733539835
vn -0.739259601 0.664305329 -0.11042469
vn -0.633621037 0.772715151 -0.0378901921
vn -0.636670053 0.769542575 -0.0495531261
vn -0.705579102 0.705929816 -0.0618162379
vn -0.705753028 0.705753028 -0.0618497618
vn -0.483505934 0.873923779 0.0497920699
vn -0.484612823 0.874142468 -0.0320212021
vn -0.628531277 0.76904428 -0.116272755
vn -0.62772876 0.766095579 -0.138036981
vn -0.747745037 0.630107522 -0.209384561
vn -2.51523969e-17 0.999015391 0.0443646125
vn 0.0550973527 0.977868855 0.20183365
vn -0.15917699 0.978170693 0.133584172
vn -0.633620918 0.772715271 -0.0378900394
vn -0.471280158 0.881948888 -0.00781995524
vn -0.481140345 0.876482189 0.0168209132
vn -0.471188098 0.881770909 0.0214918479
vn -0.302156299 0.951896489 0.0509382673
vn -0.288271308 0.950492501 0.116032802
vn -0.288677931 0.950376451 0.115972586
vn -0.0566964969 0.915228128 0.398927331
vn -0.0960080326 0.974845767 0.201142266
vn -0.095995158 0.974834025 0.201205328
vn -0.959575951 0.248204559 -0.13269715
vn -0.979303598 0.00962767377 -0.20216766
vn -0.977802873 0.106602356 -0.180381596
vn -0.967573404 0.131988525 -0.215361983
vn -0.957247317 0.226656541 -0.17973426
vn -0.948096991 0.235009506 -0.21420227
vn -0.931056321 0.359285951 -0.0636214539
vn -0.923557043 0.369148791 -0.103786111
vn -0.854031205 0.4628416 0.237504303
vn -0.850461125 0.446865201 0.277538121
vn -0.658843756 0.403653055 0.634814262
vn -0.612992883 0.321401805 0.72176218
vn -0.979501009 0.0852596387 -0.182506368
vn -0.965750158 0.19711782 -0.168734133
vn -0.950851321 0.207674935 -0.229679957
vn -0.921457052 0.349344343 -0.169927701
vn -0.908628166 0.356647432 -0.217249796
vn -0.863454103 0.504244804 -0.0135692954
vn -0.866793573 0.498458326 0.0144289117
vn -0.749918818 0.554765642 0.360356569
vn -0.725095451 0.490706891 0.483159751
vn -0.064848274 0.622993886 0.779534042
vn -0.0687286705 0.640659511 0.764742911
vn -0.184993222 0.653867245 0.733645082
vn -0.195739076 0.694330096 0.692525804
vn -0.340034604 0.715283573 0.610529184
vn -0.35464403 0.78336519 0.510457218
vn -0.517229676 0.787497103 0.33514446
vn -0.95639658 0.29001677 -0.0345817469
vn -0.955210686 0.293707043 -0.0361770056
vn -0.947750807 0.296517432 -0.117668323
vn -0.938861787 0.308979571 -0.151888728
vn -0.918573856 0.313119292 -0.241201878
vn -0.849882066 0.487546176 -0.199997947
vn -0.832241297 0.487851948 -0.263391227
vn -0.750247538 0.641299009 -0.160823494
vn -0.766656697 0.636975944 -0.0806171298
vn -0.657554865 0.737934172 0.151903793
vn -0.652555525 0.661945522 0.36878103
vn -0.491293609 0.62173748 0.609977961
vn -0.425177366 0.39711991 0.813338816
vn -0.431673497 0.43839553 0.788331985
vn -0.353336692 0.207471102 0.912200034
vn 0.187239408 0.692514122 0.696681857
vn 0.204972133 0.578576863 0.789452493
vn 0.050435558 0.55609405 0.829587638
vn 0.0659922436 0.470393628 0.87998575
vn -0.0647172332 0.470439047 0.880056143
vn -0.0662210584 0.477201164 0.876295507
vn -0.182820007 0.497637004 0.847899914
vn -0.187157616 0.513320684 0.837540388
vn -0.330143452 0.555599272 0.763095498
vn 0.637742639 0.769302189 -0.0381900929
vn 0.628508687 0.769065142 -0.116256759
vn 0.477064073 0.878427148 -0.0278497338
vn 0.500930011 0.861834645 0.0794367194
vn 0.310398906 0.927692115 0.207460508
vn 0.345996171 0.870589912 0.349799782
vn 0.164377078 0.887487888 0.430517614
vn 0.190720081 0.847384989 0.495544642
vn 0.056305144 0.848233581 0.526620924
vn 0.0669806972 0.828732967 0.555621505
vn -0.0560867079 0.82929343 0.55599159
vn -0.0668731481 0.848761678 0.524529874
vn -0.163150385 0.848902285 0.50273937
vn -0.189179972 0.887286425 0.420634925
vn -0.336573303 0.872394979 0.354464948
vn -0.341247201 0.903442979 0.259501755
vn -0.500386894 0.856443584 0.126954034
vn -0.500584602 0.864708483 0.0411614887
vn -0.63527602 0.766399086 -0.095167391
vn -0.984161437 0.176034912 0.0209282171
vn -0.950115204 0.167814776 -0.262905568
vn -0.960238636 0.145701587 -0.238144413
vn -0.859687746 0.106058471 -0.499688447
vn -0.887682378 0.068305321 -0.455361813
vn -0.792269409 0.0188397057 -0.609880567
vn -0.849027455 -0.04428491 -0.526489556
vn -0.0711228177 0.0745323449 -0.994679093
vn -0.0129009672 0.0731736273 -0.997235775
vn -0.015032866 0.0349213183 -0.999276996
vn 0.0150315668 0.0349213183 -0.999276996
vn 0.0108273719 0.0367675871 -0.999265194
vn -0.0698948354 0.0937052071 -0.993143499
vn -0.0584311225 0.0964748412 -0.993618846
vn -0.0219620168 0.0863980725 -0.996018589
vn 0.0219611749 0.0863980725 -0.996018589
vn 0.0222425628 0.0734084547 -0.997053921
vn 0.0492503792 0.0740511194 -0.996037543
vn 0.0552096404 0.0379832126 -0.99775207
vn 0.0445692427 0.042151466 -0.998116672
vn 0.0545699932 -0.00516894972 -0.998496592
vn 0.0455486961 -0.00145902636 -0.998961031
vn 0.0629638955 -0.0709267333 -0.995492339
vn 0.0558012761 -0.0677021742 -0.996143878
vn 0.0861375481 -0.175495982 -0.980704606
vn 0.0806451216 -0.172706082 -0.981666446
vn 0.118301839 -0.296827048 -0.947574973
vn 0.115429401 -0.293972731 -0.948818266
vn 0.151492715 -0.410458386 -0.899207354
vn 0.148513749 -0.407384038 -0.901100397
vn 0.194909126 -0.555234551 -0.808532655
vn 0.191386089 -0.551611543 -0.811847329
vn 0.245201647 -0.722163856 -0.646804035
vn 0.240691125 -0.718038499 -0.653060913
vn 0.287736982 -0.867168963 -0.406479239
vn 0.282327324 -0.863962054 -0.41696623
vn 0.304186314 -0.932743132 -0.193548307
vn 0.298734665 -0.931753397 -0.206381246
vn 0.303682178 -0.946444213 -0.109637901
vn 0.343234211 -0.935629427 -0.0823884606
vn 0.344560593 -0.938439727 -0.0246749222
vn 0.471181899 -0.881621122 -0.0270527061
vn -0.955665052 0.00406846451 -0.294427842
vn -0.953899145 5.87748764e-05 -0.300127298
vn -0.953857839 0.0073542716 -0.300168455
vn -0.840013802 0.0673111007 -0.53837353
vn -0.839933276 0.0685730055 -0.538339853
vn -0.651314259 0.137017488 -0.74633497
vn -0.649252653 0.15600121 -0.74440217
vn -0.581888139 0.138189003 -0.801442444
vn -0.578502715 0.171408072 -0.797467172
vn -0.500994623 0.151330501 -0.852117062
vn -0.502225399 0.134141713 -0.854269087
vn -0.299030602 0.159509808 -0.940817356
vn -0.299777955 0.112968326 -0.947296858
vn -0.167721167 0.118034236 -0.978742838
vn -0.16703473 0.0950703546 -0.98135674
vn -0.0998783931 0.0945997015 -0.990492404
vn -0.0583500974 0.0815494284 -0.994959772
vn -0.0341329761 0.0889669508 -0.995449543
vn 0.029364679 0.0889804363 -0.995600402
vn -0.149551347 -0.410660386 -0.89944005
vn -0.150464356 -0.407107234 -0.900901854
vn -0.116366483 -0.296971262 -0.947769463
vn -0.117379375 -0.293755412 -0.948646307
vn -0.0806486458 -0.17270571 -0.981666207
vn -0.170955405 -0.16420424 -0.971499443
vn -0.121327206 -0.0584311746 -0.990891278
vn -0.223801836 -0.0473962687 -0.973481536
vn -0.18461825 0.0195523258 -0.982615829
vn -0.308671474 0.0335785113 -0.950575829
vn -0.281830639 0.0770359412 -0.956366539
vn -0.439407527 0.0939480439 -0.893361509
vn -0.420650899 0.128075987 -0.898136616
vn -0.586985648 0.141525254 -0.79713136
vn -0.585014701 0.149520561 -0.79712069
vn -0.75331831 0.153746739 -0.639432132
vn -0.754171431 0.142804578 -0.640962064
vn -0.013579037 -0.0726958513 -0.997261703
vn -0.0629672706 -0.0709265992 -0.995492101
vn -0.0455523729 -0.00145938923 -0.998960912
vn -0.114600904 0.00272214273 -0.993407905
vn -0.0977699906 0.0507074371 -0.993916392
vn -0.188652024 0.057637915 -0.98035109
vn -0.173205674 0.0984393433 -0.979953825
vn -0.297447592 0.108049087 -0.948604405
vn -0.294799298 0.12239866 -0.947687685
vn -0.454564244 0.131343037 -0.880976915
vn -0.454510212 0.13434577 -0.880551934
vn -0.657978237 0.128926784 -0.741918147
vn -0.656980276 0.169161901 -0.734684408
vn -0.859208465 0.123578258 -0.496476769
vn -0.85676825 0.148841441 -0.493755341
vn -0.0472735427 -0.177368164 -0.983008504
vn -0.0861414447 -0.175495788 -0.980704308
vn -0.055805631 -0.0677024946 -0.996143639
vn -0.131360382 -0.0622717366 -0.989376903
vn -0.102380522 0.0071263765 -0.994719803
vn -0.197222337 0.0155059546 -0.980236173
vn -0.174343958 0.0622978769 -0.98271215
vn -0.292938381 0.0735459402 -0.953298569
vn -0.274757564 0.111742325 -0.954998374
vn -0.436194539 0.125183225 -0.891102374
vn -0.433521688 0.137219176 -0.890634537
vn -0.609583378 0.145650476 -0.779226601
vn -0.609824896 0.140515417 -0.779980123
vn -0.798455179 0.128191859 -0.588248372
vn -0.796894968 0.157463402 -0.583235562
vn 0.0117550166 -0.214352921 -0.976685524
vn 0.0122058121 -0.214658871 -0.976612806
vn 0.00882650446 -0.146868631 -0.989116609
vn 0.00936516188 -0.147202954 -0.989061952
vn 0.0058746431 -0.074115552 -0.997232378
vn -0.0162406545 -0.0741070583 -0.997118056
vn -0.0105473697 -0.00652281707 -0.99992311
vn -0.0545732677 -0.0051691304 -0.998496413
vn -0.0445726588 0.0421510637 -0.998116493
vn -0.111845292 0.0457359925 -0.992672563
vn -0.100452773 0.0874309391 -0.991092861
vn -0.201481387 0.0938783586 -0.974983156
vn -0.198994651 0.110968746 -0.973697603
vn -0.315188378 0.117405385 -0.941738963
vn -0.315193832 0.11997091 -0.94141376
vn -0.496149719 0.119092442 -0.860030472
vn -0.496457458 0.172393203 -0.850770593
vn -0.736877561 0.138279006 -0.661732852
vn -0.733359635 0.177206278 -0.656339526
vn -0.910691917 0.101328902 -0.400465548
vn -0.91017741 0.106758334 -0.400224656
vn -0.937507153 0.115071014 -0.328388423
vn -0.937279463 0.118128069 -0.327952772
vn -0.96371001 0.0892830119 -0.251578093
vn -0.963789403 0.088218607 -0.25164941
vn -0.98185575 0.0536136404 -0.18189235
vn -0.982640505 0.0355373211 -0.182084322
vn -0.989825428 0.0124707064 -0.141739368
vn -0.989934504 -0.00561667234 -0.141414881
vn -0.991907835 -0.0148824947 -0.126084566
vn -0.991697252 -0.0269160755 -0.12574628
vn -0.95824796 0.0283119194 -0.284533441
vn -0.945789099 0.0496040173 -0.320971072
vn -0.902326286 0.0596700907 -0.426903635
vn -0.797431231 0.116704814 -0.592016339
vn -0.795157731 0.136762172 -0.590779424
vn -0.741591811 0.124192536 -0.659255505
vn -0.736981153 0.163211346 -0.65591222
vn -0.666730881 0.147417963 -0.730573654
vn -0.667869508 0.135403454 -0.731858075
vn -0.414805859 0.181508467 -0.891622543
vn -0.416814029 0.1244618 -0.90043062
vn -0.245827526 0.134225026 -0.959975243
vn -0.245008513 0.109225512 -0.963348627
vn -0.184782311 0.0895891935 -0.978687525
vn -0.185042664 0.114181258 -0.976074696
vn -0.127723277 0.0957170501 -0.987180352
vn -0.129109412 0.0825025588 -0.98819232
vn -0.0484535769 0.0788537264 -0.995707989
vn -0.055212561 0.0379830226 -0.997751892
vn -0.0108291777 0.0367673598 -0.999265194
vn -0.0140234604 -0.00816339254 -0.999868333
vn 0.00443275506 -0.00816411525 -0.999956846
vn 0.00721411966 -0.0737136081 -0.997253358
vn 0.0215091128 -0.0734616891 -0.997066081
vn 0.0318696871 -0.146391496 -0.988713205
vn 0.0840072557 -0.175605685 -0.98086971
vn 0.0391628519 -0.213694304 -0.976115286
vn 0.0526763462 -0.301929355 -0.951873899
vn 0.0159597714 -0.303022832 -0.952849627
vn 0.0222036615 -0.420602232 -0.906973422
vn -0.0454020239 -0.420272112 -0.906261563
vn -0.0614709221 -0.570240617 -0.819174588
vn -0.19265008 -0.555576265 -0.808839262
vn -0.24368006 -0.717286348 -0.652778924
vn -0.973950565 -0.0996037647 -0.203713939
vn -0.981699467 -0.115976334 -0.15104863
vn -0.980125904 -0.120342322 -0.157705113
vn -0.986465991 -0.133885115 -0.0946552977
vn -0.998637199 -0.0509232469 0.0114256078
vn -0.990387261 -0.0868966505 -0.10761968
vn -0.992371559 0.0720687434 -0.100023642
vn -0.988158941 0.151397243 0.0249153692
vn -0.96276015 0.179858163 -0.201851398
vn -0.9279809 0.32713294 -0.178425148
vn -0.904084027 0.334955066 -0.265399933
vn -0.846093953 0.502123654 -0.178876549
vn -0.848054528 0.501526415 -0.171098739
vn -0.772166014 0.633406639 0.050554242
vn -0.777831137 0.605191588 0.169475168
vn -0.626912475 0.610970736 0.483420581
vn -0.546593726 0.415153742 0.727243245
vn -0.558529794 0.471989393 0.682107389
vn -0.44754079 0.233820289 0.863154292
vn -0.455242187 0.270074517 0.848418713
vn -0.363011539 0.0768843368 0.928607225
vn -0.954917431 0.25461185 -0.152661398
vn -0.932626367 0.345424503 0.104354829
vn -0.931100845 0.357775569 0.071048148
vn -0.790409982 0.369697064 0.4884426
vn -0.77654016 0.342503279 0.528844833
vn -0.55520761 0.252317458 0.792515278
vn -0.483822465 0.13056837 0.865371406
vn -0.351322562 0.0631523877 0.934122145
vn -0.316057891 -0.0415075645 0.947831511
vn -0.133043587 0.0452756733 0.990075529
vn -0.972643793 0.171132684 0.15709126
vn -0.853947759 0.119858235 0.50636667
vn -0.853617013 0.0974293798 0.511708438
vn -0.697792888 0.0506283604 0.714508116
vn -0.700998306 -0.0124521954 0.71305418
vn -0.570892751 -0.0384239554 0.820125043
vn -0.841579556 0.0335583575 0.53908962
vn -0.941492677 0.0676965714 0.330164671
vn -0.937027276 0.110806338 0.33121264
vn -0.984991372 0.156793356 -0.0721654594
vn -0.984932244 0.157132402 -0.0722349286
vn -0.857976735 0.16954419 -0.484902799
vn -0.868617773 0.146030426 -0.473474741
vn -0.714595079 0.130784452 -0.687204003
vn -0.733367324 0.102914624 -0.671997726
vn -0.607580006 0.0826511756 -0.789946377
vn -0.645136476 0.0389155634 -0.763075709
vn -0.498791218 0.00735001545 -0.866690993
vn -0.569701195 -0.0667734295 -0.819134831
vn -0.405000478 -0.11040616 -0.907626092
vn -0.486129254 -0.200775728 -0.85051012
vn -0.641336858 -0.13980715 -0.75441432
vn -0.640751719 -0.138169482 -0.755212843
vn -0.567448795 -0.0661794022 -0.820744872
vn -0.701450586 -0.0207204185 -0.712416828
vn -0.644520223 0.0389858261 -0.76359272
vn -0.757288933 0.0669537857 -0.649638832
vn -0.727855086 0.104019448 -0.677795649
vn -0.867149889 0.128177926 -0.481270641
vn -0.853846669 0.151952848 -0.49785161
vn -0.974487245 0.158741459 -0.158668607
vn -0.969304442 0.177293569 -0.170340434
vn -0.951331019 0.139246523 0.274917603
vn -0.952071726 0.128582105 0.277535796
vn -0.835166335 0.0840734392 0.543533623
vn -0.83931613 0.0313354954 0.542739809
vn -0.709824502 -0.000821364578 0.704378128
vn -0.697240233 -0.196291089 -0.68943882
vn -0.799849808 -0.121675037 -0.58773756
vn -0.791346669 -0.0568403788 -0.608719647
vn -0.77823019 -0.0994610041 -0.620052636
vn -0.701032817 -0.020696409 -0.712828636
vn -0.795947671 0.0185502563 -0.605081201
vn -0.752900839 0.0676189065 -0.654651105
vn -0.872772932 0.102914274 -0.477154106
vn -0.853037417 0.132729292 -0.504688144
vn -0.967174947 0.154999912 -0.201364502
vn -0.960260868 0.174227566 -0.218045354
vn -0.985455811 0.16971536 0.00857880432
vn -0.971170723 0.190455183 0.143367633
vn -0.902219772 0.170952186 0.395948052
vn -0.900250435 0.155612946 0.406612515
vn -0.70769757 0.0885115862 0.700949252
vn -0.70485121 0.0569867603 0.707062423
vn -0.553932548 0.0149282431 0.83242768
vn -0.555920124 -0.0554165952 0.829386413
vn -0.45960471 -0.0714064315 0.885248363
vn -0.486996561 -0.20471105 -0.849074602
vn -0.551658332 -0.277498603 -0.786554277
vn -0.698097229 -0.198588684 -0.687911928
vn -0.756547928 -0.260243952 -0.599923611
vn -0.843285501 -0.169239372 -0.510125041
vn -0.902182996 -0.176121846 -0.393760026
vn -0.892432392 -0.0977539122 -0.44046405
vn -0.93576318 -0.0187268574 -0.352131397
vn -0.903843582 0.0223710816 -0.427277744
vn -0.958203137 0.101941355 -0.267310143
vn -0.937876284 0.133185178 -0.320390075
vn -0.979075491 0.189894393 -0.073152408
vn -0.974126101 0.204249918 -0.0967489332
vn -0.95260787 0.22101517 0.209022924
vn -0.951815069 0.211240396 0.2223185
vn -0.764148295 0.155673057 0.62597388
vn -0.75719732 0.132803679 0.639543116
vn -0.548553169 0.0565793626 0.834199131
vn -0.541553438 0.00445078732 0.840654552
vn -0.441245556 -0.0221756883 0.89711237
vn -0.442081302 -0.0898228064 0.892466247
vn -0.358406126 -0.10124056 0.928059995
vn -0.7737028 -0.584812045 -0.243677825
vn -0.873682082 -0.429085135 -0.229271874
vn -0.873777568 -0.423969418 -0.238249213
vn -0.944025636 -0.249632388 -0.215636939
vn -0.943672061 -0.246665269 -0.220543221
vn -0.975710452 -0.0985087827 -0.195665881
vn -0.963966846 -0.0769908652 -0.254637659
vn -0.977383018 0.0308104847 -0.20922035
vn -0.962632775 0.0525487699 -0.265662938
vn -0.970956445 0.137158081 -0.196038887
vn -0.968714237 0.14327921 -0.202641994
vn -0.96086067 0.176278278 -0.213711873
vn -0.957592368 0.180545703 -0.224544197
vn -0.965933383 0.255734921 -0.0396531969
vn -0.964471757 0.259615898 -0.048926577
vn -0.907069623 0.302855343 0.292409569
vn -0.909817994 0.314846814 0.270375162
vn -0.701852322 0.261075854 0.66275388
vn -0.662195265 0.194056109 0.723767698
vn -0.455802083 0.103784531 0.884009719
vn -0.419475585 0.0107541541 0.907702923
vn -0.327060193 -0.0286492016 0.944569111
vn -0.320074707 -0.079922311 0.944015145
vn -0.696151376 -0.45657286 -0.553998649
vn -0.813167453 -0.330342025 -0.479200244
vn -0.811999679 -0.326035082 -0.484104991
vn -0.903411031 -0.179551065 -0.389371246
vn -0.902380466 -0.176400721 -0.393182188
vn -0.95215261 -0.0479152687 -0.301843643
vn -0.930871964 -0.0175558534 -0.364923477
vn -0.963573992 0.0721151605 -0.257535547
vn -0.942765176 0.101154953 -0.317744344
vn -0.97351414 0.181788892 -0.138647288
vn -0.964686036 0.198615357 -0.173011094
vn -0.965811014 0.245841712 0.0822855383
vn -0.965656936 0.247343779 0.0795472264
vn -0.857351542 0.242800355 0.45386824
vn -0.852675438 0.230995044 0.468599975
vn -0.592631876 0.136292905 0.793858767
vn -0.56799835 0.0739832744 0.819697738
vn -0.426413506 0.0177064091 0.90435499
vn -0.417701334 -0.0422857292 0.907599866
vn -0.341851801 -0.0609066002 0.937778056
vn -0.34192735 -0.117634922 0.932334542
vn -0.881370783 0.470923603 -0.0376369283
vn -0.880251646 0.472834349 -0.0398091935
vn -0.871533751 0.473011822 -0.129184887
vn -0.865058541 0.478439987 -0.150893554
vn -0.843772471 0.476689786 -0.246606797
vn -0.749407709 0.633970022 -0.1909713
vn -0.743446708 0.633104563 -0.215558797
vn -0.635356128 0.766485274 -0.0939304829
vn -0.659148574 0.747209072 0.0848630518
vn -0.519961298 0.797936499 0.304856658
vn -0.499148488 0.64217782 0.581771791
vn -0.336234599 0.578554034 0.743116081
vn -0.298303336 0.361762792 0.883256912
vn -0.283331782 0.202527314 0.937393069
vn -0.3597987 0.248608783 0.899298966
vn -0.295465291 0.0623959377 0.953313708
vn -0.271164656 0.0257883463 0.962187469
vn -0.248114988 -0.0639344975 0.966618478
vn -0.24117662 -0.0735745803 0.967688262
vn -0.23794657 -0.102480963 0.965856671
vn -0.24593325 -0.0954036042 0.964580238
vn -0.245755181 -0.137802526 0.959486783
vn -0.257678449 -0.126476735 0.957917273
vn -0.0519048274 -0.152748749 0.986901045
vn -0.0506893136 -0.153815627 0.986798525
vn -0.0507456213 -0.117701374 0.991751611
vn -0.0577978864 -0.111691646 0.992060661
vn -0.0585248843 -0.0833006129 0.994804442
vn -0.0731301606 -0.0555914305 0.995771825
vn -0.0821646899 0.117785648 0.989634037
vn -0.0495530032 0.0661842898 0.99657619
vn -0.939708173 0.0647971854 0.335782439
vn -0.993990064 0.10918466 -0.00790062081
vn -0.990199983 0.139523819 -0.00609192345
vn -0.884415388 0.166805729 -0.435873032
vn -0.885733128 0.161388338 -0.435236275
vn -0.707435727 0.155649379 -0.689425826
vn -0.721750796 0.129041731 -0.68001765
vn -0.586281896 0.114215896 -0.802015126
vn -0.609238088 0.0824027956 -0.788694322
vn -0.456504464 0.059264902 -0.887745082
vn -0.501467228 0.00659112772 -0.865151525
vn -0.336908489 -0.0228020549 -0.941261232
vn -0.411850929 -0.112372734 -0.904295981
vn -0.270130813 -0.140845865 -0.95246613
vn -0.344486237 -0.245739982 -0.906058013
vn -0.344755054 -0.250764161 -0.904577971
vn -0.407318175 -0.338736862 -0.848144591
vn -0.407910913 -0.344566733 -0.845507205
vn -0.481811523 -0.449269742 -0.752339244
vn -0.482630134 -0.456479937 -0.747458518
vn -0.559137404 -0.568469703 -0.603496075
vn -0.559671581 -0.577278256 -0.594573438
vn -0.619493067 -0.671739101 -0.40619567
vn -0.618503153 -0.681115568 -0.391835928
vn -0.643840194 -0.727518797 -0.237036198
vn -0.640877128 -0.735641718 -0.219334722
vn -0.648010671 -0.753355086 -0.111974508
vn -0.477780133 -0.872334838 -0.103721023
vn -0.479305327 -0.875845432 -0.0562243387
vn -0.473241121 -0.879751325 -0.0456122085
vn -0.47360453 -0.880656242 -0.0119736977
vn -0.47111249 -0.881995559 -0.0116977291
vn -0.995052814 0.0775293112 0.062122155
vn -0.91254425 0.130979463 -0.387436867
vn -0.90983808 0.155462235 -0.384741664
vn -0.725183189 0.160131693 -0.66967696
vn -0.727058172 0.152812734 -0.669353962
vn -0.573215604 0.142779201 -0.806869209
vn -0.589745939 0.113588549 -0.799560726
vn -0.433636487 0.0958616883 -0.895974278
vn -0.460503906 0.0580523573 -0.885757327
vn -0.299115479 0.0364244953 -0.95352149
vn -0.34482947 -0.0251106825 -0.938329399
vn -0.213216618 -0.0439188704 -0.976017296
vn -0.279088706 -0.143906638 -0.949421048
vn -0.162816629 -0.160816595 -0.973462284
vn -0.220955789 -0.275872976 -0.935453176
vn -0.220371976 -0.280517519 -0.93420881
vn -0.27195096 -0.381278157 -0.883555114
vn -0.271581203 -0.386556178 -0.88137275
vn -0.335780025 -0.511419237 -0.79101336
vn -0.335478365 -0.517955959 -0.786877334
vn -0.40606603 -0.65679431 -0.635398746
vn -0.405363083 -0.664887965 -0.627379298
vn -0.463277608 -0.782809198 -0.415431827
vn -0.461052507 -0.791199386 -0.401788712
vn -0.485809088 -0.845183313 -0.222833291
vn -0.481743068 -0.851832509 -0.205681801
vn -0.488326937 -0.868227065 -0.0878555775
vn -0.343233496 -0.935629725 -0.0823878124
vn -0.344289392 -0.937939525 -0.0416439846
vn -0.305365175 -0.952179313 -0.0103283897
vn -0.471040606 -0.882034004 -0.011697066
vn 0.994060278 -0.0281659439 -0.105122983
vn 0.992370009 0.0720883086 -0.100025356
vn 0.993303299 0.10399536 -0.0503343977
vn 0.97670716 0.171616644 -0.128805459
vn 0.944636405 0.306679785 -0.116660289
vn 0.918565631 0.313140571 -0.241205707
vn 0.849868834 0.487568647 -0.199999452
vn 0.832229018 0.487873942 -0.26338926
vn 0.750230789 0.641319931 -0.160818368
vn 0.766641557 0.63699615 -0.0806013644
vn 0.657533765 0.737949014 0.15192309
vn 0.652532279 0.661951959 0.368810534
vn 0.491267323 0.621737242 0.609999359
vn 0.441164255 0.443604261 0.780121386
vn 0.298271507 0.361754596 0.883271039
vn 0.29483214 0.31692484 0.901461422
vn 0.163286895 0.266026556 0.950035393
vn 0.157254681 0.279805809 0.947090089
vn 0.0590241663 0.258977026 0.964078367
vn 0.056385655 0.264956117 0.962610483
vn -0.0593002625 0.264916748 0.962446153
vn -0.0562318452 0.258337349 0.964416802
vn -0.165090844 0.28135547 0.945295751
vn -0.155805424 0.262984186 0.952136517
vn -0.27443105 0.30932653 0.91049695
vn -0.228834093 0.0782798007 0.970312953
vn -0.193833172 0.00858044904 0.980996966
vn -0.183585405 -0.0550084636 0.981463432
vn -0.157837793 -0.0975820273 0.982631683
vn -0.1569857 -0.109138817 0.981551945
vn -0.14917025 -0.116034828 0.981979728
vn -0.149026409 -0.149321765 0.977493823
vn -0.154588282 -0.144250318 0.977391601
vn 0.371889859 0.0061895689 0.928256214
vn 0.291594684 -0.0166993681 0.956396163
vn 0.291262835 -0.0693642274 0.954125047
vn 0.0996999741 -0.0706309453 0.992507517
vn 0.098540172 -0.173784614 0.979841173
vn -0.098576799 -0.173784211 0.979837596
vn -0.0998277515 -0.174758941 0.979537487
vn -0.290644437 -0.170434371 0.941529572
vn -0.292645931 -0.17205219 0.940614879
vn -0.46987173 -0.163608521 0.867440403
vn -0.470622361 -0.16426453 0.866909325
vn -0.630548775 -0.151894167 0.761141539
vn -0.629447341 -0.150798693 0.762270153
vn -0.767480671 -0.134799778 0.626739562
vn -0.764970362 -0.131752968 0.63044548
vn -0.876073956 -0.112626463 0.468838722
vn -0.873191476 -0.107873097 0.475289404
vn -0.952385366 -0.0863490179 0.292414099
vn -0.950310707 -0.0806273222 0.300680548
vn -0.993001699 -0.0576955937 0.103047565
vn -0.992426693 -0.0521672815 0.111210607
vn -0.995270908 -0.0290474948 -0.0926931277
vn -0.995883703 -0.0251872633 -0.0870704502
vn -0.95664382 -0.00261431676 -0.291248649
vn -0.955662668 -0.00489296345 -0.294423014
vn -0.878861964 0.0147772534 -0.476847231
vn -0.886963725 0.0269969273 -0.461049348
vn -0.866251051 0.014633704 -0.499394566
vn -0.865722716 0.0373929776 -0.499125242
vn -0.709136724 0.0858780742 -0.699821413
vn -0.708905935 0.0892233774 -0.699636757
vn -0.507300735 0.137408361 -0.850743711
vn -0.505713344 0.155683056 -0.848538041
vn -0.440640837 0.136269152 -0.887280345
vn -0.438608497 0.162888438 -0.883792937
vn -0.36923486 0.142647579 -0.9183231
vn -0.37011379 0.124719694 -0.920576334
vn -0.206218228 0.139033526 -0.968578219
vn -0.20643419 0.103469037 -0.97297436
vn -0.107578561 0.105918333 -0.988538384
vn -0.100081354 0.104752742 -0.98944962
vn -0.0626882687 0.105468623 -0.992444754
vn -0.0341822095 0.0959150642 -0.994802415
vn 0.0341840535 0.0959150642 -0.994802356
vn 0.0341454931 0.0904532596 -0.995315194
vn 0.0874037743 0.0906920135 -0.992036045
vn 0.0874320418 0.094348982 -0.991692424
vn 0.127723157 0.0957180113 -0.987180233
vn 0.128399372 0.0893007666 -0.987693787
vn 0.175553128 0.0923066065 -0.980132937
vn 0.188651904 0.0576388128 -0.98035109
vn 0.174342796 0.0622991659 -0.982712269
vn 0.197221428 0.0155071346 -0.980236292
vn 0.184617281 0.0195535645 -0.982615948
vn 0.223801419 -0.0473953597 -0.973481715
vn 0.2132162 -0.0439179242 -0.976017475
vn 0.279089272 -0.143906251 -0.949420989
vn 0.270130247 -0.14084506 -0.952466428
vn 0.347532272 -0.250136316 -0.90368861
vn 0.341642797 -0.246472791 -0.906935155
vn 0.410765707 -0.343688399 -0.844482005
vn 0.404402971 -0.339729339 -0.849142075
vn 0.485799313 -0.455098808 -0.746246636
vn 0.478575736 -0.450781465 -0.753499389
vn 0.563372254 -0.575002849 -0.593281925
vn 0.555347323 -0.570898652 -0.604701638
vn 0.622865438 -0.677664995 -0.390907615
vn 0.614998162 -0.675366044 -0.407011062
vn 0.645629525 -0.731549442 -0.219084278
vn 0.638927996 -0.731792808 -0.237171367
vn 0.64801389 -0.753352106 -0.111975864
vn 0.63869381 -0.758708239 -0.128187418
vn 0.641041696 -0.764941394 -0.0626912042
vn 0.882182717 -0.470113546 -0.02733027
vn 0.880522966 -0.464276582 -0.0955330729
vn 0.95496732 -0.281054109 -0.0951106548
vn 0.950074315 -0.268385082 -0.159148529
vn 0.980949044 -0.121705167 -0.151416034
vn 0.980946958 -0.114047714 -0.157277584
vn 0.988485456 -0.0192069467 -0.150091827
vn 0.986316979 -0.00119501143 -0.164855734
vn 0.98428148 0.081214726 -0.156825349
vn 0.977863669 0.106551148 -0.180081859
vn 0.96924293 0.17654863 -0.171460435
vn 0.958949625 0.202400208 -0.198619545
vn 0.927972913 0.32715416 -0.178427771
vn 0.904075503 0.3349756 -0.265403152
vn 0.846081316 0.502144873 -0.178876966
vn 0.848043919 0.501547039 -0.171090856
vn 0.77214992 0.633425176 0.0505668409
vn 0.777814567 0.605206311 0.169498771
vn 0.62689054 0.61097765 0.483440369
vn 0.578560531 0.482620299 0.657529712
vn 0.417980641 0.392918348 0.819089353
vn 0.371348232 0.255554587 0.892632246
vn 0.251049787 0.183001325 0.950518012
vn 0.21532391 0.0198651236 0.976340592
vn 0.202856883 0.0693400428 0.976750255
vn 0.177522793 -0.090361163 0.979959428
vn 0.160412759 -0.0603641197 0.985202491
vn 0.156531379 -0.114950635 0.980960906
vn 0.149162292 -0.109814987 0.982695937
vn 0.149010241 -0.149322584 0.977496147
vn 0.0518873483 -0.152748764 0.986901999
vn 0.0519809499 -0.217366815 0.974704921
vn -0.051998429 -0.217366561 0.974704027
vn -0.0563872829 -0.214788809 0.975031376
vn -0.154880494 -0.211940229 0.964931786
vn -0.167220235 -0.204263747 0.964527726
vn -0.258248508 -0.198908955 0.945379794
vn -0.277042657 -0.186361268 0.942611694
vn -0.359470695 -0.179007173 0.915825963
vn -0.382365018 -0.162391201 0.909629643
vn -0.46139127 -0.152892873 0.873923242
vn -0.485807806 -0.133352607 0.863833249
vn -0.573519886 -0.119826235 0.810380578
vn -0.596734941 -0.0987859741 0.796334565
vn -0.713253915 -0.075508669 0.696826577
vn -0.731220663 -0.0556499474 0.679867208
vn -0.845238805 -0.0248147007 0.533812344
vn -0.855128646 -0.0158990435 0.518172026
vn -0.943237007 0.0193777923 0.331554621
vn -0.945426524 0.0226573404 0.325046629
vn -0.997069895 0.072652556 0.0239420719
vn -0.998429418 0.0516593941 0.021680411
vn -0.99751538 0.0302580297 0.0636201501
vn -0.998724997 0.029119242 0.0412362367
vn -0.999203503 -0.00270525343 0.0398124568
vn -0.955700397 -0.082844086 0.282442153
vn -0.946749687 -0.0869799033 0.309999198
vn -0.88036716 -0.160943165 0.446151257
vn -0.828380108 -0.189223751 0.527238786
vn -0.76838994 -0.243096337 0.592014432
vn -0.708692253 -0.265302628 0.65373528
vn -0.638628423 -0.312519938 0.703196287
vn -0.594645202 -0.324421287 0.735627532
vn -0.526515007 -0.362106383 0.769194961
vn -0.481524944 -0.371341079 0.79387629
vn -0.420169741 -0.400174797 0.814443052
vn -0.362660259 -0.408959389 0.837394595
vn -0.310723633 -0.429917246 0.847715735
vn -0.231378704 -0.438121557 0.86862731
vn -0.193344951 -0.451247543 0.87120229
vn -0.0818492621 -0.457027048 0.885678828
vn -0.0670906082 -0.461315632 0.884695828
vn 0.081643559 -0.460813671 0.88373363
vn 0.0672044232 -0.457355887 0.886740744
vn 0.230103478 -0.448038876 0.863894403
vn 0.194304571 -0.440900922 0.876271725
vn 0.360070974 -0.42318365 0.831423163
vn 0.31277594 -0.415158659 0.854291797
vn 0.47765699 -0.389498711 0.787486196
vn 0.423328996 -0.38148573 0.821742773
vn 0.589632273 -0.346856982 0.729399741
vn 0.530717611 -0.339217931 0.776704609
vn 0.702995777 -0.292092562 0.64844346
vn 0.643581629 -0.28537941 0.710183978
vn 0.823280811 -0.218365893 0.523951352
vn 0.773125112 -0.213582337 0.597210348
vn 0.944267213 -0.113056652 0.309156299
vn 0.885767937 -0.107639939 0.451473981
vn 0.955687642 -0.0828575343 0.282481521
vn 0.957592309 -0.0432580933 0.284860939
vn 0.951621354 -0.0422883034 0.304349244
vn 0.951770663 -0.0153601533 0.306425571
vn 0.946821868 -0.0142781707 0.321441293
vn 0.945524275 0.0205721911 0.324900955
vn 0.943100452 0.0214461125 0.3318156
vn 0.939484835 0.0668300912 0.336008847
vn 0.941642463 0.0656396821 0.330152839
vn 0.935722709 0.120763741 0.331419885
vn 0.952670991 0.118089005 0.280130357
vn 0.949780047 0.157463059 0.270413011
vn 0.973576784 0.151169717 0.171160564
vn 0.971162498 0.190457389 0.143420428
vn 0.984679997 0.172491997 0.0255298447
vn 0.977400541 0.210121349 -0.0231770836
vn 0.981623769 0.181402773 -0.0592265166
vn 0.971161127 0.211884573 -0.109320633
vn 0.97532475 0.177912265 -0.130724326
vn 0.963442445 0.200775027 -0.177392408
vn 0.96974647 0.163458169 -0.18130976
vn 0.970639169 0.162046164 -0.177765682
vn 0.95404464 0.0749223307 -0.290147245
vn 0.97017467 0.051828213 -0.236801475
vn 0.94846195 -0.0476052314 -0.313294858
vn 0.966525257 -0.0764345527 -0.244921744
vn 0.928644121 -0.219021693 -0.299415499
vn 0.944405258 -0.248357102 -0.215447217
vn 0.872404695 -0.426624864 -0.238539919
vn 0.881254315 -0.448197156 -0.150033951
vn 0.773545206 -0.616213858 -0.148014307
vn 0.776652753 -0.625000894 -0.0786404982
vn 0.63540262 -0.768735945 -0.0728597119
vn 0.636236429 -0.77123332 -0.0200595967
vn 0.633941114 -0.773196518 -0.0169062745
vn 0.246482447 -0.0520232022 -0.967749953
vn 0.34556511 -0.0416551158 -0.93746978
vn 0.724387228 -0.154566512 0.671842515
vn 0.962024391 -0.272882879 -0.00663565425
vn 0.896184623 -0.429139972 0.11265856
vn 0.623119771 0.182379916 0.760565162
vn -0.134242386 0.468309969 0.873306811
vn -0.260358095 0.444119811 0.857304633
vn -0.398783624 0.400816441 0.824813783
vn -0.470736742 0.371273935 0.80035156
vn -0.543559074 0.336170733 0.769111693
vn -0.615712583 0.295691133 0.730386734
vn -0.753983855 0.198623508 0.626144588
vn -0.506156564 -0.170523196 -0.845415533
vn -0.731013119 -0.331720322 -0.596306503
vn -0.749918282 -0.622734249 -0.223214239
vn -0.172976866 -0.379584283 -0.908842564
vn -0.182672322 -0.734157741 -0.653944373
vn -0.250970364 -0.0848052204 0.964272738
vn -0.697540104 0.370257318 -0.613471508
vn -0.995881617 0.0806282759 -0.0414595939
vn -0.997447491 0.0508770868 -0.0500997044
vn -0.793812692 -0.14876163 0.589687526
vn -0.854078054 0.0691305399 -0.515530467
vn 0.377846003 0.247071281 -0.892293751
vn 0.955655098 0.0672030672 -0.286717832
vn 0.412509412 -0.0729800612 0.908025265
vn -0.98848933 -0.149233267 0.0248657037
vn 0.690873086 -0.72284472 -0.0137783205
vn 0.837898314 -0.545812964 -0.00381609844
vn 0.895121217 -0.4457618 0.00737319933
vn 0.604308724 0.796639085 0.0133088864
vn 0.188269734 -0.00508153392 -0.982104242
vn -0.672872007 0.00995717477 0.739691913
vn -0.590940356 0.0152981607 0.806570172
vn -0.389996886 0.00778021896 0.920783281
vn -0.389996499 0.00778021989 0.92078346
vn -0.287469357 0.0130369337 0.957701087
vn -0.182416767 0.00135404791 0.983220339
vn -0.182418555 0.00135405594 0.983220041
vn -0.502706528 0.0151734604 0.864323974
vn -0.470084041 0.0352221541 0.88191855
vn -0.470646113 -0.00131568837 0.882321119
vn -0.427064985 -0.00204994297 0.904218614
vn -0.288359314 0.0127865979 0.957436919
vn -0.824571311 0.0083095571 0.565697014
vn -0.824571252 0.0083095571 0.565697074
vn -0.760271072 0.0327878222 0.648777962
vn -0.771773398 0.0194428209 0.635600328
vn -0.772078991 0.00204464491 0.63552326
vn -0.629223406 -0.00372011866 0.7772156
vn -0.879474759 0.0213440359 0.475466698
vn -0.880963504 0.0234677251 0.47260195
vn -0.932548702 0.00268308981 0.361034185
vn -0.932549 0.00268308632 0.361033499
vn -0.941309452 0.0116535751 0.337343693
vn -0.96530652 0.00728464313 0.26101768
vn -0.970015407 0.0129126571 0.242700189
vn -0.987506926 0.003383548 0.157539129
vn -0.987507403 0.0033835324 0.157536462
vn -0.994882882 0.0285862461 0.0969066992
vn -0.999482572 0.00298272655 0.0320257246
vn -0.999482691 0.00298271282 0.032023523
vn -0.994911075 0.0186084583 -0.0990236178
vn -0.996663809 0.035942059 -0.0732761472
vn -0.916822493 0.00435542874 -0.39927122
vn -0.953623712 0.0153859379 -0.30060786
vn -0.956558347 0.021569768 -0.29074195
vn -0.983991742 0.000960691483 -0.178211346
vn -0.983991683 0.000960688223 -0.178211764
vn -0.881760001 0.0101710754 -0.471588701
vn -0.869209111 0.0286669862 -0.493612945
vn -0.916822851 0.00435543619 -0.399270386
vn -0.733072639 0.00370437233 -0.680140257
vn -0.733073533 0.00370438257 -0.680139303
vn -0.773256004 0.0228676591 -0.633681476
vn -0.800455272 0.00348417764 -0.599382341
vn -0.800456703 0.00348419859 -0.599380434
vn -0.557029724 -0.0053989524 -0.830475032
vn -0.557029724 -0.0053989524 -0.830474973
vn -0.370547533 -0.00733998464 -0.92878449
vn -0.147432864 -0.000970630557 -0.989071608
vn -0.250750244 -0.00292451913 -0.96804738
vn -0.250744224 -0.00292453845 -0.96804893
vn -0.0421582051 -0.00661621336 -0.999089062
vn 0.098599419 0.00441376539 -0.995117426
vn 0.0839832649 0.0138716623 -0.996370614
vn 0.188272327 -0.005081526 -0.982103705
vn 0.290948421 0.0091306651 -0.956695139
vn 0.291521251 0.00949221291 -0.956517279
vn 0.40908587 -0.00578456977 -0.912477553
vn 0.472563475 0.00782903843 -0.881261885
vn 0.502412677 0.030573694 -0.864087224
vn 0.409086436 -0.00578456605 -0.912477314
vn 0.687920392 -0.00222702418 -0.725782692
vn 0.687920451 -0.00222702418 -0.725782692
vn 0.635205328 0.0211461615 -0.772053778
vn 0.591133416 -0.00167922326 -0.80657208
vn 0.591132224 -0.00167923386 -0.806572914
vn 0.760431886 0.0131251328 -0.649285018
vn 0.773275733 0.0226113293 -0.633666635
vn 0.824837387 -0.00158600067 -0.565367818
vn 0.824837089 -0.00158600498 -0.565368235
vn 0.88174969 0.0212903917 -0.471236825
vn 0.88936913 0.0122071933 -0.457026809
vn 0.956511259 0.0250466038 -0.290618032
vn 0.932569623 0.0051325988 -0.360953659
vn 0.932569921 0.00513260439 -0.360952973
vn 0.994741976 0.0268347152 -0.098834984
vn 0.990562379 0.0078156786 -0.136839747
vn 0.965437829 0.00880338345 -0.260484755
vn 0.997204602 0.0121477237 0.0737249404
vn 0.999462366 0.00695807999 -0.032039851
vn 0.999462545 0.00695812097 -0.0320338495
vn 0.980066657 0.000761529431 0.198667586
vn 0.970003903 0.0134079745 0.242719337
vn 0.953718424 0.00580149423 0.300645173
vn 0.941254616 0.0145743135 0.337383002
vn 0.916614592 0.00232170359 0.399765253
vn 0.916614532 0.00232170452 0.399765491
vn 0.731384993 0.0573207587 0.679551542
vn 0.800273657 0.0142081883 0.599466622
vn 0.858986437 0.00882478431 0.5119223
vn 0.858986616 0.00882478245 0.511921942
vn 0.352468222 0.00278101675 0.935819626
vn 0.352468431 0.00278101861 0.935819566
vn 0.610605955 -0.000457920338 0.791934431
vn 0.556842625 0.0113712391 0.83054018
vn 0.556842744 0.0113712391 0.830540121
vn 0.142307863 0.00339476997 0.989816606
vn 0.142304495 0.00339475414 0.989817083
vn 0.0396567248 0.00353062619 0.999207139
vn 0.0642190427 0.997901797 0.0082380157
vn 0.0503106043 0.998649359 0.0129740443
vn 0.150017396 0.988536596 0.0170358699
vn 0.0642162189 0.997902036 0.00823763479
vn 0.0642205924 0.997901738 0.00823802501
vn 0.247977987 0.968544781 0.0206874367
vn 0.181626469 0.983326972 0.00893792417
vn 0.18162626 0.983327031 0.00893792138
vn 0.406670898 0.913573265 -0.00162353541
vn 0.406669736 0.913573802 -0.00162354449
vn 0.342852861 0.939078927 0.0241392348
vn 0.296758384 0.954883695 0.0114700785
vn 0.296758741 0.954883575 0.0114700841
vn 0.50858438 0.861000955 0.00439866493
vn 0.428853631 0.903264165 0.0140859876
vn 0.428658515 0.902756512 0.0358131938
vn 0.268628418 0.962742686 0.0310695004
vn 0.406554192 0.913457096 0.0176006239
vn 0.604352951 0.796692371 0.00622824719
vn 0.692011714 0.721874595 0.00411154749
vn 0.692012429 0.721873879 0.00411155587
vn 0.770479202 0.637452662 0.00399212539
vn 0.770481348 0.637450039 0.00399110978
vn 0.770480156 0.63745147 0.00399213564
vn 0.803698599 0.594382882 0.0278854594
vn 0.83870554 0.544555008 0.00573036727
vn 0.838705242 0.544555485 0.00573036447
vn 0.858022809 0.512861609 0.0277459621
vn 0.89576906 0.444416612 0.00957455486
vn 0.941420674 0.33686921 0.0156928916
vn 0.940883338 0.338367105 0.0156923253
vn 0.904023468 0.426784426 0.0244252365
vn 0.895769 0.444416761 0.00957470294
vn 0.895767987 0.444418818 0.00957454741
vn 0.973646343 0.227869287 0.00940404274
vn 0.973646104 0.227870166 0.00940447673
vn 0.969863355 0.242477685 0.0238679759
vn 0.940862238 0.338352293 0.0172033459
vn 0.940860868 0.338356107 0.0172033459
vn 0.973645866 0.227871284 0.00940404832
vn 0.988945246 0.145134911 0.0303828139
vn 0.993436635 0.114324868 0.00367349945
vn 0.993436575 0.114325531 0.00367350294
vn 0.998293638 0.0461796671 0.035739027
vn 0.999998808 -0.000747954124 0.00133161992
vn 0.997817993 -0.0527824014 0.039664153
vn 0.999998808 -0.000745824305 0.00133163691
vn 0.973290563 -0.229319707 0.0108615113
vn 0.973290145 -0.229321525 0.0108614815
vn 0.98785764 -0.150092021 0.0401207432
vn 0.993264794 -0.115808405 0.00366415642
vn 0.993264735 -0.11580915 0.00366414781
vn 0.89511764 -0.445769072 0.00737294694
vn 0.8951208 -0.445762724 0.00737421308
vn 0.902518392 -0.428880095 0.0390181169
vn 0.940285087 -0.339738488 0.021017205
vn 0.940285861 -0.339736342 0.0210172608
vn 0.765498817 -0.635258079 0.102267817
vn 0.769485235 -0.63856703 -0.0111662606
vn 0.507207632 -0.86143595 -0.0258567743
vn 0.507209122 -0.861435056 -0.0258566719
vn 0.515183628 -0.857070863 0.00391639629
vn 0.603122413 -0.797555208 0.0122061847
vn 0.596519768 -0.802557468 0.00810643751
vn 0.603137374 -0.797578931 -0.00965010747
vn 0.296945244 -0.954891264 -0.00249654427
vn 0.350231439 -0.931963682 -0.093710579
vn 0.295356333 -0.949959815 -0.101690792
vn 0.404683858 -0.913999021 0.0289272685
vn 0.430296063 -0.900584638 -0.0615840554
vn 0.404039115 -0.912547231 -0.0633240044
vn 0.185094506 -0.982719421 -0.00159314612
vn 0.258998543 -0.955209076 -0.143162191
vn 0.182456642 -0.971368015 -0.152163684
vn 0.161284611 -0.979385912 -0.121616371
vn 0.0687403977 -0.97879827 -0.192947298
vn -0.0433099382 -0.984471977 -0.170115158
vn -0.0433095209 -0.984471977 -0.170115188
vn -0.055930607 -0.978409529 -0.198963657
vn -0.0429906622 -0.979039431 -0.199081853
vn 0.0559375994 -0.984263718 -0.167618454
vn 0.0687453821 -0.978798389 -0.192945018
vn 0.06874419 -0.978798449 -0.192945093
vn -0.258200794 -0.960518777 -0.103614807
vn -0.270667344 -0.959679484 -0.0758585781
vn -0.156864494 -0.977414787 -0.141611502
vn -0.161466196 -0.976736903 -0.141115874
vn -0.15657793 -0.975871027 -0.152181238
vn -0.156574726 -0.975871205 -0.15218319
vn -0.348528057 -0.935983419 -0.0496305302
vn -0.380446911 -0.924802542 0.000589925505
vn -0.270011187 -0.957439721 -0.101995587
vn -0.379361957 -0.922167361 -0.0754440874
vn -0.427630872 -0.903338969 0.0333250389
vn -0.483687133 -0.873723447 -0.0515183173
vn -0.483688563 -0.873722613 -0.0515182205
vn -0.581616402 -0.813105404 -0.024123773
vn -0.581616282 -0.813105524 -0.0241237823
vn -0.581615508 -0.813106 -0.0241242908
vn -0.595933259 -0.802704096 0.0230158977
vn -0.671497166 -0.740983188 0.00595529424
vn -0.672143877 -0.740396261 0.00600114185
vn -0.671488881 -0.740971029 0.00803789962
vn -0.752313495 -0.658804297 -0.00114555599
vn -0.741176128 -0.67119813 0.0122891413
vn -0.751784265 -0.65833956 0.0375417843
vn -0.671486259 -0.740973413 0.00803771894
vn -0.857866228 -0.513863385 -0.00314734853
vn -0.878280461 -0.466865927 0.103245482
vn -0.823118627 -0.567855775 -0.00394660747
vn -0.803558648 -0.595202506 -0.00523882639
vn -0.821084023 -0.566453576 0.0703659207
vn -0.752314091 -0.658803582 -0.00114551617
vn -0.901761651 -0.429116875 0.0518136322
vn -0.882998347 -0.469373614 -0.00151941425
vn -0.88299793 -0.469374418 -0.00151957956
vn -0.939804852 -0.338976055 0.0431513935
vn -0.931134224 -0.36464721 0.00463276822
vn -0.931134403 -0.364646703 0.00463278219
vn -0.989539564 -0.14208509 0.0249645095
vn -0.966478527 -0.254969835 0.0301592201
vn -0.969234169 -0.245049238 0.0231516436
vn -0.96682626 -0.255060256 0.0138309412
vn -0.96682626 -0.255060107 0.013830944
vn -0.999610543 -0.0272843949 0.00585568277
vn -0.998094141 -0.0522974879 0.0327573568
vn -0.989736915 -0.142114058 0.0149791474
vn -0.989737093 -0.14211309 0.0149791585
vn -0.999610543 -0.0272848886 0.00585567858
vn -0.998320818 0.0462337695 0.0348996855
vn -0.996124208 0.0879202783 0.00256866775
vn -0.996124089 0.0879212618 0.00256867358
vn -0.988872945 0.144767836 0.0342434309
vn -0.979387522 0.201956719 0.00368400966
vn -0.969808817 0.241811365 0.0315928459
vn -0.979387403 0.201957196 0.00368368393
vn -0.979387283 0.201957881 0.00368401362
vn -0.941461861 0.336057365 0.0267406218
vn -0.949622035 0.313305825 0.00757927634
vn -0.949622452 0.313304484 0.00757927587
vn -0.857998013 0.513263345 0.0200024899
vn -0.907115698 0.420423001 0.0196360983
vn -0.904001296 0.427101135 0.0191384256
vn -0.907211483 0.420471221 0.013089126
vn -0.907213151 0.420467585 0.0130891353
vn -0.803698897 0.594541252 0.0242658872
vn -0.852818668 0.522076368 0.0116886441
vn -0.852817357 0.522078454 0.0116886329
vn -0.710409284 0.70276773 0.0378968753
vn -0.787118137 0.616771519 0.00615913467
vn -0.787117302 0.616772532 0.00615912629
vn -0.710422158 0.702754974 0.0378915183
vn -0.741556048 0.670884073 0.00302589242
vn -0.710930049 0.70325762 0.00268138247
vn -0.672506392 0.73969996 0.0240661111
vn -0.625284553 0.780395746 0.00130674127
vn -0.62528497 0.780395389 0.00130674604
vn -0.596880853 0.802074313 0.0202508215
vn -0.531335473 0.847159266 0.00195503724
vn -0.430354029 0.902639806 0.00606873073
vn -0.430344909 0.902644157 0.00606866041
vn -0.428877443 0.903349757 0.00483528571
vn -0.430346131 0.902650952 0.00484944321
vn -0.515322924 0.856877506 0.0142557891
vn -0.531336784 0.847158432 0.00195540837
vn -0.531338096 0.847157598 0.00195542187
vn -0.323225111 0.946068764 0.0218961816
vn -0.3429344 0.93924278 0.0147995064
vn -0.323267967 0.946196079 0.0145176398
vn -0.247984782 0.96855551 0.02009275
vn -0.214286536 0.976717114 0.0102457115
vn -0.21428588 0.976717234 0.010245705
vn -0.150008529 0.988519073 0.0180972815
vn -0.106556967 0.994275987 0.00780357327
vn 0.00212848024 0.999922395 0.0122748977
vn -2.51474189e-17 0.99992466 0.0122732939
vn -0.000773195119 0.999924362 0.0122734066
vn -0.0271598119 0.999553919 0.0124202929
vn -0.050296206 0.998591304 0.0169037078
vn -0.106557041 0.994275987 0.00780331949
vn -0.106553935 0.994276285 0.00780330319
vn 0.0789937451 -0.126145676 0.98886162
vn 0.576703727 -0.170870647 0.798884213
vn 0.498100638 -0.15183571 0.853722274
vn 0.437043488 -0.162328377 0.884670854
vn 0.3669056 -0.1427643 0.919238091
vn 0.30881381 -0.149660632 0.939274073
vn 0.255370587 -0.133008376 0.957650602
vn 0.15261589 -0.140554309 0.978239655
vn 0.64830929 -0.155784681 0.745269239
vn 0.579940379 -0.139239848 0.802671432
vn 0.504885912 -0.155499101 0.84906435
vn 0.438918024 -0.136976898 0.888024926
vn 0.362544805 -0.148132145 0.92011857
vn 0.309711337 -0.131399736 0.941707492
vn 0.21933946 -0.13967666 0.965598583
vn 0.183034301 -0.126886651 0.974883676
vn 0.0516760424 -0.132208481 0.989874005
vn 0.251213312 -0.0752717704 0.96500051
vn 0.27354604 -0.0833321363 0.958242297
vn 0.274448574 -0.0348863974 0.960968733
vn 0.287377357 -0.0394764654 0.957003593
vn 0.287493199 0.00816552248 0.957747877
vn 0.249781966 0.0216646753 0.968059719
vn 0.566340446 -0.0697956532 0.821210742
vn 0.446051419 -0.0846315548 0.890996993
vn 0.447108239 -0.0526603274 0.892928362
vn 0.470634818 -0.0312649086 0.881774008
vn 0.466951162 -0.0283819921 0.883827507
vn 0.46695289 0.0110441931 0.884213209
vn 0.466530442 0.0111927325 0.884434342
vn 0.220387444 -0.108636402 0.969343841
vn 0.249890924 -0.119230546 0.960905075
vn 0.364762664 -0.10872709 0.924730539
vn 0.410071284 -0.12368378 0.90362817
vn 0.508568347 -0.109016083 0.85409236
vn 0.562792778 -0.125489905 0.8170169
vn 0.653393984 -0.104979426 0.749703646
vn 0.706132591 -0.119766176 0.697877347
vn 0.640762925 0.0311030243 0.76710856
vn 0.633042634 0.0236736983 0.773754835
vn 0.633434951 0.000185620869 0.773795903
vn 0.629219353 -0.00371985626 0.777218878
vn 0.629198015 -0.0187207107 0.77701956
vn 0.620281637 -0.0276125446 0.783892989
vn 0.620107472 -0.0372875705 0.783630252
vn 0.606457293 -0.0515747219 0.793441594
vn 0.605119169 -0.0830845982 0.791787684
vn 0.737364173 -0.0570945255 0.673078239
vn 0.708221138 -0.0955055207 0.699500918
vn 0.991255879 0.0276339706 0.129027501
vn 0.991199911 0.0299572572 0.128938928
vn 0.991627514 0.0295354053 0.125708044
vn 0.99169004 0.0267154127 0.125845715
vn 0.991733313 0.0267658066 0.125493303
vn 0.991903841 0.0111771822 0.126498342
vn 0.989942551 0.00838403031 0.141221315
vn 0.989468455 -0.0214646589 0.143148229
vn 0.98265624 -0.0288697369 0.183175534
vn 0.980499208 -0.0673229173 0.184631795
vn 0.963502705 -0.0781073421 0.256050378
vn 0.732566476 0.0078570582 0.680650115
vn 0.772001684 0.00764226541 0.63557452
vn 0.772074521 0.00204513338 0.635528743
vn 0.768235207 -0.00234673591 0.640163362
vn 0.768231511 -0.0139577948 0.640019953
vn 0.760201931 -0.0238756593 0.649248004
vn 0.760085464 -0.0302833505 0.649117112
vn 0.747633219 -0.0463676415 0.662491202
vn 0.746750176 -0.0665572435 0.661766052
vn 0.880743861 0.0303726066 0.472617984
vn 0.88138783 -0.0143305995 0.472175926
vn 0.854139566 0.00276909745 0.520036399
vn 0.854132712 -0.0149705512 0.519839585
vn 0.848198354 -0.0117580676 0.529548168
vn 0.847853601 -0.0318781063 0.529271245
vn 0.838840127 -0.0275747273 0.543678999
vn 0.83803165 -0.0505155139 0.543278098
vn 0.825770676 -0.0454782508 0.562169433
vn 0.824388266 -0.0707821473 0.561581612
vn 0.808610916 -0.0653104559 0.584707558
vn 0.806081653 -0.0981739387 0.583604515
vn 0.76137656 -0.101349711 0.640338957
vn 0.757664323 -0.135795936 0.63836056
vn 0.695289135 -0.141153738 0.704733014
vn 0.693218231 -0.15829286 0.703130066
vn 0.615200996 -0.161575109 0.771635413
vn 0.938649654 -0.000306687085 0.344871998
vn 0.938577294 -0.011033304 0.344892681
vn 0.935349047 -0.0088507859 0.353615344
vn 0.935093701 -0.0220583715 0.353713423
vn 0.930418491 -0.0194859821 0.365980536
vn 0.929882765 -0.0352331623 0.366164833
vn 0.923489749 -0.0324981287 0.382244051
vn 0.922271371 -0.0554795414 0.382540971
vn 0.902040899 -0.0603329465 0.427413374
vn 0.899462283 -0.089932844 0.427644283
vn 0.865736723 -0.0990821496 0.490594149
vn 0.862969279 -0.122646019 0.490144849
vn 0.81017226 -0.13283895 0.570941985
vn 0.807942271 -0.150620311 0.569686651
vn 0.731585503 -0.156852961 0.663460493
vn 0.96935457 0.00571613573 0.24559924
vn 0.969344676 0.00046804265 0.245704487
vn 0.968128085 0.0013713392 0.250451922
vn 0.968051732 -0.00620640209 0.250673711
vn 0.966088772 -0.00510872109 0.258159518
vn 0.965774775 -0.019155385 0.258673817
vn 0.958352149 -0.0224990584 0.284701467
vn 0.957179904 -0.0463730432 0.285755515
vn 0.941920757 -0.0542002209 0.3314327
vn 0.939661622 -0.0814670399 0.332263738
vn 0.910135746 -0.0928799286 0.403765053
vn 0.90705663 -0.120689727 0.403338939
vn 0.855535984 -0.131603986 0.500738025
vn 0.99908793 -0.00963297579 -0.0415987633
vn 0.996038854 0.0166116878 -0.0873535275
vn 0.998713374 0.0154660447 -0.0482944772
vn 0.997554004 0.0488858335 -0.0499613695
vn 0.998129427 0.0467888936 -0.0393504687
vn 0.996244669 0.0761750862 -0.0411576666
vn 0.997210383 0.0719453618 -0.0198824313
vn 0.996725917 0.0782786608 -0.0202457644
vn 0.997206509 0.0745751858 0.00420310255
vn 0.997781098 0.0664239824 0.00454953592
vn 0.906467855 0.185505822 -0.379346341
vn 0.934491873 0.172160968 -0.311585516
vn 0.929456353 0.197939903 -0.311336994
vn 0.949771881 0.185915321 -0.251731694
vn 0.882009029 0.129701421 -0.4530316
vn 0.899441898 0.129562169 -0.417394221
vn 0.80287689 0.181327999 -0.567898631
vn 0.79016608 0.249448955 -0.559832871
vn 0.70330292 0.284433991 -0.651507735
vn 0.691195309 0.332370013 -0.641700208
vn 0.740386009 0.336166978 -0.582082748
vn 0.73654896 0.348662555 -0.579594731
vn 0.774189651 0.351718128 -0.526236415
vn 0.896174371 0.153265417 -0.416390687
vn 0.912108064 0.152934298 -0.38035506
vn 0.824127376 0.207223713 -0.527136028
vn 0.813918948 0.254552633 -0.522244096
vn 0.854981899 0.255958259 -0.451100141
vn 0.852166653 0.266798019 -0.450145364
vn 0.882131696 0.268086225 -0.387264043
vn 0.273189902 0.269898325 -0.923321247
vn 0.298414916 0.255494982 -0.919603646
vn 0.291834354 0.346643835 -0.891443074
vn 0.164589331 0.285698652 -0.944079757
vn 0.182656825 0.276282758 -0.943559408
vn 0.178297609 0.36620149 -0.913294256
vn 0.199862838 0.354568332 -0.913420022
vn 0.193642139 0.428017884 -0.882781625
vn 0.0554526486 0.292607874 -0.954623282
vn 0.0623609163 0.289276689 -0.955212057
vn 0.0608580001 0.37508288 -0.924991429
vn 0.0692520887 0.370924801 -0.926077187
vn 0.0671583787 0.438338697 -0.896297336
vn 0.0755690485 0.434109181 -0.897685111
vn 0.0736039579 0.478722543 -0.874875546
vn 0.94061017 -0.00186826137 0.33948347
vn 0.969986022 0.00844961125 0.243013948
vn 0.970000803 0.00511806738 0.243047938
vn 0.990777075 0.0240950361 0.133342683
vn 0.990678847 0.0283773188 0.133229792
vn 0.998280942 0.0562548116 0.0164502766
vn 0.997567713 0.0678257346 0.0160738621
vn 0.984166205 0.113327891 -0.136285082
vn 0.979023516 0.133466631 -0.153946728
vn 0.927995086 0.186207995 -0.322725415
vn 0.916472495 0.209330082 -0.340967804
vn 0.838000238 0.254866928 -0.482491881
vn 0.823427379 0.275288194 -0.49616906
vn 0.722569942 0.314519405 -0.615605593
vn 0.709098876 0.329416871 -0.623428702
vn 0.587487757 0.362702966 -0.72339803
vn 0.450753242 0.332536787 -0.828396499
vn 0.59958595 0.308117211 -0.738620639
vn 0.605765343 0.302108079 -0.736056387
vn 0.732381105 0.271860719 -0.62426734
vn 0.741769075 0.260971695 -0.617796421
vn 0.844211996 0.225776613 -0.48613894
vn 0.854455829 0.210550815 -0.474945933
vn 0.930658937 0.170883238 -0.323531806
vn 0.938662887 0.153513536 -0.30878076
vn 0.984588027 0.109630249 -0.136262894
vn 0.988071024 0.0941670164 -0.121853434
vn 0.997953415 0.058019489 0.0268836655
vn 0.998630226 0.0447151028 0.0271705873
vn 0.99013418 0.0251045562 0.137855262
vn 0.99024725 0.0196166411 0.13793318
vn 0.97019273 0.00822263211 0.242195174
vn 0.0941855535 0.431547254 -0.897159994
vn 0.0911133215 0.484906137 -0.869807124
vn 0.262425363 0.473586172 -0.840743184
vn 0.256791472 0.505464792 -0.823749661
vn 0.399925053 0.485847712 -0.777182043
vn 0.395981461 0.500318766 -0.769986868
vn 0.375938356 0.496760666 -0.782239854
vn 0.381296009 0.475916177 -0.792538404
vn 0.349209517 0.470697999 -0.810244441
vn 0.3581478 0.428012341 -0.829780459
vn 0.44361189 0.413892597 -0.794922292
vn 0.456146628 0.352418393 -0.817148387
vn 0.527841985 0.338111103 -0.779142916
vn 0.540748775 0.257317722 -0.800861001
vn 0.61583209 0.240482837 -0.750279188
vn 0.623594403 0.155154988 -0.76619643
vn 0.728040338 0.129462704 -0.673198819
vn 0.0915102959 0.484637499 -0.869915128
vn 0.0892685279 0.518899977 -0.850161135
vn 0.25377661 0.507527292 -0.823415756
vn 0.250650823 0.52406615 -0.813958704
vn 0.240250006 0.521836996 -0.818514526
vn 0.24412708 0.500278771 -0.830736518
vn 0.222491145 0.496035755 -0.839312971
vn 0.228270128 0.456626087 -0.859875202
vn 0.331432641 0.444975138 -0.831955254
vn 0.341175824 0.388155133 -0.856115997
vn 0.421375215 0.376206934 -0.825173497
vn 0.433174342 0.296839744 -0.851026535
vn 0.504363656 0.284603953 -0.815240979
vn 0.512658298 0.195437402 -0.836053669
vn 0.592546523 0.180616572 -0.785026312
vn 0.989624739 0.0207565799 0.142169267
vn 0.998813093 0.0325678289 0.0362186693
vn 0.998259485 0.0466530733 0.0360767618
vn 0.991159797 0.0730743781 -0.110735834
vn 0.988982677 0.0840437636 -0.121860355
vn 0.947083831 0.117284767 -0.298791647
vn 0.941940129 0.129181683 -0.309936911
vn 0.86762172 0.16018565 -0.470715553
vn 0.86105305 0.170357928 -0.479130238
vn 0.757371366 0.19837743 -0.622121334
vn 0.751559019 0.20531477 -0.626901031
vn 0.620811462 0.229531318 -0.749605596
vn 0.617448688 0.232872456 -0.751350522
vn 0.462444574 0.25232935 -0.849985242
vn 0.462130904 0.252602816 -0.850074589
vn 0.286639452 0.266361773 -0.920265853
vn 0.962524772 0.0666720867 -0.26287058
vn 0.960614264 0.0896781906 -0.263017207
vn 0.967155814 0.0890575051 -0.238072202
vn 0.963419616 0.121878423 -0.238680258
vn 0.975672543 0.111824945 -0.188569054
vn 0.971960962 0.139233142 -0.189488724
vn 0.981239498 0.129726201 -0.142619044
vn 0.981536746 0.127541751 -0.142543837
vn 0.957093775 0.143750682 -0.251609266
vn 0.976710081 0.149293065 -0.154107139
vn 0.889912188 0.237480327 -0.389434636
vn 0.909473836 0.240729317 -0.338979036
vn 0.785389721 0.315280467 -0.532692432
vn 0.811490357 0.319354206 -0.489383548
vn 0.696473658 0.369200647 -0.615317225
vn 0.697556496 0.370250314 -0.613457143
vn 0.568152845 0.408833504 -0.714183092
vn 0.578112543 0.371452361 -0.726504683
vn 0.436645061 0.398348391 -0.806634784
vn 0.448672384 0.334318459 -0.828808963
vn 0.279986441 0.351836681 -0.893206894
vn 0.28844443 0.264920831 -0.920117795
vn 0.0975665897 0.272147298 -0.957296491
vn 0.980066895 0.000761522038 0.198666245
vn 0.994973361 0.0253086835 0.0968887582
vn 0.99510926 0.0195573047 0.0968249366
vn 0.994711399 0.0280335564 -0.0988098308
vn 0.994151652 0.0314808153 -0.103302501
vn 0.956164241 0.039444752 -0.290162176
vn 0.954874575 0.0425072759 -0.293951899
vn 0.881192446 0.0497771911 -0.470129877
vn 0.879847646 0.0518049076 -0.472423881
vn 0.772694767 0.0580754392 -0.632115543
vn 0.772109449 0.058738105 -0.632769167
vn 0.634685576 0.063789919 -0.770133138
vn 0.635384798 0.0631390661 -0.769610047
vn 0.472219229 0.0668537766 -0.878942311
vn 0.474181145 0.0652565062 -0.878005624
vn 0.291276366 0.0676281676 -0.954245508
vn 0.293706775 0.0658103004 -0.953627467
vn 0.0985102877 0.0669362694 -0.992882311
vn 0.0997355431 0.0660570785 -0.992818832
vn 0.0890988111 0.519008577 -0.850112617
vn 0.0878700092 0.536518931 -0.83930105
vn 0.0851894543 0.535820127 -0.840023518
vn 0.0867087543 0.513272941 -0.853833973
vn 0.0787485167 0.511358678 -0.855751693
vn 0.0807553902 0.474990726 -0.876277566
vn 0.209283024 0.467513263 -0.858855009
vn 0.215390444 0.41601491 -0.883480906
vn 0.311525196 0.406279802 -0.859004498
vn 0.321086913 0.329253048 -0.887972772
vn 0.399404228 0.319226712 -0.859401286
vn 0.407292694 0.22841315 -0.884273767
vn 0.481186509 0.217850968 -0.849117458
vn -0.945728958 0.0158450436 -0.324569911
vn -0.869673252 0.0553132854 -0.490518987
vn -0.867040634 0.108118743 -0.486364961
vn -0.885836005 0.0888080299 -0.455420405
vn -0.880603552 0.141504273 -0.452232212
vn -0.900837839 0.11795862 -0.41782409
vn -0.894176722 0.166072875 -0.41577372
vn -0.913995564 0.140410081 -0.380653501
vn -0.903855741 0.198820964 -0.378833801
vn -0.936702311 0.159574673 -0.311648369
vn -0.926726103 0.210622415 -0.311154276
vn -0.951990366 0.174155533 -0.251762122
vn -0.94884187 -0.110107668 0.295931488
vn -0.949567854 -0.101644926 0.296629667
vn -0.935341477 -0.116975114 0.333846062
vn -0.999085844 -0.00961638801 -0.0416534282
vn -0.998721778 -0.0288419221 -0.0415087007
vn -0.998905361 -0.0330341533 -0.0331179425
vn -0.998258591 -0.0484605841 -0.0336358845
vn -0.998332977 -0.0529961027 -0.0228617899
vn -0.653779387 -0.157367453 0.740140498
vn -0.824538946 -0.13056916 0.550533593
vn -0.82269299 -0.153759569 0.547297239
vn -0.962533832 -0.0904215276 0.255641401
vn -0.962645769 -0.0891071185 0.255681455
vn -0.996034205 0.0166261792 -0.0874039084
vn -0.998711169 0.0154802399 -0.0483359583
vn 0.0988545045 0.271167517 -0.957442403
vn 0.0956834629 0.36045137 -0.927857459
vn 0.280993074 0.351047367 -0.893201351
vn 0.27191925 0.421338707 -0.865178347
vn 0.432468891 0.401789904 -0.807177544
vn 0.422148943 0.447372884 -0.788446426
vn 0.555417657 0.420143992 -0.717628241
vn 0.549621344 0.439498842 -0.71046263
vn 0.658569634 0.407418489 -0.632689655
vn 0.655555606 0.416295052 -0.630035937
vn 0.619094253 0.412138641 -0.668478906
vn 0.624193192 0.396189541 -0.673362255
vn 0.576636434 0.39105612 -0.717332244
vn 0.588938355 0.343930304 -0.731343687
vn 0.664317369 0.32188201 -0.674592018
vn 0.679089844 0.253006279 -0.689075351
vn 0.768844008 0.221043125 -0.6000157
vn 0.779209733 0.145642579 -0.609606743
vn 0.885061443 0.0986799076 -0.454893976
vn 0.867743611 0.0981370285 -0.487226993
vn 0.957038462 0.0404026099 -0.287132353
vn 0.950563788 0.0404971838 -0.307877332
vn 0.998664439 -0.0308572259 -0.0414381139
vn 0.998976409 -0.0309516583 -0.0329859853
vn 0.961596131 -0.100600131 0.255367339
vn 0.949716568 -0.0995906368 0.296850294
vn 0.854271293 -0.143672585 0.499578536
vn 0.823916912 -0.138763264 0.549459457
vn 0.73116684 -0.161455438 0.662817597
vn 0.690552056 -0.153112978 0.706890583
vn 0.571622133 -0.171073556 0.80248487
vn 0.51954478 -0.139196768 0.843028784
vn 0.412627339 -0.147212654 0.898925543
vn 0.34430787 -0.12827158 0.930052936
vn 0.296838015 -0.130419448 0.945979893
vn 0.243201181 -0.114687227 0.96317184
vn 0.204448342 -0.115839809 0.97199899
vn 0.165880382 -0.104069211 0.980639219
vn 0.12242683 -0.104872681 0.986921191
vn 0.0990513936 -0.0975061581 0.990293562
vn 0.041765105 -0.0980138928 0.994308293
vn 0.033880502 -0.0954563245 0.994856894
vn -0.0417646393 -0.095427826 0.994559824
vn -0.0339038558 -0.0980584994 0.994602978
vn -0.122409053 -0.0972056091 0.987707973
vn -0.0992354304 -0.105218403 0.989485443
vn -0.204424933 -0.10318245 0.973428905
vn -0.166332349 -0.116789065 0.979129136
vn -0.296909511 -0.112765774 0.948223948
vn -0.24392201 -0.132400408 0.9607144
vn -0.41306901 -0.124496952 0.902149916
vn -0.345126688 -0.151015759 0.92632705
vn -0.998213589 0.0450257398 -0.0392719507
vn -0.982361376 -0.0363085717 0.183433518
vn -0.981210232 -0.0573091656 0.184233859
vn -0.853773177 -0.148307383 0.499075472
vn -0.855825543 -0.128880069 0.500951648
vn -0.689610183 -0.169537425 0.704056025
vn -0.691201746 -0.140018761 0.708967507
vn -0.0625608936 -0.126293227 0.990018249
vn -0.0516872182 -0.130765587 0.990065038
vn -0.185953036 -0.125564218 0.974502504
vn -0.15262036 -0.140554041 0.978239
vn -0.309859455 -0.128307804 0.942085028
vn -0.254651725 -0.155467018 0.954454005
vn -0.439185262 -0.133144677 0.888475537
vn -0.365294993 -0.173281595 0.91462183
vn -0.580270946 -0.135773733 0.803026259
vn -0.495114863 -0.188394412 0.848156154
vn -0.695478559 -0.139632538 0.704849124
vn -0.613138974 -0.181035191 0.768951774
vn -0.779733539 -0.128367424 0.612811029
vn -0.705932498 -0.172748655 0.686889529
vn -0.864992917 -0.105984651 0.490463585
vn -0.940840364 -0.0684547722 0.331863403
vn -0.807973802 -0.150524706 0.569667101
vn -0.810257196 -0.132278234 0.570951641
vn -0.70709908 -0.16342251 0.687970936
vn -0.572026134 -0.164724976 0.803524613
vn -0.616565287 -0.147534847 0.773356795
vn -0.411656141 -0.179340139 0.893519104
vn -0.499246716 -0.135195613 0.855847478
vn -0.296560287 -0.157829985 0.941882014
vn -0.367694139 -0.125040755 0.921501935
vn -0.204429075 -0.13774991 0.969140708
vn -0.255849212 -0.115620054 0.959777653
vn -0.122456923 -0.122366168 0.984901428
vn -0.153115749 -0.109991811 0.982067883
vn -0.041778475 -0.112820283 0.992736697
vn -0.0518013015 -0.10903281 0.992687523
vn 0.0417741872 -0.109084092 0.993154347
vn 0.0517814569 -0.112624131 0.992287517
vn 0.12243975 -0.110913962 0.986258864
vn 0.152949274 -0.121032529 0.98079437
vn 0.204450503 -0.118502431 0.971677482
vn 0.255333483 -0.134264275 0.957485199
vn 0.296833634 -0.131110013 0.945885777
vn 0.366499871 -0.151069 0.918071866
vn 0.412655205 -0.14602682 0.899106145
vn 0.496877462 -0.167803228 0.851442814
vn 0.572524548 -0.15561223 0.804984748
vn 0.614865065 -0.16488269 0.771203399
vn 0.707080364 -0.163424417 0.687989712
vn 0.708244979 -0.153547809 0.689066112
vn 0.777388215 -0.146675989 0.611681044
vn 0.779923916 -0.126628533 0.612930596
vn 0.830355108 -0.118751787 0.544434011
vn 0.833795547 -0.0858254358 0.54536134
vn 0.867462337 -0.0812456384 0.490824044
vn 0.869501412 -0.0521216504 0.491172761
vn 0.880875051 -0.0563563891 0.469982058
vn 0.881910801 -0.0347832143 0.470131338
vn 0.890566468 -0.0387598686 0.453198731
vn 0.891134202 -0.0197239816 0.453310877
vn 0.897377491 -0.0231575072 0.440655619
vn 0.897596896 -0.0068953638 0.440763265
vn 0.901625156 -0.00946146343 0.43241474
vn 0.901619375 0.00297336909 0.432520121
vn 0.940573514 0.00694721006 0.339518994
vn 0.941377103 0.00621837657 0.33729881
vn 0.970172882 0.0103088748 0.242194727
vn 0.970047295 0.010466733 0.242690414
vn 0.989729822 0.0148152849 0.142180905
vn 0.99894309 -0.0160099585 0.0430856049
vn 0.998473346 0.034417782 0.043202024
vn 0.993376672 0.050874263 -0.103027329
vn 0.992155731 0.057781361 -0.110852778
vn 0.952958345 0.0789500773 -0.292638451
vn 0.950018883 0.085995242 -0.30011487
vn 0.876665533 0.105992407 -0.469279349
vn 0.873044372 0.111654885 -0.474685848
vn 0.767924368 0.129761159 -0.627259254
vn 0.765052497 0.133176133 -0.630046666
vn 0.630772889 0.148695454 -0.761587262
vn 0.629723608 0.149726689 -0.762253344
vn 0.469909668 0.161997288 -0.867722213
vn 0.470966876 0.161088258 -0.867318153
vn 0.290610731 0.169571847 -0.94169569
vn 0.292903423 0.167766362 -0.941308677
vn 0.0985738412 0.172106981 -0.980133832
vn 0.0999071598 0.171104237 -0.980174422
vn -0.950919151 0.00849227421 -0.309322983
vn -0.95037967 0.0462226719 -0.30763939
vn -0.957226753 0.0348453745 -0.287232816
vn -0.955147207 0.0744907707 -0.286609411
vn -0.962995827 0.0596463643 -0.262833327
vn -0.959779263 0.0980682001 -0.26307109
vn -0.967902541 0.0809994712 -0.237915352
vn -0.962125123 0.13141793 -0.238840058
vn -0.976698041 0.103032582 -0.18826893
vn -0.970438838 0.149067312 -0.189808726
vn -0.982427597 0.120745242 -0.142325774
vn -0.713789523 0.386232823 -0.584233403
vn -0.997557938 0.0697056279 0.00438993843
vn -0.709082663 0.329423398 -0.623443663
vn -0.722552359 0.31452772 -0.615621984
vn -0.823415101 0.275295675 -0.496185303
vn -0.837987602 0.254875481 -0.482509375
vn -0.916464508 0.209337875 -0.340984583
vn -0.927986979 0.186216906 -0.322743595
vn -0.979019344 0.133475333 -0.153965876
vn -0.984162748 0.113335773 -0.136303842
vn -0.997438073 0.0714047179 0.00431772834
vn -0.997878373 0.0630552769 0.016210895
vn -0.991596103 0.0309477188 0.125615939
vn -0.991235614 0.0286180638 0.128968954
vn -0.966038585 -0.00841316767 0.258260906
vn -0.968096256 -0.00302332151 0.250560373
vn -0.923163116 -0.0398269147 0.382339716
vn -0.930158496 -0.0281784721 0.366075277
vn -0.868889451 -0.0622065328 0.491081893
vn -0.881401062 -0.0466349758 0.470060974
vn -0.807825089 -0.0769538432 0.584377229
vn -0.825076461 -0.0595406406 0.561875224
vn -0.708230019 -0.0955038443 0.699492157
vn -0.730596006 -0.0663078651 0.679582775
vn -0.623724759 -0.0895759389 0.776494384
vn -0.446592718 -0.0700768009 0.891988873
vn -0.411887318 -0.0883745849 0.906939209
vn -0.566346943 -0.0697958097 0.821206272
vn -0.991735518 0.0268568359 0.125456527
vn -0.991694212 0.0266534705 0.125825942
vn -0.958122969 -0.0283883885 0.284946501
vn -0.965923548 -0.013799089 0.258459538
vn -0.901220024 -0.0709487125 0.427514642
vn -0.922855198 -0.0457592532 0.38241908
vn -0.832491219 -0.0995076969 0.545028985
vn -0.868447304 -0.0686245337 0.491009116
vn -0.759854257 -0.116654709 0.639541328
vn -0.807292461 -0.0839707479 0.584147096
vn -0.650489748 -0.136179686 0.747206926
vn -0.70859623 -0.0906570256 0.699766219
vn -0.506520927 -0.136693776 0.851323307
vn -0.564673126 -0.0995655507 0.819286883
vn -0.363652229 -0.129842311 0.922441363
vn -0.411156654 -0.103871554 0.90562737
vn -0.219978005 -0.121633179 0.967892051
vn -0.250309587 -0.10702689 0.962231994
vn -0.0740266666 -0.11491555 0.990613163
vn -0.732364237 0.271866113 -0.624284744
vn -0.741751254 0.260978431 -0.617815018
vn -0.844199955 0.225782558 -0.48615706
vn -0.854443312 0.210557863 -0.474965274
vn -0.930651367 0.170889527 -0.323550254
vn -0.938655257 0.153520808 -0.308800399
vn -0.984584689 0.10963694 -0.136281669
vn -0.988068104 0.0941733867 -0.121872187
vn -0.998026431 0.0606461503 0.0162892547
vn -0.998188674 0.0537843369 0.0269564837
vn -0.991216123 0.0294190664 0.128938392
vn -0.990722954 0.0266658235 0.133255452
vn -0.968118727 -0.000663703133 0.250490963
vn -0.969356358 0.002444732 0.245646745
vn -0.930267453 -0.0249031316 0.366035968
vn -0.935220838 -0.0168110058 0.35366556
vn -0.881593108 -0.0425625183 0.47008729
vn -0.890836835 -0.031221671 0.453249305
vn -0.825340748 -0.0546237528 0.561986566
vn -0.838404 -0.0416467004 0.543455899
vn -0.730367124 -0.0704306811 0.679414034
vn -0.747586846 -0.047804568 0.662441373
vn -0.60559994 -0.07340011 0.792376876
vn -0.772090793 0.058738783 -0.632791877
vn -0.772675693 0.0580766276 -0.632138729
vn -0.879835248 0.051805865 -0.472446918
vn -0.88117969 0.0497786775 -0.4701536
vn -0.954867661 0.04250855 -0.293974161
vn -0.956157207 0.0394464135 -0.290185064
vn -0.994149566 0.0314822793 -0.103322439
vn -0.994709373 0.0280348528 -0.0988296494
vn -0.998826206 0.0219739117 0.0431668572
vn -0.995325565 0.000595265126 0.0965748206
vn -0.768240273 -0.00234669517 0.640157282
vn -0.854145348 0.00276911375 0.520027041
vn -0.881392896 -0.0143308481 0.472166479
vn -0.90162462 0.00297393464 0.432509154
vn -0.941372454 0.00703961775 0.337295562
vn -0.940584779 0.0061212061 0.339503795
vn -0.970053315 0.0102888746 0.242674187
vn -0.970174849 0.0104898568 0.24217923
vn -0.989732265 0.0148164565 0.142163634
vn -0.458989829 -0.0419230014 0.887451828
vn -0.447111309 -0.0526603907 0.892926872
vn -0.620112002 -0.0372880436 0.783626616
vn -0.606462181 -0.0515750125 0.793437839
vn -0.760091245 -0.0302837789 0.649110317
vn -0.747639596 -0.0463676304 0.66248399
vn -0.848008037 -0.0253978819 0.52937448
vn -0.838658869 -0.0342163332 0.543581188
vn -0.897482991 -0.0177443828 0.440691948
vn -0.891008973 -0.0252723042 0.453281671
vn -0.93861872 -0.00743952673 0.344876051
vn -0.93530041 -0.0125331562 0.353632629
vn -0.970001519 0.00614421861 0.243021205
vn -0.969359517 0.00466981716 0.245601863
vn -0.990176678 0.023325976 0.137862533
vn -0.990739822 0.0259299818 0.133274868
vn -0.998416007 0.0431587137 0.0360946991
vn -0.998465419 0.0483091958 0.0270744786
vn -0.991157234 0.0730797946 -0.110755168
vn -0.988979936 0.0840488747 -0.12187916
vn -0.947076619 0.117290571 -0.29881227
vn -0.941932857 0.129187062 -0.309956819
vn -0.867609143 0.160191745 -0.470736623
vn -0.861041009 0.170362994 -0.479150146
vn -0.75735271 0.198383272 -0.622142196
vn -0.751541615 0.205318972 -0.626920521
vn -0.765034318 0.133178443 -0.630068243
vn -0.767905533 0.129764393 -0.627281666
vn -0.873032272 0.111657619 -0.474707544
vn -0.876653016 0.105995968 -0.469301999
vn -0.950012028 0.0859982893 -0.300135791
vn -0.952951252 0.0789540187 -0.292660505
vn -0.992153347 0.0577848218 -0.110872231
vn -0.993374407 0.0508779213 -0.10304717
vn -0.998724341 0.0352295265 0.0361744575
vn -0.998560846 0.0318052471 0.0431821011
vn -0.990219414 0.021242369 0.137892097
vn -0.989658833 0.019163264 0.142155603
vn -0.969991982 0.00813345332 0.243000746
vn -0.970193863 0.00853738748 0.242179751
vn -0.938648999 -0.00245438772 0.344865233
vn -0.940612733 0.000246365962 0.339481413
vn -0.897576272 -0.0103494367 0.440737665
vn -0.90164268 -0.00606371183 0.432439208
vn -0.848160386 -0.0159796514 0.529498458
vn -0.854164124 -0.0108192423 0.519890904
vn -0.760207713 -0.0238752067 0.649241269
vn -0.768236578 -0.0139580425 0.640013874
vn -0.620286226 -0.0276126079 0.783889353
vn -0.629202068 -0.0187211446 0.777016222
vn -0.459192306 -0.0287940782 0.887870133
vn -0.09232191 -0.0778375342 0.992682219
vn -0.0925781503 -0.0386391208 0.99495542
vn -0.0970604494 -0.0369315259 0.994593024
vn -0.0970921665 0.0128514105 0.995192409
vn -0.0590839572 0.00352723384 0.998246789
vn -0.672871292 0.00995717756 0.739692569
vn -0.632735789 0.0348824263 0.773581684
vn -0.633438587 0.000185030483 0.773792982
vn -0.467040747 -0.00420404552 0.884225786
vn -0.467002571 -0.0220826361 0.883980155
vn -0.287463039 -0.0285003949 0.957367599
vn -0.316245526 -0.04977189 0.947370827
vn -0.274449885 -0.0348864533 0.960968375
vn -0.273764879 -0.074297972 0.958922625
vn -0.0845338479 -0.0810690001 0.993117213
vn -0.0842292979 -0.110510282 0.990299404
vn 0.0970915258 0.0130624361 0.995189726
vn 0.0970550701 -0.0385633968 0.994531631
vn 0.0925853923 -0.0369473435 0.995019019
vn 0.092295669 -0.0808521584 0.992443681
vn 0.0845612884 -0.0778914019 0.993369162
vn 0.0841805488 -0.114563242 0.989842892
vn 0.0740713999 -0.110599726 0.991100967
vn 0.0738720149 -0.128355905 0.988973022
vn -0.0738735348 -0.128355891 0.988972962
vn -0.0624956265 -0.13324818 0.989110291
vn -0.219829306 -0.126046821 0.967360973
vn -0.185473844 -0.142422676 0.972273231
vn -0.363882035 -0.125741348 0.922918737
vn -0.308526576 -0.155206636 0.938468039
vn -0.507384717 -0.125710934 0.852500737
vn -0.436545163 -0.168579891 0.88374722
vn -0.651949584 -0.121432148 0.74847579
vn -0.576167941 -0.175705045 0.798221946
vn -0.75966388 -0.118434832 0.639440358
vn -0.69305867 -0.159667552 0.702976465
vn -0.832167029 -0.102641523 0.544942856
vn -0.777770221 -0.143939748 0.611845434
vn -0.900744617 -0.0764880255 0.427561313
vn -0.86409384 -0.11369963 0.490320504
vn -0.957695246 -0.0373739302 0.285347193
vn -0.941192508 -0.0641279444 0.331729293
vn -0.991895139 0.0139537472 0.126290843
vn -0.379361361 -0.922167659 -0.0754441246
vn -0.362057209 -0.930516541 -0.0552593656
vn -0.429986745 -0.901997626 -0.0388799533
vn -0.43580395 -0.899926424 -0.0144009134
vn -0.266002625 -0.400041252 -0.877045929
vn -0.2707946 -0.409830868 -0.871039033
vn -0.344783515 -0.429632753 -0.83458972
vn -0.348544419 -0.436142802 -0.829636216
vn -0.411255985 -0.453565598 -0.790662229
vn -0.413092703 -0.456239671 -0.788162291
vn -0.476456285 -0.47266221 -0.741336524
vn -0.475406289 -0.471374869 -0.742828786
vn -0.543626547 -0.486333996 -0.684068263
vn -0.537775338 -0.480262727 -0.692925215
vn -0.614067793 -0.492715329 -0.616564989
vn -0.679286957 -0.653039038 -0.334827095
vn -0.685900152 -0.657156408 -0.31254831
vn -0.615026236 -0.676112592 -0.405727059
vn -0.614475548 -0.675657988 -0.407315731
vn -0.546280503 -0.684755027 -0.482377648
vn -0.537641048 -0.675667703 -0.504395902
vn -0.472873867 -0.677142322 -0.563798368
vn -0.457217664 -0.656629682 -0.599824488
vn -0.394201279 -0.652654707 -0.647029519
vn -0.373861194 -0.61997056 -0.689829171
vn -0.302487433 -0.611535072 -0.731112957
vn -0.281625748 -0.571227729 -0.770964205
vn -0.193454921 -0.559739649 -0.805770874
vn -0.213879034 -0.607341051 -0.765109539
vn -0.0592239164 -0.598621964 -0.798839331
vn -0.282510728 -0.737182021 -0.61379993
vn -0.314719617 -0.790683806 -0.525138736
vn -0.380394936 -0.786826372 -0.486008167
vn -0.407932132 -0.822225392 -0.396908969
vn -0.468859673 -0.810802639 -0.35038501
vn -0.487175703 -0.827246547 -0.279862374
vn -0.549696147 -0.805288672 -0.222135767
vn -0.55885005 -0.809768736 -0.178777114
vn -0.62218529 -0.775129974 -0.109813184
vn -0.624465764 -0.775149941 -0.0958387554
vn -0.686083257 -0.727311492 -0.0175430756
vn -0.684574246 -0.728303909 -0.0305209439
vn -0.742063642 -0.668095231 0.0546841174
vn -0.73950249 -0.67288518 0.0190146882
vn -0.790900171 -0.602261364 0.108434789
vn -0.846257329 -0.398542821 -0.35357058
vn -0.874865592 -0.413234115 -0.252681226
vn -0.790489137 -0.43306011 -0.433111876
vn -0.820146978 -0.449964285 -0.353399336
vn -0.60004878 -0.322913527 -0.731893659
vn -0.596579194 -0.299448282 -0.744596541
vn -0.720330954 -0.515934527 -0.463610679
vn -0.746137857 -0.458312064 -0.482937157
vn -0.791749179 -0.572661996 -0.212582827
vn -0.834904969 -0.53202939 0.140990928
vn -0.859398603 -0.474010348 0.191698372
vn -0.875222921 -0.458435804 0.154341996
vn -0.893556297 -0.401582837 0.20071955
vn -0.909809828 -0.381987602 0.16227001
vn -0.922870755 -0.325727254 0.205454051
vn -0.93813777 -0.302641451 0.168242902
vn -0.946542501 -0.244452119 0.210476607
vn -0.138116941 -0.0847676471 -0.986781716
vn -0.205939025 -0.0826881975 -0.975064993
vn -0.11822997 -0.0581208766 -0.991283834
vn -0.107978299 0.0658870041 -0.991967559
vn -0.283106804 -0.0684689879 -0.956641257
vn -0.246464968 -0.052027747 -0.967754185
vn -0.0516172126 0.148427457 -0.987575293
vn -0.05165888 0.207213163 -0.976930916
vn -0.16574879 0.203653231 -0.964910746
vn -0.164573416 0.285700381 -0.944082022
vn -0.182640672 0.276284605 -0.943561971
vn -0.178281724 0.366203666 -0.913296521
vn -0.199845403 0.354571313 -0.913422704
vn -0.193625093 0.428020716 -0.882784009
vn -0.215372026 0.416018426 -0.883483768
vn -0.209265172 0.467515737 -0.858858049
vn -0.228250146 0.456629783 -0.85987854
vn -0.22143963 0.502672672 -0.835634291
vn -0.245187238 0.494043827 -0.834148645
vn -0.239578247 0.525338888 -0.816468835
vn -0.251251727 0.520803213 -0.815865517
vn -0.253749579 0.507530928 -0.823421836
vn -0.256764531 0.505468428 -0.823755801
vn -0.262398243 0.4735879 -0.840750635
vn -0.263810962 0.472572893 -0.840879679
vn -0.27181229 0.421399862 -0.865182221
vn -0.271888971 0.421342015 -0.865186274
vn -0.28096211 0.351049304 -0.893210292
vn -0.27995351 0.351840138 -0.893215835
vn -0.288410962 0.264922947 -0.92012769
vn -0.286606282 0.26636368 -0.920275629
vn -0.292869598 0.167767137 -0.941319048
vn -0.29057622 0.169573158 -0.941706121
vn -0.293672144 0.0658101588 -0.953638136
vn -0.291241407 0.0676282644 -0.954256177
vn -0.291507989 0.0160121135 -0.956434369
vn -0.370547384 -0.00733998558 -0.928784549
vn -0.0536566153 0.0980300084 -0.993735909
vn -0.0534261651 0.118340068 -0.991534829
vn -0.14901261 0.112647586 -0.982397974
vn -0.148784652 0.139971361 -0.978913248
vn -0.256245255 0.131792918 -0.957584977
vn -0.256424367 0.180553719 -0.949550867
vn -0.379847765 0.168984845 -0.909483254
vn -0.377832621 0.24707447 -0.892298579
vn -0.407280236 0.228415951 -0.884278774
vn -0.39939183 0.319230616 -0.859405577
vn -0.433162183 0.296843678 -0.851031363
vn -0.421363145 0.376211524 -0.82517755
vn -0.456134617 0.352423131 -0.817153096
vn -0.443599999 0.413897216 -0.794926465
vn -0.476132452 0.390781581 -0.787773848
vn -0.46077311 0.451712608 -0.763965905
vn -0.510183692 0.426793993 -0.746699095
vn -0.496092796 0.473445684 -0.727833152
vn -0.533585727 0.45294717 -0.714230478
vn -0.533543885 0.453079015 -0.714178085
vn -0.549602032 0.439506501 -0.710472822
vn -0.55539906 0.420148969 -0.717639685
vn -0.568132102 0.408840567 -0.714195609
vn -0.578092158 0.371457368 -0.726518333
vn -0.587465107 0.362710208 -0.723412752
vn -0.599563837 0.308121592 -0.738636792
vn -0.60574168 0.302114099 -0.736073434
vn -0.617425263 0.232876301 -0.751368523
vn -0.620787323 0.229535922 -0.749624133
vn -0.629699528 0.14972876 -0.762272775
vn -0.630748391 0.148697987 -0.761607111
vn -0.635360241 0.0631393865 -0.769630253
vn -0.634660423 0.0637908131 -0.770153821
vn -0.635175586 0.0189717785 -0.772134721
vn -0.657116294 0.0048615993 -0.75377357
vn -0.0508439317 0.11515215 -0.99204582
vn -0.0507586412 0.147715762 -0.98772651
vn -0.153695926 0.143849507 -0.977591395
vn -0.153802097 0.1974338 -0.968176007
vn -0.274933875 0.189877644 -0.942527354
vn -0.273176312 0.26990065 -0.923324585
vn -0.298400939 0.255497634 -0.91960746
vn -0.291820467 0.346647203 -0.891446292
vn -0.321072966 0.329256535 -0.887976527
vn -0.311511546 0.406283587 -0.859007657
vn -0.34116137 0.388159484 -0.856119812
vn -0.331418544 0.444978923 -0.83195883
vn -0.358132541 0.428016931 -0.829784691
vn -0.346754611 0.481560647 -0.804897845
vn -0.383813411 0.465652555 -0.797405124
vn -0.373910934 0.504307151 -0.778373241
vn -0.397906393 0.493250698 -0.773546517
vn -0.399904251 0.485851616 -0.777190328
vn -0.408847332 0.479144245 -0.776701152
vn -0.415640235 0.452475429 -0.788992524
vn -0.4221237 0.447378278 -0.788456857
vn -0.432443678 0.401793808 -0.807189107
vn -0.436618388 0.398353517 -0.806646645
vn -0.448645592 0.334322363 -0.828821898
vn -0.450726002 0.332541078 -0.828409612
vn -0.462103397 0.252605081 -0.850088894
vn -0.462415248 0.252333194 -0.850000083
vn -0.47093749 0.161089763 -0.867333829
vn -0.469879597 0.161999375 -0.867738068
vn -0.474151075 0.0652565584 -0.878021836
vn -0.472188681 0.0668542236 -0.878958702
vn -0.472575814 0.0143245682 -0.881173611
vn -0.46653524 0.0180088263 -0.884319246
vn -0.795539677 -0.304726928 -0.523696542
vn -0.758378208 -0.350928456 -0.549282908
vn -0.664766848 -0.200543806 -0.719629943
vn -0.662337482 -0.225980982 -0.714312017
vn -0.605098546 -0.127783671 -0.785828888
vn -0.207705826 -0.0849546492 -0.974495232
vn -0.186281323 0.0492855012 -0.981259525
vn -0.159543276 0.0916684568 -0.982925653
vn -0.157764047 0.113652885 -0.980914652
vn -0.239980847 0.0940090567 -0.966215014
vn -0.239742711 0.0979922637 -0.965878308
vn -0.340410113 0.0807350129 -0.936804593
vn -0.340189904 0.0986799523 -0.93516475
vn -0.4578619 0.0815358683 -0.885276437
vn -0.458656996 0.129699036 -0.879097223
vn -0.594089091 0.108169951 -0.797093093
vn -0.592531979 0.180620939 -0.785036266
vn -0.623581052 0.155158848 -0.766206503
vn -0.61581856 0.24048841 -0.750288486
vn -0.652400136 0.208556488 -0.728613913
vn -0.639713168 0.2890414 -0.712195337
vn -0.679077566 0.253012687 -0.689085066
vn -0.664304733 0.321889251 -0.674601018
vn -0.703291953 0.284440398 -0.651516795
vn -0.683754683 0.358455539 -0.635601461
vn -0.747680128 0.310916424 -0.586775422
vn -0.728674829 0.372874707 -0.574454069
vn -0.781392455 0.328752875 -0.530421913
vn -0.660968482 -0.0690751597 -0.747227788
vn -0.663979888 -0.0909330919 -0.742200732
vn -0.704999864 -0.11460761 -0.699885905
vn -0.720229268 -0.150420085 -0.677232325
vn -0.756597877 -0.176175341 -0.629699826
vn -0.774898171 -0.211665154 -0.595592737
vn -0.816807508 -0.239697605 -0.524757624
vn -0.841158628 -0.286431491 -0.458703786
vn -0.879301965 -0.310395151 -0.361224204
vn -0.895706713 -0.356087416 -0.266291648
vn -0.917967319 -0.367292017 -0.149774924
vn -0.506891608 -0.183095992 -0.842340052
vn -0.453493863 -0.0866725892 -0.887035072
vn -0.599974692 -0.144183576 -0.786918938
vn -0.569180429 -0.077708073 -0.818532288
vn -0.550038695 -0.0619231761 -0.832840323
vn -0.545402586 -0.0340634957 -0.837481737
vn -0.658487022 -0.0697473809 -0.74935317
vn -0.284332305 -0.069807224 -0.95618099
vn -0.249366343 0.059189111 -0.96659869
vn -0.242132828 0.0688135251 -0.967799783
vn -0.239090905 0.0921095014 -0.966618538
vn -0.329431832 0.0640980005 -0.942001104
vn -0.329042256 0.0695144534 -0.941753089
vn -0.440058142 0.0463917404 -0.89677012
vn -0.439971119 0.0692103803 -0.895340919
vn -0.569287002 0.0466198772 -0.82081598
vn -0.570680916 0.0962184072 -0.815515339
vn -0.728750587 0.0641238093 -0.681770325
vn -0.728022754 0.129468784 -0.673216641
vn -0.753905892 0.103394799 -0.648795366
vn -0.748005748 0.179729491 -0.638893366
vn -0.779195368 0.145649314 -0.609623551
vn -0.768829167 0.221051797 -0.600031555
vn -0.802864373 0.181335211 -0.567914069
vn -0.790153027 0.249457464 -0.559847414
vn -0.824115217 0.207232565 -0.527151525
vn -0.80660814 0.283607215 -0.518604159
vn -0.861709476 0.227970049 -0.453306079
vn -0.844563365 0.294045419 -0.447493076
vn -0.888710439 0.242434323 -0.389126331
vn -0.947666526 -0.311897665 0.0681764707
vn -0.952540755 -0.265528291 0.148865134
vn -0.964098155 -0.236864746 0.120041102
vn -0.960720658 -0.184788689 0.207048118
vn -0.969586551 -0.158747971 0.186281919
vn -0.95283705 -0.0949013233 0.288262546
vn -0.958019733 -0.0762240291 0.276383877
vn -0.922246039 -0.00375305722 0.386585295
vn -0.924376667 0.0058150827 0.381436765
vn -0.874358535 0.0737449452 0.479644477
vn -0.875193119 0.0784915239 0.477363676
vn -0.816996276 0.138261691 0.559822142
vn -0.96462965 -0.256220669 0.061972484
vn -0.966400266 -0.251444012 -0.0533519723
vn -0.96423912 -0.193627119 0.180973694
vn -0.977746785 -0.190609872 0.0876301825
vn -0.938288152 -0.126474917 0.321899742
vn -0.956713319 -0.124700539 0.262962729
vn -0.879284143 -0.0612285435 0.47234574
vn -0.699237943 0.138327822 0.701378405
vn -0.773986101 0.0955617502 0.625950038
vn -0.77371341 0.0921952575 0.626791537
vn -0.844974935 0.042070657 0.533148587
vn -0.844293594 0.0373478867 0.534577847
vn -0.908004999 -0.0211342331 0.418425947
vn -0.906082094 -0.030772062 0.421981364
vn -0.953199625 -0.0944028944 0.287225574
vn -0.948469996 -0.113023281 0.296024382
vn -0.97095871 -0.169456363 0.168889806
vn -0.963016748 -0.195536613 0.185375869
vn -0.96746403 -0.2412429 0.0762574449
vn -0.957497656 -0.270383477 0.100453891
vn -0.955103874 -0.292849422 0.0448983498
vn -0.816605091 0.00883397646 0.577129185
vn -0.733204424 0.0507545546 0.678111553
vn -0.733211875 0.0536285751 0.677882254
vn -0.649256289 0.0884649977 0.755407274
vn -0.649003148 0.0913392007 0.75528276
vn -0.567258775 0.120174423 0.814724267
vn -0.440045476 0.0923936889 0.893209577
vn -0.519141376 0.0735552311 0.851517379
vn -0.519972205 0.070926033 0.851233482
vn -0.605509996 0.0476551913 0.794409573
vn -0.605978787 0.0453993492 0.794184208
vn -0.697121799 0.0167573094 0.71675688
vn -0.697359383 0.014399318 0.716576934
vn -0.812816918 -0.0296706315 0.581763089
vn -0.804479957 -0.0106746741 0.593883872
vn -0.893250465 -0.0604188628 0.445480764
vn -0.389163584 0.0301055089 0.920676589
vn -0.380894482 0.0293037351 0.924154043
vn -0.467881083 0.013745443 0.883684516
vn -0.461330652 0.0131678088 0.887130558
vn -0.556263387 -0.00569521682 0.8309865
vn -0.551244855 -0.00612313068 0.834321022
vn -0.655468941 -0.0292964708 0.754653692
vn -0.650503337 -0.0297484715 0.75892055
vn -0.76484412 -0.0589265265 0.641514719
vn -0.756477118 -0.0598622374 0.6512748
vn -0.875959814 -0.0971350521 0.472503155
vn -0.860470772 -0.0996500254 0.499659836
vn -0.95963347 -0.143740892 0.24174802
vn -0.940818071 -0.149613112 0.304100722
vn -0.981751323 -0.189958051 0.00896126963
vn -0.973869264 -0.200489804 0.106688738
vn -0.956181765 -0.229891255 -0.181291029
vn -0.967154205 -0.245427772 -0.0661658719
vn -0.323223263 0.94606936 0.0218963604
vn 0.0196741745 0.999586344 0.0209764261
vn -0.433951855 0.900218189 0.0359587595
vn -0.428602844 0.902615726 0.0398047045
vn -0.520300031 0.852907002 0.0428663418
vn -0.514992654 0.855910957 0.0468937457
vn -0.601376295 0.797395527 0.0500691906
vn -0.596472204 0.800810099 0.0540745743
vn -0.676227093 0.734473109 0.0571506619
vn -0.671990693 0.738046706 0.0609556995
vn -0.744491518 0.664581358 0.063749902
vn -0.741090894 0.668034017 0.0671923533
vn -0.80538559 0.588660061 0.0695226118
vn -0.802891195 0.591706812 0.0724483579
vn -0.858654559 0.507159412 0.0741735101
vn -0.857028723 0.509564579 0.0764573291
vn -0.903712869 0.421075106 0.0774519742
vn -0.902822614 0.422692209 0.0790103301
vn -0.94041425 0.33068189 0.0791868418
vn -0.940010011 0.331606358 0.0801150873
vn -0.968393028 0.236451536 0.0794081166
vn -0.968091786 0.237355083 0.0803793147
vn -0.987341166 0.137690648 0.078731969
vn -0.986733794 0.140258133 0.0817565247
vn -0.99623841 0.035318546 0.0791304335
vn -0.995310426 0.0416106768 0.0873253644
vn -0.994295239 -0.0661580265 0.0836666524
vn -0.993662119 -0.0568857491 0.0969518349
vn -0.982230067 -0.163568646 0.0920290202
vn -0.982250571 -0.15359281 0.107671343
vn -0.960985601 -0.257444233 0.101139158
vn -0.961618066 -0.248289585 0.116802946
vn -0.931311727 -0.347719371 0.10839612
vn -0.932354331 -0.340158612 0.122505002
vn -0.893612802 -0.434639007 0.112005077
vn -0.894818902 -0.429002583 0.12351495
vn -0.848378181 -0.517649829 0.110874221
vn -0.849486232 -0.513983071 0.11914093
vn -0.795741737 -0.596577168 0.104359075
vn -0.796483278 -0.594765186 0.108943544
vn -0.736128449 -0.670528293 0.0922316089
vn -0.736238122 -0.670326948 0.0928184092
vn -0.66966337 -0.738927603 0.074410975
vn -0.668864012 -0.740027964 0.070565559
vn -0.597052157 -0.800583422 0.050939858
vn -0.595032692 -0.802608311 0.0419050716
vn -0.937399685 -0.283363283 0.202452719
vn -0.952376544 -0.2136738 0.217537299
vn -0.962915659 -0.194861576 0.18660754
vn -0.972486079 -0.118756004 0.200419113
vn -0.979513586 -0.100215837 0.174670756
vn -0.982035875 -0.010592496 0.188396826
vn -0.98499912 0.00244643772 0.172542036
vn -0.977152944 0.103423245 0.18567653
vn -0.977698803 0.108636871 0.179730445
vn -0.959399223 0.207949996 0.190551594
vn -0.959409118 0.209607616 0.188676268
vn -0.932511091 0.302740544 0.196904212
vn -0.932382464 0.304270923 0.195146427
vn -0.897716403 0.391978383 0.201142281
vn -0.897255182 0.394606441 0.198037699
vn -0.855305076 0.477087885 0.202090025
vn -0.854252279 0.48094216 0.19735159
vn -0.805108607 0.558484852 0.199736834
vn -0.803278506 0.563293397 0.193504885
vn -0.747385383 0.635293961 0.194464982
vn -0.744693696 0.640665352 0.187027186
vn -0.682034254 0.707053661 0.186827138
vn -0.678514242 0.712553501 0.178566381
vn -0.609558344 0.772619486 0.177475944
vn -0.605352044 0.777850211 0.168813571
vn -0.530051827 0.831336498 0.167106733
vn -0.525401235 0.835962534 0.158493519
vn -0.444275945 0.882122219 0.156458497
vn -0.439515352 0.885895431 0.148376152
vn -0.352570623 0.924280465 0.146285936
vn -0.34809795 0.927063227 0.139217809
vn -0.256025106 0.956863046 0.1373474
vn -0.252286285 0.958637536 0.131779179
vn -0.155366451 0.97921735 0.130363315
vn -0.152811125 0.980094731 0.126740411
vn -0.052188389 0.990659773 0.125974461
vn -0.0512489602 0.990870535 0.124695987
vn 0.0512491167 0.990870535 0.124695987
vn -0.686415911 0.24477008 0.684777915
vn -0.62312752 0.182375729 0.760559797
vn -0.547665954 0.213076741 0.80911082
vn -0.487400889 0.150905877 0.860039413
vn -0.414288074 0.17007935 0.894113183
vn -0.365377545 0.113632977 0.923897624
vn -0.300712764 0.125400171 0.94543463
vn -0.247784585 0.0541264564 0.967301965
vn -0.258042842 0.0554140657 0.964542985
vn -0.544512868 0.330150485 0.771042407
vn -0.472446233 0.247916237 0.845773101
vn -0.402041793 0.268669158 0.875316679
vn -0.343071938 0.193110541 0.91924423
vn -0.281193584 0.204986542 0.937502384
vn -0.238878191 0.140926152 0.960768998
vn -0.187985465 0.14766711 0.971007645
vn -0.146852925 0.0711100399 0.986598969
vn -0.156695485 0.0727203339 0.984966159
vn -0.0771132186 0.474274248 0.876993418
vn -0.0783232898 0.472891212 0.877632797
vn -0.0575694218 0.34365052 0.937331378
vn -0.0433268771 0.244508207 0.968678772
vn -0.0586619601 0.342550218 0.937666297
vn -0.1025782 0.339871794 0.934860885
vn -0.13601476 0.46594733 0.874295771
vn -0.195410043 0.45842126 0.866986096
vn -0.400681555 0.395142674 0.826629639
vn -0.33202672 0.294340342 0.896170735
vn -0.269705802 0.307161599 0.91263932
vn -0.220528543 0.220930815 0.95002985
vn -0.1700854 0.227526501 0.9588027
vn -0.138629138 0.15806514 0.977648914
vn -0.0998996347 0.161393091 0.981820941
vn -0.0729957744 0.0819005668 0.993963718
vn -0.080516316 0.0834634677 0.993252695
vn -0.33042717 0.419989794 0.845237553
vn -0.267556936 0.311101109 0.911937177
vn -0.209939137 0.320679039 0.923628986
vn -0.167877048 0.230319634 0.958525002
vn -0.122742139 0.234937519 0.964229584
vn -0.0976552665 0.163532332 0.981692731
vn -0.0644618049 0.165639639 0.984077334
vn -0.0450682789 0.085364759 0.995329976
vn -0.0508593656 0.0867059752 0.994934857
vn -0.024661405 0.476786792 0.878672957
vn -0.0251095816 0.476344198 0.87890029
vn -0.0179974642 0.345171005 0.938367248
vn -0.0184011292 0.344812453 0.938491225
vn -0.0131747127 0.245553464 0.969293535
vn -0.0135994777 0.245217636 0.96937269
vn -0.00978760701 0.170235738 0.985354781
vn -0.955429852 -0.221410692 -0.195271984
vn -0.93362844 -0.198654294 -0.298118144
vn -0.980248392 -0.196779341 0.0197721403
vn -0.980748713 -0.180499822 -0.0745100453
vn -0.949009776 -0.163646936 0.269444019
vn -0.966059744 -0.154593796 0.206952542
vn -0.852308452 -0.127932325 0.507152498
vn -0.868114471 -0.124206573 0.480572551
vn -0.729243398 -0.0985291377 0.677123368
vn -0.737465322 -0.0972376466 0.668348551
vn -0.610728443 -0.076294288 0.788156033
vn -0.615108192 -0.0757499486 0.784795403
vn -0.505901575 -0.0589677133 0.860573292
vn -0.510331988 -0.0584797859 0.857986808
vn -0.415248692 -0.0447612591 0.908606052
vn -0.421514571 -0.0440980271 0.905748785
vn -0.337061584 -0.0326984748 0.940914631
vn -0.306451738 -0.0359586217 0.951206744
vn -0.19586131 -0.0155500472 0.980508327
vn -0.212685332 -0.0134646604 0.977027953
vn -0.27182278 -0.0202084668 0.962135136
vn -0.31965214 0.0438554771 0.946519554
vn -0.310085386 0.0428059548 0.949744523
vn -0.367098331 0.110372715 0.923610687
vn -0.438770443 0.09540838 0.893519878
vn -0.488444328 0.147224739 0.860085487
vn -0.566650152 0.123474285 0.81465435
vn -0.623438537 0.178230882 0.761287153
vn -0.699263692 0.141891971 0.70064038
vn -0.75371021 0.194494992 0.62776792
vn -0.817453682 0.141905323 0.558240414
vn -0.113755956 -0.000748607446 0.993508458
vn -0.122170322 0.000525923562 0.992509007
vn -0.165286124 -0.00332351797 0.986240029
vn -0.204065382 0.0649532154 0.976800084
vn -0.193748012 0.063471362 0.978995979
vn -0.241233498 0.137713924 0.960646272
vn -0.298617244 0.128721282 0.945652485
vn -0.344933301 0.189260527 0.919348419
vn -0.412802845 0.173954457 0.894054651
vn -0.473676205 0.243089631 0.846485853
vn -0.546913326 0.217690915 0.808391273
vn -0.616149902 0.290035367 0.732283235
vn -0.686406612 0.249745369 0.682988465
vn -0.47220546 0.365262806 0.802250028
vn -0.400381148 0.273424059 0.874605179
vn -0.334006101 0.289901674 0.896881819
vn -0.27906993 0.208622321 0.937334895
vn -0.222773418 0.21765925 0.950261235
vn -0.185507447 0.150630936 0.971028984
vn -0.141070396 0.155470192 0.97771579
vn -0.106869474 0.0771916956 0.991272092
vn -0.115744993 0.078834407 0.990145564
vn -0.0882573798 0.00823733769 0.99606365
vn -0.058350943 0.0100701908 0.998245358
vn -0.0541601479 0.00929232314 0.998489022
vn -0.0354119018 0.0150705781 0.999259174
vn -0.0146011412 -0.0310638603 0.999410748
vn -0.0451174043 -0.0319298543 0.99847126
vn -0.0538935661 -0.0368057489 0.997868121
vn -0.0996180698 -0.0393119268 0.994248867
vn -0.109982818 -0.0457880832 0.992878258
vn -0.177532852 -0.0510607325 0.982789338
vn -0.186931729 -0.0577122085 0.980676234
vn -0.285731226 -0.0672618896 0.955946386
vn -0.292273462 -0.07261426 0.953574002
vn -0.391802758 -0.0835708901 0.916245878
vn -0.433845013 -0.102207839 0.895171523
vn -0.480232954 -0.0963388234 0.871834338
vn -0.592339158 -0.109137572 0.798262656
vn -0.587527275 -0.109869719 0.801710904
vn -0.723115981 -0.125206843 0.679283798
vn -0.714520574 -0.126880795 0.688012779
vn -0.867835283 -0.143542692 0.475665271
vn -0.852168143 -0.148260787 0.501824856
vn -0.973346889 -0.159431711 0.164855748
vn -0.959180176 -0.170860887 0.225344002
vn -0.974184155 -0.166410252 -0.152554512
vn -0.980190694 -0.186267406 -0.0673105866
vn -0.905251741 -0.166035667 -0.391090125
vn -0.932337344 -0.191792741 -0.306533217
vn -0.653988659 -0.12954399 0.745330215
vn -0.626629233 -0.140370816 0.766571522
vn -0.794655502 -0.127362683 0.593549788
vn -0.770082116 -0.139352798 0.622538626
vn -0.935756385 -0.111049555 0.33470574
vn -0.922467589 -0.122242324 0.366210848
vn -0.99706775 -0.0724370778 -0.0246728491
vn -0.996924341 -0.0777007714 -0.0102176778
vn -0.944251716 -0.0270324554 -0.328112662
vn -0.942096055 -0.024267992 -0.334463894
vn -0.853359878 0.0106955813 -0.521212518
vn -0.843634903 0.0186806303 -0.536592245
vn -0.71033895 0.0540914871 -0.701778233
vn -0.708142161 0.00439503044 -0.706056178
vn -0.553778231 0.0361604504 -0.831878662
vn -0.553413868 0.00579629466 -0.832886219
vn -0.427249551 0.0349755064 -0.903456986
vn -0.428466976 0.0172845498 -0.903392136
vn -0.322957546 0.0528616905 -0.944936037
vn -0.32763648 0.0241070613 -0.944496274
vn -0.315461189 0.0376355648 -0.948191881
vn -0.361673862 -0.0870031565 -0.928236187
vn -0.307330877 -0.0604566224 -0.949680328
vn -0.959808469 -0.207754508 0.188694865
vn -0.967097461 -0.136748657 0.214528173
vn -0.975421667 -0.115322798 0.187758371
vn -0.975909412 -0.0294189509 0.216183469
vn -0.979737461 -0.0143310195 0.199772656
vn -0.969680488 0.0840638503 0.229462475
vn -0.97060895 0.0903682932 0.22305131
vn -0.950205266 0.186634883 0.249554381
vn -0.950348198 0.188816935 0.247358978
vn -0.921776593 0.278388083 0.269866645
vn -0.921764016 0.280239701 0.267986536
vn -0.885869265 0.364297003 0.287268698
vn -0.885636032 0.367235422 0.284230471
vn -0.842812419 0.446317703 0.300778508
vn -0.842149198 0.450566083 0.296268284
vn -0.79238379 0.525099397 0.310481161
vn -0.791110635 0.530424178 0.304621398
vn -0.734787226 0.599837542 0.316674292
vn -0.732798874 0.605866551 0.309728175
vn -0.669828773 0.67007798 0.319882572
vn -0.667116404 0.67637825 0.312198937
vn -0.597974479 0.734604239 0.320598096
vn -0.594623566 0.740764558 0.312555134
vn -0.519268513 0.792676568 0.319412082
vn -0.515459776 0.798322618 0.311419725
vn -0.434506923 0.843087316 0.316871405
vn -0.430510342 0.847911596 0.309365183
vn -0.344074935 0.885031879 0.313577741
vn -0.340233535 0.88881439 0.30700174
vn -0.249186546 0.917473376 0.310078532
vn -0.245903239 0.920097351 0.304881006
vn -0.150727391 0.939726353 0.306913078
vn -0.148434147 0.941193283 0.303516954
vn -0.0504592322 0.951164067 0.304533809
vn -0.0495979525 0.951594174 0.30332914
vn 0.0495982729 0.951594174 0.30332911
vn 0.0521885492 0.990659773 0.125974461
vn 0.152810946 0.980094731 0.126740411
vn -0.971949279 -0.130892247 0.195401579
vn -0.967669368 -0.0517569631 0.246854663
vn -0.972368538 -0.0348404385 0.230836675
vn -0.956359446 0.0561649017 0.286744058
vn -0.957877576 0.063959308 0.279963821
vn -0.931158364 0.152260572 0.331301659
vn -0.931604326 0.155586004 0.328491002
vn -0.896907628 0.2368595 0.373435825
vn -0.897130311 0.239614785 0.371136099
vn -0.855439961 0.315073252 0.411036968
vn -0.855537117 0.318815798 0.407937169
vn -0.807355404 0.389083028 0.443612039
vn -0.807187617 0.39412725 0.4394449
vn -0.752627909 0.459622651 0.471485198
vn -0.75202477 0.465791702 0.466365546
vn -0.6917243 0.52598387 0.494831771
vn -0.690558434 0.532932103 0.488991231
vn -0.624643326 0.587769568 0.51414752
vn -0.622862339 0.595067441 0.507875264
vn -0.552147508 0.643878639 0.529672921
vn -0.549783707 0.651100218 0.523265123
vn -0.474499583 0.693712831 0.541860342
vn -0.471674562 0.700451374 0.53562206
vn -0.392791361 0.736303866 0.550973296
vn -0.389713049 0.74220407 0.545212686
vn -0.307594895 0.771144271 0.557424307
vn -0.304547459 0.775920391 0.552447617
vn -0.220278442 0.797611594 0.561509728
vn -0.217611626 0.801064491 0.557620704
vn -0.131770834 0.815465868 0.563606143
vn -0.129870921 0.817505777 0.561086297
vn -0.0436866581 0.824596107 0.564032555
vn -0.0429606438 0.825241685 0.563143432
vn 0.0429604463 0.825241685 0.563143432
vn 0.0504587144 0.951164424 0.304532617
vn 0.148434862 0.941193521 0.303515792
vn 0.155366465 0.97921735 0.130363554
vn 0.252285331 0.958637714 0.131779417
vn -0.514010251 -0.857191563 0.0318762735
vn -0.515084743 -0.857118726 0.00593081862
vn -0.518723488 -0.854670644 0.0215426162
vn -0.516826034 -0.854875386 0.0455956832
vn -0.593496859 -0.800076127 0.0874054655
vn -0.595259547 -0.796911657 0.102946006
vn -0.661591172 -0.73669982 0.139894575
vn -0.661965549 -0.735522032 0.144253016
vn -0.723403513 -0.666961312 0.17846559
vn -0.723126411 -0.668523192 0.173680469
vn -0.778908551 -0.59291935 0.204323545
vn -0.778526306 -0.597565293 0.191865712
vn -0.828566551 -0.515383482 0.218763158
vn -0.828464687 -0.523189425 0.199797675
vn -0.872391105 -0.435041606 0.222873345
vn -0.872807264 -0.445821732 0.198621392
vn -0.910388529 -0.351599395 0.218106762
vn -0.911440372 -0.364933372 0.190000266
vn -0.941958547 -0.265021592 0.20610112
vn -0.943667591 -0.280157775 0.176077023
vn -0.966313004 -0.17449154 0.189187378
vn -0.968630373 -0.190161735 0.159980297
vn -0.98214674 -0.079496704 0.170493737
vn -0.98484236 -0.0935314 0.146073386
vn -0.987771571 0.0211573858 0.154465988
vn -0.99015671 0.0117845749 0.139466032
vn -0.981470644 0.124287628 0.145835489
vn -0.982767582 0.120407 0.140250012
vn -0.963804662 0.224059194 0.144492552
vn -0.964399993 0.222654358 0.142680362
vn -0.936516643 0.319210619 0.14505589
vn -0.937272668 0.317761511 0.143344253
vn -0.900348425 0.410619318 0.144099027
vn -0.901965618 0.408053517 0.141245872
vn -0.855786502 0.497880399 0.140515387
vn -0.858701766 0.494004935 0.136346579
vn -0.802983582 0.580680192 0.134267867
vn -0.807418168 0.575713038 0.128959
vn -0.742506802 0.657933593 0.125726044
vn -0.748510063 0.652260721 0.119535074
vn -0.674594939 0.729114711 0.115384042
vn -0.682030797 0.723213494 0.108610421
vn -0.600034237 0.793204188 0.103855737
vn -0.608601391 0.787549675 0.0967981517
vn -0.519190967 0.8497172 0.0917682126
vn -0.528420866 0.844742656 0.084742263
vn -0.433041871 0.897832751 0.0798192918
vn -0.442305535 0.893874943 0.0731672347
vn -0.342061937 0.937162459 0.0687031001
vn -0.350618005 0.93441093 0.06279511
vn -0.247383922 0.967110991 0.0591397248
vn -0.254414707 0.965564787 0.0543853529
vn -0.149626374 0.987384558 0.0518039577
vn -0.154334754 0.986820996 0.0486325324
vn -0.0501589477 0.997619808 0.0473155119
vn -0.0518449731 0.997587502 0.046166081
vn 0.0501650535 0.997673213 0.0461700447
vn 0.0518385321 0.997532785 0.0473407954
vn 0.149669915 0.987541616 0.0485845841
vn 0.154289335 0.986660063 0.0519304536
vn 0.247479871 0.967374086 0.0542317294
vn 0.25432232 0.965293467 0.0594031103
vn 0.342211038 0.937540889 0.062519297
vn 0.0338967405 0.642772675 0.765306652
vn 0.0246622674 0.476786762 0.878672957
vn 0.0251100268 0.476344585 0.878900051
vn 0.0179980602 0.345171005 0.938367248
vn 0.0184019003 0.344812304 0.938491285
vn 0.013175563 0.245553464 0.969293535
vn 0.0136012826 0.245216891 0.969372809
vn 0.00978951436 0.170235723 0.985354722
vn 0.010280815 0.169887885 0.985409796
vn 0.00635739788 0.0893910155 0.995976329
vn 0.00763948401 0.0889971331 0.996002555
vn 0.131772071 0.815466106 0.563605547
vn 0.102295935 0.638864577 0.762487769
vn 0.103800669 0.637023747 0.76382339
vn 0.0771159232 0.474274516 0.87699306
vn 0.0783253014 0.472892255 0.877632082
vn 0.0575716011 0.343650281 0.937331319
vn 0.0586651303 0.342548996 0.937666595
vn 0.0433303379 0.244507402 0.968678772
vn 0.0444656052 0.24350661 0.968879402
vn 0.0332557894 0.169417828 0.984983087
vn 0.0345494337 0.16840966 0.985111415
vn 0.0229720566 0.0887271538 0.995791018
vn 0.026418414 0.0875796601 0.995807171
vn 0.44214794 0.893338799 0.0803178102
vn 0.439513862 0.885896325 0.148375332
vn 0.444274157 0.882123411 0.156457007
vn 0.430508912 0.847912192 0.309365392
vn 0.434505761 0.843087733 0.316871971
vn 0.38971296 0.74220407 0.545212686
vn 0.392790884 0.73630482 0.550972402
vn 0.324444085 0.589965105 0.739376247
vn 0.326984167 0.584487438 0.742600679
vn 0.260360181 0.444119453 0.857304215
vn 0.262618423 0.439852923 0.858813703
vn 0.207796723 0.323987067 0.922958791
vn 0.209941536 0.320679426 0.92362833
vn 0.167879894 0.230320007 0.958524406
vn 0.170088947 0.227526039 0.958802223
vn 0.13863337 0.158065423 0.977648258
vn 0.141074747 0.155470386 0.977715135
vn 0.107852131 0.0794129819 0.990990162
vn 0.114844456 0.0764914602 0.99043417
vn 0.520251215 0.852713764 0.0470947325
vn 0.519438982 0.85033828 0.0843082741
vn 0.528243661 0.844060123 0.0923097953
vn 0.525399089 0.835964143 0.158492014
vn 0.53004986 0.831338048 0.167105407
vn 0.515458107 0.798323452 0.311420321
vn 0.519266248 0.792678356 0.319411337
vn 0.471673161 0.700452805 0.535621405
vn 0.47449857 0.693713546 0.541860342
vn 0.400353521 0.560875595 0.724662423
vn 0.402690381 0.554509461 0.728258014
vn 0.32825166 0.425058693 0.843549609
vn 0.330427587 0.419990599 0.845236957
vn 0.267558038 0.311101675 0.911936641
vn 0.269707114 0.307161868 0.912638843
vn 0.220530137 0.220930591 0.950029552
vn 0.222775087 0.217658997 0.950260937
vn 0.185509875 0.150631309 0.971028447
vn 0.187988028 0.147667378 0.971007109
vn 0.148154274 0.0735031664 0.986229002
vn 0.155504957 0.0701988637 0.985337675
vn 0.686399639 0.249749705 0.682993829
vn 0.686409056 0.244775251 0.684782922
vn 0.753976047 0.198630288 0.62615186
vn 0.750891328 0.322527349 0.57631439
vn 0.750793517 0.31713292 0.579427123
vn 0.80842334 0.259135932 0.528488696
vn 0.808097899 0.254875124 0.531052232
vn 0.860098541 0.190946564 0.473043263
vn 0.905042887 0.116981588 0.408916503
vn 0.85965389 0.18746303 0.475239784
vn 0.817445517 0.141914561 0.55825007
vn 0.753702521 0.194502398 0.627774894
vn 0.699254096 0.141897783 0.700648844
vn 0.623430908 0.178235099 0.761292458
vn 0.566642046 0.12347798 0.814659417
vn 0.941519976 0.0345827043 0.335177809
vn 0.904295206 0.112673797 0.411770374
vn 0.875184357 0.0785019323 0.477378041
vn 0.816987932 0.138269633 0.559832275
vn 0.773975134 0.0955678225 0.625962675
vn 0.699228406 0.138332054 0.701387167
vn 0.648993134 0.0913432464 0.755290866
vn 0.567250848 0.120177262 0.814729333
vn 0.519133866 0.0735582709 0.85152173
vn 0.382682353 0.0311731286 0.92335391
vn 0.440039873 0.0923961252 0.89321214
vn 0.438764662 0.0954110101 0.893522441
vn 0.488438368 0.147227526 0.860088348
vn 0.487395048 0.150908053 0.860042334
vn 0.547660351 0.213079572 0.80911386
vn 0.546907723 0.21769312 0.808394492
vn 0.616144657 0.290038168 0.732286572
vn 0.615707159 0.29569456 0.730389893
vn 0.688212931 0.375017345 0.621067584
vn 0.687914789 0.381376892 0.617515087
vn 0.38756752 0.0281432103 0.921411633
vn 0.462886214 0.0146652851 0.886296391
vn 0.519964695 0.0709291324 0.851237774
vn 0.605499268 0.0476594642 0.7944175
vn 0.649246335 0.0884698778 0.75541532
vn 0.733199358 0.0536352769 0.677895248
vn 0.773702621 0.0922029763 0.626803696
vn 0.844963968 0.0420803279 0.533165216
vn 0.874350011 0.073756516 0.479658216
vn 0.924369276 0.00582881412 0.381454408
vn 0.939527333 0.0255996492 0.34151575
vn 0.964622915 -0.0561080202 0.257593602
vn 0.466498971 0.0121746045 0.884437919
vn 0.552543163 -0.00492959144 0.833469748
vn 0.605968118 0.0454037413 0.794192135
vn 0.697109163 0.0167628285 0.71676904
vn 0.733191967 0.0507597774 0.678124607
vn 0.816591263 0.00884129014 0.577148616
vn 0.844282627 0.037357334 0.534594476
vn 0.907994628 -0.0211223345 0.418449104
vn 0.922239244 -0.0037373465 0.386601657
vn 0.958015621 -0.076207377 0.276402742
vn 0.959427595 -0.0742540807 0.272001952
vn 0.969890475 -0.145657569 0.195182845
vn 0.980417609 -0.165327996 0.106995158
vn 0.983903527 -0.152853265 0.0925725698
vn 0.992999911 -0.0681331605 0.0964836404
vn 0.994888425 -0.0559620596 0.0840550736
vn 0.995624661 0.0338535197 0.0870947763
vn 0.995948553 0.0423432216 0.0793321282
vn 0.987178504 0.13713254 0.0816897452
vn 0.986931324 0.140564993 0.0787912309
vn 0.968353093 0.23629117 0.080366686
vn 0.968144476 0.237463117 0.0794197991
vn 0.940384746 0.330542892 0.0801116154
vn 0.940054119 0.331703722 0.0791888833
vn 0.903676212 0.420862108 0.0790214092
vn 0.902890325 0.422838151 0.0774397776
vn 0.858614445 0.506881654 0.0764996335
vn 0.85711813 0.509757638 0.0741328895
vn 0.805345774 0.58835113 0.0725337118
vn 0.802991748 0.591930628 0.0694432333
vn 0.837899029 -0.545811951 -0.00381605071
vn 0.855855107 -0.514839888 0.0495168716
vn 0.850415528 -0.51418227 0.111400425
vn 0.8920784 -0.434895664 0.12272688
vn 0.877535939 -0.435382426 0.200929865
vn 0.962865651 -0.194881916 0.186844394
vn 0.971780181 -0.171555892 0.161900938
vn 0.980680645 -0.0988314748 0.168813094
vn 0.986141264 -0.0759831667 0.147485599
vn 0.988103569 0.00782489963 0.153590813
vn 0.989830375 0.0238732435 0.14023535
vn 0.982182801 0.118855678 0.145568803
vn 0.982108831 0.125399768 0.140489057
vn 0.96424824 0.222183198 0.144429594
vn 0.963981807 0.224422678 0.142736048
vn 0.937153041 0.317352206 0.145023227
vn 0.936665356 0.319534928 0.143371642
vn 0.901799202 0.407424033 0.144096792
vn 0.900572956 0.411118746 0.141243637
vn 0.858496845 0.493170947 0.140590116
vn 0.856081307 0.498551846 0.136274785
vn 0.807198465 0.574761689 0.134460583
vn 0.803316653 0.581461012 0.128784642
vn 0.95238167 -0.213653624 0.217534557
vn 0.962920785 -0.194840014 0.186603785
vn 0.972489595 -0.118734054 0.200415
vn 0.979515553 -0.100196473 0.174671128
vn 0.982036054 -0.0105720311 0.188397005
vn 0.984998941 0.00246667839 0.172542855
vn 0.977150917 0.103441641 0.185676754
vn 0.977696717 0.108654909 0.179731146
vn 0.959395945 0.207965255 0.190551654
vn 0.95940578 0.209621295 0.188678116
vn 0.932506859 0.302752584 0.196905583
vn 0.932378292 0.304282635 0.195148185
vn 0.897711873 0.391988069 0.201143578
vn 0.897250652 0.394615829 0.198039353
vn 0.855300426 0.477095634 0.202091306
vn 0.854247332 0.480951071 0.197351441
vn 0.805104911 0.558490336 0.199736342
vn 0.803274393 0.563299954 0.193503037
vn 0.947649121 -0.229894802 0.221606791
vn 0.959812582 -0.207734838 0.188695788
vn 0.967100143 -0.136728182 0.214528933
vn 0.975423753 -0.115302332 0.187760144
vn 0.97590971 -0.0293972474 0.216185182
vn 0.979736626 -0.0143123129 0.19977805
vn 0.969677925 0.0840811059 0.22946699
vn 0.970606208 0.0903851911 0.223056257
vn 0.950201333 0.186649531 0.249558315
vn 0.950344205 0.188831061 0.247363448
vn 0.921772003 0.278399855 0.269870222
vn 0.921759427 0.280251414 0.267990172
vn 0.885864735 0.364305884 0.28727138
vn 0.885631382 0.367245257 0.284232229
vn 0.84280777 0.446325719 0.30077967
vn 0.842144549 0.450574011 0.296269566
vn 0.792379916 0.52510494 0.310481757
vn 0.791106761 0.530429363 0.304622412
vn 0.905790985 -0.366538793 0.212584138
vn 0.905106843 -0.366713554 0.215180799
vn 0.916374564 -0.35105589 0.192398995
vn 0.929421246 -0.348392367 0.121650912
vn 0.934044957 -0.340087026 0.109090954
vn 0.940728247 -0.338334501 0.0236661248
vn 0.940230012 -0.339718848 0.023634294
vn 0.404259384 -0.913062274 -0.0537738316
vn 0.39130041 -0.918994606 -0.0483003631
vn 0.437047899 -0.898671806 -0.0371226631
vn 0.429513842 -0.902919114 -0.01596497
vn 0.519743085 -0.854292572 0.00716351904
vn 0.514555752 -0.857212782 0.0204614531
vn 0.597773135 -0.800529599 0.0426576249
vn 0.5945912 -0.802454233 0.0502837077
vn 0.596776426 -0.797059774 0.0924858004
vn 0.603069603 -0.793648124 0.0801855624
vn 0.526359737 -0.850074947 0.017831672
vn 0.539268553 -0.84205687 -0.0113859596
vn 0.450243205 -0.889483869 -0.07809937
vn 0.469072402 -0.873720348 -0.128778458
vn 0.388761282 -0.903091013 -0.182458907
vn 0.752020597 0.465796769 0.466367215
vn 0.752623737 0.459628046 0.471486568
vn 0.80718255 0.394134909 0.439447403
vn 0.807350397 0.389090002 0.443615049
vn 0.855531931 0.31882444 0.407941282
vn 0.855434835 0.315082043 0.411040872
vn 0.897124946 0.239626169 0.371141613
vn 0.896902263 0.236870095 0.373441964
vn 0.931599259 0.155599445 0.328499079
vn 0.931153178 0.152273044 0.33131054
vn 0.957873464 0.0639742091 0.27997461
vn 0.956355929 0.0561828017 0.286752135
vn 0.972367048 -0.0348215736 0.230845869
vn 0.967668712 -0.0517361611 0.246861532
vn 0.971950591 -0.130873293 0.195407853
vn 0.962790549 -0.154604763 0.221656665
vn 0.959427238 -0.21936588 0.177138269
vn 0.555106223 -0.00694530597 0.831750512
vn 0.65190196 -0.0284663867 0.75776875
vn 0.697346807 0.0144050252 0.716589093
vn 0.791411221 -0.0207334403 0.61093241
vn 0.816219747 0.00442446209 0.577724636
vn 0.893499553 -0.0456021503 0.446742594
vn 0.906072021 -0.030759247 0.422003925
vn 0.953193367 -0.0943894386 0.287250847
vn 0.952833235 -0.0948844329 0.288280636
vn 0.969585776 -0.158731565 0.186300084
vn 0.960562527 -0.170930132 0.219322905
vn 0.961138844 -0.229263693 0.153786585
vn 0.94654721 -0.244432285 0.210478693
vn 0.938143671 -0.302621692 0.168245435
vn 0.932533979 -0.306666434 0.190620199
vn 0.924339056 -0.300061762 0.235712275
vn 0.937406301 -0.283342838 0.202450559
vn 0.937183976 -0.283446699 0.203332543
vn 0.948094189 -0.263275683 0.178334773
vn 0.958977222 -0.258667707 0.115990154
vn 0.963424623 -0.247894004 0.101791874
vn 0.968768001 -0.245539859 0.0346228592
vn 0.973290384 -0.229320332 0.0108619509
vn 0.833189547 -0.546353877 0.0853965357
vn 0.796729088 -0.604332745 0.00215433305
vn 0.792017221 -0.600394487 0.110612892
vn 0.870060205 -0.479030758 0.116296314
vn 0.846316695 -0.530568123 0.0473863818
vn 0.820904613 -0.543607354 0.174947545
vn 0.788960695 -0.602841556 0.118840769
vn 0.763678849 -0.605093181 0.225070804
vn 0.792597651 -0.585730076 -0.169437841
vn 0.804280698 -0.564115644 -0.186831653
vn 0.838387609 -0.534600616 -0.10634128
vn 0.853021562 -0.506835282 -0.124387398
vn 0.87748903 -0.47697106 -0.0501160622
vn 0.89371103 -0.443730235 -0.0662123933
vn 0.910183549 -0.414198816 0.00230165734
vn 0.950195491 -0.294056267 -0.1032447
vn 0.937004924 -0.329435229 -0.116164498
vn 0.914742112 -0.34659645 -0.207648173
vn 0.900323331 -0.378917307 -0.214101806
vn 0.867375374 -0.392704666 -0.305684507
vn 0.853999555 -0.420694709 -0.306105673
vn 0.810370028 -0.430407733 -0.397554547
vn 0.750533044 -0.335775226 -0.569170594
vn 0.746156871 -0.458304286 -0.482915193
vn 0.799540937 -0.453567445 -0.39371413
vn 0.750100791 -0.360540062 -0.554400265
vn 0.795557261 -0.304722607 -0.523672402
vn 0.851284802 -0.309481114 -0.423716486
vn 0.86791122 -0.287235022 -0.405248255
vn 0.911636055 -0.285810798 -0.295350462
vn 0.927672267 -0.259919018 -0.268078864
vn 0.956941485 -0.252206206 -0.14371869
vn 0.96826911 -0.224312544 -0.110176355
vn 0.977129698 -0.208982885 0.0392905138
vn 0.621733665 -0.776936948 -0.0990770906
vn 0.625227332 -0.773171067 -0.106288977
vn 0.549739659 -0.813886225 -0.188083738
vn 0.559890985 -0.800946176 -0.212149218
vn 0.471368164 -0.831634581 -0.293591559
vn 0.486714751 -0.806403279 -0.335890621
vn 0.386482656 -0.825015306 -0.412287354
vn 0.404684246 -0.784179628 -0.470417887
vn 0.291190922 -0.790956736 -0.538140595
vn 0.308814555 -0.736560941 -0.60175705
vn 0.182717755 -0.734181702 -0.653904796
vn 0.196876571 -0.682000339 -0.704354405
vn 0.0630047396 -0.677277982 -0.733024538
vn 0.0697906762 -0.654201627 -0.753093243
vn -0.0233337618 -0.65561974 -0.754730582
vn 0.541056275 -0.480885834 -0.689932585
vn 0.539915144 -0.48559773 -0.687521994
vn 0.476012379 -0.471517324 -0.742350101
vn 0.47581026 -0.472505301 -0.74185127
vn 0.412084132 -0.455958933 -0.788852394
vn 0.412465125 -0.453882962 -0.789849818
vn 0.346371531 -0.435505003 -0.830880344
vn 0.347300053 -0.430264503 -0.833219767
vn 0.267834753 -0.408988684 -0.872349024
vn 0.269341409 -0.400714338 -0.875718713
vn 0.173019111 -0.379594237 -0.908830345
vn 0.174637392 -0.37181738 -0.911731124
vn 0.0617345646 -0.357562542 -0.931846499
vn 0.0625938028 -0.354263544 -0.933048427
vn -0.0195848811 -0.354888737 -0.93470341
vn 0.614666998 -0.676178098 -0.406162143
vn 0.61492449 -0.675571382 -0.406781495
vn 0.540561199 -0.685177863 -0.488185257
vn 0.544139206 -0.67521894 -0.497987866
vn 0.462790132 -0.67691493 -0.572373569
vn 0.468756765 -0.656930089 -0.590516686
vn 0.381172568 -0.651367307 -0.656070173
vn 0.388725162 -0.621230364 -0.68041575
vn 0.288847923 -0.60949403 -0.738297999
vn 0.296892405 -0.572726786 -0.764093518
vn 0.182937995 -0.558059216 -0.809384704
vn 0.190081373 -0.525684714 -0.829171062
vn 0.0640481785 -0.514855206 -0.854881227
vn 0.0676686242 -0.501162946 -0.862703085
vn -0.0676174313 -0.501160562 -0.862708509
vn -0.0585070699 -0.289955437 -0.955250084
vn -0.187312618 -0.307466835 -0.932940602
vn -0.154141992 -0.226378351 -0.961765587
vn -0.241816118 -0.250308782 -0.937480927
vn -0.233601078 -0.233414248 -0.943900585
vn -0.305211723 -0.259086102 -0.916362464
vn -0.294637412 -0.240469337 -0.92485851
vn -0.352531999 -0.264021248 -0.897782803
vn -0.341816396 -0.247935489 -0.906470895
vn -0.397731513 -0.271581382 -0.876386464
vn -0.38775453 -0.258757621 -0.884698212
vn -0.446835965 -0.283207476 -0.848605394
vn 0.722292721 -0.668335795 0.177821413
vn 0.720704436 -0.668002069 0.185360014
vn 0.714636683 -0.671746373 0.195067167
vn 0.745506525 -0.665888429 0.0285051893
vn 0.735772073 -0.675761044 0.0445694551
vn 0.747858822 -0.613153994 -0.254458994
vn 0.740001142 -0.628112078 -0.240569144
vn 0.710040092 -0.536605537 -0.45595786
vn 0.709404707 -0.490523487 -0.506094515
vn 0.596598923 -0.299448192 -0.744580746
vn 0.600068033 -0.322912484 -0.73187834
vn 0.591970444 -0.799585164 0.101165734
vn 0.597191513 -0.797091424 0.0894850269
vn 0.516854644 -0.854857266 0.0456102043
vn 0.52586472 -0.850260735 0.0228678733
vn 0.436365247 -0.899454534 -0.0238108188
vn 0.449283212 -0.891275287 -0.0614246055
vn 0.350639433 -0.930202484 -0.108514391
vn 0.381729007 -0.898205578 -0.217967153
vn 0.258480579 -0.925593019 -0.276523709
vn 0.301384687 -0.887889326 -0.347591519
vn 0.158322543 -0.904058397 -0.397004247
vn 0.195341051 -0.864623487 -0.462891012
vn 0.053358797 -0.870692313 -0.48892507
vn 0.0696979836 -0.852254808 -0.518463075
vn -0.0526975505 -0.853143573 -0.519007683
vn -0.0701407939 -0.870910943 -0.486409754
vn -0.154992998 -0.868203402 -0.471381009
vn -0.197341502 -0.901745141 -0.384593338
vn -0.25531888 -0.895439684 -0.364691675
vn -0.301449865 -0.918189824 -0.257012486
vn -0.350914061 -0.906860173 -0.233375192
vn -0.38662973 -0.911780477 -0.138469636
vn -0.439343661 -0.891772926 -0.108250543
vn -0.462350637 -0.885789692 -0.0401062742
vn -0.532672405 -0.846306682 0.00501024304
vn -0.534995198 -0.844497204 0.0245888475
vn -0.598880112 -0.797163904 0.0766311437
vn -0.600502968 -0.793890893 0.095569022
vn -0.661315501 -0.735381961 0.147902802
vn -0.661292434 -0.735497952 0.14742814
vn -0.717891872 -0.667365968 0.198126197
vn -0.717665076 -0.67199856 0.182687744
vn -0.769154489 -0.596077144 0.230420202
vn -0.769563079 -0.605242014 0.203604549
vn -0.815778375 -0.522464037 0.248066396
vn -0.817222357 -0.535646856 0.212673649
vn -0.857828677 -0.446944803 0.253712922
vn -0.860398769 -0.463328928 0.212226793
vn -0.895206749 -0.368836433 0.250129074
vn -0.898820698 -0.387457162 0.204934761
vn -0.924331605 -0.300081998 0.235715732
vn -0.932526946 -0.306686789 0.190621957
vn -0.947643578 -0.229915589 0.221608952
vn -0.959423423 -0.219385698 0.177134603
vn -0.962788105 -0.154625148 0.221653074
vn -0.19753702 0.455075651 0.868265688
vn -0.152650133 0.33345741 0.930324733
vn -0.10419061 0.338019431 0.935354054
vn -0.0792569295 0.241806164 0.967082262
vn -0.0444638021 0.243505955 0.9688797
vn -0.0332539715 0.169417858 0.984983146
vn -0.0102788601 0.169887915 0.985409796
vn -0.00633721147 0.0890187919 0.996009767
vn -0.00765544549 0.0893901959 0.995967269
vn -0.00452813134 0.0174439419 0.999837577
vn 0.00452922098 0.0174439419 0.999837577
vn 0.0139506543 0.0149371102 0.999791086
vn 0.0170887318 0.0156413168 0.9997316
vn 0.249186322 0.917473674 0.310077697
vn 0.21761249 0.80106473 0.557620049
vn 0.220279723 0.797611296 0.561509609
vn 0.174463421 0.628737211 0.757794201
vn 0.176608071 0.625611842 0.759881198
vn 0.134245262 0.468310893 0.873305857
vn 0.136017993 0.465947777 0.874294996
vn 0.102581337 0.339870542 0.934861004
vn 0.104192823 0.338019222 0.935353875
vn 0.0792596266 0.241806746 0.967081904
vn 0.0809192806 0.240168467 0.967352688
vn 0.0626026839 0.167241797 0.983926356
vn 0.0644656494 0.165639415 0.984077096
vn 0.0454458669 0.0869040564 0.995179534
vn 0.0505140126 0.085080184 0.995092809
vn 0.0354153253 0.0150704682 0.999259055
vn 0.0541628189 0.00929246843 0.998488903
vn 0.352568418 0.924281478 0.146285012
vn 0.340232044 0.888815284 0.307000995
vn 0.344074041 0.885032177 0.31357792
vn 0.304547668 0.775920331 0.552447617
vn 0.307595134 0.771144211 0.557424307
vn 0.248728648 0.612559557 0.75026989
vn 0.251217395 0.608188987 0.752991319
vn 0.195412114 0.458421797 0.866985321
vn 0.197539702 0.455075294 0.868265271
vn 0.15265362 0.333457053 0.930324256
vn 0.154621154 0.330855638 0.930927932
vn 0.120728016 0.237181962 0.963934362
vn 0.122745819 0.234937832 0.964229047
vn 0.0976590514 0.163532093 0.981692374
vn 0.0999027789 0.161393493 0.981820524
vn 0.0736593679 0.0838402137 0.993753016
vn 0.0799059719 0.0814161524 0.99347192
vn 0.0583547689 0.0100705437 0.99824512
vn 0.0882615745 0.00823766645 0.996063292
vn 0.113759026 -0.000747814775 0.993508101
vn 0.122172952 0.000526633987 0.992508709
vn 0.212684557 -0.0134635279 0.977028131
vn 0.256425351 0.0529197268 0.965114236
vn 0.249573186 0.0564987361 0.966706336
vn 0.30071187 0.125400782 0.945434809
vn 0.298616171 0.128722072 0.945652664
vn 0.344931901 0.189261511 0.919348717
vn 0.343070507 0.193111509 0.919244587
vn 0.402039707 0.268670052 0.875317335
vn 0.400378883 0.273425251 0.874605834
vn 0.472203016 0.365264684 0.802250624
vn 0.470734388 0.371275067 0.800352395
vn 0.550844014 0.475999087 0.685562313
vn 0.549446285 0.483168781 0.681657314
vn 0.624639928 0.58777225 0.514148533
vn 0.622858703 0.59507066 0.50787586
vn 0.669825196 0.670081973 0.319881797
vn 0.667112708 0.676382244 0.312198162
vn 0.68203038 0.707057714 0.18682611
vn 0.678510725 0.712556839 0.178566381
vn 0.681823611 0.722288609 0.115826584
vn 0.674916565 0.729913652 0.108229846
vn 0.676185131 0.734191537 0.0611264966
vn 0.672085941 0.738276124 0.0569991097
vn 0.672503412 0.739814103 0.0203538276
vn 0.604351938 0.796693146 0.00622823555
vn 0.596873701 0.802243173 0.0121539533
vn 0.596556187 0.801018596 0.0498994999
vn 0.601331592 0.797154307 0.0542707965
vn 0.600323558 0.793930471 0.0963641405
vn 0.608408093 0.786730766 0.104375713
vn 0.605348587 0.777853131 0.168812245
vn 0.609555662 0.772621632 0.177475944
vn 0.594621241 0.740766704 0.312554479
vn 0.597972095 0.734606624 0.320597053
vn 0.549781621 0.651101708 0.523265421
vn 0.552145422 0.643880486 0.529672861
vn 0.475821704 0.525169373 0.705542922
vn 0.477752656 0.518217802 0.709367812
vn 0.3987827 0.400817692 0.824813604
vn 0.400681019 0.395143032 0.826629698
vn 0.332027048 0.294340819 0.896170497
vn 0.334006488 0.289902151 0.896881461
vn 0.279070586 0.208622232 0.937334716
vn 0.281193912 0.204987124 0.937502146
vn 0.238878906 0.140926674 0.9607687
vn 0.241234303 0.137714386 0.960646033
vn 0.19533056 0.0659133866 0.978519976
vn 0.202625528 0.0623827502 0.977267265
vn 0.165288031 -0.00332273939 0.986239731
vn 0.195862085 -0.0155486837 0.980508149
vn 0.741737425 0.670211911 0.0253288932
vn 0.741193056 0.668269396 0.0636307225
vn 0.744451821 0.664273322 0.0673233941
vn 0.742846489 0.658755422 0.119249068
vn 0.748292148 0.651283383 0.126051009
vn 0.744689882 0.640670121 0.187026307
vn 0.74738121 0.635299504 0.19446294
vn 0.732794642 0.605871856 0.309727758
vn 0.734783411 0.599841893 0.316675007
vn 0.6905545 0.532935858 0.488992691
vn 0.691720426 0.525987864 0.494832963
vn 0.620593131 0.435012519 0.652401924
vn 0.621416509 0.42803368 0.656223059
vn 0.543554962 0.336173534 0.769113362
vn 0.544508934 0.330152839 0.771044135
vn 0.47244224 0.247917816 0.845774829
vn 0.47367236 0.243091002 0.846487582
vn 0.412799627 0.173955962 0.894055784
vn 0.414285064 0.170080602 0.894114375
vn 0.365374744 0.113633975 0.923898578
vn 0.367095053 0.110374719 0.92361176
vn 0.311953127 0.0449818335 0.949032068
vn 0.317975491 0.0415696017 0.947187185
vn 0.27182126 -0.0202072393 0.962135553
vn 0.326440722 -0.0451240987 0.944139957
vn 0.310869724 -0.0291834604 0.950004399
vn 0.416485369 -0.0434149653 0.908105195
vn 0.420462877 -0.0455074646 0.906167805
vn 0.506857634 -0.0579737164 0.860078156
vn 0.591565967 -0.110345125 0.798669934
vn 0.716405153 -0.124483973 0.686489224
vn 0.735616446 -0.0996652991 0.670026362
vn 0.856995344 -0.122056812 0.500660598
vn 0.871199727 -0.103579111 0.479877502
vn 0.948881745 -0.137468874 0.284122735
vn 0.94877398 -0.137637377 0.28440097
vn 0.973892808 -0.176764056 0.142433196
vn 0.963016152 -0.195519894 0.185396641
vn 0.967466414 -0.241227269 0.076276958
vn 0.952543855 -0.265510589 0.148877054
vn 0.947671413 -0.311879933 0.0681892261
vn 0.928255975 -0.334881783 0.161848664
vn 0.917269707 -0.385400862 0.100411542
vn 0.89356482 -0.40156278 0.200721845
vn 0.875233054 -0.45841527 0.154345453
vn 0.85035181 -0.465391219 0.245586649
vn 0.823741078 -0.523037732 0.218820035
vn 0.824362099 -0.523065388 0.216401741
vn 0.781206965 -0.593609154 0.193245605
vn 0.795216978 -0.596524179 0.108576767
vn 0.736308336 -0.670324683 0.0922760442
vn 0.739485085 -0.671311736 0.050024014
vn 0.69087404 -0.722843826 -0.0137782553
vn 0.865845382 -0.0935986191 0.491478443
vn 0.762543499 -0.0615750626 0.643999934
vn 0.731392264 -0.0962137803 0.675135732
vn 0.614215136 -0.0768595263 0.785386801
vn 0.588471174 -0.108707838 0.801176786
vn 0.44017756 -0.0915933028 0.893226981
vn 0.769485712 -0.638566375 -0.011166906
vn 0.803626955 -0.595069528 -0.00871914998
vn 0.796955824 -0.59489876 0.10467536
vn 0.847331643 -0.517670274 0.118518263
vn 0.832402527 -0.51613611 0.201766253
vn 0.867343724 -0.446407825 0.220079362
vn 0.867536008 -0.446390808 0.219354734
vn 0.887923539 -0.391542315 0.241425738
vn 0.909818232 -0.381966472 0.162272409
vn 0.92287755 -0.325707525 0.205454752
vn 0.942911148 -0.308861107 0.124592952
vn 0.948515832 -0.256539255 0.185756028
vn 0.964100659 -0.236847475 0.120055132
vn 0.960720956 -0.184770092 0.207063273
vn 0.970957577 -0.169440389 0.168912306
vn 0.948464811 -0.113006443 0.29604739
vn 0.947352469 -0.114541613 0.299004138
vn 0.889839649 -0.0681780279 0.451150924
vn 0.885907054 -0.0697465613 0.458589256
vn 0.791405439 -0.0247332193 0.610791028
vn 0.759063065 -0.0573517233 0.648485959
vn 0.654221356 -0.0306412186 0.75568217
vn 0.611763716 -0.0752297938 0.787455142
vn 0.50951314 -0.0595166124 0.858402073
vn 0.464188993 -0.115807861 0.878132761
vn 0.391794026 -0.0835683569 0.916249812
vn 0.292269975 -0.0726122484 0.953575253
vn 0.285727978 -0.0672602206 0.955947459
vn 0.186932504 -0.0577109009 0.980676115
vn 0.177533701 -0.0510595739 0.982789218
vn 0.109984919 -0.0457870103 0.992878079
vn 0.0996211246 -0.039311517 0.994248569
vn 0.0538965501 -0.0368053317 0.997868001
vn 0.0451202281 -0.0319293775 0.9984712
vn 0.0146024721 -0.0310633425 0.999410748
vn 0.0107156029 -0.0291418936 0.999517858
vn -0.0107132364 -0.0291418936 0.999517858
vn -0.013948339 0.0149374325 0.999791145
vn -0.0170854349 0.0156414229 0.99973166
vn -0.026554808 0.0886607394 0.99570787
vn -0.0228209458 0.0877037942 0.995885134
vn -0.0345475674 0.168409735 0.985111475
vn -0.0625989139 0.167241961 0.983926594
vn -0.0809157342 0.240168706 0.967352927
vn -0.120723784 0.237182289 0.963934839
vn -0.154617518 0.330856174 0.930928349
vn -0.207793787 0.323987544 0.922959268
vn -0.262616158 0.43985346 0.85881412
vn -0.328250855 0.425058931 0.843549788
vn -0.903316617 -0.156261697 -0.399501443
vn -0.856144667 -0.125087336 -0.501367569
vn -0.974084795 -0.169767112 -0.149458662
vn -0.952049315 -0.143373027 -0.270270705
vn -0.9684816 -0.17443566 0.177807614
vn -0.984320045 -0.15890713 0.0765672848
vn -0.855229259 -0.166771665 0.490683347
vn -0.883273184 -0.16079013 0.440425903
vn -0.705577493 -0.153292194 0.691854
vn -0.725414276 -0.151148453 0.671511889
vn -0.572292745 -0.14049077 0.807925344
vn -0.586219251 -0.139518186 0.798048675
vn -0.419605076 -0.125575304 0.898978531
vn -0.435322732 -0.123005919 0.891831636
vn -0.273513585 -0.109105855 0.955660105
vn -0.296543092 -0.105703577 0.949151695
vn -0.171598777 -0.0956985578 0.980507851
vn -0.20021455 -0.09141168 0.975478351
vn -0.0987596363 -0.0846733153 0.991502404
vn -0.127662495 -0.0799676627 0.988588631
vn -0.0470701382 -0.0761491805 0.995984793
vn -0.0698661581 -0.0719684139 0.994956911
vn -0.0123070395 -0.0705496371 0.997432351
vn -0.0217322819 -0.0685742497 0.997409284
vn 0.0124231111 -0.0685851574 0.997567892
vn 0.0216808524 -0.0707962885 0.997255147
vn 0.0478924476 -0.0714540407 0.996293426
vn 0.0695024058 -0.0772599801 0.994585514
vn 0.100488886 -0.0787337795 0.991818011
vn 0.126902789 -0.086624071 0.988125503
vn 0.174023315 -0.0897506103 0.980643034
vn 0.199164227 -0.0980211198 0.975051522
vn 0.276085109 -0.104158685 0.955472648
vn 0.295437276 -0.111137293 0.948875844
vn 0.421829104 -0.121948168 0.898436904
vn 0.434343845 -0.126940623 0.891757548
vn 0.573521495 -0.138582543 0.807383418
vn -0.851582527 -0.519621015 -0.0692906827
vn -0.839331448 -0.519760847 -0.159283832
vn -0.889268398 -0.457356662 -0.00515370257
vn -0.880801082 -0.460836291 -0.108716965
vn -0.918904424 -0.39094612 0.052686125
vn -0.916016638 -0.396974653 -0.0576599278
vn -0.93625313 -0.347063929 0.0545590818
vn -0.948182821 -0.314386427 -0.0459407754
vn -0.936772168 -0.306792378 -0.168333992
vn -0.933431029 -0.282705069 -0.220871851
vn -0.905310452 -0.262338042 -0.334053397
vn -0.896222353 -0.235978007 -0.375632614
vn -0.858998418 -0.20899418 -0.467379034
vn -0.85081625 -0.188120246 -0.490634769
vn -0.813592553 -0.160441414 -0.558861077
vn -0.805683613 -0.137388259 -0.576192975
vn -0.754812181 -0.107792437 -0.647023499
vn -0.750506759 -0.0694426075 -0.657204211
vn -0.854881585 -0.101339959 -0.508829653
vn -0.834804237 -0.0882867873 -0.543421865
vn -0.952579737 -0.131134808 -0.274582416
vn -0.936414719 -0.115166888 -0.331457406
vn -0.984541714 -0.157718554 0.0761737823
vn -0.989595711 -0.14370209 0.00707129203
vn -0.881515563 -0.166955188 0.441651762
vn -0.906849742 -0.158481389 0.390521765
vn -0.722678125 -0.160408363 0.672313511
vn -0.750112891 -0.15557918 0.642748654
vn -0.583291411 -0.149988636 0.798294783
vn -0.607167959 -0.146951154 0.780866444
vn -0.431723416 -0.137484878 0.891466677
vn -0.452441126 -0.13236922 0.881915748
vn -0.293064296 -0.122705743 0.94818598
vn -0.31388256 -0.118065082 0.942092538
vn -0.197058633 -0.111115701 0.974074543
vn -0.219797164 -0.106208175 0.969746888
vn -0.125192389 -0.101416573 0.986935437
vn -0.147867888 -0.0964425653 0.98429364
vn -0.0683655217 -0.0935276374 0.993266702
vn -0.0866536647 -0.089310348 0.992227197
vn -0.0212766193 -0.0880557522 0.995888293
vn -0.0290470887 -0.0861313641 0.995860279
vn 0.0213217232 -0.0861481354 0.996054173
vn 0.0290512927 -0.0882242844 0.995676875
vn 0.0686847046 -0.089002721 0.99366039
vn 0.0866871551 -0.0942502171 0.991767228
vn 0.12585777 -0.0956933647 0.987422228
vn 0.14792031 -0.102646507 0.983658135
vn 0.198016718 -0.10518229 0.974538922
vn 0.219838217 -0.112582743 0.969018221
vn 0.294238329 -0.116998374 0.948543727
vn 0.313872516 -0.124139488 0.941314757
vn 0.43324396 -0.131374747 0.891650319
vn 0.453010321 -0.0907199755 -0.886877418
vn 0.453510135 -0.0866749808 -0.887026489
vn 0.599993706 -0.144186229 -0.786903977
vn 0.605118394 -0.127786115 -0.785813212
vn 0.726572633 -0.166300416 -0.666660607
vn 0.746401966 -0.157745525 -0.646529555
vn 0.819402874 -0.178738505 -0.544638872
vn 0.842012703 -0.167601168 -0.512761593
vn 0.908614993 -0.185110658 -0.374369889
vn 0.927904129 -0.171458766 -0.331052542
vn 0.97345984 -0.183716491 -0.136470422
vn 0.98162061 -0.168888107 -0.0888696536
vn 0.969388545 -0.171700343 0.175512984
vn 0.964200735 -0.159116238 0.212129474
vn 0.864552557 -0.149699703 0.479727924
vn 0.284121871 -0.0689143538 -0.956308305
vn 0.283688664 -0.0700679421 -0.956353068
vn 0.307342172 -0.0604548305 -0.949676812
vn 0.385499269 -0.0987542346 -0.917408288
vn 0.389360964 -0.131672472 -0.911625147
vn 0.506909192 -0.183098003 -0.842329025
vn 0.506174326 -0.170524478 -0.845404625
vn 0.662356436 -0.225981072 -0.714294434
vn 0.664786696 -0.200544015 -0.719611526
vn 0.784332395 -0.231499121 -0.575526536
vn 0.803734839 -0.217732519 -0.553717315
vn 0.866550982 -0.230401531 -0.442724049
vn 0.886831284 -0.213290334 -0.409923792
vn 0.936943829 -0.219849542 -0.27166605
vn 0.952453852 -0.200021654 -0.22983247
vn 0.978661239 -0.198973447 -0.0513010733
vn 0.983827412 -0.178923234 -0.00837075058
vn 0.960720897 -0.167319492 0.221403494
vn 0.206601933 -0.085888572 -0.974648058
vn 0.207456604 -0.0831014216 -0.97470814
vn 0.135443032 -0.0629457533 -0.988783598
vn 0.120040298 -0.0821321309 -0.989365757
vn 0.0499867834 -0.0717303678 -0.9961707
vn 0.834238529 -0.0945592746 -0.543235362
vn 0.854430258 -0.0943418518 -0.510929108
vn 0.93542558 -0.12334571 -0.331307769
vn 0.952877402 -0.122338049 -0.277593255
vn 0.988309205 -0.152310714 0.00681169145
vn 0.986090183 -0.149126321 0.0733998194
vn 0.905878603 -0.165829122 0.389723778
vn 0.883456528 -0.160047472 0.440328747
vn 0.749626338 -0.161149994 0.641943216
vn 0.724202514 -0.155193239 0.671897173
vn 0.606944144 -0.151166886 0.780235469
vn 0.151569664 0.0987358615 -0.983502865
vn 0.157781541 0.11365591 -0.980911493
vn 0.239995658 0.094010748 -0.9662112
vn 0.239105269 0.0921102837 -0.966614902
vn 0.329446197 0.0640972555 -0.941996157
vn 0.322971463 0.0528608337 -0.944931328
vn 0.428481787 0.0172824543 -0.903385103
vn 0.421847373 0.00821968075 -0.906629622
vn 0.546071529 -0.0333441049 -0.837074697
vn 0.545419693 -0.0340651907 -0.837470531
vn 0.661214471 -0.0706442222 -0.746863306
vn 0.149028644 0.112647675 -0.98239553
vn 0.15098542 0.114945337 -0.981830418
vn 0.244993076 0.103689313 -0.963964164
vn 0.239757597 0.0979925394 -0.965874612
vn 0.340424389 0.0807339698 -0.936799467
vn 0.329056591 0.0695138946 -0.941748142
vn 0.440072954 0.0463898256 -0.896762967
vn 0.427264303 0.0349739641 -0.903450072
vn 0.553429663 0.00579352817 -0.832875788
vn 0.544448435 -0.00157302013 -0.838792861
vn 0.697545886 -0.0395516232 -0.715447724
vn 0.659425497 -0.0690629333 -0.748590887
vn 0.750529051 -0.0694463551 -0.657178283
vn 0.607855856 -0.130060449 0.783323407
vn 0.6265921 -0.13680765 0.76724571
vn 0.751594722 -0.134800225 0.645704508
vn 0.769988298 -0.141799644 0.622101963
vn 0.90990591 -0.131043702 0.393571854
vn 0.921396673 -0.136630937 0.36381337
vn 0.994238377 -0.106849581 0.00855912641
vn 0.993869185 -0.109697968 -0.0137970494
vn 0.94082737 -0.070211187 -0.331533253
vn 0.938399136 -0.0711256564 -0.338154167
vn 0.83834523 -0.0377302878 -0.543832481
vn 0.840295196 -0.0372052267 -0.540850937
vn 0.698922276 -0.00199174113 -0.715194821
vn 0.708160996 0.00439092144 -0.706037343
vn 0.553794026 0.0361582972 -0.831868231
vn 0.569302499 0.0466173217 -0.820805371
vn 0.439985931 0.0692090839 -0.895333707
vn 0.457875609 0.0815334842 -0.885269582
vn 0.340204149 0.0986786932 -0.935159683
vn 0.356687844 0.110486157 -0.92766726
vn 0.244736955 0.123140618 -0.96173811
vn 0.25625971 0.131791949 -0.957581222
vn 0.148800686 0.13997142 -0.978910804
vn 0.153711125 0.143848777 -0.977589071
vn 0.0602751337 0.0485708117 -0.996999383
vn 0.0587410964 0.110495247 -0.99213922
vn 0.053676486 0.0980287269 -0.993734956
vn 0.0534459315 0.118341245 -0.991533577
vn 0.0508622602 0.115151599 -0.992044926
vn 0.0507769398 0.147715822 -0.987725556
vn 0.0516350307 0.148427099 -0.987574399
vn 0.858643353 -0.160588726 0.486767709
vn 0.881321669 -0.167537525 0.441818148
vn 0.972152293 -0.163204312 0.168179348
vn 0.982050896 -0.170575008 0.0804996416
vn 0.974384546 -0.153842255 -0.164034456
vn 0.951216936 -0.158016488 -0.264985204
vn 0.899499357 -0.138749987 -0.414305836
vn 0.856677532 -0.139627352 -0.496596277
vn 0.79979223 -0.121317446 -0.58788985
vn 0.755984545 -0.120339058 -0.643432856
vn 0.699323714 -0.101957209 -0.707496345
vn 0.665213525 -0.10051728 -0.739856243
vn 0.563581407 -0.0663155168 -0.823394358
vn 0.551398337 -0.0705306828 -0.831255257
vn 0.42147392 -0.0203029253 -0.906613231
vn 0.426430583 -0.0178119466 -0.904344916
vn 0.3194592 0.0274878088 -0.947201252
vn 0.326240003 0.0329588093 -0.944712222
vn 0.24719432 0.0667045042 -0.966667175
vn 0.243071303 0.0615204722 -0.968055546
vn 0.180105865 0.0843668655 -0.98002249
vn 0.162389889 0.0544213913 -0.985224783
vn 0.108004451 0.0658925176 -0.99196434
vn 0.0407945924 0.0122491913 -0.99909246
vn 0.0432282723 -0.0807706565 -0.995794892
vn 0.670037091 -0.738934636 0.070893392
vn 0.661046386 -0.736446142 0.143752486
vn 0.662647605 -0.735634625 0.140498653
vn 0.661407709 -0.735376298 0.14751792
vn 0.661232293 -0.735472798 0.147822991
vn 0.686970055 -0.726174414 -0.0272561852
vn 0.683545113 -0.729606152 -0.0209993403
vn 0.684255481 -0.651431441 -0.327767551
vn 0.680588663 -0.659010231 -0.320163369
vn 0.60883975 -0.482857496 -0.629414618
vn 0.606233776 -0.491654187 -0.625105441
vn 0.499107897 -0.28836 -0.817153454
vn 0.478431642 -0.346368939 -0.806927323
vn 0.470187545 -0.292712897 -0.832612038
vn 0.393139869 -0.261001378 -0.881657183
vn 0.391516328 -0.268970132 -0.879982948
vn 0.347766995 -0.25046733 -0.903506637
vn 0.345798641 -0.261302024 -0.901190639
vn 0.300829142 -0.243004814 -0.922198713
vn 0.298356414 -0.256665885 -0.919296503
vn 0.238821283 -0.235311061 -0.942121565
vn 0.236190617 -0.248817816 -0.939310193
vn 0.157803595 -0.227401465 -0.960930049
vn 0.155382022 -0.238093585 -0.958732426
vn 0.0573101863 -0.223444849 -0.973030269
vn 0.0560581982 -0.227951512 -0.972057402
vn -0.0560156703 -0.227948233 -0.972060621
vn -0.0503306575 -0.0807409585 -0.99546355
vn -0.0429488719 -0.0706774741 -0.996574163
vn -0.03971586 0.0486228839 -0.998027265
vn -0.0607065894 0.0281389449 -0.997758925
vn -0.0587191544 0.110491492 -0.992140949
vn -0.151552781 0.0987339169 -0.983505666
vn -0.150968567 0.114944369 -0.9818331
vn -0.244978473 0.103689536 -0.96396786
vn -0.244722351 0.123141222 -0.961741745
vn -0.356673777 0.110487901 -0.927672505
vn -0.357064605 0.157668859 -0.920676589
vn -0.483118117 0.141892046 -0.863981187
vn -0.481173158 0.2178545 -0.849124134
vn -0.512645721 0.19544068 -0.836060584
vn -0.504350901 0.284608632 -0.815247238
vn -0.540736794 0.257322222 -0.800867677
vn -0.527829766 0.338116467 -0.779148877
vn -0.566156983 0.308288276 -0.764476717
vn -0.551811278 0.374017447 -0.745396078
vn -0.588926792 0.343936503 -0.731350064
vn -0.570606351 0.411939651 -0.710432351
vn -0.630285084 0.376095295 -0.679185569
vn -0.612823844 0.43079865 -0.662464738
vn -0.66147089 0.398619443 -0.635262787
vn -0.667784154 0.378746808 -0.640792608
vn -0.779313624 0.335547 -0.529224455
vn -0.816859901 0.300361365 -0.492466182
vn -0.884234548 0.260148287 -0.387881577
vn -0.914275527 0.219652981 -0.340371668
vn -0.94961828 0.186676532 -0.251747757
vn -0.979586899 0.129301965 -0.153917119
vn -0.981532454 0.127551913 -0.142564386
vn -0.996282458 0.0836532265 -0.0205769148
vn -0.997494161 0.0679574758 -0.0196767673
vn -0.989939988 0.00530963158 0.141388178
vn -0.989657819 -0.0147485882 0.1426882
vn -0.908681512 -0.106978342 0.403551191
vn -0.908911586 -0.104885094 0.403582484
vn -0.729777038 -0.175807327 0.66069454
vn -0.732599854 -0.145117447 0.665010035
vn -0.571638107 -0.171074927 0.802473187
vn -0.545031369 -0.154668763 0.824025691
vn -0.492645174 -0.141465873 0.858654857
vn -0.492517442 -0.135815039 0.859639943
vn 0.508561492 0.860964 0.0103040161
vn 0.515312612 0.856990695 0.00445985561
vn 0.515063703 0.856087744 0.0426985249
vn 0.433901101 0.900072634 0.0399883427
vn 0.433242142 0.898333371 0.0727897584
vn 0.350486875 0.934014916 0.0691017807
vn 0.348096341 0.927063823 0.139217883
vn 0.256024092 0.956863284 0.137347445
vn 0.245902807 0.920097888 0.304879874
vn 0.150728106 0.939726591 0.306911916
vn 0.129872561 0.817505538 0.561086237
vn 0.0436864644 0.824596107 0.564032614
vn 0.033329051 0.643359721 0.764838159
vn -0.0333288983 0.643359721 0.764838219
vn -0.0338960066 0.642773271 0.765306175
vn -0.102294207 0.638865292 0.762487411
vn -0.103798822 0.637024581 0.763822913
vn -0.174461111 0.628738225 0.757793903
vn -0.176606238 0.62561214 0.759881377
vn -0.248727292 0.612559795 0.750270069
vn -0.251216382 0.608188629 0.752991974
vn -0.32444337 0.589964628 0.739376903
vn -0.326983064 0.584487796 0.742600918
vn -0.400353879 0.560875475 0.724662304
vn -0.402690589 0.554509521 0.728257835
vn -0.475823492 0.525168777 0.705542207
vn -0.477754503 0.518216729 0.709367394
vn -0.549449325 0.483166903 0.681656241
vn -0.550846934 0.475997448 0.685561121
vn -0.620597541 0.435009658 0.652399659
vn -0.621420801 0.428030401 0.656221092
vn -0.687919796 0.381372571 0.617512226
vn -0.688217819 0.375013173 0.621064663
vn -0.750897348 0.322521389 0.576309919
vn -0.750799477 0.317127705 0.579422295
vn -0.808430195 0.259128541 0.528481781
vn -0.808104694 0.254867733 0.531045377
vn -0.860105515 0.190937117 0.473034382
vn -0.859660745 0.187453136 0.4752312
vn -0.905049264 0.11696969 0.408905834
vn -0.904301405 0.112661324 0.411760122
vn -0.9415254 0.0345672406 0.33516416
vn -0.939532578 0.0255836211 0.341502666
vn -0.964625955 -0.0561254025 0.257578492
vn -0.959429801 -0.0742733479 0.271988928
vn -0.969890237 -0.145675331 0.19517073
vn -0.960561216 -0.170949414 0.219313458
vn -0.961135864 -0.229282156 0.15377751
vn -0.948512077 -0.25655818 0.185749128
vn -0.942905962 -0.308880001 0.124585502
vn -0.928250074 -0.334900826 0.161843359
vn -0.917262077 -0.385420769 0.100404494
vn -0.901843786 -0.408580095 0.140499488
vn -0.884946704 -0.459471047 0.0758659542
vn -0.870050967 -0.479049861 0.116286471
vn -0.857553124 -0.508500636 0.0776511133
vn -0.824742019 -0.551213861 0.126348376
vn -0.789253712 -0.611584961 0.0551582053
vn -0.805203557 -0.575757325 -0.141953319
vn -0.738338351 -0.617759466 -0.270609945
vn -0.685958028 -0.489782542 -0.538121343
vn -0.601886392 -0.48195681 -0.636749864
vn -0.499089837 -0.288360298 -0.817164421
vn -0.485625327 -0.326878548 -0.810751796
vn -0.389346033 -0.131670833 -0.911631763
vn -0.380005866 -0.0571802296 -0.923215032
vn -0.452994138 -0.0907177553 -0.886885881
vn -0.41873011 -0.0144697549 -0.907995462
vn -0.427200615 -0.022447858 -0.903878152
vn -0.421832323 0.00822093338 -0.906636596
vn -0.546055019 -0.0333417244 -0.837085545
vn -0.544431865 -0.00157112 -0.838803589
vn -0.697526097 -0.0395480171 -0.715467155
vn -0.698902428 -0.00198837253 -0.715214252
vn -0.838374674 -0.0366577692 -0.543860435
vn -0.840185702 -0.0382496826 -0.540948212
vn -0.940663874 -0.0720860064 -0.331594795
vn -0.938567519 -0.0692693815 -0.338072062
vn -0.99367255 -0.112009801 0.00828836206
vn -0.994429469 -0.104563914 -0.013282232
vn -0.909175754 -0.138388649 0.392744184
vn -0.921987474 -0.129176721 0.36503765
vn -0.751110137 -0.142367139 0.644643486
vn -0.770216167 -0.134070531 0.623532057
vn -0.607616067 -0.136760667 0.782367706
vn -0.62655431 -0.129977673 0.768463075
vn -0.452511221 -0.128231347 0.882490993
vn -0.465849906 -0.119571947 0.876747608
vn -0.313882709 -0.118722975 0.942009807
vn -0.343518853 -0.109637797 0.932724178
vn -0.219811693 -0.108141035 0.969529986
vn -0.242619902 -0.101396814 0.964807868
vn -0.147900984 -0.100124121 0.983920991
vn -0.165551156 -0.0949854329 0.981616318
vn -0.086686939 -0.0941310003 0.991778553
vn -0.0988869444 -0.0905837938 0.990967155
vn -0.029057594 -0.0901724771 0.995502174
vn -0.0338263847 -0.0887737945 0.995477259
vn 0.0290527511 -0.088787131 0.995626807
vn 0.033836659 -0.0902144834 0.995347381
vn 0.0866617933 -0.090543583 0.992114723
vn 0.0989744589 -0.0943019539 0.990611553
vn 0.147850722 -0.0948444754 0.984451473
vn 0.165747881 -0.100431971 0.981040776
vn 0.219751716 -0.101172514 0.970295489
vn 0.242935583 -0.108551182 0.96394968
vn 0.313861549 -0.109439462 0.943140447
vn 0.343931854 -0.119138137 0.931405902
vn 0.492040157 -0.119373865 0.862349331
vn 0.49291566 -0.158303142 0.855554938
vn 0.653922319 -0.144474939 0.742638946
vn 0.690561056 -0.152942508 0.706918716
vn 0.794309378 -0.136699021 0.591934085
vn 0.823616266 -0.142602012 0.548927009
vn 0.935925066 -0.10817311 0.335175782
vn 0.948807895 -0.110296339 0.295970082
vn 0.998461962 -0.0506371036 -0.0225746557
vn 0.998143196 -0.0507713594 -0.0336514153
vn 0.945684493 0.0119826635 -0.324864954
vn 0.950941205 0.0122770937 -0.309128016
vn 0.854169965 0.0616569817 -0.516325593
vn 0.869467616 0.0627570525 -0.489987344
vn 0.753921866 0.103389576 -0.648777664
vn 0.74802196 0.179721773 -0.638876498
vn 0.652412772 0.208551124 -0.728604138
vn 0.639725983 0.289035201 -0.712186277
vn 0.566168249 0.30828321 -0.764470398
vn 0.551822662 0.374011785 -0.745390475
vn 0.476145148 0.390776187 -0.787768841
vn 0.464961112 0.43613109 -0.770454943
vn 0.505898416 0.441647053 -0.740955234
vn 0.500135183 0.460680842 -0.733237982
vn 0.529723763 0.464975536 -0.709359229
vn 0.53356117 0.453073174 -0.714168847
vn 0.408871353 0.479137868 -0.77669245
vn 0.415663838 0.452471375 -0.788982391
vn 0.263840705 0.472569287 -0.840872407
vn 0.271842599 0.421396524 -0.865174294
vn 0.0933693349 0.432130396 -0.89696461
vn 0.0967983976 0.359620124 -0.928064346
vn 0.603136241 -0.797579825 -0.0096501857
vn 0.670944929 -0.740584493 0.0369798392
vn 0.668624699 -0.739895821 0.074129343
vn 0.736086786 -0.670499444 0.0927724391
vn 0.724182427 -0.667234898 0.174233615
vn 0.776044726 -0.597221434 0.202684909
vn 0.774713516 -0.59702605 0.208275974
vn 0.808906555 -0.53625387 0.241043538
vn 0.834918618 -0.532007694 0.140991941
vn 0.859410405 -0.473989099 0.191697806
vn 0.884956717 -0.459450424 0.0758746117
vn 0.901851594 -0.408560783 0.140505508
vn 0.926389992 -0.376434892 -0.00991761778
vn 0.939683735 -0.329867899 0.0904526711
vn 0.946825087 -0.320547611 -0.0277747791
vn 0.957500517 -0.270367086 0.100471102
vn 0.971468627 -0.236902565 0.0112195592
vn 0.970063746 -0.209111184 0.123486266
vn 0.980481327 -0.182727054 0.0725752339
vn 0.952805698 -0.156783834 0.259961873
vn 0.955551624 -0.151655614 0.252827287
vn 0.864082515 -0.130427197 0.48615855
vn 0.856132388 -0.142412379 0.496745497
vn 0.721568108 -0.127710193 0.680462778
vn 0.707569659 -0.150141358 0.690509021
vn 0.58563149 -0.141575873 0.798117816
vn 0.584393144 -0.146014556 0.79822576
vn 0.452304482 -0.138837963 0.880990744
vn 0.452500105 -0.128227457 0.882497251
vn 0.439316303 -0.136669278 0.887875378
vn 0.626546025 -0.131059498 0.768286049
vn 0.653957248 -0.138952091 0.743661404
vn 0.770279884 -0.130004883 0.624313712
vn 0.794305682 -0.136795357 0.5919168
vn 0.922914505 -0.114692554 0.367524713
vn 0.935202003 -0.11859002 0.333666861
vn 0.997168839 -0.074555628 -0.00978773274
vn 0.996831536 -0.0755456239 -0.0248951484
vn 0.942019761 -0.0259118248 -0.334555477
vn 0.944355845 -0.0254223552 -0.327941686
vn 0.843470097 0.0138400383 -0.536997855
vn 0.853549778 0.0155058047 -0.520780563
vn 0.710357845 0.0540873855 -0.701759398
vn 0.72876811 0.0641189367 -0.681752026
vn 0.570696354 0.0962154493 -0.815504909
vn 0.594103575 0.108166359 -0.797082782
vn 0.458670765 0.129696742 -0.879090369
vn 0.483131409 0.141889274 -0.863974214
vn 0.357078701 0.157667086 -0.920671463
vn 0.379861116 0.168982431 -0.909478128
vn 0.256438822 0.180552289 -0.949547291
vn 0.274947494 0.189875543 -0.942523837
vn 0.153817356 0.197432533 -0.968173862
vn 0.165764704 0.203652114 -0.964908242
vn 0.0516768023 0.207212746 -0.976930082
vn 0.0558664463 0.209497839 -0.976211846
vn -0.0558482148 0.209498152 -0.976212859
vn -0.055434525 0.292608202 -0.954624236
vn -0.0623410009 0.289277881 -0.95521301
vn -0.0608385578 0.375083268 -0.924992561
vn -0.0692302361 0.37092638 -0.9260782
vn -0.0671372563 0.438339233 -0.896298647
vn -0.0755445957 0.434111357 -0.897686124
vn -0.0735801905 0.478723228 -0.874877155
vn -0.0807294473 0.474992514 -0.876278996
vn -0.0785923749 0.513619483 -0.854411066
vn -0.086818248 0.511154175 -0.855093002
vn -0.0851036832 0.536647916 -0.839503646
vn -0.0878953114 0.535750568 -0.839789093
vn -0.0890685618 0.51900965 -0.85011518
vn -0.0892363414 0.518902302 -0.850163102
vn -0.0914774537 0.484638602 -0.869917989
vn -0.0910815671 0.484906495 -0.869810224
vn -0.0941525847 0.431548238 -0.897162974
vn -0.0933350101 0.432132334 -0.896967232
vn -0.0967629477 0.359621018 -0.928067684
vn -0.095648244 0.360452086 -0.927860796
vn -0.0988181755 0.271168172 -0.957445979
vn -0.0975296795 0.272148401 -0.957299948
vn -0.0998696387 0.171104655 -0.980178177
vn -0.0985365808 0.172107205 -0.980137587
vn -0.0996978134 0.0660571828 -0.992822647
vn -0.0984730273 0.0669360384 -0.992886007
vn -0.0985378027 -0.00659973733 -0.995111406
vn -0.0421350859 0.0342209749 -0.998525679
vn -0.99323833 -0.116092987 4.8763839e-05
vn -0.993072927 -0.0975736529 0.0654641092
vn -0.956140935 -0.289448977 -0.0448756181
vn -0.956122458 -0.289504915 -0.0449082777
vn -0.938747525 -0.341675937 -0.0448403768
vn -0.946368396 -0.286550552 0.149250209
vn -0.880097568 -0.469774961 -0.0688462332
vn -0.833521962 -0.548215926 -0.0685597584
vn -0.854589283 -0.456159949 0.248183846
vn -0.771543384 -0.632071555 -0.0721550286
vn -0.771543741 -0.632071137 -0.0721550286
vn -0.706193149 -0.705658197 0.0577730089
vn -0.683009982 -0.723948419 0.0969331861
vn -0.471043408 -0.881871223 -0.0205240715
vn -0.498737276 -0.863838375 0.0710240901
vn -0.633098662 -0.771984816 -0.056793835
vn -0.633098006 -0.771985352 -0.056793835
vn -0.471045464 -0.881870151 -0.0205240715
vn -0.47097376 -0.881908834 -0.0205059797
vn -0.286715865 -0.957697272 0.024696704
vn -0.289884835 -0.956381619 0.0360697396
vn -0.289884388 -0.956381738 0.0360688828
vn -0.0978710279 -0.99478066 -0.0288560949
vn -0.0581205115 -0.997893095 -0.0288331676
vn -0.0972898379 -0.988889575 0.112392582
vn 0.0958672166 -0.973896444 0.205755085
vn 0.173629865 -0.98470366 -0.0145370578
vn 0.0977800265 -0.993311822 -0.0614062026
vn 0.0977780297 -0.993312001 -0.0614062026
vn 0.288712025 -0.954674363 -0.0724029094
vn 0.289394259 -0.954386771 -0.0734628588
vn 0.289382488 -0.954390347 -0.0734628588
vn 0.470238119 -0.880118966 -0.0653202236
vn 0.394040078 -0.91348809 0.101350248
vn 0.459208637 -0.859218121 0.225547448
vn 0.289393485 -0.954387069 -0.0734622255
vn 0.470237583 -0.880119264 -0.0653199181
vn 0.470237881 -0.880119085 -0.0653199181
vn 0.595078468 -0.799328744 0.0833980441
vn 0.633786857 -0.772625804 -0.0369272493
vn 0.633613706 -0.772797167 -0.0363067612
vn 0.633611858 -0.772798717 -0.0363067612
vn 0.706982076 -0.707202077 0.00644742418
vn 0.706762552 -0.707422733 0.00630860543
vn 0.765245974 -0.64211756 0.0456469357
vn 0.773102045 -0.634185314 0.0110564018
vn 0.773053765 -0.634243965 0.01106482
vn 0.881947994 -0.471235812 -0.0102266306
vn 0.893585801 -0.448775947 -0.0102233514
vn 0.879200459 -0.469762594 0.0795592666
vn 0.879251242 -0.469678491 0.0794944987
vn 0.955733478 -0.289813817 -0.050808087
vn 0.971792936 -0.230318993 -0.0507115945
vn 0.943635881 -0.286145747 0.166348934
vn 0.94328779 -0.286795348 0.167202175
vn 0.992674887 -0.0977297276 -0.0710314214
vn 0.995790541 -0.0579982176 -0.0709750131
vn 0.995188594 -0.0979775935 1.80392781e-05
vn 0.998308182 0.0581448525 4.05936662e-05
vn 0.992802739 0.0971736684 -0.0699996054
vn 0.956115067 0.288723022 -0.0498301834
vn 0.968975961 0.229651362 0.091355823
vn 0.944455862 0.285181254 0.163324207
vn 0.992802799 0.0971731693 -0.0699996054
vn 0.956115246 0.288722336 -0.0498301834
vn 0.879908144 0.468847752 0.0770938993
vn 0.891960621 0.447959751 0.0611416698
vn 0.882510066 0.470214993 -0.00859524123
vn 0.882512331 0.470210671 -0.00859524123
vn 0.70753926 0.706641376 0.00679277442
vn 0.765169144 0.642053127 0.047790993
vn 0.774001539 0.633117259 0.0091727078
vn 0.773985744 0.633136511 0.00917547848
vn 0.633492172 0.772887707 -0.0365000702
vn 0.596761703 0.801589727 -0.036460381
vn 0.628665864 0.766997337 0.128430218
vn 0.628692925 0.766968727 0.128468424
vn 0.469908327 0.880309761 -0.065121904
vn 0.395244598 0.916280508 -0.0648983046
vn 0.458909124 0.859703958 0.224302202
vn 0.458922595 0.859689713 0.224329472
vn 0.289034724 0.954494476 -0.0734790042
vn 0.289034367 0.954494596 -0.0734790042
vn 0.172796369 0.979976714 0.098929435
vn 0.273559153 0.903042138 0.331180066
vn 0.0976167768 0.993341029 -0.061193049
vn 0.0976168364 0.993341029 -0.061193049
vn -2.51527062e-17 0.999663711 0.0259329509
vn -0.0579697154 0.995304108 0.0775196552
vn -0.097957924 0.994765997 -0.0290669892
vn -0.0979697704 0.994764805 -0.0290669892
vn -0.290445268 0.956194818 0.0365096927
vn -0.286625832 0.957396507 0.0351787023
vn -0.290150613 0.956689 0.0236380827
vn -0.471199721 0.881792665 -0.0203106962
vn -0.499896944 0.865846992 -0.0202997383
vn -0.469111651 0.877890766 0.0961357057
vn -0.633063972 0.772036076 -0.0564828552
vn -0.685151279 0.726218104 -0.056346979
vn -0.622858286 0.759589732 0.187272355
vn -0.705715835 0.706066668 0.0586092956
vn -0.705904961 0.705904961 0.0582789816
vn -0.771106601 0.632551432 -0.0726174042
vn -0.771106899 0.632551074 -0.0726174042
vn -0.831086874 0.546614349 0.102505185
vn -0.740211308 0.607329726 0.288509727
vn -0.879912317 0.4701446 -0.0686906055
vn -0.879912436 0.470144391 -0.0686906055
vn -0.935976326 0.340667307 0.0888487548
vn -0.956019938 0.289902836 -0.0445219837
vn -0.956019998 0.289902568 -0.0445219837
vn -0.991752386 0.115919307 0.0546802022
vn -0.995188594 0.0979780704 1.803946e-05
vn 0.406617135 0.913598478 0.000545304734
vn 0.604333699 0.796671927 0.00972877815
vn 0.770387053 0.637371957 0.0161481146
vn 0.973418772 0.227816954 0.0235664416
vn 0.973072052 -0.229268223 0.0238093231
vn 0.769424081 -0.638515234 0.0168765653
vn 0.603130817 -0.797570288 0.0107168797
vn -0.159053132 -0.987180591 0.0132878656
vn -0.380379647 -0.924637794 0.0188747998
vn -0.752091646 -0.658608735 0.024345085
vn -0.96667105 -0.255019307 0.0226316489
vn -0.979301453 0.201940179 0.0137401167
vn -0.907269418 0.420498073 0.00660207169
vn -0.323255628 0.946164072 0.0167129487
vn -0.106538676 0.994105458 0.0200966261
vn -0.106535643 0.994105756 0.0200966261
vn -0.000770345272 0.994080365 -0.1086445
vn -2.49005783e-17 0.994230092 -0.107268609
vn -0.0271131694 0.997835219 -0.0599148832
vn -0.106538743 0.994105399 0.0200976711
vn -2.49005171e-17 0.994228244 -0.107285731
vn 0.00211783126 0.994621336 -0.103556566
vn -0.323257476 0.946163476 0.0167129487
vn -0.32325688 0.946163654 0.0167123098
vn -0.23809357 0.965983093 -0.100936413
vn -0.214087158 0.975808084 -0.0443313085
vn -0.214086518 0.975808263 -0.0443305708
vn -0.531309724 0.847115278 0.0102814753
vn -0.424763262 0.890940845 -0.160625532
vn -0.462482274 0.881186128 -0.0980872959
vn -0.430211604 0.902364552 -0.0256169941
vn -0.430220693 0.902360082 -0.0256215073
vn -0.625232279 0.780329645 -0.013049271
vn -0.531308413 0.847116113 0.0102818124
vn -0.531310976 0.847114444 0.0102818124
vn -0.625231862 0.780329943 -0.0130485976
vn -0.659329891 0.744229794 -0.106799491
vn -0.710930824 0.703258395 0.00222486979
vn -0.787130892 0.616781533 -0.00233096373
vn -0.710918188 0.70327121 0.00222503045
vn -0.710931003 0.703258276 0.00222503045
vn -0.907270849 0.420494914 0.00660207169
vn -0.852850795 0.522098899 -0.00763091678
vn -0.819424093 0.565607667 -0.0929092243
vn -0.835805178 0.511661112 -0.199079543
vn -0.787130117 0.616782546 -0.00233024033
vn -0.979301631 0.201939508 0.0137401167
vn -0.949473321 0.31325528 -0.0192749258
vn -0.933682323 0.354098886 -0.0533973835
vn -0.935347974 0.308596432 -0.17289421
vn -0.907271147 0.420494467 0.00659670634
vn -0.9955948 0.0878735557 -0.0326987505
vn -0.98952508 0.120150112 -0.0800257623
vn -0.985148966 0.0869525596 -0.148056567
vn -0.979301691 0.201939031 0.0137393251
vn -0.966670752 -0.255020559 0.0226316489
vn -0.98871243 -0.141966328 -0.0478881411
vn -0.990776241 -0.120302036 -0.0623685904
vn -0.982125521 -0.141020179 -0.124670662
vn -0.982125223 -0.141021118 -0.124672048
vn -0.999445677 -0.0272798948 0.019083323
vn -0.999445677 -0.0272803884 0.019083323
vn -0.929186165 -0.363883734 -0.06482023
vn -0.93208611 -0.353493512 -0.0791067034
vn -0.926208913 -0.362718403 -0.102821998
vn -0.966671109 -0.255019188 0.0226317532
vn -0.882736742 -0.469234735 0.0243850984
vn -0.882736385 -0.46923539 0.0243850164
vn -0.882736802 -0.469234586 0.0243850164
vn -0.75209105 -0.65860945 0.024345085
vn -0.752091646 -0.658608794 0.0243445896
vn -0.820128202 -0.566093683 -0.0832324922
vn -0.820312381 -0.565921247 -0.0825878903
vn -0.820313156 -0.565920353 -0.0825860426
vn -0.667883873 -0.736995995 -0.103769213
vn -0.660420895 -0.745461226 -0.0901762322
vn -0.670133054 -0.739474893 -0.064020209
vn -0.670130253 -0.739477158 -0.0640234128
vn -0.380380154 -0.924637616 0.0188747998
vn -0.38038075 -0.924637377 0.0188745223
vn -0.462478608 -0.881179154 -0.098167628
vn -0.483791202 -0.873911381 -0.0471700393
vn -0.483792663 -0.873910666 -0.0471673198
vn -0.581638157 -0.813136101 0.0225104466
vn -0.581638277 -0.813136041 0.022510482
vn -0.581637442 -0.813136637 0.022510482
vn -0.15905638 -0.987180054 0.0132878656
vn -0.159052476 -0.98718065 0.0132922716
vn -0.238047734 -0.965797126 -0.102806635
vn -0.27134949 -0.961946964 -0.0320538543
vn -0.271350503 -0.961946726 -0.0320528261
vn 0.0708212182 -0.997470558 0.00607407186
vn 0.0708252266 -0.99747026 0.00607407186
vn 0.0708264709 -0.99747014 0.0060744863
vn -0.0432964154 -0.984234154 -0.17148906
vn 2.51053518e-17 -0.99535197 -0.0963039547
vn -0.0443594642 -0.998845339 -0.0184451509
vn -0.0443598628 -0.998845339 -0.0184450168
vn 0.404850304 -0.914378822 0.00276242918
vn 0.404843926 -0.914381623 0.00276242918
vn 0.296944678 -0.954890192 -0.00292738969
vn 0.29694432 -0.954890311 -0.00292776851
vn 0.237937883 -0.965351403 -0.107155018
vn 0.185073137 -0.982700229 -0.0069414652
vn 0.185073271 -0.982700229 -0.00694162445
vn 0.603132725 -0.797568858 0.0107168797
vn 0.507330775 -0.861641526 -0.0137602324
vn 0.462618858 -0.881446362 -0.0950583816
vn 0.49865371 -0.84690845 -0.184636161
vn 0.404851645 -0.914378226 0.00276176655
vn 0.769423604 -0.63851589 0.0168765653
vn 0.690699279 -0.722660959 -0.0263749808
vn 0.661928236 -0.7471627 -0.0599910803
vn 0.682129204 -0.713696182 -0.159177557
vn 0.603129685 -0.797571123 0.0107186623
vn 0.894943178 -0.44567427 0.0212406237
vn 0.894940019 -0.445680618 0.0212406237
vn 0.894943595 -0.445673347 0.0212415289
vn 0.837208688 -0.545362234 -0.0407637022
vn 0.820188165 -0.566135049 -0.0823560879
vn 0.83022064 -0.540811658 -0.135116443
vn 0.769423962 -0.638515413 0.0168766826
vn 0.973071873 -0.229268849 0.0238093231
vn 0.938968539 -0.339263052 -0.0569091998
vn 0.93277967 -0.353756547 -0.0691259131
vn 0.934516609 -0.337651849 -0.112560757
vn 0.934516191 -0.337654084 -0.112557784
vn 0.990490556 -0.115485698 -0.0747766122
vn 0.989397526 -0.120134629 -0.0816099346
vn 0.989096999 -0.115322463 -0.0915851295
vn 0.973071575 -0.229270026 0.0238105711
vn 0.999697447 -0.000747728685 0.0245857984
vn 0.999697447 -0.000745599507 0.0245857965
vn 0.973418951 0.227816075 0.0235664416
vn 0.973418474 0.227818057 0.0235678181
vn 0.988856375 0.120068915 -0.0880146325
vn 0.990846813 0.114026837 -0.0722527876
vn 0.990846694 0.114027485 -0.0722537488
vn 0.934698761 0.336142957 -0.115525261
vn 0.930978298 0.353073388 -0.0928366706
vn 0.93959564 0.337901086 -0.0546162352
vn 0.93959713 0.337897331 -0.0546130762
vn 0.895617187 0.444341242 0.020753989
vn 0.895616114 0.444343448 0.0207537133
vn 0.895617127 0.444341421 0.0207537133
vn 0.770384848 0.63737458 0.0161481146
vn 0.770385861 0.637373447 0.0161472652
vn 0.818775177 0.565159738 -0.101003155
vn 0.838090718 0.544155777 -0.0387095883
vn 0.83809036 0.544156253 -0.0387104228
vn 0.604336083 0.796670139 0.00972877815
vn 0.60433501 0.796670854 0.00973034184
vn 0.659468651 0.744386375 -0.104833558
vn 0.691809535 0.721662223 -0.0245614182
vn 0.69180876 0.721662879 -0.0245623309
vn 0.406670213 0.913574874 0.000545304792
vn 0.406671375 0.913574338 0.00054473622
vn 0.462061733 0.880384803 -0.10687156
vn 0.508551538 0.860945344 -0.0121844532
vn 0.508550763 0.860945761 -0.0121859787
vn 0.0642209053 0.997930646 0.00317002553
vn 0.0642224476 0.997930586 0.00317054382
vn 0.0642180741 0.997930825 0.00317054382
vn 0.181632578 0.983361065 -0.00325545482
vn 0.181632772 0.983361065 -0.00325568533
vn 0.237934664 0.965338349 -0.107279919
vn 0.296778202 0.95494628 -0.000585928268
vn 0.296777844 0.954946339 -0.000586302776
vn -0.99619472 0.0871557072 -2.60995708e-18
vn -0.965925872 0.258818924 8.90042203e-19
vn -0.906307638 0.422618598 4.36300964e-18
vn -0.819152117 0.573576331 7.70338994e-18
vn -0.707106769 0.707106769 1.08097187e-17
vn -0.573576331 0.819152117 1.35875988e-17
vn -0.422618598 0.906307638 1.59526182e-17
vn -0.258818924 0.965925872 1.78329387e-17
vn -0.0871557072 0.99619472 1.91714062e-17
vn 0.0871557072 0.99619472 1.99273616e-17
vn 0.258818924 0.965925872 2.00778341e-17
vn 0.422618598 0.906307638 1.96182509e-17
vn 0.573576331 0.819152117 1.85625798e-17
vn 0.707106769 0.707106769 1.69428923e-17
vn 0.819152117 0.573576331 1.48084024e-17
vn 0.906307638 0.422618598 1.2223975e-17
vn 0.965925872 0.258818924 9.26811374e-18
vn 0.99619472 0.0871557072 6.03065455e-18
vn 0.99619472 -0.0871557072 2.60995708e-18
vn 0.965925872 -0.258818924 -8.90042203e-19
vn 0.906307638 -0.422618598 -4.36300964e-18
vn 0.819152117 -0.573576331 -7.70338994e-18
vn 0.707106769 -0.707106769 -1.08097187e-17
vn 0.573576331 -0.819152117 -1.35875988e-17
vn 0.422618598 -0.906307638 -1.59526182e-17
vn 0.258818924 -0.965925872 -1.78329387e-17
vn 0.0871557072 -0.99619472 -1.91714062e-17
vn -0.0871557072 -0.99619472 -1.99273616e-17
vn -0.258818924 -0.965925872 -2.00778341e-17
vn -0.422618598 -0.906307638 -1.96182509e-17
vn -0.573576331 -0.819152117 -1.85625798e-17
vn -0.707106769 -0.707106769 -1.69428923e-17
vn -0.819152117 -0.573576331 -1.48084024e-17
vn -0.906307638 -0.422618598 -1.2223975e-17
vn -0.965925872 -0.258818924 -9.26811374e-18
vn -0.99619472 -0.0871557072 -6.03065455e-18
vn 0.996322334 0.0847993419 0.0122834919
vn 0.985541642 0.168987557 -0.0122838207
vn 0.985541463 0.168988571 -0.0122838207
vn 0.96765995 0.251959085 0.0122834584
vn 0.942806304 0.333114594 -0.0122839212
vn 0.911159754 0.411870182 0.0122835143
vn 0.872948408 0.487657905 -0.0122837974
vn 0.828446925 0.559932828 0.012283816
vn 0.77797699 0.628172636 -0.0122835096
vn 0.77797699 0.628172696 -0.0122835096
vn 0.721901894 0.691886365 0.0122837359
vn 0.660624802 0.750615716 -0.0122838235
vn 0.594588161 0.803936541 0.0122836083
vn 0.524267554 0.851464987 -0.012283829
vn 0.524267733 0.851464868 -0.012283829
vn 0.450169772 0.892858505 0.0122835813
vn 0.372828871 0.927818835 -0.0122836623
vn 0.372828186 0.927819073 -0.0122836623
vn 0.292800784 0.956094563 0.0122836698
vn 0.210663199 0.977481544 -0.0122838244
vn 0.21066314 0.977481544 -0.0122838244
vn 0.127007917 0.99182564 0.012283612
vn 0.0424379967 0.999023616 -0.0122837042
vn 0.042437993 0.999023616 -0.0122837042
vn -0.042437993 0.999023616 0.0122837042
vn -0.12700741 0.9918257 -0.0122834658
vn -0.127008408 0.991825581 -0.0122834658
vn -0.21066317 0.977481544 0.0122838328
vn -0.292801291 0.956094384 -0.0122838225
vn -0.292800277 0.956094742 -0.0122838225
vn -0.372828543 0.927818954 0.0122837722
vn -0.45017007 0.892858326 -0.01228368
vn -0.450169444 0.892858624 -0.01228368
vn -0.524267614 0.851464927 0.0122837909
vn -0.594588518 0.803936303 -0.0122837275
vn -0.594587862 0.803936839 -0.0122837275
vn -0.660624802 0.750615716 0.0122838235
vn -0.721901894 0.691886365 -0.012283734
vn -0.77797699 0.628172696 0.0122835208
vn -0.828446865 0.559932947 -0.012283775
vn -0.828446984 0.559932709 -0.012283775
vn -0.872948408 0.487657905 0.0122837974
vn -0.911159694 0.411870271 -0.0122834835
vn -0.911159813 0.411870062 -0.0122834835
vn -0.942806304 0.333114594 0.0122839212
vn -0.967660069 0.251958609 -0.0122836065
vn -0.967659771 0.251959592 -0.0122836065
vn -0.985541523 0.168988064 0.0122839687
vn -0.996322334 0.0847993419 -0.0122834919
vn -0.999924541 -3.04724106e-17 0.0122838663
vn -0.996322334 -0.0847993419 -0.0122834919
vn -0.985541523 -0.168988064 0.0122839687
vn -0.967659771 -0.251959592 -0.0122836065
vn -0.967660069 -0.251958609 -0.0122836065
vn -0.942806304 -0.333114594 0.0122839212
vn -0.911159813 -0.411870062 -0.0122834835
vn -0.911159694 -0.411870271 -0.0122834835
vn -0.872948408 -0.487657905 0.0122837974
vn -0.828446984 -0.559932709 -0.012283775
vn -0.828446865 -0.559932947 -0.012283775
vn -0.77797699 -0.628172696 0.0122835208
vn -0.721901894 -0.691886365 -0.012283734
vn -0.660624802 -0.750615716 0.0122838235
vn -0.594587862 -0.803936839 -0.0122837275
vn -0.594588518 -0.803936303 -0.0122837275
vn -0.524267614 -0.851464927 0.0122837909
vn -0.450169444 -0.892858624 -0.01228368
vn -0.45017007 -0.892858326 -0.01228368
vn -0.372828543 -0.927818954 0.0122837722
vn -0.292800277 -0.956094742 -0.0122838225
vn -0.292801291 -0.956094384 -0.0122838225
vn -0.21066317 -0.977481544 0.0122838328
vn -0.127008408 -0.991825581 -0.0122834658
vn -0.12700741 -0.9918257 -0.0122834658
vn -0.042437993 -0.999023616 0.0122837042
vn 0.042437993 -0.999023616 -0.0122837042
vn 0.0424379967 -0.999023616 -0.0122837042
vn 0.127007917 -0.99182564 0.012283612
vn 0.21066314 -0.977481544 -0.0122838244
vn 0.210663199 -0.977481544 -0.0122838244
vn 0.292800784 -0.956094563 0.0122836698
vn 0.372828186 -0.927819073 -0.0122836623
vn 0.372828871 -0.927818835 -0.0122836623
vn 0.450169772 -0.892858505 0.0122835813
vn 0.524267733 -0.851464868 -0.012283829
vn 0.524267554 -0.851464987 -0.012283829
vn 0.594588161 -0.803936541 0.0122836083
vn 0.660624802 -0.750615716 -0.0122838235
vn 0.721901894 -0.691886365 0.0122837359
vn 0.77797699 -0.628172696 -0.0122835096
vn 0.77797699 -0.628172636 -0.0122835096
vn 0.828446925 -0.559932828 0.012283816
vn 0.872948408 -0.487657905 -0.0122837974
vn 0.911159754 -0.411870182 0.0122835143
vn 0.942806304 -0.333114594 -0.0122839212
vn 0.96765995 -0.251959085 0.0122834584
vn 0.985541463 -0.168988571 -0.0122838207
vn 0.985541642 -0.168987557 -0.0122838207
vn 0.996322334 -0.0847993419 0.0122834919
vn 0.999098957 -0.0424417555 3.50002162e-18
vn 0.999098957 0.0424417555 5.16578056e-18
vn 0.996584475 -0.0825794265 2.70145277e-18
vn 0.969400346 -0.245485172 -6.13311824e-19
vn 0.915773213 -0.401695728 -3.91136737e-18
vn 0.837166607 -0.546947956 -7.10270793e-18
vn 0.735723913 -0.677281618 -1.01003203e-17
vn 0.614212692 -0.789140522 -1.28224178e-17
vn 0.475947469 -0.879473686 -1.5194752e-17
vn 0.324699372 -0.945817292 -1.71526157e-17
vn 0.16459471 -0.986361265 -1.86425963e-17
vn -0.16459471 -0.986361265 -2.00702273e-17
vn -0.324699372 -0.945817292 -1.99689341e-17
vn -0.475947469 -0.879473686 -1.93229375e-17
vn -0.614212692 -0.789140522 -1.8149863e-17
vn -0.735723913 -0.677281618 -1.64817077e-17
vn -0.837166607 -0.546947956 -1.43639698e-17
vn -0.915773213 -0.401695728 -1.18544337e-17
vn -0.969400346 -0.245485172 -9.02151962e-18
vn -0.996584475 -0.0825794265 -5.94253997e-18
vn -0.996584475 0.0825794265 -2.70145277e-18
vn -0.969400346 0.245485172 6.13311824e-19
vn -0.915773213 0.401695728 3.91136737e-18
vn -0.837166607 0.546947956 7.10270793e-18
vn -0.735723913 0.677281618 1.01003203e-17
vn -0.614212692 0.789140522 1.28224178e-17
vn -0.475947469 0.879473686 1.5194752e-17
vn -0.324699372 0.945817292 1.71526157e-17
vn -0.16459471 0.986361265 1.86425963e-17
vn 0.16459471 0.986361265 2.00702273e-17
vn 0.324699372 0.945817292 1.99689341e-17
vn 0.475947469 0.879473686 1.93229375e-17
vn 0.614212692 0.789140522 1.8149863e-17
vn 0.735723913 0.677281618 1.64817077e-17
vn 0.837166607 0.546947956 1.43639698e-17
vn 0.915773213 0.401695728 1.18544337e-17
vn 0.969400346 0.245485172 9.02151962e-18
vn 0.996584475 0.0825794265 5.94253997e-18
vn 0.996321201 0.0847991556 0.0123771196
vn 0.991900444 0.127017766 6.7942866e-18
vn 0.977555156 0.21067968 8.37386036e-18
vn 0.967658758 0.251959026 0.0123770144
vn 0.956166685 0.292822897 9.89308592e-18
vn 0.927888989 0.372856617 1.13410375e-17
vn 0.911158681 0.411869705 0.0123770116
vn 0.892925918 0.450203598 1.2707271e-17
vn 0.851529241 0.524307072 1.3981953e-17
vn 0.828446269 0.559931755 0.0123770721
vn 0.803997159 0.594633102 1.51558977e-17
vn 0.75067234 0.660674691 1.62206412e-17
vn 0.72190088 0.691885769 0.0123770228
vn 0.691939056 0.721955895 1.71685125e-17
vn 0.628219426 0.778036237 1.7992697e-17
vn 0.594587386 0.803935707 0.0123769119
vn 0.559974968 0.82850951 1.86872243e-17
vn 0.487694889 0.873014152 1.92471214e-17
vn 0.450169325 0.892857432 0.0123770162
vn 0.411901414 0.911228418 1.96683383e-17
vn 0.333139956 0.942877412 1.99478459e-17
vn 0.292800337 0.95609349 0.0123771131
vn 0.251977861 0.967733026 2.00836293e-17
vn 0.1690014 0.98561579 2.00747106e-17
vn 0.127008215 0.991824448 0.0123771941
vn 0.084805578 0.996397495 1.99211495e-17
vn -0.0424377769 0.999022424 0.0123770051
vn -0.084805578 0.996397495 1.91855792e-17
vn -0.1690014 0.98561579 1.86088556e-17
vn -0.210663319 0.977480292 0.0123769399
vn -0.251977861 0.967733026 1.78980692e-17
vn -0.333139956 0.942877412 1.70583171e-17
vn -0.372828066 0.927817881 0.0123770582
vn -0.411901414 0.911228418 1.60956625e-17
vn -0.487694889 0.873014152 1.50170422e-17
vn -0.524267197 0.851463854 0.0123770963
vn -0.559974968 0.82850951 1.38302158e-17
vn -0.628219426 0.778036237 1.25437622e-17
vn -0.660623968 0.750614941 0.0123772062
vn -0.691939056 0.721955895 1.11668986e-17
vn -0.75067234 0.660674691 9.7095974e-18
vn -0.777976155 0.628171861 0.0123770656
vn -0.803997159 0.594633102 8.18233331e-18
vn -0.851529241 0.524307072 6.59611398e-18
vn -0.872947335 0.487657398 0.012377047
vn -0.892925918 0.450203598 4.96237313e-18
vn -0.927888989 0.372856617 3.29288339e-18
vn -0.942805171 0.333114386 0.0123770572
vn -0.956166685 0.292822897 1.59966174e-18
vn -0.977555156 0.21067968 -1.05078996e-19
vn -0.98554039 0.168988064 0.0123771271
vn -0.991900444 0.127017766 -1.80907833e-18
vn -0.999099016 0.042440705 -3.50004229e-18
vn -0.999923408 -3.04742106e-17 0.012376911
vn -0.999099016 -0.042440705 -5.1657603e-18
vn -0.991900444 -0.127017766 -6.7942866e-18
vn -0.98554039 -0.168988064 0.0123771271
vn -0.977555156 -0.21067968 -8.37386036e-18
vn -0.956166685 -0.292822897 -9.89308592e-18
vn -0.942805171 -0.333114386 0.0123770572
vn -0.927888989 -0.372856617 -1.13410375e-17
vn -0.892925918 -0.450203598 -1.2707271e-17
vn -0.872947335 -0.487657398 0.012377047
vn -0.851529241 -0.524307072 -1.3981953e-17
vn -0.803997159 -0.594633102 -1.51558977e-17
vn -0.777976155 -0.628171861 0.0123770656
vn -0.75067234 -0.660674691 -1.62206412e-17
vn -0.691939056 -0.721955895 -1.71685125e-17
vn -0.660623968 -0.750614941 0.0123772062
vn -0.628219426 -0.778036237 -1.7992697e-17
vn -0.559974968 -0.82850951 -1.86872243e-17
vn -0.524267197 -0.851463854 0.0123770963
vn -0.487694889 -0.873014152 -1.92471214e-17
vn -0.411901414 -0.911228418 -1.96683383e-17
vn -0.372828066 -0.927817881 0.0123770582
vn -0.333139956 -0.942877412 -1.99478459e-17
vn -0.251977861 -0.967733026 -2.00836293e-17
vn -0.210663319 -0.977480292 0.0123769399
vn -0.1690014 -0.98561579 -2.00747106e-17
vn -0.084805578 -0.996397495 -1.99211495e-17
vn -0.0424377769 -0.999022424 0.0123770051
vn 0.084805578 -0.996397495 -1.91855792e-17
vn 0.127008215 -0.991824448 0.0123771941
vn 0.1690014 -0.98561579 -1.86088556e-17
vn 0.251977861 -0.967733026 -1.78980692e-17
vn 0.292800337 -0.95609349 0.0123771131
vn 0.333139956 -0.942877412 -1.70583171e-17
vn 0.411901414 -0.911228418 -1.60956625e-17
vn 0.450169325 -0.892857432 0.0123770162
vn 0.487694889 -0.873014152 -1.50170422e-17
vn 0.559974968 -0.82850951 -1.38302158e-17
vn 0.594587386 -0.803935707 0.0123769119
vn 0.628219426 -0.778036237 -1.25437622e-17
vn 0.691939056 -0.721955895 -1.11668986e-17
vn 0.72190088 -0.691885769 0.0123770228
vn 0.75067234 -0.660674691 -9.7095974e-18
vn 0.803997159 -0.594633102 -8.18233331e-18
vn 0.828446269 -0.559931755 0.0123770721
vn 0.851529241 -0.524307072 -6.59611398e-18
vn 0.892925918 -0.450203598 -4.96237313e-18
vn 0.911158681 -0.411869705 0.0123770116
vn 0.927888989 -0.372856617 -3.29288339e-18
vn 0.956166685 -0.292822897 -1.59966174e-18
vn 0.967658758 -0.251959026 0.0123770144
vn 0.977555156 -0.21067968 1.05078996e-19
vn 0.991900444 -0.127017766 1.80907833e-18
vn 0.996321201 -0.0847991556 0.0123771196
vn 0.999099016 -0.042440705 3.50004229e-18
vn 0.999099016 0.042440705 5.1657603e-18
vn 0.705897927 -0.0584924296 0.705894291
vn 0.686642766 -0.17388171 0.705894351
vn 0.68664068 -0.173880801 0.705896616
vn 0.648655891 -0.284526944 0.705896556
vn 0.648656726 -0.284527481 0.705895603
vn 0.592978299 -0.387411892 0.705895722
vn 0.592978239 -0.387411803 0.705895782
vn 0.52112478 -0.479729146 0.705895841
vn 0.521124899 -0.479729295 0.705895662
vn 0.435056448 -0.558960617 0.705895841
vn 0.435056418 -0.558960557 0.705895901
vn 0.33712101 -0.62294507 0.705895782
vn 0.337120831 -0.622944593 0.705896258
vn 0.229989544 -0.669936657 0.705896378
vn 0.229989603 -0.669937015 0.70589596
vn 0.116585106 -0.69865495 0.70589602
vn 0.116585106 -0.698655725 0.705895245
vn 1.71938606e-17 -0.708316267 0.705895245
vn -0.116585225 -0.698655665 0.705895245
vn -0.116584986 -0.698655009 0.70589596
vn -0.229989663 -0.669937015 0.70589596
vn -0.229989484 -0.669936717 0.705896378
vn -0.337120771 -0.622944653 0.705896258
vn -0.337121069 -0.62294507 0.705895782
vn -0.435056418 -0.558960557 0.705895901
vn -0.435056478 -0.558960617 0.705895841
vn -0.521124899 -0.479729265 0.705895662
vn -0.521124721 -0.479729176 0.705895841
vn -0.592978239 -0.387411833 0.705895782
vn -0.592978358 -0.387411863 0.705895722
vn -0.648656785 -0.284527332 0.705895543
vn -0.648655832 -0.284527093 0.705896556
vn -0.686640561 -0.173881143 0.705896616
vn -0.686642885 -0.173881352 0.705894351
vn -0.705897927 -0.0584923141 0.705894291
vn -0.705897212 -0.0584923699 0.705895007
vn -0.705897212 0.0584922545 0.705895007
vn -0.705897927 0.0584924296 0.705894291
vn -0.686642766 0.17388171 0.705894351
vn -0.68664068 0.173880801 0.705896616
vn -0.648655891 0.284526944 0.705896556
vn -0.648656726 0.284527481 0.705895603
vn -0.592978299 0.387411892 0.705895722
vn -0.592978239 0.387411803 0.705895782
vn -0.52112478 0.479729146 0.705895841
vn -0.521124899 0.479729295 0.705895662
vn -0.435056448 0.558960617 0.705895841
vn -0.435056418 0.558960557 0.705895901
vn -0.33712101 0.62294507 0.705895782
vn -0.337120831 0.622944593 0.705896258
vn -0.229989544 0.669936657 0.705896378
vn -0.229989603 0.669937015 0.70589596
vn -0.116585106 0.69865495 0.70589602
vn -0.116585106 0.698655725 0.705895245
vn -1.84183923e-17 0.708316267 0.705895245
vn 0.116585225 0.698655665 0.705895245
vn 0.116584986 0.698655009 0.70589596
vn 0.229989663 0.669937015 0.70589596
vn 0.229989484 0.669936717 0.705896378
vn 0.337120771 0.622944653 0.705896258
vn 0.337121069 0.62294507 0.705895782
vn 0.435056418 0.558960557 0.705895901
vn 0.435056478 0.558960617 0.705895841
vn 0.521124899 0.479729265 0.705895662
vn 0.521124721 0.479729176 0.705895841
vn 0.592978239 0.387411833 0.705895782
vn 0.592978358 0.387411863 0.705895722
vn 0.648656785 0.284527332 0.705895543
vn 0.648655832 0.284527093 0.705896556
vn 0.686640561 0.173881143 0.705896616
vn 0.686642885 0.173881352 0.705894351
vn 0.705897927 0.0584923141 0.705894291
vn 0.705897212 0.0584923699 0.705895007
vn 0.705897212 -0.0584922545 0.705895007
vn -0.258801371 -0.0109936949 0.965867996
vn -0.258795053 -0.010993246 0.965869665
vn -0.256930411 -0.0329013616 0.965869665
vn -0.256926686 -0.0329007767 0.965870678
vn -0.253211021 -0.0545709915 0.965870678
vn -0.253219247 -0.0545730181 0.965868413
vn -0.247678861 -0.0758507922 0.965868413
vn -0.247676954 -0.075850144 0.96586895
vn -0.24035199 -0.0965814963 0.965869009
vn -0.240347564 -0.096579574 0.965870321
vn -0.23129119 -0.11661464 0.965870261
vn -0.231292799 -0.116615504 0.965869784
vn -0.220569998 -0.135810316 0.965869784
vn -0.22057119 -0.13581109 0.965869427
vn -0.208258867 -0.154027343 0.965869486
vn -0.208261311 -0.154029265 0.965868652
vn -0.194448441 -0.171136156 0.965868652
vn -0.194446325 -0.171134174 0.965869427
vn -0.179232627 -0.187008038 0.965869367
vn -0.179232985 -0.18700844 0.965869248
vn -0.162727833 -0.201534346 0.965869308
vn -0.162728652 -0.201535434 0.96586895
vn -0.145050734 -0.214609981 0.96586895
vn -0.145049632 -0.214608252 0.965869486
vn -0.12632744 -0.226136163 0.965869486
vn -0.126328915 -0.226138979 0.965868592
vn -0.106695734 -0.23603788 0.965868592
vn -0.106693871 -0.23603341 0.965869904
vn -0.0862925276 -0.244231448 0.965869844
vn -0.0862930566 -0.244233087 0.965869427
vn -0.0652696416 -0.250671297 0.965869427
vn -0.0652699098 -0.25067246 0.965869129
vn -0.0437764935 -0.255304545 0.965869129
vn -0.0437765606 -0.255305022 0.965869009
vn -0.0219672099 -0.258097827 0.965869009
vn -0.0219668243 -0.258090973 0.965870857
vn 5.67376086e-18 -0.259024084 0.965870857
vn 0.0219666269 -0.258090973 0.965870857
vn 0.0219674055 -0.258097798 0.965869009
vn 0.0437765718 -0.255305022 0.965869009
vn 0.0437764823 -0.255304545 0.965869129
vn 0.0652699396 -0.25067246 0.965869129
vn 0.0652696118 -0.250671297 0.965869427
vn 0.0862931013 -0.244233072 0.965869427
vn 0.0862924829 -0.244231477 0.965869844
vn 0.106693745 -0.236033469 0.965869904
vn 0.106695861 -0.236037821 0.965868592
vn 0.12632899 -0.226138934 0.965868592
vn 0.126327366 -0.226136208 0.965869486
vn 0.145049587 -0.214608282 0.965869486
vn 0.145050779 -0.214609951 0.96586895
vn 0.162728697 -0.201535404 0.96586895
vn 0.162727803 -0.201534361 0.965869308
vn 0.179233 -0.187008426 0.965869248
vn 0.179232612 -0.187008053 0.965869367
vn 0.194446266 -0.171134233 0.965869427
vn 0.194448501 -0.171136081 0.965868652
vn 0.208261371 -0.154029205 0.965868652
vn 0.208258808 -0.154027417 0.965869486
vn 0.22057122 -0.135811061 0.965869427
vn 0.220569968 -0.135810345 0.965869784
vn 0.231292814 -0.116615459 0.965869784
vn 0.231291175 -0.116614692 0.965870261
vn 0.240347505 -0.0965796933 0.965870321
vn 0.240352035 -0.0965813622 0.965869009
vn 0.247676939 -0.0758502036 0.96586895
vn 0.247678876 -0.0758507401 0.965868413
vn 0.253219306 -0.0545727834 0.965868413
vn 0.253210962 -0.05457123 0.965870678
vn 0.256926686 -0.0329008847 0.965870678
vn 0.256930411 -0.0329012536 0.965869665
vn 0.258795053 -0.0109934267 0.965869665
vn 0.258801371 -0.0109935142 0.965867996
vn 0.258801371 0.0109936949 0.965867996
vn 0.258795053 0.010993246 0.965869665
vn 0.256930411 0.0329013616 0.965869665
vn 0.256926686 0.0329007767 0.965870678
vn 0.253211021 0.0545709915 0.965870678
vn 0.253219247 0.0545730181 0.965868413
vn 0.247678861 0.0758507922 0.965868413
vn 0.247676954 0.075850144 0.96586895
vn 0.24035199 0.0965814963 0.965869009
vn 0.240347564 0.096579574 0.965870321
vn 0.23129119 0.11661464 0.965870261
vn 0.231292799 0.116615504 0.965869784
vn 0.220569998 0.135810316 0.965869784
vn 0.22057119 0.13581109 0.965869427
vn 0.208258867 0.154027343 0.965869486
vn 0.208261311 0.154029265 0.965868652
vn 0.194448441 0.171136156 0.965868652
vn 0.194446325 0.171134174 0.965869427
vn 0.179232627 0.187008038 0.965869367
vn 0.179232985 0.18700844 0.965869248
vn 0.162727833 0.201534346 0.965869308
vn 0.162728652 0.201535434 0.96586895
vn 0.145050734 0.214609981 0.96586895
vn 0.145049632 0.214608252 0.965869486
vn 0.12632744 0.226136163 0.965869486
vn 0.126328915 0.226138979 0.965868592
vn 0.106695734 0.23603788 0.965868592
vn 0.106693871 0.23603341 0.965869904
vn 0.0862925276 0.244231448 0.965869844
vn 0.0862930566 0.244233087 0.965869427
vn 0.0652696416 0.250671297 0.965869427
vn 0.0652699098 0.25067246 0.965869129
vn 0.0437764935 0.255304545 0.965869129
vn 0.0437765606 0.255305022 0.965869009
vn 0.0219672099 0.258097827 0.965869009
vn 0.0219668243 0.258090973 0.965870857
vn -7.34927971e-18 0.259024084 0.965870857
vn -0.0219666269 0.258090973 0.965870857
vn -0.0219674055 0.258097798 0.965869009
vn -0.0437765718 0.255305022 0.965869009
vn -0.0437764823 0.255304545 0.965869129
vn -0.0652699396 0.25067246 0.965869129
vn -0.0652696118 0.250671297 0.965869427
vn -0.0862931013 0.244233072 0.965869427
vn -0.0862924829 0.244231477 0.965869844
vn -0.106693745 0.236033469 0.965869904
vn -0.106695861 0.236037821 0.965868592
vn -0.12632899 0.226138934 0.965868592
vn -0.126327366 0.226136208 0.965869486
vn -0.145049587 0.214608282 0.965869486
vn -0.145050779 0.214609951 0.96586895
vn -0.162728697 0.201535404 0.96586895
vn -0.162727803 0.201534361 0.965869308
vn -0.179233 0.187008426 0.965869248
vn -0.179232612 0.187008053 0.965869367
vn -0.194446266 0.171134233 0.965869427
vn -0.194448501 0.171136081 0.965868652
vn -0.208261371 0.154029205 0.965868652
vn -0.208258808 0.154027417 0.965869486
vn -0.22057122 0.135811061 0.965869427
vn -0.220569968 0.135810345 0.965869784
vn -0.231292814 0.116615459 0.965869784
vn -0.231291175 0.116614692 0.965870261
vn -0.240347505 0.0965796933 0.965870321
vn -0.240352035 0.0965813622 0.965869009
vn -0.247676939 0.0758502036 0.96586895
vn -0.247678876 0.0758507401 0.965868413
vn -0.253219306 0.0545727834 0.965868413
vn -0.253210962 0.05457123 0.965870678
vn -0.256926686 0.0329008847 0.965870678
vn -0.256930411 0.0329012536 0.965869665
vn -0.258795053 0.0109934267 0.965869665
vn -0.258801371 0.0109935142 0.965867996
vn -0.706788003 -0.0300236959 0.706788003
vn -0.706791759 -0.0300240014 0.706784248
vn -0.701699257 -0.0898563862 0.706784248
vn -0.701701581 -0.0898567736 0.706781864
vn -0.691553414 -0.149041057 0.706781924
vn -0.691545665 -0.149039075 0.706789911
vn -0.676414609 -0.207149908 0.70679003
vn -0.67640835 -0.207147703 0.706796706
vn -0.656404614 -0.26376459 0.706796408
vn -0.656422377 -0.263772547 0.706776977
vn -0.631688237 -0.318490714 0.706776917
vn -0.631688356 -0.318490773 0.706776798
vn -0.602402568 -0.37091437 0.706776977
vn -0.602394462 -0.370908916 0.706786752
vn -0.568769276 -0.420659125 0.706786692
vn -0.568771541 -0.420660943 0.706783772
vn -0.531047881 -0.467380852 0.706783772
vn -0.531048894 -0.467381775 0.706782401
vn -0.489499032 -0.510734379 0.706782222
vn -0.489498496 -0.510733783 0.706782997
vn -0.444422066 -0.550406754 0.70678246
vn -0.444410831 -0.550391674 0.706801236
vn -0.396133006 -0.586097598 0.706801414
vn -0.396144092 -0.58611542 0.706780434
vn -0.345011622 -0.61759907 0.706780314
vn -0.345007151 -0.617590249 0.706790209
vn -0.291388303 -0.644624293 0.706790209
vn -0.29138881 -0.644625545 0.706788838
vn -0.235671237 -0.667014658 0.706788898
vn -0.235669658 -0.667009592 0.706794202
vn -0.178254023 -0.684592724 0.706794381
vn -0.178254962 -0.684597075 0.70678997
vn -0.119555496 -0.697248042 0.706789672
vn -0.119555347 -0.697246909 0.706790805
vn -0.0599935278 -0.704874039 0.706790924
vn -0.0599939004 -0.704882205 0.706782699
vn 1.71708286e-17 -0.70743072 0.706782699
vn 0.0599942207 -0.704882205 0.706782699
vn 0.0599932075 -0.704874039 0.706790924
vn 0.119555302 -0.697246909 0.706790864
vn 0.11955554 -0.697248042 0.706789672
vn 0.178255126 -0.684597015 0.70678997
vn 0.178253859 -0.684592783 0.706794381
vn 0.235669464 -0.667009652 0.706794202
vn 0.235671431 -0.667014599 0.706788898
vn 0.291388869 -0.644625485 0.706788838
vn 0.291388243 -0.644624293 0.706790209
vn 0.345006824 -0.617590427 0.706790209
vn 0.345011979 -0.617598832 0.706780314
vn 0.396144778 -0.586115003 0.706780374
vn 0.39613235 -0.586098075 0.706801414
vn 0.444410235 -0.550392151 0.706801295
vn 0.444422632 -0.550406277 0.70678246
vn 0.489498496 -0.510733783 0.706782997
vn 0.489499032 -0.51073432 0.706782222
vn 0.531048894 -0.467381746 0.706782401
vn 0.531047881 -0.467380881 0.706783772
vn 0.568771601 -0.420660853 0.706783772
vn 0.568769217 -0.420659214 0.706786692
vn 0.602394283 -0.370909244 0.706786752
vn 0.602402747 -0.370914042 0.706776977
vn 0.631688356 -0.318490773 0.706776798
vn 0.631688237 -0.318490714 0.706776917
vn 0.656422675 -0.263771862 0.706776977
vn 0.656404376 -0.263765305 0.706796408
vn 0.676408231 -0.207147956 0.706796706
vn 0.676414669 -0.207149655 0.70679003
vn 0.691545606 -0.149039373 0.706789911
vn 0.691553473 -0.149040744 0.706781924
vn 0.701701581 -0.0898566842 0.706781864
vn 0.701699257 -0.0898564756 0.706784248
vn 0.706791759 -0.0300238542 0.706784248
vn 0.706788003 -0.0300238431 0.706788003
vn 0.706788003 0.0300236959 0.706788003
vn 0.706791759 0.0300240014 0.706784248
vn 0.701699257 0.0898563862 0.706784248
vn 0.701701581 0.0898567736 0.706781864
vn 0.691553414 0.149041057 0.706781924
vn 0.691545665 0.149039075 0.706789911
vn 0.676414609 0.207149908 0.70679003
vn 0.67640835 0.207147703 0.706796706
vn 0.656404614 0.26376459 0.706796408
vn 0.656422377 0.263772547 0.706776977
vn 0.631688237 0.318490714 0.706776917
vn 0.631688356 0.318490773 0.706776798
vn 0.602402568 0.37091437 0.706776977
vn 0.602394462 0.370908916 0.706786752
vn 0.568769276 0.420659125 0.706786692
vn 0.568771541 0.420660943 0.706783772
vn 0.531047881 0.467380852 0.706783772
vn 0.531048894 0.467381775 0.706782401
vn 0.489499032 0.510734379 0.706782222
vn 0.489498496 0.510733783 0.706782997
vn 0.444422066 0.550406754 0.70678246
vn 0.444410831 0.550391674 0.706801236
vn 0.396133006 0.586097598 0.706801414
vn 0.396144092 0.58611542 0.706780434
vn 0.345011622 0.61759907 0.706780314
vn 0.345007151 0.617590249 0.706790209
vn 0.291388303 0.644624293 0.706790209
vn 0.29138881 0.644625545 0.706788838
vn 0.235671237 0.667014658 0.706788898
vn 0.235669658 0.667009592 0.706794202
vn 0.178254023 0.684592724 0.706794381
vn 0.178254962 0.684597075 0.70678997
vn 0.119555496 0.697248042 0.706789672
vn 0.119555347 0.697246909 0.706790805
vn 0.0599935278 0.704874039 0.706790924
vn 0.0599939004 0.704882205 0.706782699
vn -1.83969021e-17 0.70743072 0.706782699
vn -0.0599942207 0.704882205 0.706782699
vn -0.0599932075 0.704874039 0.706790924
vn -0.119555302 0.697246909 0.706790864
vn -0.11955554 0.697248042 0.706789672
vn -0.178255126 0.684597015 0.70678997
vn -0.178253859 0.684592783 0.706794381
vn -0.235669464 0.667009652 0.706794202
vn -0.235671431 0.667014599 0.706788898
vn -0.291388869 0.644625485 0.706788838
vn -0.291388243 0.644624293 0.706790209
vn -0.345006824 0.617590427 0.706790209
vn -0.345011979 0.617598832 0.706780314
vn -0.396144778 0.586115003 0.706780374
vn -0.39613235 0.586098075 0.706801414
vn -0.444410235 0.550392151 0.706801295
vn -0.444422632 0.550406277 0.70678246
vn -0.489498496 0.510733783 0.706782997
vn -0.489499032 0.51073432 0.706782222
vn -0.531048894 0.467381746 0.706782401
vn -0.531047881 0.467380881 0.706783772
vn -0.568771601 0.420660853 0.706783772
vn -0.568769217 0.420659214 0.706786692
vn -0.602394283 0.370909244 0.706786752
vn -0.602402747 0.370914042 0.706776977
vn -0.631688356 0.318490773 0.706776798
vn -0.631688237 0.318490714 0.706776917
vn -0.656422675 0.263771862 0.706776977
vn -0.656404376 0.263765305 0.706796408
vn -0.676408231 0.207147956 0.706796706
vn -0.676414669 0.207149655 0.70679003
vn -0.691545606 0.149039373 0.706789911
vn -0.691553473 0.149040744 0.706781924
vn -0.701701581 0.0898566842 0.706781864
vn -0.701699257 0.0898564756 0.706784248
vn -0.706791759 0.0300238542 0.706784248
vn -0.706788003 0.0300238431 0.706788003
vn -0.965111017 -0.0409969315 0.258611709
vn -0.965111792 -0.040997047 0.258608758
vn -0.958158135 -0.122696891 0.258608758
vn -0.95816201 -0.122697823 0.258593887
vn -0.944304645 -0.203513637 0.258594155
vn -0.944299757 -0.203512028 0.258613259
vn -0.923638999 -0.282861382 0.258612573
vn -0.923640788 -0.282862157 0.258605242
vn -0.896325231 -0.360173255 0.258604616
vn -0.896318972 -0.360169947 0.258630753
vn -0.862545252 -0.434886009 0.258630633
vn -0.86254847 -0.434888065 0.258616567
vn -0.822560668 -0.506470442 0.258614779
vn -0.822565675 -0.506474316 0.258591264
vn -0.776650727 -0.574407756 0.258591056
vn -0.776647985 -0.574405253 0.258604854
vn -0.725136578 -0.638200462 0.258606076
vn -0.725136161 -0.638199985 0.258608371
vn -0.668400884 -0.697396636 0.258608192
vn -0.668403566 -0.697400033 0.258592069
vn -0.606851637 -0.751572728 0.258591473
vn -0.606849849 -0.751569986 0.258603603
vn -0.540926576 -0.800326526 0.258603811
vn -0.540926516 -0.800326467 0.258603901
vn -0.471105069 -0.843317032 0.258604646
vn -0.471104324 -0.843315244 0.258611947
vn -0.397888958 -0.880229354 0.25861299
vn -0.397890389 -0.880233705 0.258596033
vn -0.321808308 -0.910805702 0.258596927
vn -0.321808815 -0.910807788 0.258589029
vn -0.243407488 -0.934818029 0.258588523
vn -0.243407339 -0.934817016 0.258592278
vn -0.163253084 -0.952091575 0.258592397
vn -0.163253173 -0.952093005 0.258587122
vn -0.0819211677 -0.962508023 0.258586913
vn -0.0819212124 -0.962506056 0.258594275
vn 2.40593058e-17 -0.965986013 0.258594275
vn 0.0819210038 -0.962506056 0.258594275
vn 0.0819213763 -0.962508023 0.258586913
vn 0.163253322 -0.952093005 0.258587122
vn 0.163252935 -0.952091634 0.258592397
vn 0.243407235 -0.934817076 0.258592278
vn 0.243407592 -0.934818029 0.258588523
vn 0.321809024 -0.910807729 0.258589029
vn 0.3218081 -0.910805762 0.258596927
vn 0.397890836 -0.880233467 0.258596033
vn 0.397888511 -0.880229533 0.258612961
vn 0.471104115 -0.843315363 0.258611947
vn 0.471105248 -0.843316913 0.258604646
vn 0.540926516 -0.800326467 0.258603901
vn 0.540926576 -0.800326526 0.258603811
vn 0.606849611 -0.751570165 0.258603603
vn 0.606851935 -0.75157249 0.258591473
vn 0.668403864 -0.697399735 0.258592069
vn 0.668400586 -0.697396934 0.258608192
vn 0.725136161 -0.638200045 0.258608371
vn 0.725136638 -0.638200402 0.258606076
vn 0.776647747 -0.574405611 0.258604854
vn 0.776650965 -0.574407458 0.258591056
vn 0.822566032 -0.50647372 0.258591235
vn 0.82256031 -0.506471038 0.258614779
vn 0.862548649 -0.434887707 0.258616567
vn 0.862545073 -0.434886366 0.258630633
vn 0.896318734 -0.360170633 0.258630753
vn 0.896325469 -0.36017254 0.258604616
vn 0.923640847 -0.282861948 0.258605242
vn 0.92363894 -0.28286159 0.258612573
vn 0.944299638 -0.203512564 0.258613288
vn 0.944304764 -0.203513101 0.258594155
vn 0.958162069 -0.122697398 0.258593887
vn 0.958158076 -0.122697316 0.258608758
vn 0.965111792 -0.040996965 0.258608758
vn 0.965111017 -0.0409970134 0.258611709
vn 0.965111017 0.0409969315 0.258611709
vn 0.965111792 0.040997047 0.258608758
vn 0.958158135 0.122696891 0.258608758
vn 0.95816201 0.122697823 0.258593887
vn 0.944304645 0.203513637 0.258594155
vn 0.944299757 0.203512028 0.258613259
vn 0.923638999 0.282861382 0.258612573
vn 0.923640788 0.282862157 0.258605242
vn 0.896325231 0.360173255 0.258604616
vn 0.896318972 0.360169947 0.258630753
vn 0.862545252 0.434886009 0.258630633
vn 0.86254847 0.434888065 0.258616567
vn 0.822560668 0.506470442 0.258614779
vn 0.822565675 0.506474316 0.258591264
vn 0.776650727 0.574407756 0.258591056
vn 0.776647985 0.574405253 0.258604854
vn 0.725136578 0.638200462 0.258606076
vn 0.725136161 0.638199985 0.258608371
vn 0.668400884 0.697396636 0.258608192
vn 0.668403566 0.697400033 0.258592069
vn 0.606851637 0.751572728 0.258591473
vn 0.606849849 0.751569986 0.258603603
vn 0.540926576 0.800326526 0.258603811
vn 0.540926516 0.800326467 0.258603901
vn 0.471105069 0.843317032 0.258604646
vn 0.471104324 0.843315244 0.258611947
vn 0.397888958 0.880229354 0.25861299
vn 0.397890389 0.880233705 0.258596033
vn 0.321808308 0.910805702 0.258596927
vn 0.321808815 0.910807788 0.258589029
vn 0.243407488 0.934818029 0.258588523
vn 0.243407339 0.934817016 0.258592278
vn 0.163253084 0.952091575 0.258592397
vn 0.163253173 0.952093005 0.258587122
vn 0.0819211677 0.962508023 0.258586913
vn 0.0819212124 0.962506056 0.258594275
vn -2.45078958e-17 0.965986013 0.258594275
vn -0.0819210038 0.962506056 0.258594275
vn -0.0819213763 0.962508023 0.258586913
vn -0.163253322 0.952093005 0.258587122
vn -0.163252935 0.952091634 0.258592397
vn -0.243407235 0.934817076 0.258592278
vn -0.243407592 0.934818029 0.258588523
vn -0.321809024 0.910807729 0.258589029
vn -0.3218081 0.910805762 0.258596927
vn -0.397890836 0.880233467 0.258596033
vn -0.397888511 0.880229533 0.258612961
vn -0.471104115 0.843315363 0.258611947
vn -0.471105248 0.843316913 0.258604646
vn -0.540926516 0.800326467 0.258603901
vn -0.540926576 0.800326526 0.258603811
vn -0.606849611 0.751570165 0.258603603
vn -0.606851935 0.75157249 0.258591473
vn -0.668403864 0.697399735 0.258592069
vn -0.668400586 0.697396934 0.258608192
vn -0.725136161 0.638200045 0.258608371
vn -0.725136638 0.638200402 0.258606076
vn -0.776647747 0.574405611 0.258604854
vn -0.776650965 0.574407458 0.258591056
vn -0.822566032 0.50647372 0.258591235
vn -0.82256031 0.506471038 0.258614779
vn -0.862548649 0.434887707 0.258616567
vn -0.862545073 0.434886366 0.258630633
vn -0.896318734 0.360170633 0.258630753
vn -0.896325469 0.36017254 0.258604616
vn -0.923640847 0.282861948 0.258605242
vn -0.92363894 0.28286159 0.258612573
vn -0.944299638 0.203512564 0.258613288
vn -0.944304764 0.203513101 0.258594155
vn -0.958162069 0.122697398 0.258593887
vn -0.958158076 0.122697316 0.258608758
vn -0.965111792 0.040996965 0.258608758
vn -0.965111017 0.0409970134 0.258611709
vn -0.936701477 0.0797248259 -0.340931505
vn -0.936701477 0.0797248706 -0.340931475
vn -0.909754157 0.236882091 -0.340931475
vn -0.909754395 0.236881673 -0.340931147
vn -0.909754395 0.236881167 -0.340931505
vn -0.856635153 0.387223393 -0.340931505
vn -0.856635094 0.387223423 -0.340931535
vn -0.856635094 0.387223572 -0.340931416
vn -0.778872013 0.526425898 -0.340931356
vn -0.778872252 0.52642566 -0.340931118
vn -0.778872073 0.526426256 -0.3409307
vn -0.678702831 0.650483429 -0.34093073
vn -0.678702295 0.650483787 -0.340931177
vn -0.678702593 0.650483251 -0.340931594
vn -0.559007704 0.755828023 -0.340931684
vn -0.559007347 0.755828738 -0.3409307
vn -0.559007823 0.755828083 -0.340931237
vn -0.423230946 0.839429259 -0.340931267
vn -0.423231304 0.83942914 -0.340930998
vn -0.423231512 0.839428961 -0.340931177
vn -0.275278866 0.898881257 -0.340931147
vn -0.275279164 0.898881257 -0.340930969
vn -0.27527979 0.898880839 -0.340931475
vn -0.119408108 0.932473838 -0.340931505
vn -0.119408093 0.932473838 -0.340931505
vn -0.119407199 0.932474196 -0.340930849
vn 0.0398984738 0.93924135 -0.34093082
vn 0.0398988426 0.93924123 -0.340931088
vn 0.03989847 0.939241171 -0.340931356
vn 0.198056877 0.918988168 -0.340931356
vn 0.19805713 0.918988049 -0.340931565
vn 0.198056892 0.918988049 -0.340931714
vn 0.35051778 0.872297466 -0.340931714
vn 0.350517571 0.872297585 -0.340931535
vn 0.350518554 0.872297466 -0.340930879
vn 0.492895216 0.800512612 -0.340930879
vn 0.492895305 0.800512493 -0.340930998
vn 0.492894918 0.800512612 -0.340931267
vn 0.621092498 0.705698252 -0.340931267
vn 0.621092558 0.705698133 -0.340931356
vn 0.621092439 0.705698192 -0.340931445
vn 0.731422067 0.590582371 -0.340931475
vn 0.731422126 0.590582311 -0.340931356
vn 0.731422186 0.590582252 -0.340931326
vn 0.820710421 0.458476037 -0.340931267
vn 0.820710361 0.458476216 -0.340931147
vn 0.82071048 0.458476067 -0.340931028
vn 0.886388123 0.313180774 -0.340930969
vn 0.886388123 0.313180566 -0.340931118
vn 0.886388004 0.313180745 -0.340931267
vn 0.926565826 0.158876151 -0.340931267
vn 0.926565826 0.158875823 -0.340931505
vn 0.926566064 0.158875212 -0.340931028
vn 0.938944995 0.0398857072 -0.341747552
vn 0.938944817 0.0398864076 -0.341748059
vn 0.938944817 -0.0398856997 -0.341748059
vn 0.938944995 -0.039886415 -0.341747552
vn 0.926566064 -0.158875212 -0.340931028
vn 0.926565826 -0.158875823 -0.340931505
vn 0.926565826 -0.158876151 -0.340931267
vn 0.886388063 -0.313180566 -0.340931267
vn 0.886388123 -0.313180774 -0.340930969
vn 0.82071048 -0.458476067 -0.340931028
vn 0.820710361 -0.458476216 -0.340931147
vn 0.820710421 -0.458476037 -0.340931267
vn 0.731422186 -0.590582252 -0.340931326
vn 0.731422067 -0.590582371 -0.340931416
vn 0.731422126 -0.590582311 -0.340931475
vn 0.621092498 -0.705698133 -0.340931445
vn 0.621092498 -0.705698252 -0.340931267
vn 0.492894918 -0.800512612 -0.340931267
vn 0.492895305 -0.800512493 -0.340930998
vn 0.492895216 -0.800512612 -0.340930879
vn 0.350518554 -0.872297466 -0.340930879
vn 0.350517571 -0.872297585 -0.340931535
vn 0.35051778 -0.872297466 -0.340931714
vn 0.198056892 -0.918988049 -0.340931714
vn 0.19805713 -0.918988049 -0.340931565
vn 0.198056877 -0.918988168 -0.340931356
vn 0.03989847 -0.939241171 -0.340931356
vn 0.0398988426 -0.93924123 -0.340931088
vn 0.0398984738 -0.93924135 -0.34093082
vn -0.119407199 -0.932474196 -0.340930849
vn -0.119408093 -0.932473838 -0.340931505
vn -0.119408108 -0.932473838 -0.340931505
vn -0.27527979 -0.898880839 -0.340931475
vn -0.275279164 -0.898881257 -0.340930969
vn -0.275278866 -0.898881257 -0.340931147
vn -0.423231512 -0.839428961 -0.340931177
vn -0.423231304 -0.83942914 -0.340930998
vn -0.423230946 -0.839429259 -0.340931267
vn -0.559007764 -0.755828142 -0.340931237
vn -0.559007883 -0.755828142 -0.340931118
vn -0.559007108 -0.75582844 -0.340931684
vn -0.678702593 -0.650483251 -0.340931594
vn -0.678702295 -0.650483787 -0.340931177
vn -0.678702831 -0.650483429 -0.34093073
vn -0.778872073 -0.526426256 -0.3409307
vn -0.778872252 -0.52642566 -0.340931118
vn -0.778872013 -0.526425898 -0.340931356
vn -0.856635094 -0.387223572 -0.340931416
vn -0.856635094 -0.387223423 -0.340931535
vn -0.856635153 -0.387223393 -0.340931505
vn -0.909754395 -0.236881167 -0.340931505
vn -0.909754395 -0.236881673 -0.340931147
vn -0.909754157 -0.236882091 -0.340931475
vn -0.936701477 -0.0797248706 -0.340931475
vn -0.936701477 -0.0797248259 -0.340931505
vn -0.936701477 -0.0797248706 -0.340931535
vn -0.936701477 0.0797248706 -0.340931535
vn 0.684313893 0.183361277 0.705757141
vn 0.684314549 0.183361635 0.705756426
vn 0.642077744 0.299406052 0.705756485
vn 0.642076969 0.299405366 0.705757439
vn 0.580331266 0.406352222 0.705757439
vn 0.580330849 0.406351715 0.705758035
vn 0.500951946 0.500951946 0.705757976
vn 0.406351835 0.580330729 0.705758035
vn 0.406352073 0.580331326 0.705757439
vn 0.299405634 0.64207685 0.705757499
vn 0.299405783 0.642077863 0.705756485
vn 0.183361441 0.684314609 0.705756426
vn 0.183361456 0.684313893 0.705757082
vn 0.0617458001 0.705758035 0.705757082
vn 0.0617457628 0.705758214 0.705756903
vn -0.061745815 0.705758214 0.705756903
vn -0.0617457479 0.705758035 0.705757082
vn -0.183361277 0.684313893 0.705757141
vn -0.183361635 0.684314549 0.705756426
vn -0.299406052 0.642077744 0.705756485
vn -0.299405366 0.642076969 0.705757439
vn -0.406352222 0.580331266 0.705757439
vn -0.406351715 0.580330849 0.705758035
vn -0.500951946 0.500951946 0.705757976
vn -0.580330729 0.406351835 0.705758035
vn -0.580331326 0.406352073 0.705757439
vn -0.64207685 0.299405634 0.705757499
vn -0.642077863 0.299405783 0.705756485
vn -0.684314609 0.183361441 0.705756426
vn -0.684313893 0.183361456 0.705757082
vn -0.705758035 0.0617458001 0.705757082
vn -0.705758214 0.0617457628 0.705756903
vn -0.705758214 -0.061745815 0.705756903
vn -0.705758035 -0.0617457479 0.705757082
vn -0.684313893 -0.183361277 0.705757141
vn -0.684314549 -0.183361635 0.705756426
vn -0.642077744 -0.299406052 0.705756485
vn -0.642076969 -0.299405366 0.705757439
vn -0.580331266 -0.406352222 0.705757439
vn -0.580330849 -0.406351715 0.705758035
vn -0.500951946 -0.500951946 0.705757976
vn -0.406351835 -0.580330729 0.705758035
vn -0.406352073 -0.580331326 0.705757439
vn -0.299405634 -0.64207685 0.705757499
vn -0.299405783 -0.642077863 0.705756485
vn -0.183361441 -0.684314609 0.705756426
vn -0.183361456 -0.684313893 0.705757082
vn -0.0617458001 -0.705758035 0.705757082
vn -0.0617457628 -0.705758214 0.705756903
vn 0.061745815 -0.705758214 0.705756903
vn 0.0617457479 -0.705758035 0.705757082
vn 0.183361277 -0.684313893 0.705757141
vn 0.183361635 -0.684314549 0.705756426
vn 0.299406052 -0.642077744 0.705756485
vn 0.299405366 -0.642076969 0.705757439
vn 0.406352222 -0.580331266 0.705757439
vn 0.406351715 -0.580330849 0.705758035
vn 0.500951946 -0.500951946 0.705757976
vn 0.580330729 -0.406351835 0.705758035
vn 0.580331326 -0.406352073 0.705757439
vn 0.64207685 -0.299405634 0.705757499
vn 0.642077863 -0.299405783 0.705756485
vn 0.684314609 -0.183361441 0.705756426
vn 0.684313893 -0.183361456 0.705757082
vn 0.705758035 -0.0617458001 0.705757082
vn 0.705758214 -0.0617457628 0.705756903
vn 0.705758214 0.061745815 0.705756903
vn 0.705758035 0.0617457479 0.705757082
vn -0.0871558785 -2.2292314e-17 0.996194661
vn -0.258818954 -2.68848042e-17 0.965925872
vn -0.4226183 -3.06604222e-17 0.906307757
vn -0.57357645 -3.35044346e-17 0.819152057
vn -0.707106769 -3.53304358e-17 0.707106769
vn -0.819152057 -3.60829352e-17 0.57357645
vn -0.906307757 -3.57390762e-17 0.4226183
vn -0.965925872 -3.43093011e-17 0.258818954
vn -0.996194661 -3.18370568e-17 0.0871558785
vn -0.996194661 -2.83974545e-17 -0.0871558785
vn -0.965925872 -2.40950202e-17 -0.258818954
vn -0.906307757 -1.90604615e-17 -0.4226183
vn -0.819152057 -1.34467647e-17 -0.57357645
vn -0.707106769 -7.42449442e-18 -0.707106769
vn -0.57357645 -1.17663454e-18 -0.819152057
vn -0.4226183 5.10697629e-18 -0.906307757
vn -0.258818954 1.12354197e-17 -0.965925872
vn -0.0871558785 1.70224688e-17 -0.996194661
vn 0.0871558785 2.2292314e-17 -0.996194661
vn 0.258818954 2.68848042e-17 -0.965925872
vn 0.4226183 3.06604222e-17 -0.906307757
vn 0.57357645 3.35044346e-17 -0.819152057
vn 0.707106769 3.53304358e-17 -0.707106769
vn 0.819152057 3.60829352e-17 -0.57357645
vn 0.906307757 3.57390762e-17 -0.4226183
vn 0.965925872 3.43093011e-17 -0.258818954
vn 0.996194661 3.18370568e-17 -0.0871558785
vn 0.996194661 2.83974545e-17 0.0871558785
vn 0.965925872 2.40950202e-17 0.258818954
vn 0.906307757 1.90604615e-17 0.4226183
vn 0.819152057 1.34467647e-17 0.57357645
vn 0.707106769 7.42449442e-18 0.707106769
vn 0.57357645 1.17663454e-18 0.819152057
vn 0.4226183 -5.10697629e-18 0.906307757
vn 0.258818954 -1.12354197e-17 0.965925872
vn 0.0871558785 -1.70224688e-17 0.996194661
vn -0.0847990587 0.0127230305 -0.99631685
vn -0.168987885 -0.0127233174 -0.985535979
vn -0.168986574 -0.0127233174 -0.985536218
vn -0.251957715 0.0127229989 -0.967654586
vn -0.333113015 -0.0127231544 -0.942801058
vn -0.411868185 0.01272301 -0.911154628
vn -0.487655222 -0.0127229383 -0.87294358
vn -0.48765561 -0.0127229383 -0.872943401
vn -0.559929252 0.0127230706 -0.828442693
vn -0.628169179 -0.0127231302 -0.777972758
vn -0.691882908 0.0127229979 -0.721897602
vn -0.750611305 -0.012723011 -0.660621524
vn -0.750611603 -0.012723011 -0.660621166
vn -0.803932011 0.0127230538 -0.594585121
vn -0.851460397 -0.0127232 -0.524264514
vn -0.85146004 -0.0127232 -0.52426517
vn -0.892853618 0.0127230352 -0.450167298
vn -0.927813888 -0.0127230417 -0.372826457
vn -0.927814066 -0.0127230417 -0.372825861
vn -0.956089318 0.0127229085 -0.292799145
vn -0.97747612 -0.0127232196 -0.21066229
vn -0.977475941 -0.0127232196 -0.210662976
vn -0.991820216 0.0127232783 -0.127007067
vn -0.999018133 -0.0127228796 -0.0424371623
vn -0.999018133 0.0127228796 0.0424371623
vn -0.991820276 -0.012723078 0.127006397
vn -0.991820097 -0.012723078 0.127007723
vn -0.977476001 0.0127231162 0.210662633
vn -0.956089258 -0.0127229905 0.292799413
vn -0.956089377 -0.0127229905 0.292798877
vn -0.927814007 0.0127231348 0.372826159
vn -0.892853618 -0.0127230352 0.450167298
vn -0.851460218 0.0127230883 0.524264812
vn -0.803931832 -0.0127231348 0.594585359
vn -0.80393219 -0.0127231348 0.594584882
vn -0.750611484 0.0127230771 0.660621345
vn -0.691882908 -0.0127229951 0.721897602
vn -0.691882908 -0.0127229951 0.721897662
vn -0.628169179 0.0127231302 0.777972758
vn -0.55992949 -0.0127229868 0.828442574
vn -0.559929013 -0.0127229868 0.828442872
vn -0.487655431 0.0127230017 0.872943461
vn -0.411867887 -0.0127231013 0.911154747
vn -0.411868453 -0.0127231013 0.911154509
vn -0.333113015 0.0127231544 0.942801058
vn -0.251957774 -0.0127229868 0.967654586
vn -0.251957685 -0.0127229868 0.967654586
vn -0.168987229 0.012723119 0.985536098
vn -0.0847990587 -0.0127230305 0.99631685
vn -1.18713312e-18 0.0127230911 0.999919057
vn 0.0847990587 -0.0127230305 0.99631685
vn 0.168987229 0.012723119 0.985536098
vn 0.251957685 -0.0127229868 0.967654586
vn 0.251957774 -0.0127229868 0.967654586
vn 0.333113015 0.0127231544 0.942801058
vn 0.411868453 -0.0127231013 0.911154509
vn 0.411867887 -0.0127231013 0.911154747
vn 0.487655431 0.0127230017 0.872943461
vn 0.559929013 -0.0127229868 0.828442872
vn 0.55992949 -0.0127229868 0.828442574
vn 0.628169179 0.0127231302 0.777972758
vn 0.691882908 -0.0127229951 0.721897662
vn 0.691882908 -0.0127229951 0.721897602
vn 0.750611484 0.0127230771 0.660621345
vn 0.80393219 -0.0127231348 0.594584882
vn 0.803931832 -0.0127231348 0.594585359
vn 0.851460218 0.0127230883 0.524264812
vn 0.892853618 -0.0127230352 0.450167298
vn 0.927814007 0.0127231348 0.372826159
vn 0.956089377 -0.0127229905 0.292798877
vn 0.956089258 -0.0127229905 0.292799413
vn 0.977476001 0.0127231162 0.210662633
vn 0.991820097 -0.012723078 0.127007723
vn 0.991820276 -0.012723078 0.127006397
vn 0.999018133 0.0127228796 0.0424371623
vn 0.999018133 -0.0127228796 -0.0424371623
vn 0.991820216 0.0127232783 -0.127007067
vn 0.977475941 -0.0127232196 -0.210662976
vn 0.97747612 -0.0127232196 -0.21066229
vn 0.956089318 0.0127229085 -0.292799145
vn 0.927814066 -0.0127230417 -0.372825861
vn 0.927813888 -0.0127230417 -0.372826457
vn 0.892853618 0.0127230352 -0.450167298
vn 0.85146004 -0.0127232 -0.52426517
vn 0.851460397 -0.0127232 -0.524264514
vn 0.803932011 0.0127230538 -0.594585121
vn 0.750611603 -0.012723011 -0.660621166
vn 0.750611305 -0.012723011 -0.660621524
vn 0.691882908 0.0127229979 -0.721897602
vn 0.628169179 -0.0127231302 -0.777972758
vn 0.559929252 0.0127230706 -0.828442693
vn 0.48765561 -0.0127229383 -0.872943401
vn 0.487655222 -0.0127229383 -0.87294358
vn 0.411868185 0.01272301 -0.911154628
vn 0.333113015 -0.0127231544 -0.942801058
vn 0.251957715 0.0127229989 -0.967654586
vn 0.168986574 -0.0127233174 -0.985536218
vn 0.168987885 -0.0127233174 -0.985535979
vn 0.0847990587 0.0127230305 -0.99631685
vn 0.042441301 2.09977979e-17 -0.999098957
vn -0.042441301 1.84316024e-17 -0.999098957
vn 0.0825789496 2.2161636e-17 -0.996584535
vn 0.245485753 2.65502692e-17 -0.969400227
vn 0.40169552 3.02146578e-17 -0.915773273
vn 0.546948016 3.30548685e-17 -0.837166548
vn 0.677281559 3.49934358e-17 -0.735723913
vn 0.789140403 3.5977473e-17 -0.614212871
vn 0.879473686 3.59801365e-17 -0.475947469
vn 0.945817292 3.50013568e-17 -0.324699372
vn 0.986361325 3.30678255e-17 -0.164594337
vn 1 3.02323e-17 4.33680869e-18
vn 0.986361325 2.65721184e-17 0.164594337
vn 0.945817292 2.21871082e-17 0.324699372
vn 0.879473686 1.71968897e-17 0.475947469
vn 0.789140403 1.1737587e-17 0.614212871
vn 0.677281559 5.9581224e-18 0.735723913
vn 0.546948016 1.61244417e-20 0.837166548
vn 0.40169552 -5.92629828e-18 0.915773273
vn 0.245485753 -1.17070707e-17 0.969400227
vn 0.0825789496 -1.71685323e-17 0.996584535
vn -0.0825789496 -2.2161636e-17 0.996584535
vn -0.245485753 -2.65502692e-17 0.969400227
vn -0.40169552 -3.02146578e-17 0.915773273
vn -0.546948016 -3.30548685e-17 0.837166548
vn -0.677281559 -3.49934358e-17 0.735723913
vn -0.789140403 -3.5977473e-17 0.614212871
vn -0.879473686 -3.59801365e-17 0.475947469
vn -0.945817292 -3.50013568e-17 0.324699372
vn -0.986361325 -3.30678255e-17 0.164594337
vn -1 -3.02323e-17 -4.33680869e-18
vn -0.986361325 -2.65721184e-17 -0.164594337
vn -0.945817292 -2.21871082e-17 -0.324699372
vn -0.879473686 -1.71968897e-17 -0.475947469
vn -0.789140403 -1.1737587e-17 -0.614212871
vn -0.677281559 -5.9581224e-18 -0.735723913
vn -0.546948016 -1.61244417e-20 -0.837166548
vn -0.40169552 5.92629828e-18 -0.915773273
vn -0.245485753 1.17070707e-17 -0.969400227
vn -0.0825789496 1.71685323e-17 -0.996584535
vn 0.0848054886 2.22252595e-17 -0.996397555
vn 0.251978159 2.6713649e-17 -0.967732906
vn 0.411901504 3.04335265e-17 -0.911228359
vn 0.55997479 3.32778764e-17 -0.828509629
vn 0.691938758 3.51648871e-17 -0.721956193
vn 0.803997219 3.60402692e-17 -0.594633043
vn 0.892925739 3.587884e-17 -0.450203985
vn 0.956166863 3.46852349e-17 -0.292822421
vn 0.991900384 3.24938151e-17 -0.127018198
vn 0.999098957 2.93675852e-17 0.0424414054
vn 0.977555335 2.53965276e-17 0.21067892
vn 0.92788893 2.06948281e-17 0.372856736
vn 0.851529181 1.53978033e-17 0.524307251
vn 0.75067234 9.65780101e-18 0.660674691
vn 0.628220081 3.63996403e-18 0.7780357
vn 0.4876948 -2.48259959e-18 0.873014212
vn 0.333140105 -8.53371632e-18 0.942877352
vn 0.169000268 -1.43393811e-17 0.985616028
vn -0.169000268 -2.45579137e-17 0.985616028
vn -0.333140105 -2.86768993e-17 0.942877352
vn -0.4876948 -3.19708715e-17 0.873014212
vn -0.628220081 -3.43451114e-17 0.7780357
vn -0.75067234 -3.57313007e-17 0.660674691
vn -0.851529181 -3.60895659e-17 0.524307251
vn -0.92788893 -3.54096036e-17 0.372856736
vn -0.977555335 -3.37109617e-17 0.21067892
vn -0.999098957 -3.10425333e-17 0.0424414054
vn -0.991900384 -2.7481046e-17 -0.127018198
vn -0.956166863 -2.31290105e-17 -0.292822421
vn -0.892925739 -1.81115579e-17 -0.450203985
vn -0.803997219 -1.25731023e-17 -0.594633043
vn -0.691938758 -6.67291522e-18 -0.721956193
vn -0.55997479 -5.8077695e-19 -0.828509629
vn -0.411901504 5.5280654e-18 -0.911228359
vn -0.251978159 1.14778904e-17 -0.967732906
vn -0.0848054886 1.70975288e-17 -0.996397555
vn -0.0797248334 -0.340932041 0.936701298
vn -0.0797250271 -0.340931892 0.936701298
vn -0.236881569 -0.340931892 0.909754157
vn -0.236881599 -0.340931922 0.909754097
vn -0.236881644 -0.340931892 0.909754097
vn -0.387223929 -0.340931833 0.856634736
vn -0.387223363 -0.340931207 0.856635273
vn -0.387223512 -0.340931088 0.856635213
vn -0.526425302 -0.340931118 0.77887249
vn -0.526425719 -0.340931654 0.778872013
vn -0.52642566 -0.340931684 0.778872013
vn -0.650483489 -0.340931684 0.678702295
vn -0.650483608 -0.340931803 0.678702176
vn -0.650483429 -0.340931922 0.678702235
vn -0.755827904 -0.340931982 0.559007704
vn -0.755828321 -0.340931267 0.559007525
vn -0.755827904 -0.340931714 0.559007823
vn -0.839428961 -0.340931654 0.423231155
vn -0.839428961 -0.340931684 0.423231125
vn -0.839428961 -0.340931714 0.423231155
vn -0.898880959 -0.340931743 0.275279015
vn -0.898880959 -0.340931714 0.275279045
vn -0.89888072 -0.340932131 0.275279462
vn -0.9324736 -0.340932161 0.119408093
vn -0.9324736 -0.340932131 0.11940816
vn -0.932474136 -0.340930969 0.119406901
vn -0.93924129 -0.340930939 -0.0398987681
vn -0.939240754 -0.340932429 -0.0398978889
vn -0.939240754 -0.340932429 -0.0398978852
vn -0.918987632 -0.340932429 -0.198057726
vn -0.918988049 -0.340931714 -0.198056966
vn -0.918988049 -0.340931535 -0.19805716
vn -0.872297645 -0.340931565 -0.350517541
vn -0.872297347 -0.340931863 -0.350517839
vn -0.872297347 -0.340931684 -0.350518078
vn -0.800512195 -0.340931684 -0.492895305
vn -0.800512493 -0.340931386 -0.492895067
vn -0.800512612 -0.340931684 -0.492894709
vn -0.705698133 -0.340931654 -0.621092379
vn -0.705698013 -0.340931803 -0.621092439
vn -0.705697894 -0.340931594 -0.621092677
vn -0.590582192 -0.340931565 -0.731422126
vn -0.590582371 -0.340931386 -0.731422067
vn -0.590582252 -0.340931207 -0.731422246
vn -0.458476424 -0.340931207 -0.820710242
vn -0.458475947 -0.340931594 -0.820710361
vn -0.458475977 -0.340931624 -0.820710301
vn -0.313180923 -0.340931594 -0.886387825
vn -0.313180804 -0.340931714 -0.886387825
vn -0.313180894 -0.340931833 -0.886387706
vn -0.158875123 -0.340931803 -0.926565826
vn -0.158875495 -0.340931475 -0.926565886
vn -0.158876315 -0.34093225 -0.926565468
vn -0.0398860276 -0.341748774 -0.938944578
vn -0.039885968 -0.341748744 -0.938944578
vn 0.0398860276 -0.341748744 -0.938944578
vn 0.039885968 -0.341748774 -0.938944578
vn 0.15887545 -0.34093225 -0.926565588
vn 0.158876404 -0.34093073 -0.926566005
vn 0.158875123 -0.340931803 -0.926565826
vn 0.313180774 -0.340931833 -0.886387765
vn 0.313180923 -0.340931594 -0.886387825
vn 0.458475947 -0.340931624 -0.820710301
vn 0.458476007 -0.340931535 -0.820710301
vn 0.458476424 -0.340931207 -0.820710242
vn 0.59058243 -0.340931207 -0.731422126
vn 0.590582192 -0.340931565 -0.731422126
vn 0.705698073 -0.340931594 -0.621092498
vn 0.705697775 -0.340932012 -0.621092618
vn 0.705698133 -0.340931654 -0.621092379
vn 0.800512612 -0.340931684 -0.492894709
vn 0.800512493 -0.340931386 -0.492895067
vn 0.800512195 -0.340931684 -0.492895305
vn 0.872297347 -0.340931684 -0.350518078
vn 0.872297347 -0.340931863 -0.350517839
vn 0.872297645 -0.340931565 -0.350517541
vn 0.918988109 -0.340931535 -0.198056981
vn 0.91898793 -0.340931863 -0.19805713
vn 0.918987632 -0.340932429 -0.198057726
vn 0.939240754 -0.340932459 -0.039898742
vn 0.93924129 -0.340930969 -0.0398979113
vn 0.932474136 -0.340930969 0.119406901
vn 0.9324736 -0.340932131 0.11940816
vn 0.9324736 -0.340932161 0.119408093
vn 0.89888072 -0.340932131 0.275279462
vn 0.898880959 -0.340931714 0.275279045
vn 0.898880959 -0.340931743 0.275279015
vn 0.839428961 -0.340931714 0.423231125
vn 0.839428961 -0.340931654 0.423231155
vn 0.755827963 -0.340931714 0.559007764
vn 0.755827963 -0.340931535 0.559007883
vn 0.755828142 -0.340931982 0.559007347
vn 0.650483429 -0.340931922 0.678702235
vn 0.650483608 -0.340931803 0.678702176
vn 0.650483489 -0.340931684 0.678702295
vn 0.52642566 -0.340931684 0.778872013
vn 0.526425719 -0.340931654 0.778872013
vn 0.526425302 -0.340931118 0.77887249
vn 0.387223512 -0.340931088 0.856635213
vn 0.387223363 -0.340931207 0.856635273
vn 0.387223929 -0.340931833 0.856634736
vn 0.236881644 -0.340931892 0.909754097
vn 0.236881599 -0.340931922 0.909754097
vn 0.236881569 -0.340931892 0.909754157
vn 0.0797250271 -0.340931892 0.936701298
vn 0.0797248334 -0.340932041 0.936701298
vn 0.0797250196 -0.34093222 0.936701179
vn -0.0797250196 -0.34093222 0.936701179
vn 0.0584916435 0.705899775 -0.705892503
vn 0.173880056 0.705899715 -0.6866377
vn 0.17388092 0.705897808 -0.686639428
vn 0.284526527 0.705897808 -0.648654699
vn 0.284526199 0.705898404 -0.648654222
vn 0.387410581 0.705898404 -0.592975974
vn 0.387410074 0.705899119 -0.592975438
vn 0.479726881 0.705899119 -0.521122396
vn 0.479727 0.705899 -0.521122456
vn 0.558958232 0.705898941 -0.435054511
vn 0.55895716 0.705900073 -0.435053974
vn 0.622941256 0.705900073 -0.337119132
vn 0.622941732 0.705899596 -0.337119281
vn 0.669933558 0.705899656 -0.22998853
vn 0.669934094 0.705899119 -0.22998859
vn 0.69865185 0.705899179 -0.116584331
vn 0.698652506 0.705898583 -0.116584301
vn 0.708312929 0.705898523 1.69244131e-17
vn 0.698652506 0.705898523 0.116584435
vn 0.69865191 0.705899179 0.116584197
vn 0.669934094 0.705899119 0.229988709
vn 0.669933558 0.705899656 0.229988411
vn 0.622941673 0.705899596 0.337119371
vn 0.622941315 0.705900073 0.337119043
vn 0.558957338 0.705900073 0.435053796
vn 0.558958054 0.705898941 0.43505469
vn 0.47972697 0.705899 0.521122456
vn 0.479726911 0.705899119 0.521122336
vn 0.387410194 0.705899119 0.592975378
vn 0.387410462 0.705898404 0.592976034
vn 0.284526289 0.705898404 0.648654163
vn 0.284526438 0.705897808 0.648654699
vn 0.173880532 0.705897748 0.686639547
vn 0.173880458 0.705899715 0.68663758
vn 0.0584919415 0.705899775 0.705892503
vn 0.058491759 0.705898345 0.705893934
vn -0.0584920608 0.705898345 0.705893934
vn -0.0584916435 0.705899775 0.705892503
vn -0.173880056 0.705899715 0.6866377
vn -0.17388092 0.705897808 0.686639428
vn -0.284526527 0.705897808 0.648654699
vn -0.284526199 0.705898404 0.648654222
vn -0.387410581 0.705898404 0.592975974
vn -0.387410074 0.705899119 0.592975438
vn -0.479726881 0.705899119 0.521122396
vn -0.479727 0.705899 0.521122456
vn -0.558958232 0.705898941 0.435054511
vn -0.55895716 0.705900073 0.435053974
vn -0.622941256 0.705900073 0.337119132
vn -0.622941732 0.705899596 0.337119281
vn -0.669933558 0.705899656 0.22998853
vn -0.669934094 0.705899119 0.22998859
vn -0.69865185 0.705899179 0.116584331
vn -0.698652506 0.705898583 0.116584301
vn -0.708312929 0.705898523 1.07807773e-17
vn -0.698652506 0.705898523 -0.116584435
vn -0.69865191 0.705899179 -0.116584197
vn -0.669934094 0.705899119 -0.229988709
vn -0.669933558 0.705899656 -0.229988411
vn -0.622941673 0.705899596 -0.337119371
vn -0.622941315 0.705900073 -0.337119043
vn -0.558957338 0.705900073 -0.435053796
vn -0.558958054 0.705898941 -0.43505469
vn -0.47972697 0.705899 -0.521122456
vn -0.479726911 0.705899119 -0.521122336
vn -0.387410194 0.705899119 -0.592975378
vn -0.387410462 0.705898404 -0.592976034
vn -0.284526289 0.705898404 -0.648654163
vn -0.284526438 0.705897808 -0.648654699
vn -0.173880532 0.705897748 -0.686639547
vn -0.173880458 0.705899715 -0.68663758
vn -0.0584919415 0.705899775 -0.705892503
vn -0.058491759 0.705898345 -0.705893934
vn 0.0584920608 0.705898345 -0.705893934
vn -0.183360398 0.705760598 -0.684310555
vn -0.183360592 0.705760181 -0.684310913
vn -0.299404263 0.705760241 -0.642074466
vn -0.299403846 0.705760896 -0.64207387
vn -0.406350344 0.705760837 -0.580328405
vn -0.406350523 0.705760598 -0.580328584
vn -0.500950038 0.705760717 -0.500950038
vn -0.580328584 0.705760598 -0.406350493
vn -0.580328405 0.705760777 -0.406350404
vn -0.64207381 0.705760896 -0.299403965
vn -0.642074525 0.705760241 -0.299404114
vn -0.684310973 0.705760181 -0.183360502
vn -0.684310555 0.705760598 -0.183360487
vn -0.705754519 0.705760598 -0.0617456175
vn -0.705755353 0.705759764 -0.0617455058
vn -0.705755353 0.705759764 0.061745692
vn -0.705754578 0.705760598 0.061745435
vn -0.684310555 0.705760598 0.183360398
vn -0.684310913 0.705760181 0.183360592
vn -0.642074466 0.705760241 0.299404263
vn -0.64207387 0.705760896 0.299403846
vn -0.580328405 0.705760837 0.406350344
vn -0.580328584 0.705760598 0.406350523
vn -0.500950038 0.705760717 0.500950038
vn -0.406350493 0.705760598 0.580328584
vn -0.406350404 0.705760777 0.580328405
vn -0.299403965 0.705760896 0.64207381
vn -0.299404114 0.705760241 0.642074525
vn -0.183360502 0.705760181 0.684310973
vn -0.183360487 0.705760598 0.684310555
vn -0.0617456175 0.705760598 0.705754519
vn -0.0617455058 0.705759764 0.705755353
vn 0.061745692 0.705759764 0.705755353
vn 0.061745435 0.705760598 0.705754578
vn 0.183360398 0.705760598 0.684310555
vn 0.183360592 0.705760181 0.684310913
vn 0.299404263 0.705760241 0.642074466
vn 0.299403846 0.705760896 0.64207387
vn 0.406350344 0.705760837 0.580328405
vn 0.406350523 0.705760598 0.580328584
vn 0.500950038 0.705760717 0.500950038
vn 0.580328584 0.705760598 0.406350493
vn 0.580328405 0.705760777 0.406350404
vn 0.64207381 0.705760896 0.299403965
vn 0.642074525 0.705760241 0.299404114
vn 0.684310973 0.705760181 0.183360502
vn 0.684310555 0.705760598 0.183360487
vn 0.705754519 0.705760598 0.0617456175
vn 0.705755353 0.705759764 0.0617455058
vn 0.705755353 0.705759764 -0.061745692
vn 0.705754578 0.705760598 -0.061745435
vn 0.684310555 0.705760598 -0.183360398
vn 0.684310913 0.705760181 -0.183360592
vn 0.642074466 0.705760241 -0.299404263
vn 0.64207387 0.705760896 -0.299403846
vn 0.580328405 0.705760837 -0.406350344
vn 0.580328584 0.705760598 -0.406350523
vn 0.500950038 0.705760717 -0.500950038
vn 0.406350493 0.705760598 -0.580328584
vn 0.406350404 0.705760777 -0.580328405
vn 0.299403965 0.705760896 -0.64207381
vn 0.299404114 0.705760241 -0.642074525
vn 0.183360502 0.705760181 -0.684310973
vn 0.183360487 0.705760598 -0.684310555
vn 0.0617456175 0.705760598 -0.705754519
vn 0.0617455058 0.705759764 -0.705755353
vn -0.061745692 0.705759764 -0.705755353
vn -0.061745435 0.705760598 -0.705754578
vn 0.996584475 2.84995419e-17 0.0825795159
vn 0.969400227 2.44631585e-17 0.245485634
vn 0.915773392 1.97594903e-17 0.401695311
vn 0.837166429 1.45168212e-17 0.546948254
vn 0.735723794 8.87817584e-18 0.677281678
vn 0.614212751 2.99736567e-18 0.789140463
vn 0.47594741 -2.96521233e-18 0.879473746
vn 0.32469967 -8.84690014e-18 0.945817173
vn 0.164594501 -1.44872843e-17 0.986361325
vn -0.164594501 -2.44394251e-17 0.986361325
vn -0.32469967 -2.84797358e-17 0.945817173
vn -0.47594741 -3.17431817e-17 0.879473746
vn -0.614212751 -3.41407614e-17 0.789140463
vn -0.735723794 -3.56070714e-17 0.677281678
vn -0.837166429 -3.61021125e-17 0.546948254
vn -0.915773392 -3.56123786e-17 0.401695311
vn -0.969400227 -3.41512402e-17 0.245485634
vn -0.996584475 -3.17585408e-17 0.0825795159
vn -0.996584475 -2.84995419e-17 -0.0825795159
vn -0.969400227 -2.44631585e-17 -0.245485634
vn -0.915773392 -1.97594903e-17 -0.401695311
vn -0.837166429 -1.45168212e-17 -0.546948254
vn -0.735723794 -8.87817584e-18 -0.677281678
vn -0.614212751 -2.99736567e-18 -0.789140463
vn -0.47594741 2.96521233e-18 -0.879473746
vn -0.32469967 8.84690014e-18 -0.945817173
vn -0.164594501 1.44872843e-17 -0.986361325
vn 0.164594501 2.44394251e-17 -0.986361325
vn 0.32469967 2.84797358e-17 -0.945817173
vn 0.47594741 3.17431817e-17 -0.879473746
vn 0.614212751 3.41407614e-17 -0.789140463
vn 0.735723794 3.56070714e-17 -0.677281678
vn 0.837166429 3.61021125e-17 -0.546948254
vn 0.915773392 3.56123786e-17 -0.401695311
vn 0.969400227 3.41512402e-17 -0.245485634
vn 0.996584475 3.17585408e-17 -0.0825795159
vn -0.996584475 -2.84995452e-17 -0.0825794488
vn -0.969400287 -2.44631652e-17 -0.24548535
vn -0.915773332 -1.97594886e-17 -0.401695371
vn -0.837166369 -1.45168179e-17 -0.546948373
vn -0.735723972 -8.87818411e-18 -0.677281499
vn -0.614212692 -2.99736402e-18 -0.789140522
vn -0.475947291 2.9652173e-18 -0.879473805
vn -0.324699461 8.84690758e-18 -0.945817232
vn -0.164594367 1.44872892e-17 -0.986361325
vn 0.164594367 2.44394218e-17 -0.986361325
vn 0.324699461 2.84797325e-17 -0.945817232
vn 0.475947291 3.17431817e-17 -0.879473805
vn 0.614212692 3.41407614e-17 -0.789140522
vn 0.735723972 3.56070714e-17 -0.677281499
vn 0.837166369 3.61021125e-17 -0.546948373
vn 0.915773332 3.56123819e-17 -0.401695371
vn 0.969400287 3.41512369e-17 -0.24548535
vn 0.996584475 3.17585375e-17 -0.0825794488
vn 0.996584475 2.84995452e-17 0.0825794488
vn 0.969400287 2.44631652e-17 0.24548535
vn 0.915773332 1.97594886e-17 0.401695371
vn 0.837166369 1.45168179e-17 0.546948373
vn 0.735723972 8.87818411e-18 0.677281499
vn 0.614212692 2.99736402e-18 0.789140522
vn 0.475947291 -2.9652173e-18 0.879473805
vn 0.324699461 -8.84690758e-18 0.945817232
vn 0.164594367 -1.44872892e-17 0.986361325
vn -0.164594367 -2.44394218e-17 0.986361325
vn -0.324699461 -2.84797325e-17 0.945817232
vn -0.475947291 -3.17431817e-17 0.879473805
vn -0.614212692 -3.41407614e-17 0.789140522
vn -0.735723972 -3.56070714e-17 0.677281499
vn -0.837166369 -3.61021125e-17 0.546948373
vn -0.915773332 -3.56123819e-17 0.401695371
vn -0.969400287 -3.41512369e-17 0.24548535
vn -0.996584475 -3.17585375e-17 0.0825794488
vn 0.705903351 -0.705888808 -0.0584928915
vn 0.686648071 -0.705888867 -0.173883289
vn 0.686645985 -0.705891132 -0.173882276
vn 0.648660958 -0.705891073 -0.28452903
vn 0.592982173 -0.705891132 -0.387414336
vn 0.592983425 -0.705889404 -0.387415588
vn 0.52112931 -0.705889523 -0.479733467
vn 0.521128953 -0.705890179 -0.479732901
vn 0.435059905 -0.705890119 -0.558965147
vn 0.435059696 -0.705890596 -0.558964729
vn 0.337123334 -0.705890715 -0.622949541
vn 0.337123334 -0.705890775 -0.622949481
vn 0.229991391 -0.705890894 -0.669941843
vn 0.229991436 -0.705890477 -0.6699422
vn 0.116585791 -0.705890477 -0.698660433
vn 0.116585761 -0.705889761 -0.698661149
vn 1.83594987e-17 -0.705889761 -0.708321691
vn -0.11658591 -0.705889761 -0.698661089
vn -0.11658565 -0.705890477 -0.698660433
vn -0.229991525 -0.705890477 -0.6699422
vn -0.229991317 -0.705890894 -0.669941843
vn -0.337123305 -0.705890775 -0.622949481
vn -0.337123364 -0.705890715 -0.622949541
vn -0.435059607 -0.705890596 -0.558964729
vn -0.435059965 -0.705890119 -0.558965087
vn -0.521128833 -0.705890179 -0.47973299
vn -0.521129429 -0.705889523 -0.479733348
vn -0.592983603 -0.705889404 -0.38741529
vn -0.592981994 -0.705891132 -0.387414664
vn -0.648660958 -0.705891073 -0.28452903
vn -0.686645806 -0.705891132 -0.173882723
vn -0.68664813 -0.705888867 -0.173882827
vn -0.705903411 -0.705888808 -0.0584927425
vn -0.705902696 -0.705889523 -0.0584928356
vn -0.705902696 -0.705889523 0.0584926829
vn -0.705903351 -0.705888808 0.0584928915
vn -0.686648071 -0.705888867 0.173883289
vn -0.686645985 -0.705891132 0.173882276
vn -0.648660958 -0.705891073 0.28452903
vn -0.592982173 -0.705891132 0.387414336
vn -0.592983425 -0.705889404 0.387415588
vn -0.52112931 -0.705889523 0.479733467
vn -0.521128953 -0.705890179 0.479732901
vn -0.435059905 -0.705890119 0.558965147
vn -0.435059696 -0.705890596 0.558964729
vn -0.337123334 -0.705890715 0.622949541
vn -0.337123334 -0.705890775 0.622949481
vn -0.229991391 -0.705890894 0.669941843
vn -0.229991436 -0.705890477 0.6699422
vn -0.116585791 -0.705890477 0.698660433
vn -0.116585761 -0.705889761 0.698661149
vn 1.71307566e-17 -0.705889761 0.708321691
vn 0.11658591 -0.705889761 0.698661089
vn 0.11658565 -0.705890477 0.698660433
vn 0.229991525 -0.705890477 0.6699422
vn 0.229991317 -0.705890894 0.669941843
vn 0.337123305 -0.705890775 0.622949481
vn 0.337123364 -0.705890715 0.622949541
vn 0.435059607 -0.705890596 0.558964729
vn 0.435059965 -0.705890119 0.558965087
vn 0.521128833 -0.705890179 0.47973299
vn 0.521129429 -0.705889523 0.479733348
vn 0.592983603 -0.705889404 0.38741529
vn 0.592981994 -0.705891132 0.387414664
vn 0.648660958 -0.705891073 0.28452903
vn 0.686645806 -0.705891132 0.173882723
vn 0.68664813 -0.705888867 0.173882827
vn 0.705903411 -0.705888808 0.0584927425
vn 0.705902696 -0.705889523 0.0584928356
vn 0.705902696 -0.705889523 -0.0584926829
vn -0.705894649 0.70589757 -0.0584921688
vn -0.686639547 0.705897629 -0.173881143
vn -0.686637461 0.705899894 -0.173880115
vn -0.648652911 0.705899835 -0.284525514
vn -0.648652911 0.705899894 -0.284525514
vn -0.592974842 0.705899894 -0.387409538
vn -0.592976093 0.705898166 -0.38741079
vn -0.521122873 0.705898345 -0.479727507
vn -0.521122515 0.705899 -0.47972697
vn -0.435054511 0.705898941 -0.558958232
vn -0.435054302 0.705899417 -0.558957756
vn -0.337119162 0.705899537 -0.622941852
vn -0.337119162 0.705899596 -0.622941792
vn -0.229988545 0.705899656 -0.669933558
vn -0.22998859 0.705899298 -0.669933915
vn -0.116584353 0.705899298 -0.698651791
vn -0.116584323 0.705898583 -0.698652506
vn -1.71309849e-17 0.705898523 -0.708312929
vn 0.116584465 0.705898583 -0.698652446
vn 0.116584204 0.705899298 -0.698651791
vn 0.229988679 0.705899298 -0.669933915
vn 0.229988471 0.705899656 -0.669933558
vn 0.337119132 0.705899596 -0.622941792
vn 0.337119192 0.705899537 -0.622941852
vn 0.435054213 0.705899417 -0.558957815
vn 0.4350546 0.705898941 -0.558958173
vn 0.521122396 0.705899 -0.47972706
vn 0.521122992 0.705898345 -0.479727417
vn 0.592976272 0.705898166 -0.387410492
vn 0.592974663 0.705899894 -0.387409866
vn 0.648652911 0.705899894 -0.284525514
vn 0.648652911 0.705899835 -0.284525514
vn 0.686637342 0.705899954 -0.173880577
vn 0.686639667 0.705897629 -0.173880681
vn 0.705894649 0.70589757 -0.0584920198
vn 0.705893934 0.705898285 -0.0584921092
vn 0.705893934 0.705898345 0.0584919602
vn 0.705894649 0.70589757 0.0584921688
vn 0.686639547 0.705897629 0.173881143
vn 0.686637461 0.705899894 0.173880115
vn 0.648652911 0.705899835 0.284525514
vn 0.648652911 0.705899894 0.284525514
vn 0.592974842 0.705899894 0.387409538
vn 0.592976093 0.705898166 0.38741079
vn 0.521122873 0.705898345 0.479727507
vn 0.521122515 0.705899 0.47972697
vn 0.435054511 0.705898941 0.558958232
vn 0.435054302 0.705899417 0.558957756
vn 0.337119162 0.705899537 0.622941852
vn 0.337119162 0.705899596 0.622941792
vn 0.229988545 0.705899656 0.669933558
vn 0.22998859 0.705899298 0.669933915
vn 0.116584353 0.705899298 0.698651791
vn 0.116584323 0.705898583 0.698652506
vn -1.83597121e-17 0.705898523 0.708312929
vn -0.116584465 0.705898583 0.698652446
vn -0.116584204 0.705899298 0.698651791
vn -0.229988679 0.705899298 0.669933915
vn -0.229988471 0.705899656 0.669933558
vn -0.337119132 0.705899596 0.622941792
vn -0.337119192 0.705899537 0.622941852
vn -0.435054213 0.705899417 0.558957815
vn -0.4350546 0.705898941 0.558958173
vn -0.521122396 0.705899 0.47972706
vn -0.521122992 0.705898345 0.479727417
vn -0.592976272 0.705898166 0.387410492
vn -0.592974663 0.705899894 0.387409866
vn -0.648652911 0.705899894 0.284525514
vn -0.648652911 0.705899835 0.284525514
vn -0.686637342 0.705899954 0.173880577
vn -0.686639667 0.705897629 0.173880681
vn -0.705894649 0.70589757 0.0584920198
vn -0.705893934 0.705898285 0.0584921092
vn -0.705893934 0.705898345 -0.0584919602
vn 0.996194661 2.83974512e-17 0.0871559978
vn 0.965925753 2.40950119e-17 0.258819222
vn 0.906307936 1.90604714e-17 0.422618002
vn 0.819151998 1.34467605e-17 0.57357651
vn 0.57357651 1.17663826e-18 0.819151998
vn 0.422618002 -5.10698829e-18 0.906307936
vn 0.258819222 -1.12354098e-17 0.965925753
vn 0.0871559978 -1.70224655e-17 0.996194661
vn -0.0871559978 -2.22923173e-17 0.996194661
vn -0.258819222 -2.68848109e-17 0.965925753
vn -0.422618002 -3.06604156e-17 0.906307936
vn -0.57357651 -3.35044379e-17 0.819151998
vn -0.819151998 -3.60829352e-17 0.57357651
vn -0.906307936 -3.57390729e-17 0.422618002
vn -0.965925753 -3.43093044e-17 0.258819222
vn -0.996194661 -3.18370601e-17 0.0871559978
vn -0.996194661 -2.83974512e-17 -0.0871559978
vn -0.965925753 -2.40950119e-17 -0.258819222
vn -0.906307936 -1.90604714e-17 -0.422618002
vn -0.819151998 -1.34467605e-17 -0.57357651
vn -0.57357651 -1.17663826e-18 -0.819151998
vn -0.422618002 5.10698829e-18 -0.906307936
vn -0.258819222 1.12354098e-17 -0.965925753
vn -0.0871559978 1.70224655e-17 -0.996194661
vn 0.0871559978 2.22923173e-17 -0.996194661
vn 0.258819222 2.68848109e-17 -0.965925753
vn 0.422618002 3.06604156e-17 -0.906307936
vn 0.57357651 3.35044379e-17 -0.819151998
vn 0.819151998 3.60829352e-17 -0.57357651
vn 0.906307936 3.57390729e-17 -0.422618002
vn 0.965925753 3.43093044e-17 -0.258819222
vn 0.996194661 3.18370601e-17 -0.0871559978
vn -0.982269764 0.0823296905 0.168427899
vn -0.993014872 -0.0823292509 0.0845180973
vn -0.982269943 0.0823296905 0.168426618
vn -0.964447796 -0.0823283643 0.251122475
vn -0.939676702 0.0823288932 0.33200857
vn -0.939676464 0.0823288932 0.332009256
vn -0.908135056 -0.082328178 0.410503119
vn -0.87005049 0.0823288187 0.486039251
vn -0.825697005 -0.0823288783 0.558073819
vn -0.77539444 0.0823288113 0.626087427
vn -0.775394738 0.0823288113 0.62608701
vn -0.71950531 -0.0823290646 0.689589739
vn -0.65843159 0.0823293999 0.748124123
vn -0.658432007 0.0823293999 0.748123765
vn -0.592614412 -0.0823286995 0.801267803
vn -0.522527099 0.0823292285 0.848638535
vn -0.522527575 0.0823292285 0.848638237
vn -0.448675424 -0.0823286772 0.889894545
vn -0.371590674 0.082328923 0.924739063
vn -0.291828871 -0.0823282003 0.952920794
vn -0.209963769 0.0823301449 0.974236608
vn -0.209963799 0.0823301449 0.974236608
vn -0.126586586 -0.082326971 0.988533318
vn -0.0422982201 0.0823283195 0.995707214
vn -0.0422969051 0.0823283195 0.995707273
vn 0.042297557 -0.0823295936 0.995707154
vn 0.126586586 0.0823269635 0.988533318
vn 0.209963784 -0.0823301077 0.974236608
vn 0.291829467 0.0823294595 0.952920496
vn 0.291828215 0.0823294595 0.952920854
vn 0.371590674 -0.082328923 0.924739063
vn 0.448675722 0.082329385 0.889894366
vn 0.448675066 0.082329385 0.889894664
vn 0.522527337 -0.0823286846 0.848638415
vn 0.592614591 0.0823292062 0.801267624
vn 0.592614174 0.0823292062 0.801267922
vn 0.658431828 -0.082328923 0.748124003
vn 0.719505489 0.0823295042 0.68958956
vn 0.719505131 0.0823295042 0.689589858
vn 0.775394619 -0.0823283195 0.626087248
vn 0.825696945 0.082328707 0.558073938
vn 0.939699411 0.0820349529 0.332016975
vn 0.939447105 -0.240008473 0.244612172
vn 0.908134997 0.0823283046 0.410503179
vn 0.870071709 0.0820337757 0.486051112
vn 0.88459456 -0.240005791 0.399862081
vn 0.825697064 0.082328707 0.558073759
vn 0.995713174 0.0822568387 -0.0422971919
vn 0.996397436 -4.4451765e-16 -0.0848066509
vn 0.999098957 2.67736527e-16 0.0424410179
vn 0.993014753 0.0823305175 0.0845187455
vn 0.982293725 0.0820359066 0.168431342
vn 0.967273951 -0.240007132 0.0823265761
vn 0.964447558 0.0823295936 0.251123071
vn 0.939699531 0.0820336565 -0.332017004
vn 0.884594202 -0.240007237 -0.399862051
vn 0.964447856 0.0823295936 -0.251121849
vn 0.982293785 0.0820350498 -0.168431357
vn 0.939447284 -0.240006343 -0.244613513
vn 0.993014872 0.0823305175 -0.0845174342
vn 0.775413454 0.0820348784 -0.626102448
vn 0.700854301 -0.240006119 -0.671714485
vn 0.825696945 0.082328707 -0.558073938
vn 0.87007165 0.0820341185 -0.486051112
vn 0.804293454 -0.240006223 -0.543607473
vn 0.908135056 0.0823283046 -0.41050306
vn 0.522540033 0.082034789 -0.848659039
vn 0.437044531 -0.240006641 -0.866826892
vn 0.592614591 0.0823292062 -0.801267624
vn 0.658447862 0.0820346102 -0.748142183
vn 0.577252448 -0.240006834 -0.780497491
vn 0.719505489 0.0823295042 -0.68958956
vn 0.209968954 0.0820323974 -0.974260628
vn 0.123305187 -0.240007013 -0.962908328
vn 0.291829467 0.0823294595 -0.952920496
vn 0.371599704 0.0820348561 -0.924761534
vn 0.284263432 -0.240007043 -0.928219199
vn 0.448675722 0.082329385 -0.889894366
vn -0.126589641 0.0820355639 -0.98855716
vn -0.204521284 -0.240004167 -0.948983192
vn -0.0422982201 0.0823283195 -0.995707214
vn 0.0422985926 0.082033731 -0.995731533
vn -0.0412004776 -0.240007266 -0.969896376
vn 0.126586586 0.0823269635 -0.988533318
vn -0.448675424 -0.0823286772 -0.889894545
vn -0.371590674 0.082328923 -0.924739063
vn -0.291835964 0.0820343122 -0.952943921
vn -0.361958414 -0.24000527 -0.90076834
vn -0.209963769 0.0823301449 -0.974236608
vn -0.592614412 -0.0823286995 -0.801267803
vn -0.522527099 0.0823292285 -0.848638535
vn -0.522527575 0.0823292285 -0.848638237
vn -0.71950531 -0.0823290646 -0.689589739
vn -0.65843159 0.0823293999 -0.748124123
vn -0.658432007 0.0823293999 -0.748123765
vn -0.825697005 -0.0823288783 -0.558073819
vn -0.77539444 0.0823288113 -0.626087427
vn -0.775394738 0.0823288113 -0.62608701
vn -0.908135056 -0.082328178 -0.410503119
vn -0.87005049 0.0823288187 -0.486039251
vn -0.964447796 -0.0823283643 -0.251122475
vn -0.939676702 0.0823288932 -0.33200857
vn -0.939676464 0.0823288932 -0.332009256
vn -0.999098957 -3.10425267e-17 0.0424410179
vn -0.999098957 -2.93675918e-17 -0.0424410179
vn -0.993014872 -0.0823292509 -0.0845180973
vn -0.982269764 0.0823296905 -0.168427899
vn -0.982269943 0.0823296905 -0.168426618
vn -0.996397555 -2.84499673e-17 -0.0848054588
vn -0.967732906 -2.42846364e-17 -0.251978219
vn -0.911228478 -1.94206986e-17 -0.411901265
vn -0.828509748 -1.39980665e-17 -0.55997467
vn -0.721956134 -8.1727256e-18 -0.691938818
vn -0.594632924 -2.11225987e-18 -0.803997338
vn -0.450203806 4.00894449e-18 -0.892925858
vn -0.292822748 1.00148361e-17 -0.956166744
vn -0.127017826 1.57326146e-17 -0.991900444
vn 0.0424412079 2.09977946e-17 -0.999098957
vn 0.210679129 2.56589044e-17 -0.977555275
vn 0.372856438 2.95818581e-17 -0.927889049
vn 0.524307489 3.26537984e-17 -0.851529002
vn 0.660674453 3.47863395e-17 -0.750672519
vn 0.778035879 3.59181509e-17 -0.628219843
vn 0.873014152 3.60166549e-17 -0.487694919
vn 0.942877471 3.50790291e-17 -0.333139777
vn 0.985615909 3.31322397e-17 -0.1690007
vn 0.985615909 2.64626328e-17 0.1690007
vn 0.942877471 2.19316798e-17 0.333139777
vn 0.873014152 1.67697949e-17 0.487694919
vn 0.778035879 1.112548e-17 0.628219843
vn 0.660674453 5.16107845e-18 0.750672519
vn 0.524307489 -9.51758562e-19 0.851529002
vn 0.372856438 -7.0372432e-18 0.927889049
vn 0.210679129 -1.2920275e-17 0.977555275
vn 0.0424412079 -1.8431604e-17 0.999098957
vn -0.127017826 -2.34126954e-17 0.991900444
vn -0.292822748 -2.77202451e-17 0.956166744
vn -0.450203806 -3.12303364e-17 0.892925858
vn -0.594632924 -3.38419805e-17 0.803997338
vn -0.721956134 -3.54800628e-17 0.691938818
vn -0.828509748 -3.60974439e-17 0.55997467
vn -0.911228478 -3.5676366e-17 0.411901265
vn -0.967732906 -3.42289455e-17 0.251978219
vn -0.996397555 -3.17968095e-17 0.0848054588
vn -0.684320033 0.705750704 0.18336314
vn -0.684317529 0.705753386 0.183362171
vn -0.642080903 0.705753207 0.299407005
vn -0.642083049 0.705750644 0.299408317
vn -0.580336809 0.705750465 0.406356305
vn -0.580336273 0.705751121 0.406355858
vn -0.500956774 0.705751121 0.500956774
vn -0.406355917 0.705751181 0.580336273
vn -0.406356245 0.705750465 0.580336869
vn -0.299408078 0.705750644 0.642083168
vn -0.299407274 0.705753207 0.642080784
vn -0.183362439 0.705753386 0.68431747
vn -0.183362857 0.705750763 0.684320092
vn -0.06174656 0.705750704 0.705764353
vn -0.0617465191 0.705748737 0.705766261
vn 0.0617467314 0.705748737 0.705766261
vn 0.0617463514 0.705750704 0.705764353
vn 0.18336314 0.705750704 0.684320033
vn 0.183362171 0.705753386 0.684317529
vn 0.299407005 0.705753207 0.642080903
vn 0.299408317 0.705750644 0.642083049
vn 0.406356305 0.705750465 0.580336809
vn 0.406355858 0.705751121 0.580336273
vn 0.500956774 0.705751121 0.500956774
vn 0.580336273 0.705751181 0.406355917
vn 0.580336869 0.705750465 0.406356245
vn 0.642083168 0.705750644 0.299408078
vn 0.642080784 0.705753207 0.299407274
vn 0.68431747 0.705753386 0.183362439
vn 0.684320092 0.705750763 0.183362857
vn 0.705764353 0.705750704 0.06174656
vn 0.705766261 0.705748737 0.0617465191
vn 0.705766261 0.705748737 -0.0617467314
vn 0.705764353 0.705750704 -0.0617463514
vn 0.684320033 0.705750704 -0.18336314
vn 0.684317529 0.705753386 -0.183362171
vn 0.642080903 0.705753207 -0.299407005
vn 0.642083049 0.705750644 -0.299408317
vn 0.580336809 0.705750465 -0.406356305
vn 0.580336273 0.705751121 -0.406355858
vn 0.500956774 0.705751121 -0.500956774
vn 0.406355917 0.705751181 -0.580336273
vn 0.406356245 0.705750465 -0.580336869
vn 0.299408078 0.705750644 -0.642083168
vn 0.299407274 0.705753207 -0.642080784
vn 0.183362439 0.705753386 -0.68431747
vn 0.183362857 0.705750763 -0.684320092
vn 0.06174656 0.705750704 -0.705764353
vn 0.0617465191 0.705748737 -0.705766261
vn -0.0617467314 0.705748737 -0.705766261
vn -0.0617463514 0.705750704 -0.705764353
vn -0.18336314 0.705750704 -0.684320033
vn -0.183362171 0.705753386 -0.684317529
vn -0.299407005 0.705753207 -0.642080903
vn -0.299408317 0.705750644 -0.642083049
vn -0.406356305 0.705750465 -0.580336809
vn -0.406355858 0.705751121 -0.580336273
vn -0.500956774 0.705751121 -0.500956774
vn -0.580336273 0.705751181 -0.406355917
vn -0.580336869 0.705750465 -0.406356245
vn -0.642083168 0.705750644 -0.299408078
vn -0.642080784 0.705753207 -0.299407274
vn -0.68431747 0.705753386 -0.183362439
vn -0.684320092 0.705750763 -0.183362857
vn -0.705764353 0.705750704 -0.06174656
vn -0.705766261 0.705748737 -0.0617465191
vn -0.705766261 0.705748737 0.0617467314
vn -0.705764353 0.705750704 0.0617463514
vn 0.705841959 -0.705817282 -0.0600759163
vn 0.645513535 -0.705812037 -0.291790426
vn 0.705843806 -0.705815434 -0.0600757487
vn 0.685537875 -0.705815375 -0.178500518
vn 0.685537696 -0.705815613 -0.178500429
vn 0.685542643 -0.705810666 -0.178500831
vn 0.645514607 -0.705810726 -0.291791201
vn 0.64551276 -0.705812812 -0.291790247
vn 0.586915016 -0.705812693 -0.396685272
vn 0.586914599 -0.705813229 -0.396684885
vn 0.421236783 -0.705813587 -0.56954962
vn 0.586913466 -0.705814481 -0.396684378
vn 0.511431515 -0.705814183 -0.490167469
vn 0.511431754 -0.705813825 -0.490167737
vn 0.511433601 -0.70581162 -0.490168989
vn 0.421237707 -0.70581156 -0.569551468
vn 0.207434788 -0.705813825 -0.677346051
vn 0.421236843 -0.705813527 -0.56954968
vn 0.318923235 -0.705813169 -0.632547021
vn 0.318922937 -0.705814183 -0.632546067
vn 0.318924129 -0.705812156 -0.632547677
vn 0.207434967 -0.705812335 -0.677347541
vn 0.207436547 -0.70581001 -0.677349448
vn 0.0899795592 -0.705809891 -0.7026636
vn 0.0899795815 -0.705810428 -0.702663004
vn -0.1492448 -0.705814242 -0.692497075
vn 0.0899794027 -0.705811024 -0.702662468
vn -0.0300651994 -0.705811024 -0.707761884
vn -0.0300651509 -0.705811203 -0.707761705
vn -0.0300658885 -0.705816746 -0.707756102
vn -0.149243891 -0.705816627 -0.692494869
vn -0.14924489 -0.705811739 -0.692499638
vn -0.264131278 -0.705811799 -0.657316029
vn -0.264131188 -0.705811977 -0.65731591
vn -0.264131159 -0.705812097 -0.657315791
vn -0.371418864 -0.705812275 -0.603222251
vn -0.371417731 -0.705813944 -0.60322094
vn -0.551159084 -0.70581311 -0.445029825
vn -0.37141794 -0.705813408 -0.603221476
vn -0.468020737 -0.705813229 -0.53177464
vn -0.468020588 -0.705813408 -0.531774521
vn -0.468021512 -0.70581162 -0.531776071
vn -0.551160336 -0.705811679 -0.44503051
vn -0.551159501 -0.705812454 -0.445030302
vn -0.618442416 -0.705812097 -0.345482618
vn -0.618441939 -0.705812633 -0.345482439
vn -0.618441522 -0.70581311 -0.345482111
vn -0.667932451 -0.70581311 -0.235995874
vn -0.667935073 -0.705810547 -0.235996306
vn -0.667934716 -0.705810905 -0.235996127
vn -0.698210835 -0.705810726 -0.119719923
vn -0.698207259 -0.705814242 -0.119719937
vn -0.698208869 -0.705812573 -0.119720526
vn -0.70680505 -0.706770957 -0.0300248004
vn -0.706803799 -0.706772208 -0.0300245248
vn -0.706803799 -0.706772208 0.0300247464
vn -0.667935073 -0.705810547 0.235996306
vn -0.70680505 -0.706770957 0.0300245788
vn -0.698208869 -0.705812573 0.119720526
vn -0.698207259 -0.705814242 0.119719937
vn -0.698210835 -0.705810726 0.119719923
vn -0.667934716 -0.705810905 0.235996127
vn -0.667932451 -0.70581311 0.235995874
vn -0.618441522 -0.70581311 0.345482111
vn -0.618441939 -0.705812633 0.345482439
vn -0.618442416 -0.705812097 0.345482618
vn -0.551159501 -0.705812454 0.445030302
vn -0.551159084 -0.70581311 0.445029825
vn -0.371417731 -0.705813944 0.60322094
vn -0.551160336 -0.705811679 0.44503051
vn -0.468021512 -0.70581162 0.531776071
vn -0.468020588 -0.705813408 0.531774521
vn -0.468020737 -0.705813229 0.53177464
vn -0.37141794 -0.705813408 0.603221476
vn -0.1492448 -0.705814242 0.692497075
vn -0.371418864 -0.705812275 0.603222251
vn -0.264131159 -0.705812097 0.657315791
vn -0.264131188 -0.705811977 0.65731591
vn -0.264131278 -0.705811799 0.657316029
vn -0.14924489 -0.705811739 0.692499638
vn -0.149243891 -0.705816627 0.692494869
vn -0.0300658885 -0.705816746 0.707756102
vn -0.0300651509 -0.705811203 0.707761705
vn 0.207434788 -0.705813825 0.677346051
vn -0.0300651994 -0.705811024 0.707761884
vn 0.0899794027 -0.705811024 0.702662468
vn 0.0899795815 -0.705810428 0.702663004
vn 0.0899795592 -0.705809891 0.7026636
vn 0.207436547 -0.70581001 0.677349448
vn 0.421236783 -0.705813587 0.56954962
vn 0.207434967 -0.705812335 0.677347541
vn 0.318924129 -0.705812156 0.632547677
vn 0.318922937 -0.705814183 0.632546067
vn 0.318923235 -0.705813169 0.632547021
vn 0.421236843 -0.705813527 0.56954968
vn 0.586914599 -0.705813229 0.396684885
vn 0.421237707 -0.70581156 0.569551468
vn 0.511433601 -0.70581162 0.490168989
vn 0.511431754 -0.705813825 0.490167737
vn 0.511431515 -0.705814183 0.490167469
vn 0.586913466 -0.705814481 0.396684378
vn 0.685537696 -0.705815613 0.178500429
vn 0.586915016 -0.705812693 0.396685272
vn 0.64551276 -0.705812812 0.291790247
vn 0.645513535 -0.705812037 0.291790426
vn 0.645514607 -0.705810726 0.291791201
vn 0.685542643 -0.705810666 0.178500831
vn 0.685537875 -0.705815375 0.178500518
vn 0.705843806 -0.705815434 0.0600757487
vn 0.705841959 -0.705817282 0.0600759163
vn 0.705845356 -0.705813825 0.0600768141
vn 0.705845356 -0.705813825 -0.0600768141
vn -0.686637044 0.705900311 0.1738801
vn -0.6866377 0.705899596 0.173880398
vn -0.648652971 0.705899656 0.284525782
vn -0.648651719 0.705901206 0.284524947
vn -0.59297353 0.705901384 0.387408912
vn -0.592974007 0.705900729 0.387409329
vn -0.521121085 0.705900848 0.479725689
vn -0.521121681 0.705899954 0.479726434
vn -0.435053945 0.705899954 0.558957338
vn -0.435053796 0.705900252 0.55895704
vn -0.337118804 0.705900311 0.622941136
vn -0.337118655 0.705900788 0.622940719
vn -0.229988158 0.705900729 0.669932544
vn -0.229988053 0.705901444 0.669931829
vn -0.116584212 0.705901444 0.698649585
vn -0.116584197 0.705899894 0.698651195
vn -1.83597435e-17 0.705899894 0.708311617
vn 0.116584472 0.705899894 0.698651135
vn 0.116583936 0.705901444 0.698649645
vn 0.229987934 0.705901444 0.669931889
vn 0.229988277 0.705900729 0.669932485
vn 0.337118596 0.705900788 0.622940719
vn 0.337118894 0.705900311 0.622941077
vn 0.435053736 0.705900252 0.5589571
vn 0.435053974 0.705899954 0.558957338
vn 0.5211218 0.705899954 0.479726315
vn 0.521121025 0.705900848 0.479725808
vn 0.592974067 0.705900729 0.38740924
vn 0.592973471 0.705901384 0.387409002
vn 0.6486516 0.705901206 0.284525186
vn 0.64865309 0.705899715 0.284525543
vn 0.686637759 0.705899596 0.173880264
vn 0.686637044 0.705900311 0.173880219
vn 0.705892026 0.705900252 0.0584918
vn 0.705890894 0.705901384 0.058491908
vn 0.705890894 0.705901384 -0.0584917031
vn 0.705892026 0.705900252 -0.0584920011
vn 0.686637044 0.705900311 -0.1738801
vn 0.6866377 0.705899596 -0.173880398
vn 0.648652971 0.705899656 -0.284525782
vn 0.648651719 0.705901206 -0.284524947
vn 0.59297353 0.705901384 -0.387408912
vn 0.592974007 0.705900729 -0.387409329
vn 0.521121085 0.705900848 -0.479725689
vn 0.521121681 0.705899954 -0.479726434
vn 0.435053945 0.705899954 -0.558957338
vn 0.435053796 0.705900252 -0.55895704
vn 0.337118804 0.705900311 -0.622941136
vn 0.337118655 0.705900788 -0.622940719
vn 0.229988158 0.705900729 -0.669932544
vn 0.229988053 0.705901444 -0.669931829
vn 0.116584212 0.705901444 -0.698649585
vn 0.116584197 0.705899894 -0.698651195
vn -1.71310197e-17 0.705899894 -0.708311617
vn -0.116584472 0.705899894 -0.698651135
vn -0.116583936 0.705901444 -0.698649645
vn -0.229987934 0.705901444 -0.669931889
vn -0.229988277 0.705900729 -0.669932485
vn -0.337118596 0.705900788 -0.622940719
vn -0.337118894 0.705900311 -0.622941077
vn -0.435053736 0.705900252 -0.5589571
vn -0.435053974 0.705899954 -0.558957338
vn -0.5211218 0.705899954 -0.479726315
vn -0.521121025 0.705900848 -0.479725808
vn -0.592974067 0.705900729 -0.38740924
vn -0.592973471 0.705901384 -0.387409002
vn -0.6486516 0.705901206 -0.284525186
vn -0.64865309 0.705899715 -0.284525543
vn -0.686637759 0.705899596 -0.173880264
vn -0.686637044 0.705900311 -0.173880219
vn -0.705892026 0.705900252 -0.0584918
vn -0.705890894 0.705901384 -0.058491908
vn -0.705890894 0.705901384 0.0584917031
vn -0.705892026 0.705900252 0.0584920011
vn 0.996584535 0.0825791284 5.94253418e-18
vn 0.969400227 0.245485738 9.02152955e-18
vn 0.915773273 0.401695549 1.18544312e-17
vn 0.837166786 0.546947718 1.43639665e-17
vn 0.735723794 0.677281678 1.64817094e-17
vn 0.614212751 0.789140463 1.8149863e-17
vn 0.475947201 0.879473865 1.93229391e-17
vn 0.324699491 0.945817232 1.99689324e-17
vn 0.164594918 0.986361265 2.0070229e-17
vn -0.164594918 0.986361265 1.86425946e-17
vn -0.324699491 0.945817232 1.71526141e-17
vn -0.475947201 0.879473865 1.51947553e-17
vn -0.614212751 0.789140463 1.28224162e-17
vn -0.735723794 0.677281678 1.01003228e-17
vn -0.837166786 0.546947718 7.10270296e-18
vn -0.915773273 0.401695549 3.91136406e-18
vn -0.969400227 0.245485738 6.13323353e-19
vn -0.996584535 0.0825791284 -2.70145876e-18
vn -0.996584535 -0.0825791284 -5.94253418e-18
vn -0.969400227 -0.245485738 -9.02152955e-18
vn -0.915773273 -0.401695549 -1.18544312e-17
vn -0.837166786 -0.546947718 -1.43639665e-17
vn -0.735723794 -0.677281678 -1.64817094e-17
vn -0.614212751 -0.789140463 -1.8149863e-17
vn -0.475947201 -0.879473865 -1.93229391e-17
vn -0.324699491 -0.945817232 -1.99689324e-17
vn -0.164594918 -0.986361265 -2.0070229e-17
vn 0.164594918 -0.986361265 -1.86425946e-17
vn 0.324699491 -0.945817232 -1.71526141e-17
vn 0.475947201 -0.879473865 -1.51947553e-17
vn 0.614212751 -0.789140463 -1.28224162e-17
vn 0.735723794 -0.677281678 -1.01003228e-17
vn 0.837166786 -0.546947718 -7.10270296e-18
vn 0.915773273 -0.401695549 -3.91136406e-18
vn 0.969400227 -0.245485738 -6.13323353e-19
vn 0.996584535 -0.0825791284 2.70145876e-18
vn 0.705895662 0.0584920235 -0.705896616
vn 0.68664068 0.173880786 -0.705896616
vn 0.686641276 0.173881367 -0.705895901
vn 0.648656487 0.284527123 -0.70589596
vn 0.648656607 0.284527272 -0.705895782
vn 0.59297806 0.387412101 -0.705895782
vn 0.592977643 0.387411207 -0.705896616
vn 0.521124125 0.479728699 -0.705896616
vn 0.435056001 0.558960021 -0.705896616
vn 0.435055971 0.558959842 -0.705896735
vn 0.337120622 0.622944176 -0.705896795
vn 0.337120593 0.622944593 -0.705896437
vn 0.229989469 0.669936657 -0.705896378
vn 0.229989499 0.669936538 -0.705896497
vn 0.116584823 0.698654473 -0.705896497
vn 0.116584986 0.698654056 -0.705896914
vn -1.71938176e-17 0.708314598 -0.705896914
vn -0.116584755 0.698654115 -0.705896914
vn -0.116585046 0.698654413 -0.705896497
vn -0.229989424 0.669936538 -0.705896497
vn -0.229989544 0.669936657 -0.705896378
vn -0.337120771 0.622944474 -0.705896378
vn -0.337120414 0.622944295 -0.705896735
vn -0.435055912 0.558959901 -0.705896735
vn -0.435056031 0.558959961 -0.705896616
vn -0.521124125 0.479728699 -0.705896616
vn -0.592977345 0.387411624 -0.705896676
vn -0.592978358 0.387411654 -0.705895782
vn -0.648656607 0.284527183 -0.705895782
vn -0.648656428 0.284527212 -0.70589596
vn -0.686641395 0.17388095 -0.705895901
vn -0.68664062 0.173881203 -0.705896616
vn -0.705895662 0.0584921092 -0.705896616
vn -0.705895782 0.0584920347 -0.705896437
vn -0.705895782 -0.0584921241 -0.705896437
vn -0.705895662 -0.0584920235 -0.705896616
vn -0.68664068 -0.173880786 -0.705896616
vn -0.686641276 -0.173881367 -0.705895901
vn -0.648656487 -0.284527123 -0.70589596
vn -0.648656607 -0.284527272 -0.705895782
vn -0.59297806 -0.387412101 -0.705895782
vn -0.592977643 -0.387411207 -0.705896616
vn -0.521124125 -0.479728699 -0.705896616
vn -0.435056001 -0.558960021 -0.705896616
vn -0.435055971 -0.558959842 -0.705896735
vn -0.337120622 -0.622944176 -0.705896795
vn -0.337120593 -0.622944593 -0.705896437
vn -0.229989469 -0.669936657 -0.705896378
vn -0.229989499 -0.669936538 -0.705896497
vn -0.116584823 -0.698654473 -0.705896497
vn -0.116584986 -0.698654056 -0.705896914
vn 1.84183526e-17 -0.708314598 -0.705896914
vn 0.116584755 -0.698654115 -0.705896914
vn 0.116585046 -0.698654413 -0.705896497
vn 0.229989424 -0.669936538 -0.705896497
vn 0.229989544 -0.669936657 -0.705896378
vn 0.337120771 -0.622944474 -0.705896378
vn 0.337120414 -0.622944295 -0.705896735
vn 0.435055912 -0.558959901 -0.705896735
vn 0.435056031 -0.558959961 -0.705896616
vn 0.521124125 -0.479728699 -0.705896616
vn 0.592977345 -0.387411624 -0.705896676
vn 0.592978358 -0.387411654 -0.705895782
vn 0.648656607 -0.284527183 -0.705895782
vn 0.648656428 -0.284527212 -0.70589596
vn 0.686641395 -0.17388095 -0.705895901
vn 0.68664062 -0.173881203 -0.705896616
vn 0.705895662 -0.0584921092 -0.705896616
vn 0.705895782 -0.0584920347 -0.705896437
vn 0.705895782 0.0584921241 -0.705896437
vn -0.70589596 0.0584920496 0.705896318
vn -0.686640978 0.173880845 0.705896318
vn -0.686641514 0.173881441 0.705895603
vn -0.648656726 0.284527242 0.705895662
vn -0.648656845 0.284527391 0.705895483
vn -0.592978299 0.38741225 0.705895483
vn -0.592977881 0.387411356 0.705896318
vn -0.521124363 0.479728878 0.705896318
vn -0.43505615 0.558960199 0.705896318
vn -0.43505615 0.55896008 0.705896437
vn -0.337120742 0.622944415 0.705896497
vn -0.337120712 0.622944832 0.705896139
vn -0.229989573 0.669936955 0.70589608
vn -0.229989603 0.669936776 0.705896199
vn -0.116584867 0.698654771 0.705896199
vn -0.116585031 0.698654354 0.705896616
vn -1.84183592e-17 0.708314896 0.705896616
vn 0.116584808 0.698654413 0.705896616
vn 0.116585098 0.698654711 0.705896258
vn 0.229989529 0.669936836 0.705896199
vn 0.229989633 0.669936895 0.70589608
vn 0.33712092 0.622944772 0.705896139
vn 0.337120563 0.622944534 0.705896497
vn 0.43505609 0.55896014 0.705896437
vn 0.43505621 0.558960199 0.705896318
vn 0.521124363 0.479728878 0.705896318
vn 0.592977583 0.387411803 0.705896378
vn 0.592978597 0.387411803 0.705895543
vn 0.648656905 0.284527302 0.705895483
vn 0.648656726 0.284527332 0.705895662
vn 0.686641693 0.173881024 0.705895603
vn 0.686640918 0.173881277 0.705896318
vn 0.70589596 0.0584921353 0.705896318
vn 0.70589608 0.0584920608 0.705896139
vn 0.70589608 -0.0584921464 0.705896139
vn 0.70589596 -0.0584920496 0.705896318
vn 0.686640978 -0.173880845 0.705896318
vn 0.686641514 -0.173881441 0.705895603
vn 0.648656726 -0.284527242 0.705895662
vn 0.648656845 -0.284527391 0.705895483
vn 0.592978299 -0.38741225 0.705895483
vn 0.592977881 -0.387411356 0.705896318
vn 0.521124363 -0.479728878 0.705896318
vn 0.43505615 -0.558960199 0.705896318
vn 0.43505615 -0.55896008 0.705896437
vn 0.337120742 -0.622944415 0.705896497
vn 0.337120712 -0.622944832 0.705896139
vn 0.229989573 -0.669936955 0.70589608
vn 0.229989603 -0.669936776 0.705896199
vn 0.116584867 -0.698654771 0.705896199
vn 0.116585031 -0.698654354 0.705896616
vn 1.71938242e-17 -0.708314896 0.705896616
vn -0.116584808 -0.698654413 0.705896616
vn -0.116585098 -0.698654711 0.705896258
vn -0.229989529 -0.669936836 0.705896199
vn -0.229989633 -0.669936895 0.70589608
vn -0.33712092 -0.622944772 0.705896139
vn -0.337120563 -0.622944534 0.705896497
vn -0.43505609 -0.55896014 0.705896437
vn -0.43505621 -0.558960199 0.705896318
vn -0.521124363 -0.479728878 0.705896318
vn -0.592977583 -0.387411803 0.705896378
vn -0.592978597 -0.387411803 0.705895543
vn -0.648656905 -0.284527302 0.705895483
vn -0.648656726 -0.284527332 0.705895662
vn -0.686641693 -0.173881024 0.705895603
vn -0.686640918 -0.173881277 0.705896318
vn -0.70589596 -0.0584921353 0.705896318
vn -0.70589608 -0.0584920608 0.705896139
vn -0.70589608 0.0584921464 0.705896139

# Mesh '' with 9124 faces
usemtl DefaultMaterial
f  1//1 2//1 3//1
f  3//2 2//2 4//2
f  3//2 4//2 5//2
f  5//3 4//3 6//3
f  5//3 6//3 7//3
f  7//4 6//4 8//4
f  7//4 8//4 9//4
f  9//5 8//5 10//5
f  9//5 10//5 11//5
f  11//6 10//6 12//6
f  11//6 12//6 13//6
f  13//7 12//7 14//7
f  13//7 14//7 15//7
f  15//8 14//8 16//8
f  15//8 16//8 17//8
f  17//9 16//9 18//9
f  17//9 18//9 19//9
f  19//10 18//10 20//10
f  19//10 20//10 21//10
f  21//11 20//11 22//11
f  21//11 22//11 23//11
f  23//12 22//12 24//12
f  23//12 24//12 25//12
f  25//13 24//13 26//13
f  25//13 26//13 27//13
f  27//14 26//14 28//14
f  27//14 28//14 29//14
f  29//15 28//15 30//15
f  29//15 30//15 31//15
f  31//16 30//16 32//16
f  31//16 32//16 33//16
f  33//17 32//17 34//17
f  33//17 34//17 35//17
f  35//18 34//18 36//18
f  35//18 36//18 37//18
f  37//19 36//19 38//19
f  37//19 38//19 39//19
f  39//20 38//20 40//20
f  39//20 40//20 41//20
f  41//21 40//21 42//21
f  41//21 42//21 43//21
f  43//22 42//22 44//22
f  43//22 44//22 45//22
f  45//23 44//23 46//23
f  45//23 46//23 47//23
f  47//24 46//24 48//24
f  47//24 48//24 49//24
f  49//25 48//25 50//25
f  49//25 50//25 51//25
f  51//26 50//26 52//26
f  51//26 52//26 53//26
f  53//27 52//27 54//27
f  53//27 54//27 55//27
f  55//28 54//28 56//28
f  55//28 56//28 57//28
f  57//29 56//29 58//29
f  57//29 58//29 59//29
f  59//30 58//30 60//30
f  59//30 60//30 61//30
f  61//31 60//31 62//31
f  61//31 62//31 63//31
f  63//32 62//32 64//32
f  63//32 64//32 65//32
f  65//33 64//33 66//33
f  65//33 66//33 67//33
f  67//34 66//34 68//34
f  67//34 68//34 69//34
f  69//35 68//35 70//35
f  69//35 70//35 71//35
f  71//36 70//36 72//36
f  71//36 72//36 73//36
f  73//37 72//37 74//37
f  73//37 74//37 75//37
f  75//38 74//38 76//38
f  75//38 76//38 1//38
f  1//1 76//1 2//1
f  38//39 36//39 77//39
f  38//39 77//39 40//39
f  46//39 44//39 77//39
f  77//39 44//39 42//39
f  77//39 42//39 40//39
f  52//39 50//39 77//39
f  77//39 50//39 48//39
f  77//39 48//39 46//39
f  58//39 56//39 77//39
f  77//39 56//39 54//39
f  77//39 54//39 52//39
f  64//39 62//39 77//39
f  77//39 62//39 60//39
f  77//39 60//39 58//39
f  70//39 68//39 77//39
f  77//39 68//39 66//39
f  77//39 66//39 64//39
f  76//39 74//39 77//39
f  77//39 74//39 72//39
f  77//39 72//39 70//39
f  6//39 4//39 77//39
f  77//39 4//39 2//39
f  77//39 2//39 76//39
f  12//39 10//39 77//39
f  77//39 10//39 8//39
f  77//39 8//39 6//39
f  18//39 16//39 77//39
f  77//39 16//39 14//39
f  77//39 14//39 12//39
f  24//39 22//39 77//39
f  77//39 22//39 20//39
f  77//39 20//39 18//39
f  30//39 28//39 77//39
f  77//39 28//39 26//39
f  77//39 26//39 24//39
f  36//39 34//39 77//39
f  77//39 34//39 32//39
f  77//39 32//39 30//39
f  39//40 41//40 78//40
f  39//40 78//40 37//40
f  31//40 33//40 78//40
f  78//40 33//40 35//40
f  78//40 35//40 37//40
f  25//40 27//40 78//40
f  78//40 27//40 29//40
f  78//40 29//40 31//40
f  19//40 21//40 78//40
f  78//40 21//40 23//40
f  78//40 23//40 25//40
f  13//40 15//40 78//40
f  78//40 15//40 17//40
f  78//40 17//40 19//40
f  7//40 9//40 78//40
f  78//40 9//40 11//40
f  78//40 11//40 13//40
f  1//40 3//40 78//40
f  78//40 3//40 5//40
f  78//40 5//40 7//40
f  71//40 73//40 78//40
f  78//40 73//40 75//40
f  78//40 75//40 1//40
f  65//40 67//40 78//40
f  78//40 67//40 69//40
f  78//40 69//40 71//40
f  59//40 61//40 78//40
f  78//40 61//40 63//40
f  78//40 63//40 65//40
f  53//40 55//40 78//40
f  78//40 55//40 57//40
f  78//40 57//40 59//40
f  47//40 49//40 78//40
f  78//40 49//40 51//40
f  78//40 51//40 53//40
f  41//40 43//40 78//40
f  78//40 43//40 45//40
f  78//40 45//40 47//40
f  79//41 80//41 81//41
f  82//42 83//42 84//42
f  85//43 86//43 87//43
f  88//44 89//44 90//44
f  91//45 92//45 93//45
f  94//46 95//46 96//46
f  97//47 98//47 99//47
f  100//48 101//48 102//48
f  103//49 104//49 105//49
f  106//50 107//50 108//50
f  109//51 110//51 111//51
f  81//52 80//52 112//52
f  113//53 114//53 115//53
f  116//54 95//54 117//54
f  118//55 119//55 120//55
f  121//56 122//56 123//56
f  124//57 125//57 126//57
f  127//58 128//58 129//58
f  130//59 131//59 132//59
f  133//60 134//60 135//60
f  136//61 137//61 138//61
f  139//62 140//62 141//62
f  142//63 143//63 144//63
f  145//64 146//64 147//64
f  145//65 148//65 149//65
f  150//66 151//66 152//66
f  153//67 154//67 155//67
f  156//68 157//68 158//68
f  159//69 160//69 161//69
f  162//70 163//70 164//70
f  165//71 166//71 167//71
f  168//72 169//72 170//72
f  171//73 172//73 173//73
f  174//74 175//74 176//74
f  177//75 178//75 179//75
f  180//76 181//76 182//76
f  183//77 184//77 185//77
f  186//78 187//78 188//78
f  189//79 190//79 191//79
f  192//80 193//80 194//80
f  195//81 196//81 197//81
f  197//82 196//82 198//82
f  199//83 200//83 201//83
f  201//84 200//84 202//84
f  201//85 202//85 197//85
f  197//86 202//86 203//86
f  197//87 203//87 195//87
f  204//88 205//88 206//88
f  206//89 205//89 207//89
f  206//90 207//90 201//90
f  201//91 207//91 208//91
f  201//92 208//92 199//92
f  209//93 210//93 211//93
f  211//94 210//94 212//94
f  211//95 212//95 213//95
f  213//96 212//96 214//96
f  213//97 214//97 215//97
f  209//98 211//98 216//98
f  216//99 211//99 217//99
f  216//100 217//100 218//100
f  219//101 220//101 217//101
f  217//102 220//102 221//102
f  217//103 221//103 218//103
f  222//104 223//104 224//104
f  224//105 223//105 225//105
f  224//106 225//106 219//106
f  219//107 225//107 226//107
f  219//108 226//108 220//108
f  227//109 228//109 224//109
f  224//110 228//110 229//110
f  224//111 229//111 222//111
f  230//112 231//112 232//112
f  232//113 231//113 233//113
f  232//114 233//114 227//114
f  227//115 233//115 234//115
f  227//116 234//116 228//116
f  230//117 232//117 235//117
f  235//118 232//118 236//118
f  235//119 236//119 237//119
f  237//120 236//120 238//120
f  238//121 236//121 239//121
f  238//122 239//122 240//122
f  241//123 242//123 243//123
f  243//124 242//124 244//124
f  243//125 244//125 239//125
f  239//126 244//126 245//126
f  239//127 245//127 240//127
f  246//128 247//128 248//128
f  248//129 247//129 249//129
f  248//130 249//130 243//130
f  243//131 249//131 250//131
f  243//132 250//132 241//132
f  251//133 252//133 253//133
f  253//134 252//134 254//134
f  253//135 254//135 255//135
f  255//136 254//136 256//136
f  256//137 254//137 257//137
f  257//138 254//138 258//138
f  257//139 258//139 259//139
f  260//140 261//140 258//140
f  258//141 261//141 262//141
f  258//142 262//142 259//142
f  190//143 263//143 191//143
f  191//144 263//144 264//144
f  191//145 264//145 260//145
f  260//146 264//146 265//146
f  260//147 265//147 261//147
f  189//148 191//148 266//148
f  266//149 191//149 267//149
f  266//150 267//150 268//150
f  269//151 270//151 267//151
f  267//152 270//152 271//152
f  267//153 271//153 268//153
f  272//154 273//154 269//154
f  269//155 273//155 274//155
f  269//156 274//156 270//156
f  275//157 276//157 272//157
f  272//158 276//158 277//158
f  272//159 277//159 273//159
f  278//160 279//160 280//160
f  280//161 279//161 281//161
f  280//162 281//162 282//162
f  283//163 284//163 275//163
f  275//164 284//164 285//164
f  275//165 285//165 276//165
f  278//166 280//166 286//166
f  286//167 280//167 287//167
f  286//168 287//168 288//168
f  289//169 290//169 291//169
f  291//170 290//170 292//170
f  291//171 292//171 293//171
f  294//172 295//172 296//172
f  296//173 295//173 289//173
f  297//174 298//174 299//174
f  300//175 301//175 302//175
f  302//176 301//176 303//176
f  196//177 304//177 198//177
f  198//178 304//178 305//178
f  198//179 305//179 300//179
f  300//180 305//180 306//180
f  300//181 306//181 301//181
f  183//182 307//182 184//182
f  184//183 307//183 308//183
f  184//184 308//184 185//184
f  309//185 180//185 310//185
f  310//186 180//186 182//186
f  310//187 182//187 311//187
f  311//188 182//188 312//188
f  311//189 312//189 313//189
f  313//190 312//190 314//190
f  313//191 314//191 315//191
f  309//192 316//192 180//192
f  180//193 316//193 317//193
f  180//194 317//194 181//194
f  181//195 317//195 318//195
f  319//196 320//196 321//196
f  179//197 322//197 186//197
f  308//198 323//198 185//198
f  185//199 323//199 324//199
f  185//200 324//200 325//200
f  325//201 324//201 326//201
f  325//202 326//202 327//202
f  327//203 326//203 328//203
f  327//204 328//204 329//204
f  330//205 331//205 332//205
f  332//206 331//206 333//206
f  332//207 333//207 334//207
f  335//208 175//208 336//208
f  336//209 175//209 174//209
f  336//210 174//210 337//210
f  338//211 339//211 340//211
f  340//212 339//212 341//212
f  340//213 341//213 342//213
f  342//214 341//214 343//214
f  342//215 343//215 344//215
f  344//216 343//216 345//216
f  344//217 345//217 346//217
f  346//218 345//218 347//218
f  346//219 347//219 348//219
f  348//220 347//220 349//220
f  348//221 349//221 350//221
f  350//222 349//222 351//222
f  350//223 351//223 352//223
f  352//224 351//224 353//224
f  352//225 353//225 354//225
f  176//226 338//226 174//226
f  174//227 338//227 340//227
f  174//228 340//228 337//228
f  337//229 340//229 342//229
f  337//230 342//230 355//230
f  355//231 342//231 344//231
f  355//232 344//232 356//232
f  356//233 344//233 346//233
f  356//234 346//234 357//234
f  357//235 346//235 348//235
f  357//236 348//236 358//236
f  358//237 348//237 350//237
f  358//238 350//238 359//238
f  359//239 350//239 352//239
f  359//240 352//240 360//240
f  360//241 352//241 354//241
f  360//242 354//242 361//242
f  362//243 363//243 364//243
f  364//244 363//244 365//244
f  364//245 365//245 366//245
f  366//246 365//246 367//246
f  366//247 367//247 368//247
f  368//248 367//248 369//248
f  368//249 369//249 370//249
f  370//250 369//250 371//250
f  370//251 371//251 372//251
f  372//252 371//252 373//252
f  372//253 373//253 374//253
f  374//254 373//254 375//254
f  374//255 375//255 376//255
f  330//256 376//256 331//256
f  331//257 376//257 375//257
f  331//258 375//258 377//258
f  377//259 375//259 373//259
f  377//260 373//260 378//260
f  378//261 373//261 371//261
f  378//262 371//262 379//262
f  379//263 371//263 369//263
f  379//264 369//264 380//264
f  380//265 369//265 367//265
f  380//266 367//266 381//266
f  381//267 367//267 365//267
f  381//268 365//268 382//268
f  382//269 365//269 363//269
f  382//270 383//270 381//270
f  381//271 383//271 384//271
f  381//272 384//272 380//272
f  380//273 384//273 385//273
f  380//274 385//274 379//274
f  379//275 385//275 386//275
f  379//276 386//276 378//276
f  378//277 386//277 387//277
f  378//278 387//278 377//278
f  377//279 387//279 388//279
f  377//280 388//280 331//280
f  331//281 388//281 389//281
f  331//282 389//282 333//282
f  193//283 246//283 194//283
f  194//284 246//284 248//284
f  194//285 248//285 390//285
f  390//286 248//286 243//286
f  390//287 243//287 391//287
f  391//288 243//288 239//288
f  391//289 239//289 392//289
f  392//290 239//290 236//290
f  392//291 236//291 393//291
f  393//292 236//292 232//292
f  393//293 232//293 394//293
f  394//294 232//294 227//294
f  394//295 227//295 395//295
f  395//296 227//296 224//296
f  395//297 224//297 396//297
f  396//298 224//298 219//298
f  396//299 219//299 397//299
f  397//300 219//300 217//300
f  397//301 217//301 398//301
f  398//302 217//302 211//302
f  398//303 211//303 399//303
f  399//304 211//304 213//304
f  399//305 213//305 400//305
f  400//306 213//306 215//306
f  400//307 215//307 329//307
f  329//308 215//308 401//308
f  329//309 401//309 402//309
f  403//310 404//310 405//310
f  406//311 407//311 408//311
f  406//312 408//312 409//312
f  409//313 408//313 410//313
f  409//314 410//314 411//314
f  412//315 320//315 413//315
f  413//316 320//316 319//316
f  413//317 319//317 414//317
f  414//318 319//318 415//318
f  414//319 415//319 416//319
f  416//320 415//320 417//320
f  416//321 417//321 418//321
f  418//322 417//322 419//322
f  418//323 419//323 420//323
f  420//324 419//324 421//324
f  420//325 421//325 422//325
f  422//326 421//326 423//326
f  422//327 423//327 424//327
f  424//328 423//328 425//328
f  424//329 425//329 426//329
f  426//330 425//330 427//330
f  426//331 427//331 428//331
f  428//332 427//332 429//332
f  428//333 429//333 430//333
f  430//334 429//334 431//334
f  430//335 431//335 432//335
f  432//336 431//336 433//336
f  432//337 433//337 434//337
f  434//338 433//338 435//338
f  434//339 435//339 436//339
f  436//340 435//340 437//340
f  436//341 437//341 438//341
f  438//342 437//342 439//342
f  438//343 439//343 440//343
f  440//344 439//344 441//344
f  440//345 441//345 442//345
f  166//346 443//346 444//346
f  164//347 163//347 445//347
f  445//348 163//348 446//348
f  445//349 446//349 447//349
f  447//350 446//350 448//350
f  447//351 448//351 443//351
f  449//352 168//352 450//352
f  450//353 168//353 451//353
f  450//354 451//354 452//354
f  452//355 451//355 453//355
f  452//356 453//356 172//356
f  172//357 453//357 454//357
f  172//358 454//358 173//358
f  173//359 454//359 455//359
f  168//360 170//360 451//360
f  451//361 170//361 456//361
f  451//362 456//362 453//362
f  453//363 456//363 457//363
f  453//364 457//364 454//364
f  454//365 457//365 458//365
f  454//366 458//366 455//366
f  166//367 459//367 167//367
f  167//368 459//368 460//368
f  167//369 460//369 461//369
f  461//370 460//370 462//370
f  461//371 462//371 463//371
f  463//372 462//372 464//372
f  465//373 160//373 466//373
f  466//374 160//374 159//374
f  466//375 159//375 467//375
f  465//376 448//376 160//376
f  160//377 448//377 446//377
f  160//378 446//378 161//378
f  161//379 446//379 163//379
f  161//380 163//380 468//380
f  468//381 163//381 162//381
f  468//382 162//382 188//382
f  469//383 412//383 470//383
f  470//384 412//384 413//384
f  470//385 413//385 471//385
f  471//386 413//386 414//386
f  471//387 414//387 472//387
f  472//388 414//388 416//388
f  472//389 416//389 473//389
f  473//390 416//390 418//390
f  473//391 418//391 474//391
f  474//392 418//392 420//392
f  474//393 420//393 475//393
f  475//394 420//394 422//394
f  475//395 422//395 476//395
f  476//396 422//396 424//396
f  476//397 424//397 477//397
f  477//398 424//398 426//398
f  477//399 426//399 478//399
f  478//400 426//400 428//400
f  478//401 428//401 479//401
f  479//402 428//402 430//402
f  479//403 430//403 480//403
f  480//404 430//404 432//404
f  480//405 432//405 481//405
f  481//406 432//406 434//406
f  481//407 434//407 482//407
f  482//408 434//408 436//408
f  482//409 436//409 483//409
f  483//410 436//410 438//410
f  483//411 438//411 484//411
f  484//412 438//412 440//412
f  484//413 440//413 485//413
f  485//414 440//414 442//414
f  485//415 442//415 486//415
f  157//416 156//416 487//416
f  487//417 156//417 488//417
f  487//418 488//418 489//418
f  489//419 488//419 490//419
f  489//420 490//420 491//420
f  491//421 490//421 492//421
f  491//422 492//422 493//422
f  493//423 492//423 494//423
f  493//424 494//424 495//424
f  495//425 494//425 496//425
f  495//426 496//426 497//426
f  497//427 496//427 498//427
f  497//428 498//428 499//428
f  499//429 498//429 500//429
f  499//430 500//430 362//430
f  362//431 500//431 501//431
f  362//432 501//432 363//432
f  363//433 501//433 502//433
f  363//434 502//434 382//434
f  382//435 502//435 503//435
f  382//436 503//436 383//436
f  332//437 469//437 330//437
f  330//438 469//438 470//438
f  330//439 470//439 376//439
f  376//440 470//440 471//440
f  376//441 471//441 374//441
f  374//442 471//442 472//442
f  374//443 472//443 372//443
f  372//444 472//444 473//444
f  372//445 473//445 370//445
f  370//446 473//446 474//446
f  370//447 474//447 368//447
f  368//448 474//448 475//448
f  368//449 475//449 366//449
f  366//450 475//450 476//450
f  366//451 476//451 364//451
f  364//452 476//452 477//452
f  364//453 477//453 362//453
f  362//454 477//454 478//454
f  362//455 478//455 499//455
f  499//456 478//456 479//456
f  499//457 479//457 497//457
f  497//458 479//458 480//458
f  497//459 480//459 495//459
f  495//460 480//460 481//460
f  495//461 481//461 493//461
f  493//462 481//462 482//462
f  493//463 482//463 491//463
f  491//464 482//464 483//464
f  491//465 483//465 489//465
f  489//466 483//466 484//466
f  489//467 484//467 487//467
f  487//468 484//468 485//468
f  487//469 485//469 157//469
f  157//470 485//470 486//470
f  157//471 486//471 158//471
f  441//472 171//472 442//472
f  442//473 171//473 173//473
f  442//474 173//474 486//474
f  486//475 173//475 455//475
f  486//476 455//476 158//476
f  158//477 455//477 458//477
f  158//478 458//478 504//478
f  504//479 458//479 457//479
f  504//480 457//480 505//480
f  505//481 457//481 456//481
f  505//482 456//482 506//482
f  506//483 456//483 170//483
f  506//484 170//484 507//484
f  507//485 170//485 169//485
f  507//486 169//486 165//486
f  165//487 167//487 507//487
f  507//488 167//488 461//488
f  507//489 461//489 506//489
f  506//490 461//490 463//490
f  506//491 463//491 505//491
f  505//492 463//492 464//492
f  505//493 464//493 504//493
f  504//494 464//494 508//494
f  504//495 508//495 158//495
f  508//496 509//496 158//496
f  158//497 509//497 510//497
f  158//498 510//498 156//498
f  156//499 510//499 511//499
f  156//500 511//500 488//500
f  488//501 511//501 512//501
f  488//502 512//502 490//502
f  490//503 512//503 513//503
f  490//504 513//504 492//504
f  492//505 513//505 514//505
f  492//506 514//506 494//506
f  494//507 514//507 515//507
f  494//508 515//508 496//508
f  496//509 515//509 516//509
f  496//510 516//510 498//510
f  498//511 516//511 517//511
f  498//512 517//512 500//512
f  500//513 517//513 518//513
f  500//514 518//514 501//514
f  501//515 518//515 519//515
f  501//516 519//516 502//516
f  502//517 519//517 520//517
f  502//518 520//518 503//518
f  186//519 322//519 187//519
f  187//520 322//520 521//520
f  187//521 521//521 522//521
f  522//522 521//522 523//522
f  522//523 523//523 524//523
f  443//524 448//524 444//524
f  444//525 448//525 465//525
f  444//526 465//526 525//526
f  525//527 465//527 466//527
f  525//528 466//528 526//528
f  526//529 466//529 467//529
f  526//530 467//530 527//530
f  527//531 467//531 528//531
f  527//532 528//532 529//532
f  529//533 528//533 530//533
f  529//534 530//534 531//534
f  166//535 444//535 459//535
f  459//536 444//536 525//536
f  459//537 525//537 460//537
f  460//538 525//538 526//538
f  460//539 526//539 462//539
f  462//540 526//540 527//540
f  462//541 527//541 464//541
f  464//542 527//542 529//542
f  464//543 529//543 508//543
f  508//544 529//544 531//544
f  508//545 531//545 509//545
f  509//546 531//546 532//546
f  509//547 532//547 510//547
f  510//548 532//548 533//548
f  510//549 533//549 511//549
f  511//550 533//550 534//550
f  511//551 534//551 512//551
f  512//552 534//552 535//552
f  512//553 535//553 513//553
f  513//554 535//554 536//554
f  513//555 536//555 514//555
f  514//556 536//556 537//556
f  514//557 537//557 515//557
f  515//558 537//558 538//558
f  515//559 538//559 516//559
f  516//560 538//560 539//560
f  516//561 539//561 517//561
f  517//562 539//562 540//562
f  517//563 540//563 518//563
f  518//564 540//564 541//564
f  518//565 541//565 519//565
f  519//566 541//566 542//566
f  519//567 542//567 520//567
f  281//568 283//568 282//568
f  282//569 283//569 275//569
f  282//570 275//570 543//570
f  543//571 275//571 272//571
f  543//572 272//572 544//572
f  544//573 272//573 269//573
f  544//574 269//574 545//574
f  545//575 269//575 267//575
f  545//576 267//576 546//576
f  546//577 267//577 191//577
f  546//578 191//578 547//578
f  547//579 191//579 260//579
f  547//580 260//580 548//580
f  548//581 260//581 258//581
f  548//582 258//582 549//582
f  549//583 258//583 254//583
f  549//584 254//584 550//584
f  550//585 254//585 252//585
f  550//586 252//586 551//586
f  530//587 287//587 531//587
f  531//588 287//588 280//588
f  531//589 280//589 532//589
f  532//590 280//590 282//590
f  532//591 282//591 533//591
f  533//592 282//592 543//592
f  533//593 543//593 534//593
f  534//594 543//594 544//594
f  534//595 544//595 535//595
f  535//596 544//596 545//596
f  535//597 545//597 536//597
f  536//598 545//598 546//598
f  536//599 546//599 537//599
f  537//600 546//600 547//600
f  537//601 547//601 538//601
f  538//602 547//602 548//602
f  538//603 548//603 539//603
f  539//604 548//604 549//604
f  539//605 549//605 540//605
f  540//606 549//606 550//606
f  540//607 550//607 541//607
f  541//608 550//608 551//608
f  541//609 551//609 542//609
f  524//610 523//610 552//610
f  552//611 523//611 553//611
f  552//612 553//612 554//612
f  554//613 553//613 297//613
f  554//614 297//614 296//614
f  296//615 297//615 299//615
f  296//616 299//616 294//616
f  289//617 291//617 296//617
f  296//618 291//618 555//618
f  296//619 555//619 554//619
f  554//620 555//620 556//620
f  554//621 556//621 552//621
f  552//622 556//622 557//622
f  552//623 557//623 524//623
f  302//624 558//624 300//624
f  300//625 558//625 559//625
f  300//626 559//626 198//626
f  198//627 559//627 560//627
f  198//628 560//628 197//628
f  197//629 560//629 178//629
f  197//630 178//630 201//630
f  201//631 178//631 177//631
f  201//632 177//632 206//632
f  179//633 178//633 322//633
f  322//634 178//634 560//634
f  322//635 560//635 521//635
f  521//636 560//636 559//636
f  521//637 559//637 523//637
f  523//638 559//638 558//638
f  523//639 558//639 553//639
f  553//640 558//640 302//640
f  553//641 302//641 297//641
f  297//642 302//642 303//642
f  297//643 303//643 298//643
f  188//644 187//644 468//644
f  468//645 187//645 522//645
f  468//646 522//646 161//646
f  161//647 522//647 524//647
f  161//648 524//648 159//648
f  159//649 524//649 557//649
f  159//650 557//650 467//650
f  467//651 557//651 556//651
f  467//652 556//652 528//652
f  528//653 556//653 555//653
f  528//654 555//654 530//654
f  530//655 555//655 291//655
f  530//656 291//656 287//656
f  287//657 291//657 293//657
f  287//658 293//658 288//658
f  561//659 562//659 563//659
f  563//660 562//660 564//660
f  563//661 565//661 561//661
f  561//662 565//662 566//662
f  561//663 566//663 567//663
f  567//664 566//664 568//664
f  568//665 569//665 567//665
f  567//666 569//666 570//666
f  567//667 570//667 155//667
f  155//668 570//668 571//668
f  155//669 571//669 153//669
f  154//670 572//670 573//670
f  573//671 572//671 574//671
f  575//672 576//672 577//672
f  577//673 576//673 573//673
f  577//674 573//674 578//674
f  578//674 573//674 574//674
f  146//675 145//675 579//675
f  579//676 145//676 149//676
f  579//677 149//677 580//677
f  580//678 149//678 581//678
f  580//679 581//679 582//679
f  582//680 581//680 573//680
f  582//681 573//681 583//681
f  583//682 573//682 576//682
f  583//683 576//683 584//683
f  585//684 142//684 584//684
f  575//685 586//685 576//685
f  576//686 586//686 587//686
f  576//687 587//687 584//687
f  584//688 587//688 588//688
f  584//689 588//689 585//689
f  589//690 590//690 591//690
f  591//691 590//691 144//691
f  591//692 144//692 592//692
f  592//693 144//693 143//693
f  142//694 144//694 584//694
f  584//695 144//695 593//695
f  584//696 593//696 583//696
f  583//697 593//697 594//697
f  583//698 594//698 582//698
f  582//699 594//699 595//699
f  582//700 595//700 580//700
f  580//701 595//701 596//701
f  580//702 596//702 579//702
f  579//703 596//703 597//703
f  579//704 597//704 146//704
f  598//705 599//705 600//705
f  600//706 599//706 601//706
f  600//707 601//707 602//707
f  602//708 601//708 603//708
f  602//709 603//709 138//709
f  138//710 603//710 604//710
f  138//711 604//711 136//711
f  141//712 140//712 605//712
f  605//713 140//713 606//713
f  605//714 606//714 607//714
f  607//715 606//715 608//715
f  607//716 608//716 609//716
f  609//717 608//717 610//717
f  609//718 610//718 611//718
f  611//719 610//719 612//719
f  611//720 612//720 613//720
f  613//721 612//721 614//721
f  613//722 614//722 615//722
f  615//723 614//723 616//723
f  615//724 616//724 617//724
f  617//725 616//725 618//725
f  617//726 618//726 619//726
f  619//727 618//727 620//727
f  619//728 620//728 621//728
f  621//729 620//729 622//729
f  621//730 622//730 353//730
f  353//731 622//731 405//731
f  353//732 405//732 354//732
f  354//733 405//733 404//733
f  354//734 404//734 361//734
f  623//735 624//735 625//735
f  626//736 627//736 628//736
f  628//737 627//737 629//737
f  628//738 629//738 630//738
f  630//739 629//739 631//739
f  630//740 631//740 632//740
f  632//741 631//741 633//741
f  632//742 633//742 634//742
f  634//743 633//743 635//743
f  634//744 635//744 636//744
f  636//745 635//745 637//745
f  636//746 637//746 638//746
f  638//747 637//747 639//747
f  638//748 639//748 640//748
f  640//749 639//749 641//749
f  640//750 641//750 642//750
f  642//751 641//751 643//751
f  642//752 643//752 644//752
f  644//753 643//753 645//753
f  644//754 645//754 646//754
f  623//755 625//755 647//755
f  647//756 625//756 648//756
f  647//757 648//757 649//757
f  649//758 648//758 650//758
f  649//759 650//759 651//759
f  652//760 407//760 653//760
f  653//761 407//761 406//761
f  653//762 406//762 654//762
f  654//763 406//763 409//763
f  654//764 409//764 655//764
f  655//765 409//765 411//765
f  655//766 411//766 656//766
f  650//767 652//767 651//767
f  651//768 652//768 653//768
f  651//769 653//769 657//769
f  657//770 653//770 654//770
f  657//771 654//771 658//771
f  658//772 654//772 655//772
f  658//773 655//773 659//773
f  659//774 655//774 656//774
f  659//775 656//775 660//775
f  627//776 624//776 629//776
f  629//777 624//777 623//777
f  629//778 623//778 631//778
f  631//779 623//779 647//779
f  631//780 647//780 633//780
f  633//781 647//781 649//781
f  633//782 649//782 635//782
f  635//783 649//783 651//783
f  635//784 651//784 637//784
f  637//785 651//785 657//785
f  637//786 657//786 639//786
f  639//787 657//787 658//787
f  639//788 658//788 641//788
f  641//789 658//789 659//789
f  641//790 659//790 643//790
f  643//791 659//791 660//791
f  643//792 660//792 645//792
f  661//793 626//793 662//793
f  662//794 626//794 628//794
f  662//795 628//795 663//795
f  663//796 628//796 630//796
f  663//797 630//797 664//797
f  664//798 630//798 632//798
f  664//799 632//799 665//799
f  665//800 632//800 634//800
f  665//801 634//801 666//801
f  666//802 634//802 636//802
f  666//803 636//803 667//803
f  667//804 636//804 638//804
f  667//805 638//805 668//805
f  668//806 638//806 640//806
f  668//807 640//807 669//807
f  669//808 640//808 642//808
f  669//809 642//809 670//809
f  670//810 642//810 644//810
f  670//811 644//811 671//811
f  671//812 644//812 646//812
f  671//813 646//813 403//813
f  672//814 673//814 674//814
f  674//815 673//815 675//815
f  672//816 676//816 677//816
f  677//817 676//817 678//817
f  677//818 678//818 679//818
f  680//819 590//819 673//819
f  673//820 590//820 589//820
f  673//821 589//821 675//821
f  681//822 682//822 683//822
f  683//823 682//823 684//823
f  683//824 684//824 685//824
f  685//825 684//825 686//825
f  141//826 686//826 139//826
f  139//827 686//827 684//827
f  139//828 684//828 687//828
f  687//829 684//829 682//829
f  672//830 677//830 673//830
f  673//831 677//831 688//831
f  673//832 688//832 680//832
f  679//833 689//833 690//833
f  690//834 689//834 691//834
f  403//835 405//835 671//835
f  671//836 405//836 622//836
f  671//837 622//837 670//837
f  670//838 622//838 620//838
f  670//839 620//839 669//839
f  669//840 620//840 618//840
f  669//841 618//841 668//841
f  668//842 618//842 616//842
f  668//843 616//843 667//843
f  667//844 616//844 614//844
f  667//845 614//845 666//845
f  666//846 614//846 612//846
f  666//847 612//847 665//847
f  665//848 612//848 610//848
f  665//849 610//849 664//849
f  664//850 610//850 608//850
f  664//851 608//851 663//851
f  663//852 608//852 606//852
f  663//853 606//853 662//853
f  662//854 606//854 140//854
f  662//855 140//855 661//855
f  661//856 140//856 139//856
f  661//857 139//857 692//857
f  692//858 139//858 687//858
f  692//859 687//859 693//859
f  693//860 687//860 682//860
f  693//861 682//861 694//861
f  694//862 682//862 681//862
f  694//863 681//863 695//863
f  695//864 681//864 696//864
f  695//865 696//865 697//865
f  697//866 696//866 690//866
f  697//867 690//867 698//867
f  699//868 700//868 701//868
f  701//869 700//869 702//869
f  701//870 702//870 703//870
f  704//871 705//871 706//871
f  707//872 708//872 709//872
f  709//873 708//873 702//873
f  709//874 702//874 710//874
f  710//875 702//875 700//875
f  711//876 710//876 712//876
f  712//877 710//877 700//877
f  712//878 700//878 713//878
f  713//879 700//879 699//879
f  713//880 699//880 714//880
f  134//881 133//881 715//881
f  715//882 133//882 716//882
f  715//883 716//883 717//883
f  711//884 717//884 710//884
f  710//885 717//885 716//885
f  710//886 716//886 709//886
f  709//887 716//887 133//887
f  709//888 133//888 707//888
f  707//889 133//889 135//889
f  718//890 719//890 698//890
f  691//891 720//891 690//891
f  690//892 720//892 721//892
f  690//893 721//893 698//893
f  698//894 721//894 722//894
f  698//895 722//895 718//895
f  723//896 131//896 724//896
f  724//897 131//897 130//897
f  724//898 130//898 725//898
f  725//899 130//899 726//899
f  725//900 726//900 727//900
f  727//901 726//901 728//901
f  122//902 124//902 123//902
f  123//903 124//903 126//903
f  123//904 126//904 729//904
f  729//905 126//905 730//905
f  729//906 730//906 731//906
f  128//907 121//907 129//907
f  129//908 121//908 123//908
f  129//909 123//909 732//909
f  732//910 123//910 729//910
f  732//911 729//911 733//911
f  733//912 729//912 731//912
f  733//913 731//913 734//913
f  734//914 731//914 735//914
f  734//915 735//915 736//915
f  736//916 735//916 737//916
f  736//917 737//917 738//917
f  731//918 739//918 735//918
f  735//919 739//919 740//919
f  735//920 740//920 737//920
f  737//921 740//921 741//921
f  737//922 741//922 738//922
f  738//923 741//923 742//923
f  743//924 742//924 744//924
f  744//925 742//925 741//925
f  744//926 741//926 745//926
f  745//927 741//927 740//927
f  745//928 740//928 746//928
f  746//929 740//929 739//929
f  746//930 739//930 747//930
f  747//931 739//931 731//931
f  747//932 731//932 748//932
f  748//933 731//933 730//933
f  704//934 706//934 749//934
f  749//935 706//935 750//935
f  749//936 750//936 751//936
f  751//937 750//937 752//937
f  751//938 752//938 753//938
f  753//939 752//939 754//939
f  753//940 754//940 755//940
f  756//941 757//941 758//941
f  758//942 757//942 759//942
f  758//943 759//943 760//943
f  760//944 759//944 761//944
f  760//945 761//945 762//945
f  762//946 761//946 763//946
f  762//947 763//947 764//947
f  764//948 763//948 765//948
f  764//949 765//949 766//949
f  766//950 754//950 764//950
f  764//951 754//951 752//951
f  764//952 752//952 762//952
f  762//953 752//953 750//953
f  762//954 750//954 760//954
f  760//955 750//955 706//955
f  760//956 706//956 758//956
f  758//957 706//957 705//957
f  758//958 705//958 756//958
f  757//959 767//959 759//959
f  759//960 767//960 768//960
f  759//961 768//961 761//961
f  761//962 768//962 769//962
f  761//963 769//963 763//963
f  763//964 769//964 770//964
f  763//965 770//965 765//965
f  771//966 755//966 772//966
f  772//967 755//967 754//967
f  772//968 754//968 773//968
f  773//969 754//969 766//969
f  773//970 766//970 774//970
f  774//971 766//971 765//971
f  774//972 765//972 775//972
f  775//973 765//973 770//973
f  775//974 770//974 776//974
f  114//975 771//975 115//975
f  115//976 771//976 772//976
f  115//977 772//977 777//977
f  777//978 772//978 773//978
f  777//979 773//979 778//979
f  778//980 773//980 774//980
f  778//981 774//981 779//981
f  779//982 774//982 775//982
f  779//983 775//983 780//983
f  780//984 775//984 776//984
f  780//985 776//985 781//985
f  704//986 703//986 705//986
f  705//987 703//987 702//987
f  705//988 702//988 756//988
f  756//989 702//989 708//989
f  756//990 708//990 757//990
f  757//991 708//991 707//991
f  757//992 707//992 767//992
f  767//993 707//993 135//993
f  767//994 135//994 768//994
f  768//995 135//995 782//995
f  768//996 782//996 769//996
f  769//997 782//997 783//997
f  769//998 783//998 770//998
f  770//999 783//999 784//999
f  770//1000 784//1000 776//1000
f  776//1001 784//1001 785//1001
f  776//1002 785//1002 781//1002
f  786//1003 787//1003 788//1003
f  788//1004 787//1004 789//1004
f  788//1005 789//1005 790//1005
f  791//1006 781//1006 792//1006
f  792//1007 781//1007 785//1007
f  792//1008 785//1008 793//1008
f  793//1009 785//1009 784//1009
f  793//1010 784//1010 794//1010
f  794//1011 784//1011 783//1011
f  794//1012 783//1012 795//1012
f  795//1013 783//1013 782//1013
f  795//1014 782//1014 796//1014
f  796//1015 782//1015 135//1015
f  796//1016 135//1016 797//1016
f  797//1017 135//1017 134//1017
f  797//1018 134//1018 798//1018
f  798//1019 134//1019 715//1019
f  798//1020 715//1020 799//1020
f  799//1021 715//1021 717//1021
f  799//1022 717//1022 800//1022
f  800//1023 717//1023 711//1023
f  800//1024 711//1024 801//1024
f  801//1025 711//1025 712//1025
f  801//1026 712//1026 802//1026
f  802//1027 712//1027 713//1027
f  802//1028 713//1028 803//1028
f  803//1029 713//1029 714//1029
f  803//1030 714//1030 804//1030
f  805//1031 806//1031 807//1031
f  807//1032 806//1032 808//1032
f  807//1033 808//1033 809//1033
f  809//1034 808//1034 810//1034
f  809//1035 810//1035 811//1035
f  811//1036 810//1036 812//1036
f  811//1037 812//1037 813//1037
f  813//1038 812//1038 814//1038
f  813//1039 814//1039 815//1039
f  815//1040 814//1040 816//1040
f  815//1041 816//1041 817//1041
f  817//1042 816//1042 818//1042
f  817//1043 818//1043 819//1043
f  819//1044 818//1044 820//1044
f  819//1045 820//1045 821//1045
f  821//1046 820//1046 822//1046
f  821//1047 822//1047 823//1047
f  823//1048 822//1048 824//1048
f  823//1049 824//1049 825//1049
f  825//1050 824//1050 826//1050
f  825//1051 826//1051 827//1051
f  827//1052 826//1052 828//1052
f  827//1053 828//1053 132//1053
f  132//1054 828//1054 829//1054
f  132//1055 829//1055 130//1055
f  130//1056 829//1056 830//1056
f  130//1057 830//1057 726//1057
f  402//1058 204//1058 329//1058
f  329//1059 204//1059 206//1059
f  329//1060 206//1060 327//1060
f  327//1061 206//1061 177//1061
f  327//1062 177//1062 325//1062
f  325//1063 177//1063 179//1063
f  325//1064 179//1064 185//1064
f  185//1065 179//1065 186//1065
f  185//1066 186//1066 183//1066
f  183//1067 186//1067 188//1067
f  183//1068 188//1068 831//1068
f  831//1069 188//1069 162//1069
f  831//1070 162//1070 832//1070
f  832//1071 162//1071 164//1071
f  832//1072 164//1072 791//1072
f  791//1073 164//1073 445//1073
f  791//1074 445//1074 781//1074
f  781//1075 445//1075 447//1075
f  781//1076 447//1076 780//1076
f  780//1077 447//1077 443//1077
f  780//1078 443//1078 779//1078
f  779//1079 443//1079 166//1079
f  779//1080 166//1080 778//1080
f  778//1081 166//1081 165//1081
f  778//1082 165//1082 777//1082
f  777//1083 165//1083 169//1083
f  777//1084 169//1084 115//1084
f  115//1085 169//1085 168//1085
f  115//1086 168//1086 113//1086
f  113//1087 168//1087 449//1087
f  833//1088 834//1088 835//1088
f  836//1089 111//1089 833//1089
f  833//1090 111//1090 110//1090
f  833//1091 110//1091 834//1091
f  119//1092 109//1092 120//1092
f  120//1093 109//1093 111//1093
f  120//1094 111//1094 837//1094
f  837//1095 111//1095 836//1095
f  837//1096 836//1096 838//1096
f  838//1097 836//1097 839//1097
f  838//1098 839//1098 840//1098
f  840//1099 839//1099 841//1099
f  840//1100 841//1100 842//1100
f  107//1101 103//1101 108//1101
f  108//1102 103//1102 105//1102
f  108//1103 105//1103 843//1103
f  104//1104 844//1104 105//1104
f  105//1105 844//1105 845//1105
f  105//1106 845//1106 846//1106
f  845//1107 847//1107 846//1107
f  846//1108 847//1108 848//1108
f  846//1109 848//1109 849//1109
f  848//1110 850//1110 849//1110
f  849//1111 850//1111 851//1111
f  849//1112 851//1112 852//1112
f  853//1113 854//1113 855//1113
f  855//1114 854//1114 852//1114
f  855//1115 852//1115 856//1115
f  856//1116 852//1116 851//1116
f  843//1117 105//1117 857//1117
f  857//1118 105//1118 846//1118
f  857//1119 846//1119 858//1119
f  858//1120 846//1120 849//1120
f  858//1121 849//1121 859//1121
f  859//1122 849//1122 852//1122
f  859//1123 852//1123 860//1123
f  92//1124 100//1124 861//1124
f  860//1125 862//1125 859//1125
f  859//1126 862//1126 863//1126
f  859//1127 863//1127 858//1127
f  858//1128 863//1128 102//1128
f  858//1129 102//1129 857//1129
f  857//1130 102//1130 101//1130
f  857//1131 101//1131 843//1131
f  864//1132 865//1132 866//1132
f  866//1133 865//1133 867//1133
f  866//1134 867//1134 868//1134
f  125//1135 118//1135 126//1135
f  126//1136 118//1136 120//1136
f  126//1137 120//1137 730//1137
f  730//1138 120//1138 837//1138
f  730//1139 837//1139 748//1139
f  748//1140 837//1140 838//1140
f  748//1141 838//1141 747//1141
f  747//1142 838//1142 840//1142
f  747//1143 840//1143 746//1143
f  746//1144 840//1144 842//1144
f  746//1145 842//1145 745//1145
f  96//1146 95//1146 869//1146
f  869//1147 95//1147 116//1147
f  869//1148 116//1148 99//1148
f  870//1149 871//1149 94//1149
f  872//1150 90//1150 873//1150
f  873//1151 90//1151 89//1151
f  873//1152 89//1152 91//1152
f  92//1153 861//1153 93//1153
f  93//1154 861//1154 874//1154
f  93//1155 874//1155 875//1155
f  875//1156 874//1156 876//1156
f  875//1157 876//1157 877//1157
f  877//1158 876//1158 878//1158
f  877//1159 878//1159 879//1159
f  879//1160 878//1160 880//1160
f  879//1161 880//1161 881//1161
f  882//1162 883//1162 884//1162
f  884//1163 883//1163 885//1163
f  884//1164 885//1164 886//1164
f  886//1165 885//1165 887//1165
f  886//1166 887//1166 888//1166
f  888//1167 887//1167 889//1167
f  853//1168 890//1168 891//1168
f  892//1169 854//1169 891//1169
f  891//1170 854//1170 853//1170
f  893//1171 894//1171 895//1171
f  895//1172 894//1172 896//1172
f  895//1173 896//1173 864//1173
f  897//1174 898//1174 899//1174
f  899//1175 898//1175 900//1175
f  899//1176 900//1176 901//1176
f  902//1177 903//1177 901//1177
f  901//1178 903//1178 904//1178
f  901//1179 904//1179 899//1179
f  905//1180 906//1180 907//1180
f  907//1181 906//1181 903//1181
f  907//1182 903//1182 908//1182
f  908//1183 903//1183 902//1183
f  83//1184 82//1184 906//1184
f  906//1185 82//1185 909//1185
f  906//1186 909//1186 903//1186
f  903//1187 909//1187 910//1187
f  903//1188 910//1188 904//1188
f  564//1189 562//1189 911//1189
f  911//1190 562//1190 912//1190
f  913//1191 914//1191 84//1191
f  905//1192 915//1192 906//1192
f  906//1193 915//1193 916//1193
f  906//1194 916//1194 83//1194
f  83//1195 916//1195 917//1195
f  83//1196 917//1196 84//1196
f  84//1197 917//1197 918//1197
f  84//1198 918//1198 913//1198
f  914//1199 913//1199 912//1199
f  912//1200 913//1200 919//1200
f  912//1201 919//1201 911//1201
f  920//1202 921//1202 893//1202
f  864//1203 866//1203 895//1203
f  895//1204 866//1204 868//1204
f  895//1205 868//1205 893//1205
f  893//1206 868//1206 922//1206
f  893//1207 922//1207 920//1207
f  920//1208 922//1208 923//1208
f  920//1209 923//1209 924//1209
f  924//1210 923//1210 925//1210
f  924//1211 925//1211 926//1211
f  926//1212 925//1212 927//1212
f  926//1213 927//1213 928//1213
f  867//1214 929//1214 868//1214
f  868//1215 929//1215 930//1215
f  868//1216 930//1216 922//1216
f  922//1217 930//1217 931//1217
f  922//1218 931//1218 923//1218
f  923//1219 931//1219 932//1219
f  923//1220 932//1220 925//1220
f  925//1221 932//1221 933//1221
f  925//1222 933//1222 927//1222
f  151//1223 150//1223 934//1223
f  934//1224 150//1224 935//1224
f  934//1225 935//1225 936//1225
f  936//1226 935//1226 937//1226
f  936//1227 937//1227 938//1227
f  938//1228 937//1228 939//1228
f  938//1229 939//1229 940//1229
f  890//1230 85//1230 891//1230
f  891//1231 85//1231 87//1231
f  891//1232 87//1232 892//1232
f  892//1233 87//1233 941//1233
f  892//1234 941//1234 942//1234
f  942//1235 941//1235 943//1235
f  942//1236 943//1236 944//1236
f  944//1237 943//1237 945//1237
f  944//1238 945//1238 946//1238
f  946//1239 945//1239 947//1239
f  946//1240 947//1240 948//1240
f  948//1241 947//1241 949//1241
f  948//1242 949//1242 950//1242
f  950//1243 949//1243 951//1243
f  950//1244 951//1244 952//1244
f  148//1245 145//1245 152//1245
f  152//1246 145//1246 147//1246
f  152//1247 147//1247 150//1247
f  150//1248 147//1248 953//1248
f  150//1249 953//1249 935//1249
f  935//1250 953//1250 954//1250
f  935//1251 954//1251 937//1251
f  937//1252 954//1252 955//1252
f  937//1253 955//1253 939//1253
f  154//1254 573//1254 155//1254
f  155//1255 573//1255 581//1255
f  155//1256 581//1256 567//1256
f  567//1257 581//1257 149//1257
f  567//1258 149//1258 561//1258
f  561//1259 149//1259 148//1259
f  561//1260 148//1260 562//1260
f  562//1261 148//1261 152//1261
f  562//1262 152//1262 912//1262
f  912//1263 152//1263 151//1263
f  912//1264 151//1264 914//1264
f  914//1265 151//1265 934//1265
f  914//1266 934//1266 84//1266
f  84//1267 934//1267 936//1267
f  84//1268 936//1268 82//1268
f  82//1269 936//1269 938//1269
f  82//1270 938//1270 909//1270
f  909//1271 938//1271 940//1271
f  909//1272 940//1272 910//1272
f  889//1273 956//1273 888//1273
f  888//1274 956//1274 957//1274
f  888//1275 957//1275 886//1275
f  886//1276 957//1276 958//1276
f  886//1277 958//1277 884//1277
f  884//1278 958//1278 959//1278
f  884//1279 959//1279 882//1279
f  960//1280 79//1280 961//1280
f  961//1281 79//1281 81//1281
f  961//1282 81//1282 786//1282
f  786//1283 81//1283 112//1283
f  786//1284 112//1284 787//1284
f  960//1285 962//1285 79//1285
f  79//1286 962//1286 805//1286
f  79//1287 805//1287 80//1287
f  80//1288 805//1288 807//1288
f  80//1289 807//1289 112//1289
f  112//1290 807//1290 809//1290
f  112//1291 809//1291 787//1291
f  787//1292 809//1292 811//1292
f  787//1293 811//1293 789//1293
f  789//1294 811//1294 813//1294
f  789//1295 813//1295 790//1295
f  790//1296 813//1296 815//1296
f  790//1297 815//1297 743//1297
f  743//1298 815//1298 817//1298
f  743//1299 817//1299 742//1299
f  742//1300 817//1300 819//1300
f  742//1301 819//1301 738//1301
f  738//1302 819//1302 821//1302
f  738//1303 821//1303 736//1303
f  736//1304 821//1304 823//1304
f  736//1305 823//1305 734//1305
f  734//1306 823//1306 825//1306
f  734//1307 825//1307 733//1307
f  733//1308 825//1308 827//1308
f  733//1309 827//1309 732//1309
f  732//1310 827//1310 132//1310
f  732//1311 132//1311 129//1311
f  129//1312 132//1312 131//1312
f  129//1313 131//1313 127//1313
f  127//1314 131//1314 723//1314
f  389//1315 963//1315 333//1315
f  333//1316 963//1316 964//1316
f  333//1317 964//1317 334//1317
f  334//1318 964//1318 965//1318
f  334//1319 965//1319 966//1319
f  966//1320 965//1320 967//1320
f  966//1321 967//1321 968//1321
f  968//1322 967//1322 969//1322
f  968//1323 969//1323 970//1323
f  970//1324 969//1324 971//1324
f  970//1325 971//1325 972//1325
f  972//1326 971//1326 973//1326
f  972//1327 973//1327 974//1327
f  974//1328 973//1328 975//1328
f  974//1329 975//1329 962//1329
f  962//1330 975//1330 976//1330
f  962//1331 976//1331 805//1331
f  805//1332 976//1332 977//1332
f  805//1333 977//1333 806//1333
f  99//1334 98//1334 869//1334
f  869//1335 98//1335 978//1335
f  869//1336 978//1336 96//1336
f  96//1337 978//1337 979//1337
f  96//1338 979//1338 980//1338
f  980//1339 979//1339 981//1339
f  980//1340 981//1340 982//1340
f  982//1341 981//1341 983//1341
f  982//1342 983//1342 984//1342
f  984//1343 983//1343 985//1343
f  984//1344 985//1344 986//1344
f  986//1345 985//1345 987//1345
f  986//1346 987//1346 988//1346
f  988//1347 987//1347 989//1347
f  988//1348 989//1348 990//1348
f  990//1349 989//1349 991//1349
f  990//1350 991//1350 992//1350
f  871//1351 870//1351 993//1351
f  993//1352 870//1352 994//1352
f  993//1353 994//1353 995//1353
f  995//1354 994//1354 996//1354
f  995//1355 996//1355 997//1355
f  997//1356 996//1356 998//1356
f  997//1357 998//1357 999//1357
f  999//1358 998//1358 1000//1358
f  999//1359 1000//1359 1001//1359
f  1001//1360 1000//1360 1002//1360
f  1001//1361 1002//1361 1003//1361
f  1003//1362 1002//1362 1004//1362
f  1003//1363 1004//1363 1005//1363
f  1005//1364 1004//1364 1006//1364
f  1005//1365 1006//1365 1007//1365
f  94//1366 96//1366 870//1366
f  870//1367 96//1367 980//1367
f  870//1368 980//1368 994//1368
f  994//1369 980//1369 982//1369
f  994//1370 982//1370 996//1370
f  996//1371 982//1371 984//1371
f  996//1372 984//1372 998//1372
f  998//1373 984//1373 986//1373
f  998//1374 986//1374 1000//1374
f  1000//1375 986//1375 988//1375
f  1000//1376 988//1376 1002//1376
f  1002//1377 988//1377 990//1377
f  1002//1378 990//1378 1004//1378
f  1004//1379 990//1379 992//1379
f  1004//1380 992//1380 1006//1380
f  117//1381 95//1381 1008//1381
f  1008//1382 95//1382 94//1382
f  1008//1383 94//1383 1009//1383
f  1009//1384 94//1384 871//1384
f  1009//1385 871//1385 1010//1385
f  1010//1386 871//1386 993//1386
f  1010//1387 993//1387 1011//1387
f  1011//1388 993//1388 995//1388
f  1011//1389 995//1389 1012//1389
f  1012//1390 995//1390 997//1390
f  1012//1391 997//1391 1013//1391
f  1013//1392 997//1392 999//1392
f  1013//1393 999//1393 315//1393
f  315//1394 999//1394 1001//1394
f  315//1395 1001//1395 313//1395
f  313//1396 1001//1396 1003//1396
f  313//1397 1003//1397 311//1397
f  311//1398 1003//1398 1005//1398
f  311//1399 1005//1399 310//1399
f  310//1400 1005//1400 1007//1400
f  310//1401 1007//1401 309//1401
f  991//1402 1014//1402 992//1402
f  992//1403 1014//1403 321//1403
f  992//1404 321//1404 1006//1404
f  1006//1405 321//1405 320//1405
f  1006//1406 320//1406 1007//1406
f  1007//1407 320//1407 412//1407
f  1007//1408 412//1408 309//1408
f  309//1409 412//1409 469//1409
f  309//1410 469//1410 316//1410
f  316//1411 469//1411 332//1411
f  316//1412 332//1412 317//1412
f  317//1413 332//1413 334//1413
f  317//1414 334//1414 318//1414
f  318//1415 334//1415 966//1415
f  318//1416 966//1416 181//1416
f  181//1417 966//1417 968//1417
f  181//1418 968//1418 182//1418
f  182//1419 968//1419 970//1419
f  182//1420 970//1420 312//1420
f  312//1421 970//1421 972//1421
f  312//1422 972//1422 314//1422
f  314//1423 972//1423 974//1423
f  314//1424 974//1424 315//1424
f  315//1425 974//1425 962//1425
f  315//1426 962//1426 1013//1426
f  1013//1427 962//1427 960//1427
f  1013//1428 960//1428 1012//1428
f  1012//1429 960//1429 961//1429
f  1012//1430 961//1430 1011//1430
f  1011//1431 961//1431 786//1431
f  1011//1432 786//1432 1010//1432
f  1010//1433 786//1433 788//1433
f  1010//1434 788//1434 1009//1434
f  1009//1435 788//1435 790//1435
f  1009//1436 790//1436 1008//1436
f  1008//1437 790//1437 743//1437
f  1008//1438 743//1438 117//1438
f  117//1439 743//1439 744//1439
f  117//1440 744//1440 116//1440
f  116//1441 744//1441 745//1441
f  116//1442 745//1442 99//1442
f  99//1443 745//1443 842//1443
f  99//1444 842//1444 97//1444
f  97//1445 842//1445 841//1445
f  896//1446 862//1446 864//1446
f  864//1447 862//1447 860//1447
f  864//1448 860//1448 865//1448
f  865//1449 860//1449 852//1449
f  865//1450 852//1450 867//1450
f  867//1451 852//1451 854//1451
f  867//1452 854//1452 929//1452
f  929//1453 854//1453 892//1453
f  929//1454 892//1454 930//1454
f  930//1455 892//1455 942//1455
f  930//1456 942//1456 931//1456
f  931//1457 942//1457 944//1457
f  931//1458 944//1458 932//1458
f  932//1459 944//1459 946//1459
f  932//1460 946//1460 933//1460
f  933//1461 946//1461 948//1461
f  933//1462 948//1462 927//1462
f  927//1463 948//1463 950//1463
f  927//1464 950//1464 928//1464
f  928//1465 950//1465 952//1465
f  928//1466 952//1466 1015//1466
f  921//1467 920//1467 1016//1467
f  1016//1468 920//1468 924//1468
f  1016//1469 924//1469 1017//1469
f  1017//1470 924//1470 926//1470
f  1017//1471 926//1471 1018//1471
f  1018//1472 926//1472 928//1472
f  1018//1473 928//1473 1019//1473
f  1019//1474 928//1474 1015//1474
f  1019//1475 1015//1475 1020//1475
f  1021//1476 1022//1476 1023//1476
f  1024//1477 1025//1477 1026//1477
f  1026//1478 1025//1478 1027//1478
f  1026//1479 1027//1479 1028//1479
f  1028//1480 1027//1480 1029//1480
f  1028//1481 1029//1481 1030//1481
f  1030//1482 1029//1482 1031//1482
f  1032//1483 1033//1483 1034//1483
f  1034//1484 1033//1484 1035//1484
f  1034//1485 1035//1485 1036//1485
f  1036//1486 1035//1486 1037//1486
f  1036//1487 1037//1487 1038//1487
f  1038//1488 1037//1488 1039//1488
f  1038//1489 1039//1489 1040//1489
f  1040//1490 1039//1490 1041//1490
f  1040//1491 1041//1491 1042//1491
f  1042//1492 1041//1492 1043//1492
f  1042//1493 1043//1493 1044//1493
f  1044//1494 1043//1494 1045//1494
f  1044//1495 1045//1495 1046//1495
f  1046//1496 1045//1496 1047//1496
f  1046//1497 1047//1497 1048//1497
f  1048//1498 1049//1498 1046//1498
f  1046//1499 1049//1499 1050//1499
f  1046//1500 1050//1500 1044//1500
f  1044//1501 1050//1501 1051//1501
f  1044//1502 1051//1502 1042//1502
f  1042//1503 1051//1503 1052//1503
f  1042//1504 1052//1504 1040//1504
f  1040//1505 1052//1505 1053//1505
f  1040//1506 1053//1506 1038//1506
f  1038//1507 1053//1507 1024//1507
f  1038//1508 1024//1508 1036//1508
f  1036//1509 1024//1509 1026//1509
f  1036//1510 1026//1510 1034//1510
f  1034//1511 1026//1511 1028//1511
f  1034//1512 1028//1512 1032//1512
f  1032//1513 1028//1513 1030//1513
f  1048//1514 1054//1514 1049//1514
f  1049//1515 1054//1515 882//1515
f  1049//1516 882//1516 1050//1516
f  1050//1517 882//1517 959//1517
f  1050//1518 959//1518 1051//1518
f  1051//1519 959//1519 958//1519
f  1051//1520 958//1520 1052//1520
f  1052//1521 958//1521 957//1521
f  1052//1522 957//1522 1053//1522
f  1053//1523 957//1523 956//1523
f  1053//1524 956//1524 1024//1524
f  1024//1525 956//1525 889//1525
f  1024//1526 889//1526 1025//1526
f  1025//1527 889//1527 1055//1527
f  1025//1528 1055//1528 1027//1528
f  1027//1529 1055//1529 1056//1529
f  1027//1530 1056//1530 1029//1530
f  1029//1531 1056//1531 1057//1531
f  1029//1532 1057//1532 1031//1532
f  1031//1533 1057//1533 1058//1533
f  1047//1534 88//1534 1048//1534
f  1048//1535 88//1535 90//1535
f  1048//1536 90//1536 1054//1536
f  1054//1537 90//1537 872//1537
f  1054//1538 872//1538 882//1538
f  882//1539 872//1539 1059//1539
f  882//1540 1059//1540 883//1540
f  883//1541 1059//1541 1060//1541
f  883//1542 1060//1542 885//1542
f  885//1543 1060//1543 1061//1543
f  885//1544 1061//1544 887//1544
f  887//1545 1061//1545 1062//1545
f  887//1546 1062//1546 889//1546
f  889//1547 1062//1547 1063//1547
f  889//1548 1063//1548 1055//1548
f  1055//1549 1063//1549 1064//1549
f  1055//1550 1064//1550 1056//1550
f  1056//1551 1064//1551 1065//1551
f  1056//1552 1065//1552 1057//1552
f  1057//1553 1065//1553 1066//1553
f  1057//1554 1066//1554 1058//1554
f  1058//1555 1066//1555 1067//1555
f  100//1556 102//1556 861//1556
f  861//1557 102//1557 863//1557
f  861//1558 863//1558 874//1558
f  874//1559 863//1559 862//1559
f  874//1560 862//1560 876//1560
f  876//1561 862//1561 896//1561
f  876//1562 896//1562 878//1562
f  878//1563 896//1563 894//1563
f  878//1564 894//1564 880//1564
f  880//1565 894//1565 893//1565
f  880//1566 893//1566 881//1566
f  881//1567 893//1567 921//1567
f  881//1568 921//1568 1068//1568
f  1068//1569 921//1569 1016//1569
f  1068//1570 1016//1570 1069//1570
f  1069//1571 1016//1571 1017//1571
f  1069//1572 1017//1572 1070//1572
f  1070//1573 1017//1573 1018//1573
f  1070//1574 1018//1574 1071//1574
f  1071//1575 1018//1575 1019//1575
f  1071//1576 1019//1576 1072//1576
f  1072//1577 1019//1577 1020//1577
f  1072//1578 1020//1578 1073//1578
f  91//1579 93//1579 873//1579
f  873//1580 93//1580 875//1580
f  873//1581 875//1581 872//1581
f  872//1582 875//1582 877//1582
f  872//1583 877//1583 1059//1583
f  1059//1584 877//1584 879//1584
f  1059//1585 879//1585 1060//1585
f  1060//1586 879//1586 881//1586
f  1060//1587 881//1587 1061//1587
f  1061//1588 881//1588 1068//1588
f  1061//1589 1068//1589 1062//1589
f  1062//1590 1068//1590 1069//1590
f  1062//1591 1069//1591 1063//1591
f  1063//1592 1069//1592 1070//1592
f  1063//1593 1070//1593 1064//1593
f  1064//1594 1070//1594 1071//1594
f  1064//1595 1071//1595 1065//1595
f  1065//1596 1071//1596 1072//1596
f  1065//1597 1072//1597 1066//1597
f  1066//1598 1072//1598 1073//1598
f  1066//1599 1073//1599 1067//1599
f  86//1600 897//1600 87//1600
f  87//1601 897//1601 899//1601
f  87//1602 899//1602 941//1602
f  941//1603 899//1603 904//1603
f  941//1604 904//1604 943//1604
f  943//1605 904//1605 910//1605
f  943//1606 910//1606 945//1606
f  945//1607 910//1607 940//1607
f  945//1608 940//1608 947//1608
f  947//1609 940//1609 939//1609
f  947//1610 939//1610 949//1610
f  949//1611 939//1611 955//1611
f  949//1612 955//1612 951//1612
f  951//1613 955//1613 1074//1613
f  951//1614 1074//1614 952//1614
f  952//1615 1074//1615 1075//1615
f  952//1616 1075//1616 1015//1616
f  1015//1617 1075//1617 1076//1617
f  1015//1618 1076//1618 1020//1618
f  1020//1619 1076//1619 1077//1619
f  1020//1620 1077//1620 1073//1620
f  1073//1621 1077//1621 1078//1621
f  1073//1622 1078//1622 1067//1622
f  598//1623 1079//1623 1080//1623
f  598//1624 1080//1624 599//1624
f  599//1625 1080//1625 1081//1625
f  599//1626 1081//1626 601//1626
f  601//1627 1081//1627 1021//1627
f  601//1628 1021//1628 603//1628
f  603//1629 1021//1629 1023//1629
f  603//1630 1023//1630 604//1630
f  1033//1631 1082//1631 1035//1631
f  1035//1632 1082//1632 1083//1632
f  1035//1633 1083//1633 1037//1633
f  1037//1634 1083//1634 1084//1634
f  1037//1635 1084//1635 1039//1635
f  1039//1636 1084//1636 1085//1636
f  1039//1637 1085//1637 1041//1637
f  1041//1638 1085//1638 1086//1638
f  1041//1639 1086//1639 1043//1639
f  1043//1640 1086//1640 1087//1640
f  1043//1641 1087//1641 1045//1641
f  1045//1642 1087//1642 1088//1642
f  1045//1643 1088//1643 1047//1643
f  1047//1644 1088//1644 1089//1644
f  1047//1645 1089//1645 88//1645
f  88//1646 1089//1646 1090//1646
f  88//1647 1090//1647 89//1647
f  89//1648 1090//1648 1091//1648
f  89//1649 1091//1649 91//1649
f  91//1650 1091//1650 1092//1650
f  91//1651 1092//1651 92//1651
f  92//1652 1092//1652 1093//1652
f  92//1653 1093//1653 100//1653
f  100//1654 1093//1654 1094//1654
f  100//1655 1094//1655 101//1655
f  101//1656 1094//1656 1095//1656
f  101//1657 1095//1657 843//1657
f  843//1658 1095//1658 1096//1658
f  843//1659 1096//1659 108//1659
f  108//1660 1096//1660 1097//1660
f  108//1661 1097//1661 106//1661
f  106//1662 1097//1662 1098//1662
f  1082//1663 1014//1663 1083//1663
f  1083//1664 1014//1664 991//1664
f  1083//1665 991//1665 1084//1665
f  1084//1666 991//1666 989//1666
f  1084//1667 989//1667 1085//1667
f  1085//1668 989//1668 987//1668
f  1085//1669 987//1669 1086//1669
f  1086//1670 987//1670 985//1670
f  1086//1671 985//1671 1087//1671
f  1087//1672 985//1672 983//1672
f  1087//1673 983//1673 1088//1673
f  1088//1674 983//1674 981//1674
f  1088//1675 981//1675 1089//1675
f  1089//1676 981//1676 979//1676
f  1089//1677 979//1677 1090//1677
f  1090//1678 979//1678 978//1678
f  1090//1679 978//1679 1091//1679
f  1091//1680 978//1680 98//1680
f  1091//1681 98//1681 1092//1681
f  1092//1682 98//1682 97//1682
f  1092//1683 97//1683 1093//1683
f  1093//1684 97//1684 841//1684
f  1093//1685 841//1685 1094//1685
f  1094//1686 841//1686 839//1686
f  1094//1687 839//1687 1095//1687
f  1095//1688 839//1688 836//1688
f  1095//1689 836//1689 1096//1689
f  1096//1690 836//1690 833//1690
f  1096//1691 833//1691 1097//1691
f  1097//1692 833//1692 835//1692
f  1097//1693 835//1693 1098//1693
f  680//1694 1099//1694 590//1694
f  590//1695 1099//1695 1100//1695
f  590//1696 1100//1696 144//1696
f  144//1697 1100//1697 1101//1697
f  144//1698 1101//1698 593//1698
f  593//1699 1101//1699 1102//1699
f  593//1700 1102//1700 594//1700
f  594//1701 1102//1701 1103//1701
f  594//1702 1103//1702 595//1702
f  595//1703 1103//1703 1104//1703
f  595//1704 1104//1704 596//1704
f  596//1705 1104//1705 1105//1705
f  596//1706 1105//1706 597//1706
f  597//1707 1105//1707 1106//1707
f  597//1708 1106//1708 146//1708
f  146//1709 1106//1709 137//1709
f  146//1710 137//1710 147//1710
f  147//1711 137//1711 136//1711
f  147//1712 136//1712 953//1712
f  953//1713 136//1713 604//1713
f  953//1714 604//1714 954//1714
f  954//1715 604//1715 1023//1715
f  954//1716 1023//1716 955//1716
f  955//1717 1023//1717 1022//1717
f  955//1718 1022//1718 1074//1718
f  1074//1719 1022//1719 1021//1719
f  1074//1720 1021//1720 1075//1720
f  1075//1721 1021//1721 1081//1721
f  1075//1722 1081//1722 1076//1722
f  1076//1723 1081//1723 1080//1723
f  1076//1724 1080//1724 1077//1724
f  1077//1725 1080//1725 1079//1725
f  1077//1726 1079//1726 1078//1726
f  251//1727 192//1727 252//1727
f  252//1728 192//1728 194//1728
f  252//1729 194//1729 551//1729
f  551//1730 194//1730 390//1730
f  551//1731 390//1731 542//1731
f  542//1732 390//1732 391//1732
f  542//1733 391//1733 520//1733
f  520//1734 391//1734 392//1734
f  520//1735 392//1735 503//1735
f  503//1736 392//1736 393//1736
f  503//1737 393//1737 383//1737
f  383//1738 393//1738 394//1738
f  383//1739 394//1739 384//1739
f  384//1740 394//1740 395//1740
f  384//1741 395//1741 385//1741
f  385//1742 395//1742 396//1742
f  385//1743 396//1743 386//1743
f  386//1744 396//1744 397//1744
f  386//1745 397//1745 387//1745
f  387//1746 397//1746 398//1746
f  387//1747 398//1747 388//1747
f  388//1748 398//1748 399//1748
f  388//1749 399//1749 389//1749
f  389//1750 399//1750 400//1750
f  389//1751 400//1751 963//1751
f  963//1752 400//1752 329//1752
f  963//1753 329//1753 964//1753
f  964//1754 329//1754 328//1754
f  964//1755 328//1755 965//1755
f  965//1756 328//1756 326//1756
f  965//1757 326//1757 967//1757
f  967//1758 326//1758 324//1758
f  967//1759 324//1759 969//1759
f  969//1760 324//1760 323//1760
f  969//1761 323//1761 971//1761
f  971//1762 323//1762 308//1762
f  971//1763 308//1763 973//1763
f  973//1764 308//1764 307//1764
f  973//1765 307//1765 975//1765
f  975//1766 307//1766 183//1766
f  975//1767 183//1767 976//1767
f  976//1768 183//1768 831//1768
f  976//1769 831//1769 977//1769
f  977//1770 831//1770 832//1770
f  977//1771 832//1771 806//1771
f  806//1772 832//1772 791//1772
f  806//1773 791//1773 808//1773
f  808//1774 791//1774 792//1774
f  808//1775 792//1775 810//1775
f  810//1776 792//1776 793//1776
f  810//1777 793//1777 812//1777
f  812//1778 793//1778 794//1778
f  812//1779 794//1779 814//1779
f  814//1780 794//1780 795//1780
f  814//1781 795//1781 816//1781
f  816//1782 795//1782 796//1782
f  816//1783 796//1783 818//1783
f  818//1784 796//1784 797//1784
f  818//1785 797//1785 820//1785
f  820//1786 797//1786 798//1786
f  820//1787 798//1787 822//1787
f  822//1788 798//1788 799//1788
f  822//1789 799//1789 824//1789
f  824//1790 799//1790 800//1790
f  824//1791 800//1791 826//1791
f  826//1792 800//1792 801//1792
f  826//1793 801//1793 828//1793
f  828//1794 801//1794 802//1794
f  828//1795 802//1795 829//1795
f  829//1796 802//1796 803//1796
f  829//1797 803//1797 830//1797
f  830//1798 803//1798 804//1798
f  830//1799 804//1799 726//1799
f  679//1800 690//1800 677//1800
f  677//1801 690//1801 696//1801
f  677//1802 696//1802 688//1802
f  688//1803 696//1803 681//1803
f  688//1804 681//1804 680//1804
f  680//1805 681//1805 683//1805
f  680//1806 683//1806 1099//1806
f  1099//1807 683//1807 685//1807
f  1099//1808 685//1808 1100//1808
f  1100//1809 685//1809 686//1809
f  1100//1810 686//1810 1101//1810
f  1101//1811 686//1811 141//1811
f  1101//1812 141//1812 1102//1812
f  1102//1813 141//1813 605//1813
f  1102//1814 605//1814 1103//1814
f  1103//1815 605//1815 607//1815
f  1103//1816 607//1816 1104//1816
f  1104//1817 607//1817 609//1817
f  1104//1818 609//1818 1105//1818
f  1105//1819 609//1819 611//1819
f  1105//1820 611//1820 1106//1820
f  1106//1821 611//1821 613//1821
f  1106//1822 613//1822 137//1822
f  137//1823 613//1823 615//1823
f  137//1824 615//1824 138//1824
f  138//1825 615//1825 617//1825
f  138//1826 617//1826 602//1826
f  602//1827 617//1827 619//1827
f  602//1828 619//1828 600//1828
f  600//1829 619//1829 621//1829
f  600//1830 621//1830 598//1830
f  598//1831 621//1831 353//1831
f  598//1832 353//1832 1079//1832
f  1079//1833 353//1833 351//1833
f  1079//1834 351//1834 1078//1834
f  1078//1835 351//1835 349//1835
f  1078//1836 349//1836 1067//1836
f  1067//1837 349//1837 347//1837
f  1067//1838 347//1838 1058//1838
f  1058//1839 347//1839 345//1839
f  1058//1840 345//1840 1031//1840
f  1031//1841 345//1841 343//1841
f  1031//1842 343//1842 1030//1842
f  1030//1843 343//1843 341//1843
f  1030//1844 341//1844 1032//1844
f  1032//1845 341//1845 339//1845
f  1032//1846 339//1846 1033//1846
f  1033//1847 339//1847 338//1847
f  1033//1848 338//1848 1082//1848
f  1082//1849 338//1849 176//1849
f  1082//1850 176//1850 1014//1850
f  1014//1851 176//1851 175//1851
f  1014//1852 175//1852 321//1852
f  321//1853 175//1853 335//1853
f  321//1854 335//1854 319//1854
f  319//1855 335//1855 336//1855
f  319//1856 336//1856 415//1856
f  415//1857 336//1857 337//1857
f  415//1858 337//1858 417//1858
f  417//1859 337//1859 355//1859
f  417//1860 355//1860 419//1860
f  419//1861 355//1861 356//1861
f  419//1862 356//1862 421//1862
f  421//1863 356//1863 357//1863
f  421//1864 357//1864 423//1864
f  423//1865 357//1865 358//1865
f  423//1866 358//1866 425//1866
f  425//1867 358//1867 359//1867
f  425//1868 359//1868 427//1868
f  427//1869 359//1869 360//1869
f  427//1870 360//1870 429//1870
f  429//1871 360//1871 361//1871
f  429//1872 361//1872 431//1872
f  431//1873 361//1873 404//1873
f  431//1874 404//1874 433//1874
f  433//1875 404//1875 403//1875
f  433//1876 403//1876 435//1876
f  435//1877 403//1877 646//1877
f  435//1878 646//1878 437//1878
f  437//1879 646//1879 645//1879
f  437//1880 645//1880 439//1880
f  439//1881 645//1881 660//1881
f  439//1882 660//1882 441//1882
f  441//1883 660//1883 656//1883
f  441//1884 656//1884 171//1884
f  171//1885 656//1885 411//1885
f  171//1886 411//1886 172//1886
f  172//1887 411//1887 410//1887
f  172//1888 410//1888 452//1888
f  452//1889 410//1889 408//1889
f  452//1890 408//1890 450//1890
f  450//1891 408//1891 407//1891
f  450//1892 407//1892 449//1892
f  449//1893 407//1893 652//1893
f  449//1894 652//1894 113//1894
f  113//1895 652//1895 650//1895
f  113//1896 650//1896 114//1896
f  114//1897 650//1897 648//1897
f  114//1898 648//1898 771//1898
f  771//1899 648//1899 625//1899
f  771//1900 625//1900 755//1900
f  755//1901 625//1901 624//1901
f  755//1902 624//1902 753//1902
f  753//1903 624//1903 627//1903
f  753//1904 627//1904 751//1904
f  751//1905 627//1905 626//1905
f  751//1906 626//1906 749//1906
f  749//1907 626//1907 661//1907
f  749//1908 661//1908 704//1908
f  704//1909 661//1909 692//1909
f  704//1910 692//1910 703//1910
f  703//1911 692//1911 693//1911
f  703//1912 693//1912 701//1912
f  701//1913 693//1913 694//1913
f  701//1914 694//1914 699//1914
f  699//1915 694//1915 695//1915
f  699//1916 695//1916 714//1916
f  714//1917 695//1917 697//1917
f  714//1918 697//1918 804//1918
f  804//1919 697//1919 698//1919
f  804//1920 698//1920 726//1920
f  726//1921 698//1921 719//1921
f  726//1922 719//1922 728//1922
f  1107//1923 1108//1923 1109//1923
f  1110//1924 1111//1924 1112//1924
f  1113//1925 1114//1925 1115//1925
f  1116//1926 1117//1926 1118//1926
f  1119//1927 1120//1927 1121//1927
f  1122//1928 1123//1928 1124//1928
f  1125//1929 1126//1929 1127//1929
f  1128//1930 1129//1930 1130//1930
f  1131//1931 1132//1931 1133//1931
f  1134//1932 1133//1932 1135//1932
f  1136//1933 1135//1933 1137//1933
f  1138//1934 1137//1934 1139//1934
f  1140//1935 1141//1935 1142//1935
f  1143//1936 1144//1936 1145//1936
f  1146//1937 1147//1937 1144//1937
f  1148//1938 1149//1938 1150//1938
f  1151//1939 1152//1939 1153//1939
f  1154//1940 1155//1940 1156//1940
f  1157//1941 1158//1941 1159//1941
f  1160//1942 1161//1942 1162//1942
f  1163//1943 1164//1943 1165//1943
f  1166//1944 1167//1944 1164//1944
f  1168//1945 1169//1945 1170//1945
f  1171//1946 1172//1946 1173//1946
f  1174//1947 1175//1947 1176//1947
f  1177//1948 1178//1948 1179//1948
f  1180//1949 1181//1949 1182//1949
f  1183//1950 1184//1950 1185//1950
f  1186//1951 1187//1951 1188//1951
f  1189//1952 1190//1952 1191//1952
f  1192//1953 1193//1953 1119//1953
f  1194//1954 1195//1954 1196//1954
f  1197//1955 1198//1955 1199//1955
f  1200//1956 1201//1956 1202//1956
f  1203//1957 1204//1957 1205//1957
f  1206//1958 1207//1958 1208//1958
f  1208//1959 1207//1959 1209//1959
f  1210//1960 1211//1960 1212//1960
f  1212//1961 1211//1961 1213//1961
f  1212//1962 1213//1962 1214//1962
f  1204//1963 1206//1963 1205//1963
f  1205//1964 1206//1964 1208//1964
f  1205//1965 1208//1965 1210//1965
f  1210//1966 1208//1966 1209//1966
f  1210//1967 1209//1967 1211//1967
f  1215//1968 1216//1968 1217//1968
f  1217//1969 1216//1969 1218//1969
f  1218//1970 1200//1970 1217//1970
f  1217//1971 1200//1971 1202//1971
f  1217//1972 1202//1972 1219//1972
f  1219//1973 1202//1973 1220//1973
f  1215//1974 1217//1974 1221//1974
f  1221//1975 1217//1975 1222//1975
f  1221//1976 1222//1976 1223//1976
f  1223//1977 1222//1977 1224//1977
f  1224//1978 1222//1978 1225//1978
f  1224//1979 1225//1979 1226//1979
f  1226//1980 1225//1980 1227//1980
f  1226//1981 1227//1981 1228//1981
f  1228//1982 1227//1982 1229//1982
f  1229//1983 1227//1983 1230//1983
f  1229//1984 1230//1984 1231//1984
f  1231//1985 1230//1985 1232//1985
f  1232//1986 1230//1986 1233//1986
f  1232//1987 1233//1987 1234//1987
f  1235//1988 1236//1988 1237//1988
f  1237//1989 1236//1989 1238//1989
f  1237//1990 1238//1990 1233//1990
f  1233//1991 1238//1991 1239//1991
f  1233//1992 1239//1992 1234//1992
f  1240//1993 1241//1993 1237//1993
f  1237//1994 1241//1994 1242//1994
f  1237//1995 1242//1995 1235//1995
f  1243//1996 1244//1996 1245//1996
f  1245//1997 1244//1997 1246//1997
f  1245//1998 1246//1998 1240//1998
f  1240//1999 1246//1999 1247//1999
f  1240//2000 1247//2000 1241//2000
f  1248//2001 1249//2001 1250//2001
f  1250//2002 1249//2002 1251//2002
f  1252//2003 1253//2003 1254//2003
f  1255//2004 1256//2004 1257//2004
f  1257//2005 1256//2005 1258//2005
f  1257//2006 1258//2006 1259//2006
f  1260//2007 1261//2007 1262//2007
f  1262//2008 1261//2008 1199//2008
f  1262//2009 1199//2009 1263//2009
f  1263//2010 1199//2010 1198//2010
f  1197//2011 1199//2011 1264//2011
f  1264//2012 1199//2012 1265//2012
f  1264//2013 1265//2013 1266//2013
f  1267//2014 1268//2014 1265//2014
f  1265//2015 1268//2015 1269//2015
f  1265//2016 1269//2016 1266//2016
f  1270//2017 1271//2017 1272//2017
f  1272//2018 1271//2018 1273//2018
f  1272//2019 1273//2019 1267//2019
f  1267//2020 1273//2020 1274//2020
f  1267//2021 1274//2021 1268//2021
f  1270//2022 1272//2022 1275//2022
f  1275//2023 1272//2023 1276//2023
f  1275//2024 1276//2024 1277//2024
f  1277//2025 1276//2025 1278//2025
f  1278//2026 1276//2026 1279//2026
f  1278//2027 1279//2027 1280//2027
f  1281//2028 1282//2028 1279//2028
f  1279//2029 1282//2029 1283//2029
f  1279//2030 1283//2030 1280//2030
f  1284//2031 1285//2031 1281//2031
f  1281//2032 1285//2032 1286//2032
f  1281//2033 1286//2033 1282//2033
f  1287//2034 1288//2034 1284//2034
f  1284//2035 1288//2035 1289//2035
f  1284//2036 1289//2036 1285//2036
f  1290//2037 1291//2037 1292//2037
f  1292//2038 1291//2038 1293//2038
f  1292//2039 1293//2039 1294//2039
f  1294//2040 1293//2040 1295//2040
f  1294//2041 1295//2041 1296//2041
f  1296//2042 1295//2042 1297//2042
f  1298//2043 1299//2043 1300//2043
f  1299//2044 1301//2044 1300//2044
f  1300//2045 1301//2045 1302//2045
f  1300//2046 1302//2046 1297//2046
f  1303//2047 1304//2047 1305//2047
f  1305//2048 1304//2048 1306//2048
f  1307//2049 1308//2049 1309//2049
f  1309//2050 1308//2050 1310//2050
f  1309//2051 1310//2051 1311//2051
f  1312//2052 1313//2052 1314//2052
f  1314//2053 1313//2053 1315//2053
f  1316//2054 1317//2054 1312//2054
f  1318//2055 1319//2055 1320//2055
f  1320//2056 1319//2056 1321//2056
f  1322//2057 1323//2057 1320//2057
f  1320//2058 1323//2058 1324//2058
f  1320//2059 1324//2059 1318//2059
f  1325//2060 1326//2060 1322//2060
f  1322//2061 1326//2061 1327//2061
f  1322//2062 1327//2062 1323//2062
f  1328//2063 1329//2063 1330//2063
f  1330//2064 1329//2064 1331//2064
f  1332//2065 1333//2065 1325//2065
f  1325//2066 1333//2066 1334//2066
f  1325//2067 1334//2067 1326//2067
f  1335//2068 1328//2068 1336//2068
f  1336//2069 1328//2069 1330//2069
f  1336//2070 1330//2070 1332//2070
f  1332//2071 1330//2071 1331//2071
f  1332//2072 1331//2072 1333//2072
f  1337//2073 1338//2073 1194//2073
f  1339//2074 1340//2074 1341//2074
f  1341//2075 1340//2075 1342//2075
f  1343//2076 1344//2076 1345//2076
f  1345//2077 1344//2077 1339//2077
f  1343//2078 1345//2078 1346//2078
f  1346//2079 1345//2079 1347//2079
f  1346//2080 1347//2080 1348//2080
f  1348//2081 1347//2081 1349//2081
f  1349//2082 1347//2082 1350//2082
f  1349//2083 1350//2083 1351//2083
f  1352//2084 1353//2084 1354//2084
f  1354//2085 1353//2085 1355//2085
f  1354//2086 1355//2086 1350//2086
f  1350//2087 1355//2087 1356//2087
f  1350//2088 1356//2088 1351//2088
f  1357//2089 1358//2089 1359//2089
f  1359//2090 1358//2090 1360//2090
f  1359//2091 1360//2091 1352//2091
f  1352//2092 1360//2092 1361//2092
f  1352//2093 1361//2093 1353//2093
f  1357//2094 1359//2094 1362//2094
f  1362//2095 1359//2095 1363//2095
f  1362//2096 1363//2096 1364//2096
f  1364//2097 1363//2097 1365//2097
f  1365//2098 1363//2098 1366//2098
f  1365//2099 1366//2099 1367//2099
f  1368//2100 1369//2100 1366//2100
f  1366//2101 1369//2101 1367//2101
f  1370//2102 1371//2102 1372//2102
f  1372//2103 1371//2103 1373//2103
f  1372//2104 1373//2104 1368//2104
f  1368//2105 1373//2105 1374//2105
f  1368//2106 1374//2106 1369//2106
f  1193//2107 1375//2107 1119//2107
f  1119//2108 1375//2108 1376//2108
f  1119//2109 1376//2109 1120//2109
f  1120//2110 1376//2110 1377//2110
f  1120//2111 1377//2111 1378//2111
f  1189//2112 1191//2112 1379//2112
f  1380//2113 1381//2113 1382//2113
f  1383//2114 1384//2114 1385//2114
f  1385//2115 1384//2115 1386//2115
f  1385//2116 1386//2116 1387//2116
f  1387//2117 1386//2117 1388//2117
f  1387//2118 1388//2118 1389//2118
f  1389//2119 1388//2119 1390//2119
f  1391//2120 1392//2120 1393//2120
f  1393//2121 1392//2121 1394//2121
f  1393//2122 1394//2122 1395//2122
f  1383//2123 1385//2123 1396//2123
f  1396//2124 1385//2124 1397//2124
f  1396//2125 1397//2125 1398//2125
f  1395//2126 1394//2126 1399//2126
f  1399//2127 1394//2127 1400//2127
f  1399//2128 1400//2128 1401//2128
f  1401//2129 1400//2129 1402//2129
f  1401//2130 1402//2130 1403//2130
f  1404//2131 1405//2131 1406//2131
f  1406//2132 1405//2132 1407//2132
f  1406//2133 1407//2133 1408//2133
f  1408//2134 1407//2134 1409//2134
f  1408//2135 1409//2135 1402//2135
f  1402//2136 1409//2136 1410//2136
f  1402//2137 1410//2137 1403//2137
f  1411//2138 1412//2138 1413//2138
f  1413//2139 1414//2139 1411//2139
f  1411//2140 1414//2140 1415//2140
f  1411//2141 1415//2141 1406//2141
f  1406//2142 1415//2142 1416//2142
f  1406//2143 1416//2143 1404//2143
f  1417//2144 1418//2144 1412//2144
f  1412//2145 1418//2145 1419//2145
f  1412//2146 1419//2146 1413//2146
f  1420//2147 1421//2147 1422//2147
f  1422//2148 1421//2148 1423//2148
f  1422//2149 1423//2149 1424//2149
f  1424//2150 1423//2150 1425//2150
f  1426//2151 1427//2151 1428//2151
f  1428//2152 1427//2152 1425//2152
f  1426//2153 1428//2153 1429//2153
f  1429//2154 1428//2154 1430//2154
f  1429//2155 1430//2155 1431//2155
f  1431//2156 1430//2156 1432//2156
f  1431//2157 1432//2157 1433//2157
f  1434//2158 1435//2158 1436//2158
f  1434//2159 1436//2159 1432//2159
f  1432//2160 1436//2160 1437//2160
f  1432//2161 1437//2161 1433//2161
f  1438//2162 1439//2162 1440//2162
f  1440//2163 1441//2163 1438//2163
f  1438//2164 1441//2164 1442//2164
f  1438//2165 1442//2165 1434//2165
f  1434//2166 1442//2166 1443//2166
f  1434//2167 1443//2167 1435//2167
f  1444//2168 1445//2168 1439//2168
f  1439//2169 1445//2169 1446//2169
f  1439//2170 1446//2170 1440//2170
f  1447//2171 1448//2171 1444//2171
f  1444//2172 1448//2172 1449//2172
f  1444//2173 1449//2173 1445//2173
f  1183//2174 1450//2174 1184//2174
f  1184//2175 1450//2175 1451//2175
f  1184//2176 1451//2176 1447//2176
f  1447//2177 1451//2177 1452//2177
f  1447//2178 1452//2178 1448//2178
f  1453//2179 1454//2179 1455//2179
f  1453//2180 1455//2180 1185//2180
f  1185//2181 1455//2181 1456//2181
f  1185//2182 1456//2182 1183//2182
f  1454//2183 1453//2183 1457//2183
f  1457//2184 1453//2184 1458//2184
f  1457//2185 1458//2185 1459//2185
f  1459//2186 1458//2186 1460//2186
f  1460//2187 1458//2187 1461//2187
f  1460//2188 1461//2188 1462//2188
f  1463//2189 1464//2189 1461//2189
f  1461//2190 1464//2190 1465//2190
f  1461//2191 1465//2191 1462//2191
f  1466//2192 1467//2192 1463//2192
f  1463//2193 1467//2193 1468//2193
f  1463//2194 1468//2194 1464//2194
f  1469//2195 1470//2195 1471//2195
f  1471//2196 1470//2196 1472//2196
f  1471//2197 1472//2197 1466//2197
f  1466//2198 1472//2198 1473//2198
f  1466//2199 1473//2199 1467//2199
f  1474//2200 1475//2200 1469//2200
f  1469//2201 1475//2201 1476//2201
f  1469//2202 1476//2202 1470//2202
f  1477//2203 1478//2203 1474//2203
f  1474//2204 1478//2204 1479//2204
f  1474//2205 1479//2205 1475//2205
f  1477//2206 1474//2206 1480//2206
f  1480//2207 1474//2207 1481//2207
f  1480//2208 1481//2208 1482//2208
f  1482//2209 1481//2209 1483//2209
f  1482//2210 1483//2210 1484//2210
f  1484//2211 1483//2211 1485//2211
f  1485//2212 1483//2212 1486//2212
f  1485//2213 1486//2213 1487//2213
f  1488//2214 1489//2214 1490//2214
f  1490//2215 1489//2215 1491//2215
f  1490//2216 1491//2216 1492//2216
f  1492//2217 1491//2217 1493//2217
f  1492//2218 1493//2218 1486//2218
f  1486//2219 1493//2219 1494//2219
f  1486//2220 1494//2220 1487//2220
f  1495//2221 1496//2221 1497//2221
f  1497//2222 1496//2222 1498//2222
f  1497//2223 1498//2223 1499//2223
f  1499//2224 1498//2224 1500//2224
f  1499//2225 1500//2225 1501//2225
f  1501//2226 1500//2226 1502//2226
f  1502//2227 1500//2227 1503//2227
f  1502//2228 1503//2228 1504//2228
f  1319//2229 1505//2229 1321//2229
f  1321//2230 1505//2230 1506//2230
f  1506//2231 1507//2231 1321//2231
f  1321//2232 1507//2232 1508//2232
f  1321//2233 1508//2233 1503//2233
f  1503//2234 1508//2234 1509//2234
f  1503//2235 1509//2235 1504//2235
f  1510//2236 1511//2236 1512//2236
f  1513//2237 1514//2237 1515//2237
f  1515//2238 1514//2238 1516//2238
f  1515//2239 1516//2239 1517//2239
f  1517//2240 1516//2240 1518//2240
f  1517//2241 1518//2241 1519//2241
f  1519//2242 1518//2242 1520//2242
f  1519//2243 1520//2243 1521//2243
f  1522//2244 1513//2244 1523//2244
f  1523//2245 1513//2245 1515//2245
f  1523//2246 1515//2246 1524//2246
f  1524//2247 1515//2247 1517//2247
f  1524//2248 1517//2248 1525//2248
f  1525//2249 1517//2249 1519//2249
f  1525//2250 1519//2250 1512//2250
f  1512//2251 1519//2251 1521//2251
f  1512//2252 1521//2252 1510//2252
f  1181//2253 1526//2253 1527//2253
f  1181//2254 1527//2254 1182//2254
f  1182//2255 1527//2255 1314//2255
f  1182//2256 1314//2256 1305//2256
f  1305//2257 1314//2257 1315//2257
f  1305//2258 1315//2258 1303//2258
f  1528//2259 1180//2259 1529//2259
f  1529//2260 1180//2260 1182//2260
f  1529//2261 1182//2261 1530//2261
f  1530//2262 1182//2262 1305//2262
f  1530//2263 1305//2263 1307//2263
f  1307//2264 1305//2264 1306//2264
f  1307//2265 1306//2265 1308//2265
f  1512//2266 1526//2266 1525//2266
f  1525//2267 1526//2267 1181//2267
f  1525//2268 1181//2268 1524//2268
f  1524//2269 1181//2269 1180//2269
f  1524//2270 1180//2270 1523//2270
f  1523//2271 1180//2271 1528//2271
f  1523//2272 1528//2272 1522//2272
f  1522//2273 1528//2273 1531//2273
f  1311//2274 1532//2274 1309//2274
f  1309//2275 1532//2275 1533//2275
f  1309//2276 1533//2276 1307//2276
f  1307//2277 1533//2277 1534//2277
f  1307//2278 1534//2278 1530//2278
f  1530//2279 1534//2279 1535//2279
f  1530//2280 1535//2280 1529//2280
f  1529//2281 1535//2281 1536//2281
f  1529//2282 1536//2282 1528//2282
f  1528//2283 1536//2283 1537//2283
f  1528//2284 1537//2284 1531//2284
f  1538//2285 1539//2285 1540//2285
f  1540//2286 1539//2286 1541//2286
f  1540//2287 1541//2287 1542//2287
f  1542//2288 1541//2288 1543//2288
f  1542//2289 1543//2289 1544//2289
f  1544//2290 1543//2290 1545//2290
f  1544//2291 1545//2291 1546//2291
f  1546//2292 1545//2292 1547//2292
f  1546//2293 1547//2293 1548//2293
f  1548//2294 1547//2294 1549//2294
f  1548//2295 1549//2295 1550//2295
f  1532//2296 1298//2296 1533//2296
f  1533//2297 1298//2297 1300//2297
f  1533//2298 1300//2298 1534//2298
f  1534//2299 1300//2299 1551//2299
f  1534//2300 1551//2300 1535//2300
f  1535//2301 1551//2301 1552//2301
f  1535//2302 1552//2302 1536//2302
f  1536//2303 1552//2303 1553//2303
f  1536//2304 1553//2304 1537//2304
f  1297//2305 1295//2305 1300//2305
f  1300//2306 1295//2306 1554//2306
f  1300//2307 1554//2307 1551//2307
f  1551//2308 1554//2308 1555//2308
f  1551//2309 1555//2309 1552//2309
f  1552//2310 1555//2310 1556//2310
f  1552//2311 1556//2311 1553//2311
f  1553//2312 1556//2312 1557//2312
f  1553//2313 1557//2313 1537//2313
f  1537//2314 1557//2314 1558//2314
f  1537//2315 1558//2315 1531//2315
f  1531//2316 1558//2316 1559//2316
f  1531//2317 1559//2317 1522//2317
f  1522//2318 1559//2318 1560//2318
f  1522//2319 1560//2319 1513//2319
f  1513//2320 1560//2320 1561//2320
f  1513//2321 1561//2321 1514//2321
f  1562//2322 1563//2322 1564//2322
f  1564//2323 1563//2323 1565//2323
f  1564//2324 1565//2324 1566//2324
f  1566//2325 1565//2325 1567//2325
f  1566//2326 1567//2326 1568//2326
f  1568//2327 1567//2327 1569//2327
f  1568//2328 1569//2328 1570//2328
f  1570//2329 1569//2329 1571//2329
f  1570//2330 1571//2330 1572//2330
f  1572//2331 1571//2331 1573//2331
f  1572//2332 1573//2332 1574//2332
f  1574//2333 1573//2333 1575//2333
f  1574//2334 1575//2334 1576//2334
f  1576//2335 1575//2335 1577//2335
f  1576//2336 1577//2336 1578//2336
f  1563//2337 1538//2337 1565//2337
f  1565//2338 1538//2338 1540//2338
f  1565//2339 1540//2339 1567//2339
f  1567//2340 1540//2340 1542//2340
f  1567//2341 1542//2341 1569//2341
f  1569//2342 1542//2342 1544//2342
f  1569//2343 1544//2343 1571//2343
f  1571//2344 1544//2344 1546//2344
f  1571//2345 1546//2345 1573//2345
f  1573//2346 1546//2346 1548//2346
f  1573//2347 1548//2347 1575//2347
f  1575//2348 1548//2348 1550//2348
f  1575//2349 1550//2349 1577//2349
f  1178//2350 1549//2350 1179//2350
f  1179//2351 1549//2351 1547//2351
f  1179//2352 1547//2352 1579//2352
f  1579//2353 1547//2353 1545//2353
f  1579//2354 1545//2354 1580//2354
f  1580//2355 1545//2355 1543//2355
f  1580//2356 1543//2356 1581//2356
f  1581//2357 1543//2357 1541//2357
f  1581//2358 1541//2358 1582//2358
f  1582//2359 1541//2359 1539//2359
f  1583//2360 1584//2360 1585//2360
f  1583//2361 1585//2361 1586//2361
f  1586//2362 1585//2362 1587//2362
f  1586//2363 1587//2363 1588//2363
f  1177//2364 1589//2364 1590//2364
f  1590//2365 1589//2365 1591//2365
f  1590//2366 1591//2366 1592//2366
f  1592//2367 1591//2367 1593//2367
f  1592//2368 1593//2368 1594//2368
f  1594//2369 1593//2369 1595//2369
f  1594//2370 1595//2370 1596//2370
f  1596//2371 1595//2371 1597//2371
f  1596//2372 1597//2372 1598//2372
f  1589//2373 1584//2373 1591//2373
f  1591//2374 1584//2374 1583//2374
f  1591//2375 1583//2375 1593//2375
f  1593//2376 1583//2376 1586//2376
f  1593//2377 1586//2377 1595//2377
f  1595//2378 1586//2378 1588//2378
f  1595//2379 1588//2379 1597//2379
f  1599//2380 1175//2380 1600//2380
f  1600//2381 1175//2381 1174//2381
f  1600//2382 1174//2382 1601//2382
f  1602//2383 1599//2383 1603//2383
f  1603//2384 1599//2384 1600//2384
f  1603//2385 1600//2385 1604//2385
f  1604//2386 1600//2386 1601//2386
f  1604//2387 1601//2387 1605//2387
f  1606//2388 1602//2388 1607//2388
f  1607//2389 1602//2389 1603//2389
f  1607//2390 1603//2390 1608//2390
f  1608//2391 1603//2391 1604//2391
f  1608//2392 1604//2392 1609//2392
f  1609//2393 1604//2393 1605//2393
f  1609//2394 1605//2394 1610//2394
f  1562//2395 1611//2395 1563//2395
f  1563//2396 1611//2396 1612//2396
f  1563//2397 1612//2397 1538//2397
f  1538//2398 1612//2398 1613//2398
f  1538//2399 1613//2399 1539//2399
f  1539//2400 1613//2400 1614//2400
f  1539//2401 1614//2401 1582//2401
f  1582//2402 1614//2402 1615//2402
f  1582//2403 1615//2403 1616//2403
f  1616//2404 1615//2404 1617//2404
f  1616//2405 1617//2405 1618//2405
f  1618//2406 1617//2406 1619//2406
f  1618//2407 1619//2407 1620//2407
f  1620//2408 1619//2408 1621//2408
f  1620//2409 1621//2409 1622//2409
f  1622//2410 1621//2410 1623//2410
f  1624//2411 1623//2411 1625//2411
f  1625//2412 1623//2412 1621//2412
f  1625//2413 1621//2413 1626//2413
f  1626//2414 1621//2414 1619//2414
f  1626//2415 1619//2415 1627//2415
f  1627//2416 1619//2416 1617//2416
f  1627//2417 1617//2417 1628//2417
f  1628//2418 1617//2418 1615//2418
f  1628//2419 1615//2419 1629//2419
f  1629//2420 1615//2420 1614//2420
f  1629//2421 1614//2421 1630//2421
f  1630//2422 1614//2422 1613//2422
f  1630//2423 1613//2423 1631//2423
f  1631//2424 1613//2424 1612//2424
f  1631//2425 1612//2425 1632//2425
f  1632//2426 1612//2426 1611//2426
f  1633//2427 1634//2427 1635//2427
f  1635//2428 1634//2428 1636//2428
f  1635//2429 1636//2429 1637//2429
f  1637//2430 1636//2430 1638//2430
f  1637//2431 1638//2431 1639//2431
f  1639//2432 1638//2432 1640//2432
f  1639//2433 1640//2433 1641//2433
f  1641//2434 1640//2434 1642//2434
f  1641//2435 1642//2435 1643//2435
f  1643//2436 1642//2436 1644//2436
f  1643//2437 1644//2437 1645//2437
f  1645//2438 1644//2438 1646//2438
f  1645//2439 1646//2439 1647//2439
f  1647//2440 1646//2440 1648//2440
f  1647//2441 1648//2441 1649//2441
f  1649//2442 1648//2442 1650//2442
f  1649//2443 1650//2443 1651//2443
f  1634//2444 1652//2444 1636//2444
f  1636//2445 1652//2445 1653//2445
f  1636//2446 1653//2446 1638//2446
f  1638//2447 1653//2447 1654//2447
f  1638//2448 1654//2448 1640//2448
f  1640//2449 1654//2449 1655//2449
f  1640//2450 1655//2450 1642//2450
f  1642//2451 1655//2451 1656//2451
f  1642//2452 1656//2452 1644//2452
f  1644//2453 1656//2453 1657//2453
f  1644//2454 1657//2454 1646//2454
f  1646//2455 1657//2455 1658//2455
f  1646//2456 1658//2456 1648//2456
f  1648//2457 1658//2457 1659//2457
f  1648//2458 1659//2458 1650//2458
f  1632//2459 1660//2459 1631//2459
f  1631//2460 1660//2460 1661//2460
f  1631//2461 1661//2461 1630//2461
f  1630//2462 1661//2462 1662//2462
f  1630//2463 1662//2463 1629//2463
f  1629//2464 1662//2464 1663//2464
f  1629//2465 1663//2465 1628//2465
f  1628//2466 1663//2466 1664//2466
f  1628//2467 1664//2467 1627//2467
f  1627//2468 1664//2468 1665//2468
f  1627//2469 1665//2469 1626//2469
f  1626//2470 1665//2470 1666//2470
f  1626//2471 1666//2471 1625//2471
f  1625//2472 1666//2472 1667//2472
f  1625//2473 1667//2473 1624//2473
f  1624//2474 1667//2474 1668//2474
f  1177//2475 1179//2475 1589//2475
f  1589//2476 1179//2476 1579//2476
f  1589//2477 1579//2477 1584//2477
f  1584//2478 1579//2478 1580//2478
f  1584//2479 1580//2479 1585//2479
f  1585//2480 1580//2480 1581//2480
f  1585//2481 1581//2481 1587//2481
f  1587//2482 1581//2482 1582//2482
f  1587//2483 1582//2483 1588//2483
f  1588//2484 1582//2484 1616//2484
f  1588//2485 1616//2485 1597//2485
f  1597//2486 1616//2486 1618//2486
f  1597//2487 1618//2487 1598//2487
f  1598//2488 1618//2488 1620//2488
f  1598//2489 1620//2489 1669//2489
f  1669//2490 1620//2490 1622//2490
f  1669//2491 1622//2491 1670//2491
f  1670//2492 1622//2492 1623//2492
f  1670//2493 1623//2493 1671//2493
f  1671//2494 1623//2494 1624//2494
f  1671//2495 1624//2495 1672//2495
f  1672//2496 1624//2496 1668//2496
f  1672//2497 1668//2497 1673//2497
f  1290//2498 1287//2498 1291//2498
f  1291//2499 1287//2499 1284//2499
f  1291//2500 1284//2500 1674//2500
f  1674//2501 1284//2501 1281//2501
f  1674//2502 1281//2502 1675//2502
f  1675//2503 1281//2503 1279//2503
f  1675//2504 1279//2504 1676//2504
f  1676//2505 1279//2505 1276//2505
f  1676//2506 1276//2506 1677//2506
f  1677//2507 1276//2507 1272//2507
f  1677//2508 1272//2508 1678//2508
f  1678//2509 1272//2509 1267//2509
f  1678//2510 1267//2510 1679//2510
f  1679//2511 1267//2511 1265//2511
f  1679//2512 1265//2512 1680//2512
f  1680//2513 1265//2513 1199//2513
f  1680//2514 1199//2514 1681//2514
f  1681//2515 1199//2515 1261//2515
f  1681//2516 1261//2516 1682//2516
f  1652//2517 1683//2517 1653//2517
f  1653//2518 1683//2518 1684//2518
f  1653//2519 1684//2519 1654//2519
f  1654//2520 1684//2520 1610//2520
f  1654//2521 1610//2521 1655//2521
f  1655//2522 1610//2522 1605//2522
f  1655//2523 1605//2523 1656//2523
f  1656//2524 1605//2524 1601//2524
f  1656//2525 1601//2525 1657//2525
f  1657//2526 1601//2526 1174//2526
f  1657//2527 1174//2527 1658//2527
f  1658//2528 1174//2528 1176//2528
f  1658//2529 1176//2529 1659//2529
f  1685//2530 1171//2530 1686//2530
f  1171//2531 1173//2531 1686//2531
f  1686//2532 1173//2532 1687//2532
f  1686//2533 1687//2533 1688//2533
f  1688//2534 1687//2534 1689//2534
f  1688//2535 1689//2535 1690//2535
f  1690//2536 1689//2536 1691//2536
f  1690//2537 1691//2537 1692//2537
f  1692//2538 1691//2538 1693//2538
f  1692//2539 1693//2539 1694//2539
f  1694//2540 1693//2540 1695//2540
f  1694//2541 1695//2541 1696//2541
f  1697//2542 1170//2542 1698//2542
f  1698//2543 1170//2543 1169//2543
f  1698//2544 1169//2544 1699//2544
f  1700//2545 1697//2545 1701//2545
f  1701//2546 1697//2546 1698//2546
f  1701//2547 1698//2547 1702//2547
f  1702//2548 1698//2548 1699//2548
f  1702//2549 1699//2549 1685//2549
f  1703//2550 1168//2550 1704//2550
f  1704//2551 1168//2551 1170//2551
f  1704//2552 1170//2552 1705//2552
f  1705//2553 1170//2553 1697//2553
f  1705//2554 1697//2554 1166//2554
f  1166//2555 1697//2555 1700//2555
f  1166//2556 1700//2556 1167//2556
f  1673//2557 1706//2557 1672//2557
f  1672//2558 1706//2558 1707//2558
f  1672//2559 1707//2559 1671//2559
f  1671//2560 1707//2560 1708//2560
f  1671//2561 1708//2561 1670//2561
f  1670//2562 1708//2562 1709//2562
f  1670//2563 1709//2563 1669//2563
f  1669//2564 1709//2564 1710//2564
f  1669//2565 1710//2565 1598//2565
f  1598//2566 1710//2566 1711//2566
f  1598//2567 1711//2567 1596//2567
f  1596//2568 1711//2568 1712//2568
f  1596//2569 1712//2569 1594//2569
f  1594//2570 1712//2570 1713//2570
f  1594//2571 1713//2571 1592//2571
f  1592//2572 1713//2572 1714//2572
f  1592//2573 1714//2573 1590//2573
f  1590//2574 1714//2574 1715//2574
f  1590//2575 1715//2575 1177//2575
f  1177//2576 1715//2576 1716//2576
f  1177//2577 1716//2577 1178//2577
f  1178//2578 1716//2578 1717//2578
f  1178//2579 1717//2579 1549//2579
f  1549//2580 1717//2580 1718//2580
f  1549//2581 1718//2581 1550//2581
f  1550//2582 1718//2582 1719//2582
f  1550//2583 1719//2583 1577//2583
f  1577//2584 1719//2584 1720//2584
f  1577//2585 1720//2585 1578//2585
f  1578//2586 1720//2586 1721//2586
f  1578//2587 1721//2587 1722//2587
f  1722//2588 1721//2588 1723//2588
f  1722//2589 1723//2589 1724//2589
f  1724//2590 1723//2590 1725//2590
f  1724//2591 1725//2591 1726//2591
f  1726//2592 1725//2592 1727//2592
f  1726//2593 1727//2593 1728//2593
f  1728//2594 1727//2594 1729//2594
f  1728//2595 1729//2595 1730//2595
f  1730//2596 1729//2596 1731//2596
f  1730//2597 1731//2597 1732//2597
f  1732//2598 1731//2598 1733//2598
f  1732//2599 1733//2599 1734//2599
f  1734//2600 1733//2600 1735//2600
f  1734//2601 1735//2601 1736//2601
f  1736//2602 1735//2602 1737//2602
f  1736//2603 1737//2603 1738//2603
f  1738//2604 1737//2604 1739//2604
f  1738//2605 1739//2605 1740//2605
f  1740//2606 1739//2606 1741//2606
f  1740//2607 1741//2607 1742//2607
f  1742//2608 1741//2608 1743//2608
f  1164//2609 1163//2609 1166//2609
f  1166//2610 1163//2610 1744//2610
f  1166//2611 1744//2611 1705//2611
f  1705//2612 1744//2612 1745//2612
f  1705//2613 1745//2613 1704//2613
f  1704//2614 1745//2614 1746//2614
f  1704//2615 1746//2615 1703//2615
f  1511//2616 1510//2616 1747//2616
f  1747//2617 1510//2617 1748//2617
f  1747//2618 1748//2618 1749//2618
f  1749//2619 1748//2619 1750//2619
f  1749//2620 1750//2620 1751//2620
f  1751//2621 1750//2621 1752//2621
f  1751//2622 1752//2622 1753//2622
f  1753//2623 1752//2623 1754//2623
f  1753//2624 1754//2624 1755//2624
f  1755//2625 1754//2625 1756//2625
f  1755//2626 1756//2626 1757//2626
f  1757//2627 1756//2627 1758//2627
f  1757//2628 1758//2628 1759//2628
f  1759//2629 1758//2629 1760//2629
f  1759//2630 1760//2630 1761//2630
f  1762//2631 1761//2631 1763//2631
f  1763//2632 1761//2632 1760//2632
f  1763//2633 1760//2633 1764//2633
f  1764//2634 1760//2634 1758//2634
f  1764//2635 1758//2635 1742//2635
f  1742//2636 1758//2636 1756//2636
f  1742//2637 1756//2637 1740//2637
f  1740//2638 1756//2638 1754//2638
f  1740//2639 1754//2639 1738//2639
f  1738//2640 1754//2640 1752//2640
f  1738//2641 1752//2641 1736//2641
f  1736//2642 1752//2642 1750//2642
f  1736//2643 1750//2643 1734//2643
f  1734//2644 1750//2644 1748//2644
f  1734//2645 1748//2645 1732//2645
f  1732//2646 1748//2646 1510//2646
f  1732//2647 1510//2647 1730//2647
f  1730//2648 1510//2648 1521//2648
f  1730//2649 1521//2649 1728//2649
f  1728//2650 1521//2650 1520//2650
f  1728//2651 1520//2651 1726//2651
f  1726//2652 1520//2652 1518//2652
f  1726//2653 1518//2653 1724//2653
f  1724//2654 1518//2654 1516//2654
f  1724//2655 1516//2655 1722//2655
f  1722//2656 1516//2656 1514//2656
f  1722//2657 1514//2657 1578//2657
f  1578//2658 1514//2658 1561//2658
f  1578//2659 1561//2659 1576//2659
f  1576//2660 1561//2660 1560//2660
f  1576//2661 1560//2661 1574//2661
f  1574//2662 1560//2662 1559//2662
f  1574//2663 1559//2663 1572//2663
f  1572//2664 1559//2664 1558//2664
f  1572//2665 1558//2665 1570//2665
f  1570//2666 1558//2666 1557//2666
f  1570//2667 1557//2667 1568//2667
f  1568//2668 1557//2668 1556//2668
f  1568//2669 1556//2669 1566//2669
f  1566//2670 1556//2670 1555//2670
f  1566//2671 1555//2671 1564//2671
f  1564//2672 1555//2672 1554//2672
f  1564//2673 1554//2673 1562//2673
f  1562//2674 1554//2674 1295//2674
f  1562//2675 1295//2675 1611//2675
f  1611//2676 1295//2676 1293//2676
f  1611//2677 1293//2677 1632//2677
f  1632//2678 1293//2678 1291//2678
f  1632//2679 1291//2679 1660//2679
f  1660//2680 1291//2680 1674//2680
f  1660//2681 1674//2681 1661//2681
f  1661//2682 1674//2682 1675//2682
f  1661//2683 1675//2683 1662//2683
f  1662//2684 1675//2684 1676//2684
f  1662//2685 1676//2685 1663//2685
f  1663//2686 1676//2686 1677//2686
f  1663//2687 1677//2687 1664//2687
f  1664//2688 1677//2688 1678//2688
f  1664//2689 1678//2689 1665//2689
f  1665//2690 1678//2690 1679//2690
f  1665//2691 1679//2691 1666//2691
f  1666//2692 1679//2692 1680//2692
f  1666//2693 1680//2693 1667//2693
f  1667//2694 1680//2694 1681//2694
f  1667//2695 1681//2695 1668//2695
f  1668//2696 1681//2696 1682//2696
f  1668//2697 1682//2697 1673//2697
f  1685//2698 1686//2698 1702//2698
f  1702//2699 1686//2699 1688//2699
f  1702//2700 1688//2700 1701//2700
f  1701//2701 1688//2701 1690//2701
f  1701//2702 1690//2702 1700//2702
f  1700//2703 1690//2703 1692//2703
f  1700//2704 1692//2704 1167//2704
f  1167//2705 1692//2705 1694//2705
f  1167//2706 1694//2706 1164//2706
f  1164//2707 1694//2707 1696//2707
f  1164//2708 1696//2708 1165//2708
f  1160//2709 1162//2709 1765//2709
f  1766//2710 1767//2710 1768//2710
f  1161//2711 1769//2711 1162//2711
f  1162//2712 1769//2712 1770//2712
f  1162//2713 1770//2713 1771//2713
f  1771//2714 1770//2714 1772//2714
f  1771//2715 1772//2715 1773//2715
f  1773//2716 1772//2716 1774//2716
f  1773//2717 1774//2717 1766//2717
f  1766//2718 1774//2718 1775//2718
f  1766//2719 1775//2719 1767//2719
f  1767//2720 1775//2720 1776//2720
f  1767//2721 1776//2721 1777//2721
f  1777//2722 1776//2722 1778//2722
f  1777//2723 1778//2723 1779//2723
f  1779//2724 1778//2724 1780//2724
f  1779//2725 1780//2725 1781//2725
f  1781//2726 1780//2726 1782//2726
f  1781//2727 1782//2727 1783//2727
f  1783//2728 1782//2728 1784//2728
f  1783//2729 1784//2729 1785//2729
f  1785//2730 1784//2730 1786//2730
f  1785//2731 1786//2731 1787//2731
f  1787//2732 1786//2732 1788//2732
f  1787//2733 1788//2733 1789//2733
f  1159//2734 1158//2734 1789//2734
f  1789//2735 1158//2735 1790//2735
f  1789//2736 1790//2736 1787//2736
f  1768//2737 1767//2737 1791//2737
f  1791//2738 1767//2738 1777//2738
f  1791//2739 1777//2739 1792//2739
f  1792//2740 1777//2740 1779//2740
f  1792//2741 1779//2741 1793//2741
f  1793//2742 1779//2742 1781//2742
f  1793//2743 1781//2743 1794//2743
f  1794//2744 1781//2744 1783//2744
f  1794//2745 1783//2745 1795//2745
f  1795//2746 1783//2746 1785//2746
f  1795//2747 1785//2747 1796//2747
f  1796//2748 1785//2748 1787//2748
f  1796//2749 1787//2749 1797//2749
f  1797//2750 1787//2750 1790//2750
f  1797//2751 1790//2751 1798//2751
f  1798//2752 1790//2752 1158//2752
f  1798//2753 1158//2753 1799//2753
f  1799//2754 1158//2754 1157//2754
f  1799//2755 1157//2755 1800//2755
f  1769//2756 1801//2756 1770//2756
f  1770//2757 1801//2757 1802//2757
f  1770//2758 1802//2758 1772//2758
f  1772//2759 1802//2759 1803//2759
f  1772//2760 1803//2760 1774//2760
f  1774//2761 1803//2761 1804//2761
f  1774//2762 1804//2762 1775//2762
f  1775//2763 1804//2763 1805//2763
f  1775//2764 1805//2764 1776//2764
f  1776//2765 1805//2765 1806//2765
f  1776//2766 1806//2766 1778//2766
f  1778//2767 1806//2767 1807//2767
f  1778//2768 1807//2768 1780//2768
f  1780//2769 1807//2769 1808//2769
f  1780//2770 1808//2770 1782//2770
f  1782//2771 1808//2771 1809//2771
f  1782//2772 1809//2772 1784//2772
f  1784//2773 1809//2773 1810//2773
f  1784//2774 1810//2774 1786//2774
f  1786//2775 1810//2775 1811//2775
f  1786//2776 1811//2776 1788//2776
f  1788//2777 1811//2777 1812//2777
f  1788//2778 1812//2778 1789//2778
f  1813//2779 1245//2779 1814//2779
f  1814//2780 1245//2780 1240//2780
f  1814//2781 1240//2781 1815//2781
f  1815//2782 1240//2782 1237//2782
f  1815//2783 1237//2783 1816//2783
f  1816//2784 1237//2784 1233//2784
f  1816//2785 1233//2785 1817//2785
f  1817//2786 1233//2786 1230//2786
f  1817//2787 1230//2787 1818//2787
f  1818//2788 1230//2788 1227//2788
f  1219//2789 1819//2789 1217//2789
f  1217//2790 1819//2790 1820//2790
f  1217//2791 1820//2791 1222//2791
f  1222//2792 1820//2792 1821//2792
f  1222//2793 1821//2793 1225//2793
f  1225//2794 1821//2794 1822//2794
f  1225//2795 1822//2795 1227//2795
f  1227//2796 1822//2796 1823//2796
f  1227//2797 1823//2797 1818//2797
f  1824//2798 1159//2798 1825//2798
f  1825//2799 1159//2799 1789//2799
f  1825//2800 1789//2800 1826//2800
f  1826//2801 1789//2801 1812//2801
f  1826//2802 1812//2802 1827//2802
f  1827//2803 1812//2803 1811//2803
f  1827//2804 1811//2804 1828//2804
f  1828//2805 1811//2805 1810//2805
f  1828//2806 1810//2806 1829//2806
f  1829//2807 1810//2807 1809//2807
f  1829//2808 1809//2808 1830//2808
f  1830//2809 1809//2809 1808//2809
f  1830//2810 1808//2810 1831//2810
f  1831//2811 1808//2811 1807//2811
f  1831//2812 1807//2812 1832//2812
f  1832//2813 1807//2813 1806//2813
f  1832//2814 1806//2814 1833//2814
f  1833//2815 1806//2815 1805//2815
f  1833//2816 1805//2816 1834//2816
f  1834//2817 1805//2817 1804//2817
f  1834//2818 1804//2818 1835//2818
f  1835//2819 1804//2819 1803//2819
f  1835//2820 1803//2820 1836//2820
f  1836//2821 1803//2821 1802//2821
f  1836//2822 1802//2822 1837//2822
f  1837//2823 1802//2823 1801//2823
f  1837//2824 1813//2824 1836//2824
f  1836//2825 1813//2825 1814//2825
f  1836//2826 1814//2826 1835//2826
f  1835//2827 1814//2827 1815//2827
f  1835//2828 1815//2828 1834//2828
f  1834//2829 1815//2829 1816//2829
f  1834//2830 1816//2830 1833//2830
f  1833//2831 1816//2831 1817//2831
f  1833//2832 1817//2832 1832//2832
f  1832//2833 1817//2833 1818//2833
f  1832//2834 1818//2834 1831//2834
f  1831//2835 1818//2835 1823//2835
f  1831//2836 1823//2836 1830//2836
f  1830//2837 1823//2837 1822//2837
f  1830//2838 1822//2838 1829//2838
f  1829//2839 1822//2839 1821//2839
f  1829//2840 1821//2840 1828//2840
f  1828//2841 1821//2841 1820//2841
f  1828//2842 1820//2842 1827//2842
f  1827//2843 1820//2843 1819//2843
f  1827//2844 1819//2844 1826//2844
f  1826//2845 1819//2845 1219//2845
f  1826//2846 1219//2846 1825//2846
f  1825//2847 1219//2847 1220//2847
f  1825//2848 1220//2848 1824//2848
f  1838//2849 1839//2849 1840//2849
f  1840//2850 1839//2850 1212//2850
f  1840//2851 1212//2851 1316//2851
f  1316//2852 1212//2852 1214//2852
f  1316//2853 1214//2853 1317//2853
f  1201//2854 1203//2854 1202//2854
f  1202//2855 1203//2855 1205//2855
f  1202//2856 1205//2856 1220//2856
f  1220//2857 1205//2857 1210//2857
f  1220//2858 1210//2858 1824//2858
f  1824//2859 1210//2859 1212//2859
f  1824//2860 1212//2860 1159//2860
f  1159//2861 1212//2861 1839//2861
f  1159//2862 1839//2862 1157//2862
f  1157//2863 1839//2863 1838//2863
f  1157//2864 1838//2864 1800//2864
f  1312//2865 1314//2865 1316//2865
f  1316//2866 1314//2866 1527//2866
f  1316//2867 1527//2867 1840//2867
f  1840//2868 1527//2868 1526//2868
f  1840//2869 1526//2869 1838//2869
f  1838//2870 1526//2870 1512//2870
f  1838//2871 1512//2871 1800//2871
f  1800//2872 1512//2872 1511//2872
f  1800//2873 1511//2873 1799//2873
f  1799//2874 1511//2874 1747//2874
f  1799//2875 1747//2875 1798//2875
f  1798//2876 1747//2876 1749//2876
f  1798//2877 1749//2877 1797//2877
f  1797//2878 1749//2878 1751//2878
f  1797//2879 1751//2879 1796//2879
f  1796//2880 1751//2880 1753//2880
f  1796//2881 1753//2881 1795//2881
f  1795//2882 1753//2882 1755//2882
f  1795//2883 1755//2883 1794//2883
f  1794//2884 1755//2884 1757//2884
f  1794//2885 1757//2885 1793//2885
f  1793//2886 1757//2886 1759//2886
f  1793//2887 1759//2887 1792//2887
f  1792//2888 1759//2888 1761//2888
f  1792//2889 1761//2889 1791//2889
f  1791//2890 1761//2890 1762//2890
f  1791//2891 1762//2891 1768//2891
f  1420//2892 1418//2892 1421//2892
f  1421//2893 1418//2893 1417//2893
f  1421//2894 1417//2894 1423//2894
f  1423//2895 1417//2895 1841//2895
f  1152//2896 1151//2896 1842//2896
f  1842//2897 1151//2897 1843//2897
f  1842//2898 1843//2898 1844//2898
f  1844//2899 1843//2899 1845//2899
f  1844//2900 1845//2900 1846//2900
f  1846//2901 1845//2901 1847//2901
f  1846//2902 1847//2902 1848//2902
f  1848//2903 1847//2903 1849//2903
f  1848//2904 1849//2904 1850//2904
f  1850//2905 1849//2905 1851//2905
f  1850//2906 1851//2906 1150//2906
f  1150//2907 1149//2907 1850//2907
f  1850//2908 1149//2908 1852//2908
f  1850//2909 1852//2909 1848//2909
f  1848//2910 1852//2910 1853//2910
f  1848//2911 1853//2911 1846//2911
f  1846//2912 1853//2912 1854//2912
f  1846//2913 1854//2913 1844//2913
f  1844//2914 1854//2914 1855//2914
f  1844//2915 1855//2915 1842//2915
f  1842//2916 1855//2916 1856//2916
f  1842//2917 1856//2917 1152//2917
f  1152//2918 1856//2918 1154//2918
f  1152//2919 1154//2919 1153//2919
f  1153//2920 1154//2920 1156//2920
f  1153//2921 1156//2921 1857//2921
f  1155//2922 1154//2922 1858//2922
f  1858//2923 1154//2923 1856//2923
f  1858//2924 1856//2924 1859//2924
f  1859//2925 1856//2925 1855//2925
f  1859//2926 1855//2926 1860//2926
f  1860//2927 1855//2927 1854//2927
f  1860//2928 1854//2928 1861//2928
f  1861//2929 1854//2929 1853//2929
f  1861//2930 1853//2930 1862//2930
f  1862//2931 1853//2931 1852//2931
f  1862//2932 1852//2932 1863//2932
f  1863//2933 1852//2933 1149//2933
f  1863//2934 1149//2934 1864//2934
f  1864//2935 1149//2935 1148//2935
f  1864//2936 1148//2936 1865//2936
f  1866//2937 1867//2937 1146//2937
f  1146//2938 1867//2938 1868//2938
f  1146//2939 1868//2939 1147//2939
f  1147//2940 1868//2940 1869//2940
f  1145//2941 1144//2941 1870//2941
f  1870//2942 1144//2942 1147//2942
f  1870//2943 1147//2943 1871//2943
f  1871//2944 1147//2944 1869//2944
f  1871//2945 1869//2945 1872//2945
f  1865//2946 1873//2946 1874//2946
f  1874//2947 1873//2947 1875//2947
f  1874//2948 1875//2948 1876//2948
f  1876//2949 1875//2949 1877//2949
f  1876//2950 1877//2950 1878//2950
f  1878//2951 1877//2951 1879//2951
f  1878//2952 1879//2952 1880//2952
f  1880//2953 1879//2953 1881//2953
f  1882//2954 1883//2954 1884//2954
f  1885//2955 1882//2955 1886//2955
f  1886//2956 1882//2956 1884//2956
f  1886//2957 1884//2957 1887//2957
f  1888//2958 1889//2958 1890//2958
f  1890//2959 1889//2959 1885//2959
f  1891//2960 1892//2960 1893//2960
f  1893//2961 1892//2961 1894//2961
f  1893//2962 1894//2962 1895//2962
f  1895//2963 1894//2963 1896//2963
f  1895//2964 1896//2964 1897//2964
f  1897//2965 1896//2965 1898//2965
f  1897//2966 1898//2966 1899//2966
f  1899//2967 1898//2967 1900//2967
f  1899//2968 1900//2968 1901//2968
f  1901//2969 1900//2969 1902//2969
f  1901//2970 1902//2970 1903//2970
f  1903//2971 1902//2971 1904//2971
f  1903//2972 1904//2972 1905//2972
f  1905//2973 1904//2973 1906//2973
f  1905//2974 1906//2974 1907//2974
f  1907//2975 1906//2975 1908//2975
f  1907//2976 1908//2976 1909//2976
f  1909//2977 1908//2977 1910//2977
f  1909//2978 1910//2978 1911//2978
f  1911//2979 1910//2979 1912//2979
f  1911//2980 1912//2980 1913//2980
f  1913//2981 1912//2981 1914//2981
f  1913//2982 1914//2982 1915//2982
f  1915//2983 1914//2983 1916//2983
f  1915//2984 1916//2984 1917//2984
f  1917//2985 1916//2985 1918//2985
f  1917//2986 1918//2986 1919//2986
f  1919//2987 1918//2987 1257//2987
f  1919//2988 1257//2988 1252//2988
f  1252//2989 1257//2989 1259//2989
f  1252//2990 1259//2990 1253//2990
f  1920//2991 1921//2991 1922//2991
f  1922//2992 1921//2992 1923//2992
f  1922//2993 1923//2993 1924//2993
f  1924//2994 1923//2994 1925//2994
f  1924//2995 1925//2995 1926//2995
f  1926//2996 1925//2996 1927//2996
f  1926//2997 1927//2997 1928//2997
f  1928//2998 1927//2998 1929//2998
f  1928//2999 1929//2999 1930//2999
f  1930//3000 1929//3000 1931//3000
f  1930//3001 1931//3001 1932//3001
f  1932//3002 1931//3002 1933//3002
f  1932//3003 1933//3003 1934//3003
f  1934//3004 1933//3004 1935//3004
f  1934//3005 1935//3005 1936//3005
f  1936//3006 1935//3006 1937//3006
f  1936//3007 1937//3007 1938//3007
f  1938//3008 1937//3008 1939//3008
f  1938//3009 1939//3009 1765//3009
f  1765//3010 1939//3010 1940//3010
f  1765//3011 1940//3011 1160//3011
f  1160//3012 1940//3012 1941//3012
f  1160//3013 1941//3013 1161//3013
f  1161//3014 1941//3014 1942//3014
f  1161//3015 1942//3015 1769//3015
f  1769//3016 1942//3016 1943//3016
f  1769//3017 1943//3017 1801//3017
f  1801//3018 1943//3018 1944//3018
f  1801//3019 1944//3019 1837//3019
f  1837//3020 1944//3020 1945//3020
f  1837//3021 1945//3021 1813//3021
f  1813//3022 1945//3022 1250//3022
f  1813//3023 1250//3023 1245//3023
f  1245//3024 1250//3024 1251//3024
f  1245//3025 1251//3025 1243//3025
f  1921//3026 1891//3026 1923//3026
f  1923//3027 1891//3027 1893//3027
f  1923//3028 1893//3028 1925//3028
f  1925//3029 1893//3029 1895//3029
f  1925//3030 1895//3030 1927//3030
f  1927//3031 1895//3031 1897//3031
f  1927//3032 1897//3032 1929//3032
f  1929//3033 1897//3033 1899//3033
f  1929//3034 1899//3034 1931//3034
f  1931//3035 1899//3035 1901//3035
f  1931//3036 1901//3036 1933//3036
f  1933//3037 1901//3037 1903//3037
f  1933//3038 1903//3038 1935//3038
f  1935//3039 1903//3039 1905//3039
f  1935//3040 1905//3040 1937//3040
f  1937//3041 1905//3041 1907//3041
f  1937//3042 1907//3042 1939//3042
f  1939//3043 1907//3043 1909//3043
f  1939//3044 1909//3044 1940//3044
f  1940//3045 1909//3045 1911//3045
f  1940//3046 1911//3046 1941//3046
f  1941//3047 1911//3047 1913//3047
f  1941//3048 1913//3048 1942//3048
f  1942//3049 1913//3049 1915//3049
f  1942//3050 1915//3050 1943//3050
f  1943//3051 1915//3051 1917//3051
f  1943//3052 1917//3052 1944//3052
f  1944//3053 1917//3053 1919//3053
f  1944//3054 1919//3054 1945//3054
f  1945//3055 1919//3055 1252//3055
f  1945//3056 1252//3056 1250//3056
f  1250//3057 1252//3057 1254//3057
f  1250//3058 1254//3058 1248//3058
f  1866//3059 1146//3059 1946//3059
f  1946//3060 1146//3060 1144//3060
f  1946//3061 1144//3061 1947//3061
f  1947//3062 1144//3062 1143//3062
f  1947//3063 1143//3063 1948//3063
f  1885//3064 1886//3064 1890//3064
f  1890//3065 1886//3065 1887//3065
f  1890//3066 1887//3066 1949//3066
f  1949//3067 1887//3067 1950//3067
f  1949//3068 1950//3068 1951//3068
f  1951//3069 1950//3069 1952//3069
f  1951//3070 1952//3070 1953//3070
f  1953//3071 1952//3071 1954//3071
f  1953//3072 1954//3072 1955//3072
f  1955//3073 1954//3073 1956//3073
f  1955//3074 1956//3074 1957//3074
f  1957//3075 1956//3075 1958//3075
f  1957//3076 1958//3076 1959//3076
f  1959//3077 1958//3077 1960//3077
f  1959//3078 1960//3078 1961//3078
f  1961//3079 1960//3079 1962//3079
f  1961//3080 1962//3080 1963//3080
f  1963//3081 1962//3081 1964//3081
f  1963//3082 1964//3082 1965//3082
f  1965//3083 1964//3083 1966//3083
f  1965//3084 1966//3084 1967//3084
f  1967//3085 1966//3085 1968//3085
f  1967//3086 1968//3086 1969//3086
f  1970//3087 1971//3087 1972//3087
f  1972//3088 1971//3088 1973//3088
f  1972//3089 1973//3089 1948//3089
f  1948//3090 1973//3090 1974//3090
f  1948//3091 1974//3091 1947//3091
f  1947//3092 1974//3092 1975//3092
f  1947//3093 1975//3093 1946//3093
f  1946//3094 1975//3094 1976//3094
f  1946//3095 1976//3095 1866//3095
f  1866//3096 1976//3096 1977//3096
f  1866//3097 1977//3097 1867//3097
f  1145//3098 1978//3098 1143//3098
f  1143//3099 1978//3099 1979//3099
f  1143//3100 1979//3100 1948//3100
f  1948//3101 1979//3101 1980//3101
f  1948//3102 1980//3102 1972//3102
f  1972//3103 1980//3103 1981//3103
f  1972//3104 1981//3104 1970//3104
f  1888//3105 1890//3105 1982//3105
f  1982//3106 1890//3106 1949//3106
f  1982//3107 1949//3107 1983//3107
f  1983//3108 1949//3108 1951//3108
f  1983//3109 1951//3109 1984//3109
f  1984//3110 1951//3110 1953//3110
f  1984//3111 1953//3111 1985//3111
f  1985//3112 1953//3112 1955//3112
f  1985//3113 1955//3113 1986//3113
f  1986//3114 1955//3114 1957//3114
f  1986//3115 1957//3115 1172//3115
f  1172//3116 1957//3116 1959//3116
f  1172//3117 1959//3117 1173//3117
f  1173//3118 1959//3118 1961//3118
f  1173//3119 1961//3119 1687//3119
f  1687//3120 1961//3120 1963//3120
f  1687//3121 1963//3121 1689//3121
f  1689//3122 1963//3122 1965//3122
f  1689//3123 1965//3123 1691//3123
f  1691//3124 1965//3124 1967//3124
f  1691//3125 1967//3125 1693//3125
f  1693//3126 1967//3126 1969//3126
f  1693//3127 1969//3127 1695//3127
f  1987//3128 1988//3128 1989//3128
f  1989//3129 1988//3129 1990//3129
f  1989//3130 1990//3130 1991//3130
f  1991//3131 1990//3131 1992//3131
f  1991//3132 1992//3132 1993//3132
f  1993//3133 1992//3133 1994//3133
f  1993//3134 1994//3134 1995//3134
f  1995//3135 1994//3135 1996//3135
f  1995//3136 1996//3136 1997//3136
f  1997//3137 1996//3137 1998//3137
f  1997//3138 1998//3138 1999//3138
f  1999//3139 1998//3139 2000//3139
f  2001//3140 2002//3140 2003//3140
f  2003//3141 2002//3141 2004//3141
f  2003//3142 2004//3142 2005//3142
f  2005//3143 2004//3143 2006//3143
f  2005//3144 2006//3144 2007//3144
f  2007//3145 2006//3145 2008//3145
f  2007//3146 2008//3146 2009//3146
f  2010//3147 2000//3147 2011//3147
f  2011//3148 2000//3148 1998//3148
f  2011//3149 1998//3149 2012//3149
f  2012//3150 1998//3150 1996//3150
f  2012//3151 1996//3151 2009//3151
f  2009//3152 1996//3152 1994//3152
f  2009//3153 1994//3153 2007//3153
f  2007//3154 1994//3154 1992//3154
f  2007//3155 1992//3155 2005//3155
f  2005//3156 1992//3156 1990//3156
f  2005//3157 1990//3157 2003//3157
f  2003//3158 1990//3158 1988//3158
f  2003//3159 1988//3159 2001//3159
f  2001//3160 1988//3160 1987//3160
f  2009//3161 2013//3161 2012//3161
f  2012//3162 2013//3162 2014//3162
f  2012//3163 2014//3163 2011//3163
f  2011//3164 2014//3164 2015//3164
f  2011//3165 2015//3165 2010//3165
f  2010//3166 2015//3166 2016//3166
f  2017//3167 2016//3167 2018//3167
f  2018//3168 2016//3168 2015//3168
f  2018//3169 2015//3169 2019//3169
f  2019//3170 2015//3170 2014//3170
f  2019//3171 2014//3171 2020//3171
f  2020//3172 2014//3172 2013//3172
f  2020//3173 2013//3173 2021//3173
f  2021//3174 2013//3174 2009//3174
f  2021//3175 2009//3175 2022//3175
f  2022//3176 2009//3176 2008//3176
f  2023//3177 2017//3177 2024//3177
f  2024//3178 2017//3178 2018//3178
f  2024//3179 2018//3179 2025//3179
f  2025//3180 2018//3180 2019//3180
f  2025//3181 2019//3181 2026//3181
f  2026//3182 2019//3182 2020//3182
f  2026//3183 2020//3183 2027//3183
f  2027//3184 2020//3184 2021//3184
f  2027//3185 2021//3185 2028//3185
f  2028//3186 2021//3186 2022//3186
f  2028//3187 2022//3187 2029//3187
f  2029//3188 2022//3188 2008//3188
f  2029//3189 2008//3189 2030//3189
f  2030//3190 2008//3190 2006//3190
f  2030//3191 2006//3191 2031//3191
f  2031//3192 2006//3192 2004//3192
f  2031//3193 2004//3193 2032//3193
f  2032//3194 2004//3194 2002//3194
f  1495//3195 1488//3195 1496//3195
f  1496//3196 1488//3196 1490//3196
f  1496//3197 1490//3197 2033//3197
f  2033//3198 1490//3198 1492//3198
f  2033//3199 1492//3199 2034//3199
f  2034//3200 1492//3200 1486//3200
f  2034//3201 1486//3201 2035//3201
f  2035//3202 1486//3202 1483//3202
f  2035//3203 1483//3203 2036//3203
f  2036//3204 1483//3204 1481//3204
f  2036//3205 1481//3205 2037//3205
f  2037//3206 1481//3206 1474//3206
f  2037//3207 1474//3207 2038//3207
f  2038//3208 1474//3208 1469//3208
f  2038//3209 1469//3209 2039//3209
f  2039//3210 1469//3210 1471//3210
f  2039//3211 1471//3211 2040//3211
f  2040//3212 1471//3212 1466//3212
f  2040//3213 1466//3213 2041//3213
f  2041//3214 1466//3214 1463//3214
f  2041//3215 1463//3215 2042//3215
f  2042//3216 1463//3216 1461//3216
f  2042//3217 1461//3217 2043//3217
f  2043//3218 1461//3218 1458//3218
f  2043//3219 1458//3219 2044//3219
f  2044//3220 1458//3220 1453//3220
f  2044//3221 1453//3221 2045//3221
f  2045//3222 1453//3222 1185//3222
f  2045//3223 1185//3223 2046//3223
f  2046//3224 1185//3224 1184//3224
f  2046//3225 1184//3225 2047//3225
f  2047//3226 1184//3226 1447//3226
f  2047//3227 1447//3227 2048//3227
f  2048//3228 1447//3228 1444//3228
f  2048//3229 1444//3229 2049//3229
f  2049//3230 1444//3230 1439//3230
f  2049//3231 1439//3231 2050//3231
f  2050//3232 1439//3232 1438//3232
f  2050//3233 1438//3233 2051//3233
f  2051//3234 1438//3234 1434//3234
f  2051//3235 1434//3235 2052//3235
f  2052//3236 1434//3236 1432//3236
f  2052//3237 1432//3237 2053//3237
f  2053//3238 1432//3238 1430//3238
f  2053//3239 1430//3239 2054//3239
f  2054//3240 1430//3240 1428//3240
f  2055//3241 2056//3241 2057//3241
f  2057//3242 2056//3242 2058//3242
f  2057//3243 2058//3243 2059//3243
f  2059//3244 2058//3244 2060//3244
f  2059//3245 2060//3245 2061//3245
f  2061//3246 2060//3246 2062//3246
f  2061//3247 2062//3247 2063//3247
f  2063//3248 2062//3248 2064//3248
f  2063//3249 2064//3249 2065//3249
f  2065//3250 2064//3250 2066//3250
f  2065//3251 2066//3251 2067//3251
f  2067//3252 2066//3252 2068//3252
f  2067//3253 2068//3253 2069//3253
f  2069//3254 2068//3254 2070//3254
f  2069//3255 2070//3255 2071//3255
f  2071//3256 2070//3256 2072//3256
f  2071//3257 2072//3257 2073//3257
f  2073//3258 2072//3258 2074//3258
f  2073//3259 2074//3259 2075//3259
f  2075//3260 2074//3260 2076//3260
f  2075//3261 2076//3261 2077//3261
f  2077//3262 2076//3262 2078//3262
f  2077//3263 2078//3263 2079//3263
f  2079//3264 2078//3264 2080//3264
f  2079//3265 2080//3265 2081//3265
f  2081//3266 2080//3266 2082//3266
f  2081//3267 2082//3267 2083//3267
f  2083//3268 2082//3268 2084//3268
f  2083//3269 2084//3269 2085//3269
f  2085//3270 2084//3270 2086//3270
f  2085//3271 2086//3271 2087//3271
f  2087//3272 2086//3272 2088//3272
f  2087//3273 2088//3273 2089//3273
f  2089//3274 2088//3274 2090//3274
f  2089//3275 2090//3275 2091//3275
f  2091//3276 2090//3276 2092//3276
f  2091//3277 2092//3277 2093//3277
f  2093//3278 2092//3278 2094//3278
f  1141//3279 1140//3279 2095//3279
f  2095//3280 1140//3280 2096//3280
f  2095//3281 2096//3281 2097//3281
f  2097//3282 2096//3282 2098//3282
f  2097//3283 2098//3283 2099//3283
f  2099//3284 2098//3284 2100//3284
f  2099//3285 2100//3285 2101//3285
f  2101//3286 2100//3286 2102//3286
f  2101//3287 2102//3287 2103//3287
f  1137//3288 1138//3288 1136//3288
f  1136//3289 1138//3289 2104//3289
f  1136//3290 2104//3290 2105//3290
f  2105//3291 2104//3291 2106//3291
f  2105//3292 2106//3292 2107//3292
f  2107//3293 2106//3293 2108//3293
f  2107//3294 2108//3294 2109//3294
f  2109//3295 2108//3295 2110//3295
f  2109//3296 2110//3296 2111//3296
f  2112//3297 1126//3297 2113//3297
f  2113//3298 1126//3298 1125//3298
f  2113//3299 1125//3299 2114//3299
f  2115//3300 2114//3300 2116//3300
f  2116//3301 2114//3301 1125//3301
f  2116//3302 1125//3302 2117//3302
f  2117//3303 1125//3303 1127//3303
f  2117//3304 1127//3304 1129//3304
f  1133//3305 1134//3305 1131//3305
f  1131//3306 1134//3306 2118//3306
f  1131//3307 2118//3307 2119//3307
f  2119//3308 2118//3308 2120//3308
f  2119//3309 2120//3309 2121//3309
f  2121//3310 2120//3310 2122//3310
f  2121//3311 2122//3311 2123//3311
f  2123//3312 2122//3312 2124//3312
f  2123//3313 2124//3313 2125//3313
f  1132//3314 1131//3314 2126//3314
f  2126//3315 1131//3315 2119//3315
f  2126//3316 2119//3316 2127//3316
f  2127//3317 2119//3317 2121//3317
f  2127//3318 2121//3318 2128//3318
f  2128//3319 2121//3319 2123//3319
f  2128//3320 2123//3320 2129//3320
f  2129//3321 2123//3321 2125//3321
f  2129//3322 2125//3322 2130//3322
f  2131//3323 2112//3323 2132//3323
f  2132//3324 2112//3324 2113//3324
f  2132//3325 2113//3325 2133//3325
f  2133//3326 2113//3326 2114//3326
f  2133//3327 2114//3327 2134//3327
f  2134//3328 2114//3328 2115//3328
f  2134//3329 2115//3329 2135//3329
f  2032//3330 2136//3330 2031//3330
f  2031//3331 2136//3331 2137//3331
f  2031//3332 2137//3332 2030//3332
f  2030//3333 2137//3333 2138//3333
f  2030//3334 2138//3334 2029//3334
f  2029//3335 2138//3335 2139//3335
f  2029//3336 2139//3336 2028//3336
f  2028//3337 2139//3337 2140//3337
f  2028//3338 2140//3338 2027//3338
f  2027//3339 2140//3339 2141//3339
f  2027//3340 2141//3340 2026//3340
f  2026//3341 2141//3341 2142//3341
f  2026//3342 2142//3342 2025//3342
f  2025//3343 2142//3343 2143//3343
f  2025//3344 2143//3344 2024//3344
f  2024//3345 2143//3345 2144//3345
f  2024//3346 2144//3346 2023//3346
f  2023//3347 2144//3347 2145//3347
f  2146//3348 2103//3348 2145//3348
f  2145//3349 2103//3349 2102//3349
f  2145//3350 2102//3350 2023//3350
f  2023//3351 2102//3351 2100//3351
f  2023//3352 2100//3352 2017//3352
f  2017//3353 2100//3353 2098//3353
f  2017//3354 2098//3354 2016//3354
f  2016//3355 2098//3355 2096//3355
f  2016//3356 2096//3356 2010//3356
f  2010//3357 2096//3357 1140//3357
f  2010//3358 1140//3358 2000//3358
f  2000//3359 1140//3359 1142//3359
f  2000//3360 1142//3360 1999//3360
f  2147//3361 2111//3361 2146//3361
f  2146//3362 2111//3362 2110//3362
f  2146//3363 2110//3363 2103//3363
f  2103//3364 2110//3364 2108//3364
f  2103//3365 2108//3365 2101//3365
f  2101//3366 2108//3366 2106//3366
f  2101//3367 2106//3367 2099//3367
f  2099//3368 2106//3368 2104//3368
f  2099//3369 2104//3369 2097//3369
f  2097//3370 2104//3370 1138//3370
f  2097//3371 1138//3371 2095//3371
f  2095//3372 1138//3372 1139//3372
f  2095//3373 1139//3373 1141//3373
f  1135//3374 1136//3374 1134//3374
f  1134//3375 1136//3375 2105//3375
f  1134//3376 2105//3376 2118//3376
f  2118//3377 2105//3377 2107//3377
f  2118//3378 2107//3378 2120//3378
f  2120//3379 2107//3379 2109//3379
f  2120//3380 2109//3380 2122//3380
f  2122//3381 2109//3381 2111//3381
f  2122//3382 2111//3382 2124//3382
f  2124//3383 2111//3383 2147//3383
f  2124//3384 2147//3384 2125//3384
f  2125//3385 2147//3385 2148//3385
f  2125//3386 2148//3386 2130//3386
f  2149//3387 2148//3387 2150//3387
f  2150//3388 2148//3388 2147//3388
f  2150//3389 2147//3389 2151//3389
f  2151//3390 2147//3390 2146//3390
f  2151//3391 2146//3391 2152//3391
f  2152//3392 2146//3392 2145//3392
f  2152//3393 2145//3393 2153//3393
f  2153//3394 2145//3394 2144//3394
f  2153//3395 2144//3395 2154//3395
f  2154//3396 2144//3396 2143//3396
f  2154//3397 2143//3397 2155//3397
f  2155//3398 2143//3398 2142//3398
f  2155//3399 2142//3399 2156//3399
f  2156//3400 2142//3400 2141//3400
f  2156//3401 2141//3401 2157//3401
f  2157//3402 2141//3402 2140//3402
f  2157//3403 2140//3403 2158//3403
f  2158//3404 2140//3404 2139//3404
f  2158//3405 2139//3405 2159//3405
f  2159//3406 2139//3406 2138//3406
f  2159//3407 2138//3407 2160//3407
f  2160//3408 2138//3408 2137//3408
f  2160//3409 2137//3409 2161//3409
f  2161//3410 2137//3410 2136//3410
f  1703//3411 2162//3411 1168//3411
f  1168//3412 2162//3412 2163//3412
f  1168//3413 2163//3413 1169//3413
f  1169//3414 2163//3414 2164//3414
f  1169//3415 2164//3415 1699//3415
f  1699//3416 2164//3416 2165//3416
f  1699//3417 2165//3417 1685//3417
f  1685//3418 2165//3418 2166//3418
f  1685//3419 2166//3419 1171//3419
f  1171//3420 2166//3420 2167//3420
f  1171//3421 2167//3421 1172//3421
f  1172//3422 2167//3422 2168//3422
f  1172//3423 2168//3423 1986//3423
f  1986//3424 2168//3424 2169//3424
f  1986//3425 2169//3425 1985//3425
f  1985//3426 2169//3426 2170//3426
f  1985//3427 2170//3427 1984//3427
f  1984//3428 2170//3428 2171//3428
f  1984//3429 2171//3429 1983//3429
f  1983//3430 2171//3430 2172//3430
f  1983//3431 2172//3431 1982//3431
f  1982//3432 2172//3432 2173//3432
f  1982//3433 2173//3433 1888//3433
f  2056//3434 2174//3434 2058//3434
f  2058//3435 2174//3435 2175//3435
f  2058//3436 2175//3436 2060//3436
f  2060//3437 2175//3437 2176//3437
f  2060//3438 2176//3438 2062//3438
f  2062//3439 2176//3439 2177//3439
f  2062//3440 2177//3440 2064//3440
f  2064//3441 2177//3441 2178//3441
f  2064//3442 2178//3442 2066//3442
f  2066//3443 2178//3443 2179//3443
f  2066//3444 2179//3444 2068//3444
f  2068//3445 2179//3445 2180//3445
f  2068//3446 2180//3446 2070//3446
f  2070//3447 2180//3447 2181//3447
f  2070//3448 2181//3448 2072//3448
f  2072//3449 2181//3449 2182//3449
f  2072//3450 2182//3450 2074//3450
f  2074//3451 2182//3451 2183//3451
f  2074//3452 2183//3452 2076//3452
f  2076//3453 2183//3453 2184//3453
f  2076//3454 2184//3454 2078//3454
f  2078//3455 2184//3455 2185//3455
f  2078//3456 2185//3456 2080//3456
f  2080//3457 2185//3457 2186//3457
f  2080//3458 2186//3458 2082//3458
f  2082//3459 2186//3459 2187//3459
f  2082//3460 2187//3460 2084//3460
f  2084//3461 2187//3461 2188//3461
f  2084//3462 2188//3462 2086//3462
f  2086//3463 2188//3463 2189//3463
f  2086//3464 2189//3464 2088//3464
f  2088//3465 2189//3465 2190//3465
f  2088//3466 2190//3466 2090//3466
f  2090//3467 2190//3467 2191//3467
f  2090//3468 2191//3468 2092//3468
f  2092//3469 2191//3469 2192//3469
f  2092//3470 2192//3470 2094//3470
f  2094//3471 2192//3471 2193//3471
f  2174//3472 2194//3472 2175//3472
f  2175//3473 2194//3473 2195//3473
f  2175//3474 2195//3474 2176//3474
f  2176//3475 2195//3475 2196//3475
f  2176//3476 2196//3476 2177//3476
f  2177//3477 2196//3477 2197//3477
f  2177//3478 2197//3478 2178//3478
f  2178//3479 2197//3479 2198//3479
f  2178//3480 2198//3480 2179//3480
f  2179//3481 2198//3481 2199//3481
f  2179//3482 2199//3482 2180//3482
f  2180//3483 2199//3483 2200//3483
f  2180//3484 2200//3484 2181//3484
f  2181//3485 2200//3485 2201//3485
f  2181//3486 2201//3486 2182//3486
f  2182//3487 2201//3487 2202//3487
f  2182//3488 2202//3488 2183//3488
f  2183//3489 2202//3489 2203//3489
f  2183//3490 2203//3490 2184//3490
f  2184//3491 2203//3491 2204//3491
f  2184//3492 2204//3492 2185//3492
f  2185//3493 2204//3493 2205//3493
f  2185//3494 2205//3494 2186//3494
f  2186//3495 2205//3495 2206//3495
f  2186//3496 2206//3496 2187//3496
f  2187//3497 2206//3497 2207//3497
f  2187//3498 2207//3498 2188//3498
f  2188//3499 2207//3499 2208//3499
f  2188//3500 2208//3500 2189//3500
f  2189//3501 2208//3501 2209//3501
f  2189//3502 2209//3502 2190//3502
f  2190//3503 2209//3503 2210//3503
f  2190//3504 2210//3504 2191//3504
f  2191//3505 2210//3505 2211//3505
f  2191//3506 2211//3506 2192//3506
f  2192//3507 2211//3507 2212//3507
f  2192//3508 2212//3508 2193//3508
f  2193//3509 2212//3509 2213//3509
f  1425//3510 1423//3510 1428//3510
f  1428//3511 1423//3511 1841//3511
f  1428//3512 1841//3512 2054//3512
f  2054//3513 1841//3513 2214//3513
f  2054//3514 2214//3514 2053//3514
f  2053//3515 2214//3515 2215//3515
f  2053//3516 2215//3516 2052//3516
f  2052//3517 2215//3517 2216//3517
f  2052//3518 2216//3518 2051//3518
f  2051//3519 2216//3519 2217//3519
f  2051//3520 2217//3520 2050//3520
f  2050//3521 2217//3521 2218//3521
f  2050//3522 2218//3522 2049//3522
f  2049//3523 2218//3523 2219//3523
f  2049//3524 2219//3524 2048//3524
f  2048//3525 2219//3525 2220//3525
f  2048//3526 2220//3526 2047//3526
f  2047//3527 2220//3527 2055//3527
f  2047//3528 2055//3528 2046//3528
f  2046//3529 2055//3529 2057//3529
f  2046//3530 2057//3530 2045//3530
f  2045//3531 2057//3531 2059//3531
f  2045//3532 2059//3532 2044//3532
f  2044//3533 2059//3533 2061//3533
f  2044//3534 2061//3534 2043//3534
f  2043//3535 2061//3535 2063//3535
f  2043//3536 2063//3536 2042//3536
f  2042//3537 2063//3537 2065//3537
f  2042//3538 2065//3538 2041//3538
f  2041//3539 2065//3539 2067//3539
f  2041//3540 2067//3540 2040//3540
f  2040//3541 2067//3541 2069//3541
f  2040//3542 2069//3542 2039//3542
f  2039//3543 2069//3543 2071//3543
f  2039//3544 2071//3544 2038//3544
f  2038//3545 2071//3545 2073//3545
f  2038//3546 2073//3546 2037//3546
f  2037//3547 2073//3547 2075//3547
f  2037//3548 2075//3548 2036//3548
f  2036//3549 2075//3549 2077//3549
f  2036//3550 2077//3550 2035//3550
f  2035//3551 2077//3551 2079//3551
f  2035//3552 2079//3552 2034//3552
f  2034//3553 2079//3553 2081//3553
f  2034//3554 2081//3554 2033//3554
f  2033//3555 2081//3555 2083//3555
f  2033//3556 2083//3556 1496//3556
f  1496//3557 2083//3557 2085//3557
f  1496//3558 2085//3558 1498//3558
f  1498//3559 2085//3559 2087//3559
f  1498//3560 2087//3560 1500//3560
f  1500//3561 2087//3561 2089//3561
f  1500//3562 2089//3562 1503//3562
f  1503//3563 2089//3563 2091//3563
f  1503//3564 2091//3564 1321//3564
f  1321//3565 2091//3565 2093//3565
f  1321//3566 2093//3566 1320//3566
f  1320//3567 2093//3567 2094//3567
f  1320//3568 2094//3568 1322//3568
f  1322//3569 2094//3569 2193//3569
f  1322//3570 2193//3570 1325//3570
f  1325//3571 2193//3571 2213//3571
f  1325//3572 2213//3572 1332//3572
f  2221//3573 2131//3573 2222//3573
f  2222//3574 2131//3574 2132//3574
f  2222//3575 2132//3575 2223//3575
f  2223//3576 2132//3576 2133//3576
f  2223//3577 2133//3577 2224//3577
f  2224//3578 2133//3578 2134//3578
f  2224//3579 2134//3579 2225//3579
f  2225//3580 2134//3580 2135//3580
f  2225//3581 2135//3581 2226//3581
f  2226//3582 2135//3582 2227//3582
f  2226//3583 2227//3583 2228//3583
f  2229//3584 2221//3584 2230//3584
f  2230//3585 2221//3585 2222//3585
f  2230//3586 2222//3586 2231//3586
f  2231//3587 2222//3587 2223//3587
f  2231//3588 2223//3588 2232//3588
f  2232//3589 2223//3589 2224//3589
f  2232//3590 2224//3590 2233//3590
f  2233//3591 2224//3591 2225//3591
f  2233//3592 2225//3592 2234//3592
f  2234//3593 2225//3593 2226//3593
f  2234//3594 2226//3594 2235//3594
f  2235//3595 2226//3595 2228//3595
f  2235//3596 2228//3596 2236//3596
f  2237//3597 2238//3597 2239//3597
f  2239//3598 2238//3598 2240//3598
f  2239//3599 2240//3599 2241//3599
f  2241//3600 2240//3600 2242//3600
f  2241//3601 2242//3601 2243//3601
f  2243//3602 2242//3602 2244//3602
f  2243//3603 2244//3603 2245//3603
f  2245//3604 2244//3604 2246//3604
f  2245//3605 2246//3605 2247//3605
f  2247//3606 2246//3606 2248//3606
f  2247//3607 2248//3607 2249//3607
f  2249//3608 2248//3608 2250//3608
f  2249//3609 2250//3609 2251//3609
f  2251//3610 2250//3610 2252//3610
f  2251//3611 2252//3611 2253//3611
f  2253//3612 2252//3612 2254//3612
f  2253//3613 2254//3613 2255//3613
f  2255//3614 2254//3614 2256//3614
f  2255//3615 2256//3615 2257//3615
f  1196//3616 2237//3616 2258//3616
f  2258//3617 2237//3617 2239//3617
f  2258//3618 2239//3618 2259//3618
f  2259//3619 2239//3619 2241//3619
f  2259//3620 2241//3620 2260//3620
f  2260//3621 2241//3621 2243//3621
f  2260//3622 2243//3622 2261//3622
f  2261//3623 2243//3623 2245//3623
f  2261//3624 2245//3624 2262//3624
f  2262//3625 2245//3625 2247//3625
f  2262//3626 2247//3626 2263//3626
f  2263//3627 2247//3627 2249//3627
f  2263//3628 2249//3628 2264//3628
f  2264//3629 2249//3629 2251//3629
f  2264//3630 2251//3630 2265//3630
f  2265//3631 2251//3631 2253//3631
f  2265//3632 2253//3632 2266//3632
f  2266//3633 2253//3633 2255//3633
f  2266//3634 2255//3634 2267//3634
f  2267//3635 2255//3635 2257//3635
f  2267//3636 2257//3636 2268//3636
f  2269//3637 1123//3637 2270//3637
f  2270//3638 1123//3638 1122//3638
f  2270//3639 1122//3639 2271//3639
f  2272//3640 2269//3640 2273//3640
f  2273//3641 2269//3641 2270//3641
f  2273//3642 2270//3642 2274//3642
f  2274//3643 2270//3643 2271//3643
f  2274//3644 2271//3644 2275//3644
f  2276//3645 2275//3645 2277//3645
f  2277//3646 2275//3646 2271//3646
f  2277//3647 2271//3647 2278//3647
f  2278//3648 2271//3648 1122//3648
f  2278//3649 1122//3649 2279//3649
f  2279//3650 1122//3650 1124//3650
f  2279//3651 1124//3651 2280//3651
f  2281//3652 2276//3652 2282//3652
f  2282//3653 2276//3653 2277//3653
f  2282//3654 2277//3654 2283//3654
f  2283//3655 2277//3655 2278//3655
f  2283//3656 2278//3656 2284//3656
f  2284//3657 2278//3657 2279//3657
f  2284//3658 2279//3658 2285//3658
f  2285//3659 2279//3659 2280//3659
f  2285//3660 2280//3660 2286//3660
f  2287//3661 2286//3661 2288//3661
f  2288//3662 2286//3662 2280//3662
f  2288//3663 2280//3663 2289//3663
f  2289//3664 2280//3664 1124//3664
f  2289//3665 1124//3665 2290//3665
f  2290//3666 1124//3666 1123//3666
f  2290//3667 1123//3667 2291//3667
f  2291//3668 1123//3668 2269//3668
f  2291//3669 2269//3669 2292//3669
f  2292//3670 2269//3670 2272//3670
f  2292//3671 2272//3671 2293//3671
f  2287//3672 2294//3672 2286//3672
f  2286//3673 2294//3673 2295//3673
f  2286//3674 2295//3674 2285//3674
f  2285//3675 2295//3675 2296//3675
f  2285//3676 2296//3676 2284//3676
f  2284//3677 2296//3677 2297//3677
f  2284//3678 2297//3678 2283//3678
f  2283//3679 2297//3679 2298//3679
f  2283//3680 2298//3680 2282//3680
f  2282//3681 2298//3681 2299//3681
f  2282//3682 2299//3682 2281//3682
f  2281//3683 2299//3683 2300//3683
f  2294//3684 2301//3684 2295//3684
f  2295//3685 2301//3685 2302//3685
f  2295//3686 2302//3686 2296//3686
f  2296//3687 2302//3687 2303//3687
f  2296//3688 2303//3688 2297//3688
f  2297//3689 2303//3689 2304//3689
f  2297//3690 2304//3690 2298//3690
f  2298//3691 2304//3691 2305//3691
f  2298//3692 2305//3692 2299//3692
f  2299//3693 2305//3693 2306//3693
f  2299//3694 2306//3694 2300//3694
f  2300//3695 2306//3695 2307//3695
f  2308//3696 1372//3696 2309//3696
f  2309//3697 1372//3697 1368//3697
f  2309//3698 1368//3698 2310//3698
f  2310//3699 1368//3699 1366//3699
f  2310//3700 1366//3700 2311//3700
f  2311//3701 1366//3701 1363//3701
f  2311//3702 1363//3702 2312//3702
f  2312//3703 1363//3703 1359//3703
f  2312//3704 1359//3704 2313//3704
f  2313//3705 1359//3705 1352//3705
f  2313//3706 1352//3706 2314//3706
f  2314//3707 1352//3707 1354//3707
f  2314//3708 1354//3708 2315//3708
f  2315//3709 1354//3709 1350//3709
f  2315//3710 1350//3710 2316//3710
f  2316//3711 1350//3711 1347//3711
f  2316//3712 1347//3712 2317//3712
f  2317//3713 1347//3713 1345//3713
f  1190//3714 1192//3714 1191//3714
f  1191//3715 1192//3715 1119//3715
f  1191//3716 1119//3716 2318//3716
f  2318//3717 1119//3717 1121//3717
f  2318//3718 1121//3718 2319//3718
f  2320//3719 2308//3719 2321//3719
f  2321//3720 2308//3720 2309//3720
f  2321//3721 2309//3721 2322//3721
f  2322//3722 2309//3722 2310//3722
f  2322//3723 2310//3723 2323//3723
f  2323//3724 2310//3724 2311//3724
f  2323//3725 2311//3725 2324//3725
f  2324//3726 2311//3726 2312//3726
f  2324//3727 2312//3727 2325//3727
f  2325//3728 2312//3728 2313//3728
f  2325//3729 2313//3729 2326//3729
f  2326//3730 2313//3730 2314//3730
f  2326//3731 2314//3731 2327//3731
f  2327//3732 2314//3732 2315//3732
f  2327//3733 2315//3733 2328//3733
f  2328//3734 2315//3734 2316//3734
f  2328//3735 2316//3735 2329//3735
f  2329//3736 2316//3736 2317//3736
f  2330//3737 2320//3737 2331//3737
f  2331//3738 2320//3738 2321//3738
f  2331//3739 2321//3739 2332//3739
f  2332//3740 2321//3740 2322//3740
f  2332//3741 2322//3741 2333//3741
f  2333//3742 2322//3742 2323//3742
f  2333//3743 2323//3743 2334//3743
f  2334//3744 2323//3744 2324//3744
f  2334//3745 2324//3745 2335//3745
f  2335//3746 2324//3746 2325//3746
f  2335//3747 2325//3747 2336//3747
f  2336//3748 2325//3748 2326//3748
f  2336//3749 2326//3749 2337//3749
f  2337//3750 2326//3750 2327//3750
f  2337//3751 2327//3751 2338//3751
f  2338//3752 2327//3752 2328//3752
f  2338//3753 2328//3753 2339//3753
f  2339//3754 2328//3754 2329//3754
f  2340//3755 2330//3755 2341//3755
f  2341//3756 2330//3756 2331//3756
f  2341//3757 2331//3757 2342//3757
f  2342//3758 2331//3758 2332//3758
f  2342//3759 2332//3759 2343//3759
f  2343//3760 2332//3760 2333//3760
f  2343//3761 2333//3761 2344//3761
f  2344//3762 2333//3762 2334//3762
f  2344//3763 2334//3763 2345//3763
f  2345//3764 2334//3764 2335//3764
f  2345//3765 2335//3765 2346//3765
f  2346//3766 2335//3766 2336//3766
f  2346//3767 2336//3767 2347//3767
f  2347//3768 2336//3768 2337//3768
f  2347//3769 2337//3769 2348//3769
f  2348//3770 2337//3770 2338//3770
f  2348//3771 2338//3771 2349//3771
f  2349//3772 2338//3772 2339//3772
f  2350//3773 2319//3773 2351//3773
f  2351//3774 2319//3774 1121//3774
f  2351//3775 1121//3775 2352//3775
f  2352//3776 1121//3776 1120//3776
f  2352//3777 1120//3777 2353//3777
f  2353//3778 1120//3778 1378//3778
f  2353//3779 1378//3779 2354//3779
f  1391//3780 1398//3780 1392//3780
f  1392//3781 1398//3781 1397//3781
f  1392//3782 1397//3782 2355//3782
f  2355//3783 1397//3783 1385//3783
f  2355//3784 1385//3784 2356//3784
f  2356//3785 1385//3785 1387//3785
f  2356//3786 1387//3786 2357//3786
f  2357//3787 1387//3787 1389//3787
f  2358//3788 2359//3788 2360//3788
f  2360//3789 2359//3789 2361//3789
f  2360//3790 2361//3790 2362//3790
f  2362//3791 2361//3791 2363//3791
f  2362//3792 2363//3792 2364//3792
f  2364//3793 2363//3793 2365//3793
f  2364//3794 2365//3794 2366//3794
f  2349//3795 2293//3795 2348//3795
f  2348//3796 2293//3796 2272//3796
f  2348//3797 2272//3797 2347//3797
f  2347//3798 2272//3798 2273//3798
f  2347//3799 2273//3799 2346//3799
f  2346//3800 2273//3800 2274//3800
f  2346//3801 2274//3801 2345//3801
f  2345//3802 2274//3802 2275//3802
f  2345//3803 2275//3803 2344//3803
f  2344//3804 2275//3804 2276//3804
f  2344//3805 2276//3805 2343//3805
f  2343//3806 2276//3806 2281//3806
f  2343//3807 2281//3807 2342//3807
f  2342//3808 2281//3808 2300//3808
f  2342//3809 2300//3809 2341//3809
f  2341//3810 2300//3810 2307//3810
f  2341//3811 2307//3811 2340//3811
f  2301//3812 2367//3812 2302//3812
f  2302//3813 2367//3813 2368//3813
f  2302//3814 2368//3814 2303//3814
f  2303//3815 2368//3815 2369//3815
f  2303//3816 2369//3816 2304//3816
f  2304//3817 2369//3817 2370//3817
f  2304//3818 2370//3818 2305//3818
f  2305//3819 2370//3819 2371//3819
f  2305//3820 2371//3820 2306//3820
f  2306//3821 2371//3821 2372//3821
f  2306//3822 2372//3822 2307//3822
f  2307//3823 2372//3823 2373//3823
f  2307//3824 2373//3824 2340//3824
f  2340//3825 2373//3825 2350//3825
f  2340//3826 2350//3826 2330//3826
f  2330//3827 2350//3827 2351//3827
f  2330//3828 2351//3828 2320//3828
f  2320//3829 2351//3829 2352//3829
f  2320//3830 2352//3830 2308//3830
f  2308//3831 2352//3831 2353//3831
f  2308//3832 2353//3832 1372//3832
f  1372//3833 2353//3833 2354//3833
f  1372//3834 2354//3834 1370//3834
f  2374//3835 2375//3835 2376//3835
f  2376//3836 2375//3836 2377//3836
f  2376//3837 2377//3837 2378//3837
f  2379//3838 2374//3838 2380//3838
f  2380//3839 2374//3839 2376//3839
f  2380//3840 2376//3840 2381//3840
f  2381//3841 2376//3841 2378//3841
f  2381//3842 2378//3842 2382//3842
f  2383//3843 2377//3843 2384//3843
f  2384//3844 2377//3844 2375//3844
f  2384//3845 2375//3845 2385//3845
f  2385//3846 2375//3846 2374//3846
f  2385//3847 2374//3847 2386//3847
f  2386//3848 2374//3848 2379//3848
f  2386//3849 2379//3849 2387//3849
f  1118//3850 1117//3850 2387//3850
f  2387//3851 1117//3851 2388//3851
f  2387//3852 2388//3852 2386//3852
f  2386//3853 2388//3853 2389//3853
f  2386//3854 2389//3854 2385//3854
f  2385//3855 2389//3855 2390//3855
f  2385//3856 2390//3856 2384//3856
f  2391//3857 2392//3857 2393//3857
f  2383//3858 2384//3858 2393//3858
f  2393//3859 2384//3859 2390//3859
f  2393//3860 2390//3860 2391//3860
f  2391//3861 2390//3861 2389//3861
f  2391//3862 2389//3862 2394//3862
f  2394//3863 2389//3863 2388//3863
f  2394//3864 2388//3864 2395//3864
f  2395//3865 2388//3865 1117//3865
f  2395//3866 1117//3866 2396//3866
f  2396//3867 1117//3867 1116//3867
f  2396//3868 1116//3868 2397//3868
f  2359//3869 2398//3869 2361//3869
f  2361//3870 2398//3870 2399//3870
f  2361//3871 2399//3871 2363//3871
f  2363//3872 2399//3872 2400//3872
f  2363//3873 2400//3873 2365//3873
f  2365//3874 2400//3874 2401//3874
f  2365//3875 2401//3875 2366//3875
f  2366//3876 2401//3876 2402//3876
f  2366//3877 2402//3877 2403//3877
f  2403//3878 2402//3878 2404//3878
f  2403//3879 2404//3879 2405//3879
f  2405//3880 2404//3880 2406//3880
f  2405//3881 2406//3881 1857//3881
f  1857//3882 2406//3882 2407//3882
f  1857//3883 2407//3883 1153//3883
f  2408//3884 2409//3884 2410//3884
f  2410//3885 2409//3885 2411//3885
f  2410//3886 2411//3886 2412//3886
f  2412//3887 2411//3887 2413//3887
f  2412//3888 2413//3888 2414//3888
f  2414//3889 2413//3889 2415//3889
f  2414//3890 2415//3890 2416//3890
f  2416//3891 2415//3891 2417//3891
f  2416//3892 2417//3892 2418//3892
f  2418//3893 2417//3893 2419//3893
f  2418//3894 2419//3894 2420//3894
f  2420//3895 2419//3895 2421//3895
f  2420//3896 2421//3896 2422//3896
f  2422//3897 2421//3897 2423//3897
f  2422//3898 2423//3898 1883//3898
f  2398//3899 2408//3899 2399//3899
f  2399//3900 2408//3900 2410//3900
f  2399//3901 2410//3901 2400//3901
f  2400//3902 2410//3902 2412//3902
f  2400//3903 2412//3903 2401//3903
f  2401//3904 2412//3904 2414//3904
f  2401//3905 2414//3905 2402//3905
f  2402//3906 2414//3906 2416//3906
f  2402//3907 2416//3907 2404//3907
f  2404//3908 2416//3908 2418//3908
f  2404//3909 2418//3909 2406//3909
f  2406//3910 2418//3910 2420//3910
f  2406//3911 2420//3911 2407//3911
f  2407//3912 2420//3912 2422//3912
f  2407//3913 2422//3913 1153//3913
f  1153//3914 2422//3914 1883//3914
f  1153//3915 1883//3915 1151//3915
f  1151//3916 1883//3916 1882//3916
f  1151//3917 1882//3917 1843//3917
f  1843//3918 1882//3918 1885//3918
f  1843//3919 1885//3919 1845//3919
f  1845//3920 1885//3920 1889//3920
f  1845//3921 1889//3921 1847//3921
f  1847//3922 1889//3922 1888//3922
f  1847//3923 1888//3923 1849//3923
f  1849//3924 1888//3924 2173//3924
f  1849//3925 2173//3925 1851//3925
f  2424//3926 2382//3926 2425//3926
f  2425//3927 2382//3927 2378//3927
f  2425//3928 2378//3928 2426//3928
f  2426//3929 2378//3929 2377//3929
f  2426//3930 2377//3930 2427//3930
f  2427//3931 2377//3931 2383//3931
f  2427//3932 2383//3932 2428//3932
f  2428//3933 2383//3933 2393//3933
f  2428//3934 2393//3934 2429//3934
f  2429//3935 2393//3935 2392//3935
f  2429//3936 2392//3936 2430//3936
f  2357//3937 2358//3937 2356//3937
f  2356//3938 2358//3938 2360//3938
f  2356//3939 2360//3939 2355//3939
f  2355//3940 2360//3940 2362//3940
f  2355//3941 2362//3941 1392//3941
f  1392//3942 2362//3942 2364//3942
f  1392//3943 2364//3943 1394//3943
f  1394//3944 2364//3944 2366//3944
f  1394//3945 2366//3945 1400//3945
f  1400//3946 2366//3946 2403//3946
f  1400//3947 2403//3947 1402//3947
f  1402//3948 2403//3948 2405//3948
f  1402//3949 2405//3949 1408//3949
f  1408//3950 2405//3950 1857//3950
f  1408//3951 1857//3951 1406//3951
f  1406//3952 1857//3952 1156//3952
f  1406//3953 1156//3953 1411//3953
f  1411//3954 1156//3954 1155//3954
f  1411//3955 1155//3955 1412//3955
f  1412//3956 1155//3956 1858//3956
f  1412//3957 1858//3957 1417//3957
f  1417//3958 1858//3958 1859//3958
f  1417//3959 1859//3959 1841//3959
f  1841//3960 1859//3960 1860//3960
f  1841//3961 1860//3961 2214//3961
f  2214//3962 1860//3962 1861//3962
f  2214//3963 1861//3963 2215//3963
f  2215//3964 1861//3964 1862//3964
f  2215//3965 1862//3965 2216//3965
f  2216//3966 1862//3966 1863//3966
f  2216//3967 1863//3967 2217//3967
f  2217//3968 1863//3968 1864//3968
f  2217//3969 1864//3969 2218//3969
f  2218//3970 1864//3970 1865//3970
f  2218//3971 1865//3971 2219//3971
f  2219//3972 1865//3972 1874//3972
f  2219//3973 1874//3973 2220//3973
f  2220//3974 1874//3974 1876//3974
f  2220//3975 1876//3975 2055//3975
f  2055//3976 1876//3976 1878//3976
f  2055//3977 1878//3977 2056//3977
f  2056//3978 1878//3978 1880//3978
f  2056//3979 1880//3979 2174//3979
f  2174//3980 1880//3980 1881//3980
f  2174//3981 1881//3981 2194//3981
f  1129//3982 1128//3982 2117//3982
f  2117//3983 1128//3983 2431//3983
f  2117//3984 2431//3984 2116//3984
f  2116//3985 2431//3985 2432//3985
f  2116//3986 2432//3986 2115//3986
f  2115//3987 2432//3987 2433//3987
f  2115//3988 2433//3988 2135//3988
f  2135//3989 2433//3989 2434//3989
f  2135//3990 2434//3990 2227//3990
f  2227//3991 2434//3991 2435//3991
f  2227//3992 2435//3992 2228//3992
f  2228//3993 2435//3993 2436//3993
f  2228//3994 2436//3994 2236//3994
f  2437//3995 2229//3995 2438//3995
f  2438//3996 2229//3996 2230//3996
f  2438//3997 2230//3997 2439//3997
f  2439//3998 2230//3998 2231//3998
f  2439//3999 2231//3999 2440//3999
f  2440//4000 2231//4000 2232//4000
f  2440//4001 2232//4001 2441//4001
f  2441//4002 2232//4002 2233//4002
f  2441//4003 2233//4003 2442//4003
f  2442//4004 2233//4004 2234//4004
f  2442//4005 2234//4005 2443//4005
f  2443//4006 2234//4006 2235//4006
f  2443//4007 2235//4007 2444//4007
f  2444//4008 2235//4008 2236//4008
f  2444//4009 2236//4009 2445//4009
f  2445//4010 2236//4010 2436//4010
f  2445//4011 2436//4011 2446//4011
f  2238//4012 2437//4012 2240//4012
f  2240//4013 2437//4013 2438//4013
f  2240//4014 2438//4014 2242//4014
f  2242//4015 2438//4015 2439//4015
f  2242//4016 2439//4016 2244//4016
f  2244//4017 2439//4017 2440//4017
f  2244//4018 2440//4018 2246//4018
f  2246//4019 2440//4019 2441//4019
f  2246//4020 2441//4020 2248//4020
f  2248//4021 2441//4021 2442//4021
f  2248//4022 2442//4022 2250//4022
f  2250//4023 2442//4023 2443//4023
f  2250//4024 2443//4024 2252//4024
f  2252//4025 2443//4025 2444//4025
f  2252//4026 2444//4026 2254//4026
f  2254//4027 2444//4027 2445//4027
f  2254//4028 2445//4028 2256//4028
f  2256//4029 2445//4029 2446//4029
f  2256//4030 2446//4030 2257//4030
f  2257//4031 2446//4031 2447//4031
f  2257//4032 2447//4032 2268//4032
f  2448//4033 2449//4033 2450//4033
f  2450//4034 2449//4034 2451//4034
f  2450//4035 2451//4035 2452//4035
f  2452//4036 2451//4036 2453//4036
f  2452//4037 2453//4037 2454//4037
f  2454//4038 2453//4038 2455//4038
f  2454//4039 2455//4039 2456//4039
f  2456//4040 2455//4040 2457//4040
f  2456//4041 2457//4041 2458//4041
f  2458//4042 2457//4042 2459//4042
f  2458//4043 2459//4043 2460//4043
f  2460//4044 2459//4044 2461//4044
f  2460//4045 2461//4045 2462//4045
f  2462//4046 2461//4046 2463//4046
f  2462//4047 2463//4047 2464//4047
f  2464//4048 2463//4048 2465//4048
f  2464//4049 2465//4049 2466//4049
f  2466//4050 2465//4050 2467//4050
f  2466//4051 2467//4051 2468//4051
f  2468//4052 2467//4052 2469//4052
f  2468//4053 2469//4053 2470//4053
f  2470//4054 2469//4054 1341//4054
f  2470//4055 1341//4055 1337//4055
f  1337//4056 1341//4056 1342//4056
f  1337//4057 1342//4057 1338//4057
f  1194//4058 1196//4058 1337//4058
f  1337//4059 1196//4059 2258//4059
f  1337//4060 2258//4060 2470//4060
f  2470//4061 2258//4061 2259//4061
f  2470//4062 2259//4062 2468//4062
f  2468//4063 2259//4063 2260//4063
f  2468//4064 2260//4064 2466//4064
f  2466//4065 2260//4065 2261//4065
f  2466//4066 2261//4066 2464//4066
f  2464//4067 2261//4067 2262//4067
f  2464//4068 2262//4068 2462//4068
f  2462//4069 2262//4069 2263//4069
f  2462//4070 2263//4070 2460//4070
f  2460//4071 2263//4071 2264//4071
f  2460//4072 2264//4072 2458//4072
f  2458//4073 2264//4073 2265//4073
f  2458//4074 2265//4074 2456//4074
f  2456//4075 2265//4075 2266//4075
f  2456//4076 2266//4076 2454//4076
f  2454//4077 2266//4077 2267//4077
f  2454//4078 2267//4078 2452//4078
f  2452//4079 2267//4079 2268//4079
f  2452//4080 2268//4080 2450//4080
f  2450//4081 2268//4081 2447//4081
f  2450//4082 2447//4082 2448//4082
f  1339//4083 1341//4083 1345//4083
f  1345//4084 1341//4084 2469//4084
f  1345//4085 2469//4085 2317//4085
f  2317//4086 2469//4086 2467//4086
f  2317//4087 2467//4087 2329//4087
f  2329//4088 2467//4088 2465//4088
f  2329//4089 2465//4089 2339//4089
f  2339//4090 2465//4090 2463//4090
f  2339//4091 2463//4091 2349//4091
f  2349//4092 2463//4092 2461//4092
f  2349//4093 2461//4093 2293//4093
f  2293//4094 2461//4094 2459//4094
f  2293//4095 2459//4095 2292//4095
f  2292//4096 2459//4096 2457//4096
f  2292//4097 2457//4097 2291//4097
f  2291//4098 2457//4098 2455//4098
f  2291//4099 2455//4099 2290//4099
f  2290//4100 2455//4100 2453//4100
f  2290//4101 2453//4101 2289//4101
f  2289//4102 2453//4102 2451//4102
f  2289//4103 2451//4103 2288//4103
f  2288//4104 2451//4104 2449//4104
f  2288//4105 2449//4105 2287//4105
f  2287//4106 2449//4106 2448//4106
f  2287//4107 2448//4107 2294//4107
f  2294//4108 2448//4108 2471//4108
f  2294//4109 2471//4109 2301//4109
f  2301//4110 2471//4110 2472//4110
f  2301//4111 2472//4111 2367//4111
f  2473//4112 2474//4112 2475//4112
f  2475//4113 2474//4113 2476//4113
f  2475//4114 2476//4114 2477//4114
f  2477//4115 2476//4115 2478//4115
f  2477//4116 2478//4116 2479//4116
f  2479//4117 2478//4117 2480//4117
f  2479//4118 2480//4118 2481//4118
f  2481//4119 2480//4119 2482//4119
f  2481//4120 2482//4120 2483//4120
f  2483//4121 2482//4121 2484//4121
f  2483//4122 2484//4122 2485//4122
f  2485//4123 2484//4123 2486//4123
f  2485//4124 2486//4124 2487//4124
f  2487//4125 2486//4125 2488//4125
f  2487//4126 2488//4126 2489//4126
f  2489//4127 2488//4127 2490//4127
f  2489//4128 2490//4128 2491//4128
f  2491//4129 2490//4129 2492//4129
f  2491//4130 2492//4130 2493//4130
f  2493//4131 2492//4131 2494//4131
f  2493//4132 2494//4132 1382//4132
f  1382//4133 2494//4133 1188//4133
f  1382//4134 1188//4134 1380//4134
f  1380//4135 1188//4135 1187//4135
f  2479//4136 2495//4136 2477//4136
f  2477//4137 2495//4137 2496//4137
f  2477//4138 2496//4138 2475//4138
f  2475//4139 2496//4139 2497//4139
f  2475//4140 2497//4140 2473//4140
f  2473//4141 2497//4141 2498//4141
f  1381//4142 1379//4142 1382//4142
f  1382//4143 1379//4143 1191//4143
f  1382//4144 1191//4144 2493//4144
f  2493//4145 1191//4145 2318//4145
f  2493//4146 2318//4146 2491//4146
f  2491//4147 2318//4147 2319//4147
f  2491//4148 2319//4148 2489//4148
f  2489//4149 2319//4149 2350//4149
f  2489//4150 2350//4150 2487//4150
f  2487//4151 2350//4151 2373//4151
f  2487//4152 2373//4152 2485//4152
f  2485//4153 2373//4153 2372//4153
f  2485//4154 2372//4154 2483//4154
f  2483//4155 2372//4155 2371//4155
f  2483//4156 2371//4156 2481//4156
f  2481//4157 2371//4157 2370//4157
f  2481//4158 2370//4158 2479//4158
f  2479//4159 2370//4159 2369//4159
f  2479//4160 2369//4160 2495//4160
f  2495//4161 2369//4161 2368//4161
f  2495//4162 2368//4162 2496//4162
f  2496//4163 2368//4163 2367//4163
f  2496//4164 2367//4164 2497//4164
f  2497//4165 2367//4165 2472//4165
f  2497//4166 2472//4166 2498//4166
f  2498//4167 2472//4167 2471//4167
f  2498//4168 2471//4168 2499//4168
f  2499//4169 2471//4169 2448//4169
f  2499//4170 2448//4170 2500//4170
f  2500//4171 2448//4171 2447//4171
f  2500//4172 2447//4172 2501//4172
f  2501//4173 2447//4173 2446//4173
f  2501//4174 2446//4174 2502//4174
f  2502//4175 2446//4175 2436//4175
f  2502//4176 2436//4176 2149//4176
f  2149//4177 2436//4177 2435//4177
f  2149//4178 2435//4178 2148//4178
f  2148//4179 2435//4179 2434//4179
f  2148//4180 2434//4180 2130//4180
f  2130//4181 2434//4181 2433//4181
f  2130//4182 2433//4182 2129//4182
f  2129//4183 2433//4183 2432//4183
f  2129//4184 2432//4184 2128//4184
f  2128//4185 2432//4185 2431//4185
f  2128//4186 2431//4186 2127//4186
f  2127//4187 2431//4187 1128//4187
f  2127//4188 1128//4188 2126//4188
f  2126//4189 1128//4189 1130//4189
f  2126//4190 1130//4190 1132//4190
f  2161//4191 2503//4191 2160//4191
f  2160//4192 2503//4192 2504//4192
f  2160//4193 2504//4193 2159//4193
f  2159//4194 2504//4194 2505//4194
f  2159//4195 2505//4195 2158//4195
f  2158//4196 2505//4196 2506//4196
f  2158//4197 2506//4197 2157//4197
f  2157//4198 2506//4198 2507//4198
f  2157//4199 2507//4199 2156//4199
f  2156//4200 2507//4200 2508//4200
f  2156//4201 2508//4201 2155//4201
f  2155//4202 2508//4202 2509//4202
f  2155//4203 2509//4203 2154//4203
f  2154//4204 2509//4204 2510//4204
f  2154//4205 2510//4205 2153//4205
f  2153//4206 2510//4206 2511//4206
f  2153//4207 2511//4207 2152//4207
f  2152//4208 2511//4208 2512//4208
f  2152//4209 2512//4209 2151//4209
f  2151//4210 2512//4210 2513//4210
f  2151//4211 2513//4211 2150//4211
f  2150//4212 2513//4212 2514//4212
f  2150//4213 2514//4213 2149//4213
f  2149//4214 2514//4214 2515//4214
f  2149//4215 2515//4215 2502//4215
f  2502//4216 2515//4216 2516//4216
f  2502//4217 2516//4217 2501//4217
f  2501//4218 2516//4218 2517//4218
f  2501//4219 2517//4219 2500//4219
f  2500//4220 2517//4220 2518//4220
f  2500//4221 2518//4221 2499//4221
f  2499//4222 2518//4222 2519//4222
f  2499//4223 2519//4223 2498//4223
f  2498//4224 2519//4224 2520//4224
f  2498//4225 2520//4225 2473//4225
f  2473//4226 2520//4226 2521//4226
f  2473//4227 2521//4227 2474//4227
f  1872//4228 1869//4228 2522//4228
f  2522//4229 1869//4229 1868//4229
f  2522//4230 1868//4230 2523//4230
f  2523//4231 1868//4231 1867//4231
f  2523//4232 1867//4232 1987//4232
f  1987//4233 1867//4233 1977//4233
f  1987//4234 1977//4234 2001//4234
f  2001//4235 1977//4235 1976//4235
f  2001//4236 1976//4236 2002//4236
f  2002//4237 1976//4237 1975//4237
f  2002//4238 1975//4238 2032//4238
f  2032//4239 1975//4239 1974//4239
f  2032//4240 1974//4240 2136//4240
f  2136//4241 1974//4241 1973//4241
f  2136//4242 1973//4242 2161//4242
f  2161//4243 1973//4243 1971//4243
f  2161//4244 1971//4244 2503//4244
f  2503//4245 1971//4245 1970//4245
f  2503//4246 1970//4246 2504//4246
f  2504//4247 1970//4247 2524//4247
f  2504//4248 2524//4248 2505//4248
f  2505//4249 2524//4249 2525//4249
f  2505//4250 2525//4250 2506//4250
f  2506//4251 2525//4251 2526//4251
f  2506//4252 2526//4252 2507//4252
f  2507//4253 2526//4253 2527//4253
f  2507//4254 2527//4254 2508//4254
f  2508//4255 2527//4255 2528//4255
f  2508//4256 2528//4256 2509//4256
f  2509//4257 2528//4257 2529//4257
f  2509//4258 2529//4258 2510//4258
f  2510//4259 2529//4259 2530//4259
f  2510//4260 2530//4260 2511//4260
f  2511//4261 2530//4261 2531//4261
f  2511//4262 2531//4262 2512//4262
f  2512//4263 2531//4263 2532//4263
f  2512//4264 2532//4264 2513//4264
f  2513//4265 2532//4265 2533//4265
f  2513//4266 2533//4266 2514//4266
f  2514//4267 2533//4267 2534//4267
f  2514//4268 2534//4268 2515//4268
f  2515//4269 2534//4269 2535//4269
f  2515//4270 2535//4270 2516//4270
f  2516//4271 2535//4271 2536//4271
f  2516//4272 2536//4272 2517//4272
f  2517//4273 2536//4273 2537//4273
f  2517//4274 2537//4274 2518//4274
f  2518//4275 2537//4275 2538//4275
f  2518//4276 2538//4276 2519//4276
f  2519//4277 2538//4277 2539//4277
f  2519//4278 2539//4278 2520//4278
f  2520//4279 2539//4279 2540//4279
f  2520//4280 2540//4280 2521//4280
f  1111//4281 1110//4281 2541//4281
f  2541//4282 1110//4282 2542//4282
f  2541//4283 2542//4283 2543//4283
f  2543//4284 2542//4284 2544//4284
f  2543//4285 2544//4285 2545//4285
f  2545//4286 2544//4286 2546//4286
f  2545//4287 2546//4287 2547//4287
f  2547//4288 2546//4288 2548//4288
f  2547//4289 2548//4289 2549//4289
f  2549//4290 2548//4290 2550//4290
f  2549//4291 2550//4291 2551//4291
f  2551//4292 2550//4292 2552//4292
f  2551//4293 2552//4293 2553//4293
f  2553//4294 2552//4294 2554//4294
f  2553//4295 2554//4295 1115//4295
f  1109//4296 1108//4296 1112//4296
f  1108//4297 2555//4297 1112//4297
f  1112//4298 2555//4298 2556//4298
f  1112//4299 2556//4299 1110//4299
f  1110//4300 2556//4300 2430//4300
f  1110//4301 2430//4301 2542//4301
f  2542//4302 2430//4302 2392//4302
f  2542//4303 2392//4303 2544//4303
f  2544//4304 2392//4304 2391//4304
f  2544//4305 2391//4305 2546//4305
f  2546//4306 2391//4306 2394//4306
f  2546//4307 2394//4307 2548//4307
f  2548//4308 2394//4308 2395//4308
f  2548//4309 2395//4309 2550//4309
f  2550//4310 2395//4310 2396//4310
f  2550//4311 2396//4311 2552//4311
f  2552//4312 2396//4312 2397//4312
f  2552//4313 2397//4313 2554//4313
f  1107//4314 1109//4314 2557//4314
f  2557//4315 1109//4315 2558//4315
f  2557//4316 2558//4316 2559//4316
f  2559//4317 2558//4317 2560//4317
f  2559//4318 2560//4318 2561//4318
f  2562//4319 2563//4319 2564//4319
f  2564//4320 2563//4320 2565//4320
f  2564//4321 2565//4321 2566//4321
f  2566//4322 2565//4322 2567//4322
f  2566//4323 2567//4323 2568//4323
f  2568//4324 2567//4324 2569//4324
f  2568//4325 2569//4325 2570//4325
f  2570//4326 2569//4326 1114//4326
f  2570//4327 1114//4327 2571//4327
f  2571//4328 1114//4328 1113//4328
f  2571//4329 1113//4329 2572//4329
f  2573//4330 2574//4330 2575//4330
f  2575//4331 2574//4331 2576//4331
f  2575//4332 2576//4332 2577//4332
f  2577//4333 2576//4333 2578//4333
f  2577//4334 2578//4334 2579//4334
f  2579//4335 2578//4335 2580//4335
f  2579//4336 2580//4336 2581//4336
f  2581//4337 2580//4337 2582//4337
f  2581//4338 2582//4338 2583//4338
f  2583//4339 2582//4339 2584//4339
f  2583//4340 2584//4340 2585//4340
f  2586//4341 2573//4341 2587//4341
f  2587//4342 2573//4342 2575//4342
f  2587//4343 2575//4343 2588//4343
f  2588//4344 2575//4344 2577//4344
f  2588//4345 2577//4345 2589//4345
f  2589//4346 2577//4346 2579//4346
f  2589//4347 2579//4347 2590//4347
f  2590//4348 2579//4348 2581//4348
f  2590//4349 2581//4349 2591//4349
f  2591//4350 2581//4350 2583//4350
f  2591//4351 2583//4351 2562//4351
f  2562//4352 2583//4352 2585//4352
f  2562//4353 2585//4353 2563//4353
f  2572//4354 2592//4354 2571//4354
f  2571//4355 2592//4355 2593//4355
f  2571//4356 2593//4356 2570//4356
f  2570//4357 2593//4357 2594//4357
f  2570//4358 2594//4358 2568//4358
f  2568//4359 2594//4359 2595//4359
f  2568//4360 2595//4360 2566//4360
f  2566//4361 2595//4361 2596//4361
f  2566//4362 2596//4362 2564//4362
f  2564//4363 2596//4363 2597//4363
f  2564//4364 2597//4364 2562//4364
f  2562//4365 2597//4365 2598//4365
f  2562//4366 2598//4366 2591//4366
f  2591//4367 2598//4367 2599//4367
f  2591//4368 2599//4368 2590//4368
f  2590//4369 2599//4369 2600//4369
f  2590//4370 2600//4370 2589//4370
f  2589//4371 2600//4371 2601//4371
f  2589//4372 2601//4372 2588//4372
f  2588//4373 2601//4373 2602//4373
f  2588//4374 2602//4374 2587//4374
f  2587//4375 2602//4375 2603//4375
f  2587//4376 2603//4376 2586//4376
f  2586//4377 2603//4377 2604//4377
f  2605//4378 2574//4378 1920//4378
f  1920//4379 2574//4379 2573//4379
f  1920//4380 2573//4380 1921//4380
f  1921//4381 2573//4381 2586//4381
f  1921//4382 2586//4382 1891//4382
f  1891//4383 2586//4383 2604//4383
f  1891//4384 2604//4384 1892//4384
f  1115//4385 1114//4385 2553//4385
f  2553//4386 1114//4386 2569//4386
f  2553//4387 2569//4387 2551//4387
f  2551//4388 2569//4388 2567//4388
f  2551//4389 2567//4389 2549//4389
f  2549//4390 2567//4390 2565//4390
f  2549//4391 2565//4391 2547//4391
f  2547//4392 2565//4392 2563//4392
f  2547//4393 2563//4393 2545//4393
f  2545//4394 2563//4394 2585//4394
f  2545//4395 2585//4395 2543//4395
f  2543//4396 2585//4396 2584//4396
f  2543//4397 2584//4397 2541//4397
f  2541//4398 2584//4398 2582//4398
f  2541//4399 2582//4399 1111//4399
f  1111//4400 2582//4400 2580//4400
f  1111//4401 2580//4401 1112//4401
f  1112//4402 2580//4402 2578//4402
f  1112//4403 2578//4403 1109//4403
f  1109//4404 2578//4404 2576//4404
f  1109//4405 2576//4405 2558//4405
f  2558//4406 2576//4406 2574//4406
f  2558//4407 2574//4407 2560//4407
f  2560//4408 2574//4408 2605//4408
f  2560//4409 2605//4409 2561//4409
f  1389//4410 2424//4410 2357//4410
f  2357//4411 2424//4411 2425//4411
f  2357//4412 2425//4412 2358//4412
f  2358//4413 2425//4413 2426//4413
f  2358//4414 2426//4414 2359//4414
f  2359//4415 2426//4415 2427//4415
f  2359//4416 2427//4416 2398//4416
f  2398//4417 2427//4417 2428//4417
f  2398//4418 2428//4418 2408//4418
f  2408//4419 2428//4419 2429//4419
f  2408//4420 2429//4420 2409//4420
f  2409//4421 2429//4421 2430//4421
f  2409//4422 2430//4422 2411//4422
f  2411//4423 2430//4423 2556//4423
f  2411//4424 2556//4424 2413//4424
f  2413//4425 2556//4425 2555//4425
f  2413//4426 2555//4426 2415//4426
f  2415//4427 2555//4427 1108//4427
f  2415//4428 1108//4428 2417//4428
f  2417//4429 1108//4429 1107//4429
f  2417//4430 1107//4430 2419//4430
f  2419//4431 1107//4431 2557//4431
f  2419//4432 2557//4432 2421//4432
f  2421//4433 2557//4433 2559//4433
f  2421//4434 2559//4434 2423//4434
f  2423//4435 2559//4435 2561//4435
f  2423//4436 2561//4436 1883//4436
f  1883//4437 2561//4437 2605//4437
f  1883//4438 2605//4438 1884//4438
f  1884//4439 2605//4439 1920//4439
f  1884//4440 1920//4440 1887//4440
f  1887//4441 1920//4441 1922//4441
f  1887//4442 1922//4442 1950//4442
f  1950//4443 1922//4443 1924//4443
f  1950//4444 1924//4444 1952//4444
f  1952//4445 1924//4445 1926//4445
f  1952//4446 1926//4446 1954//4446
f  1954//4447 1926//4447 1928//4447
f  1954//4448 1928//4448 1956//4448
f  1956//4449 1928//4449 1930//4449
f  1956//4450 1930//4450 1958//4450
f  1958//4451 1930//4451 1932//4451
f  1958//4452 1932//4452 1960//4452
f  1960//4453 1932//4453 1934//4453
f  1960//4454 1934//4454 1962//4454
f  1962//4455 1934//4455 1936//4455
f  1962//4456 1936//4456 1964//4456
f  1964//4457 1936//4457 1938//4457
f  1964//4458 1938//4458 1966//4458
f  1966//4459 1938//4459 1765//4459
f  1966//4460 1765//4460 1968//4460
f  1968//4461 1765//4461 1162//4461
f  1968//4462 1162//4462 1969//4462
f  1969//4463 1162//4463 1771//4463
f  1969//4464 1771//4464 1695//4464
f  1695//4465 1771//4465 1773//4465
f  1695//4466 1773//4466 1696//4466
f  1696//4467 1773//4467 1766//4467
f  1696//4468 1766//4468 1165//4468
f  1165//4469 1766//4469 1768//4469
f  1165//4470 1768//4470 1163//4470
f  1163//4471 1768//4471 1762//4471
f  1163//4472 1762//4472 1744//4472
f  1744//4473 1762//4473 1763//4473
f  1744//4474 1763//4474 1745//4474
f  1745//4475 1763//4475 1764//4475
f  1745//4476 1764//4476 1746//4476
f  1746//4477 1764//4477 1742//4477
f  1746//4478 1742//4478 1703//4478
f  1703//4479 1742//4479 1743//4479
f  1703//4480 1743//4480 2162//4480
f  1195//4481 1335//4481 1196//4481
f  1196//4482 1335//4482 1336//4482
f  1196//4483 1336//4483 2237//4483
f  2237//4484 1336//4484 1332//4484
f  2237//4485 1332//4485 2238//4485
f  2238//4486 1332//4486 2213//4486
f  2238//4487 2213//4487 2437//4487
f  2437//4488 2213//4488 2212//4488
f  2437//4489 2212//4489 2229//4489
f  2229//4490 2212//4490 2211//4490
f  2229//4491 2211//4491 2221//4491
f  2221//4492 2211//4492 2210//4492
f  2221//4493 2210//4493 2131//4493
f  2131//4494 2210//4494 2209//4494
f  2131//4495 2209//4495 2112//4495
f  2112//4496 2209//4496 2208//4496
f  2112//4497 2208//4497 1126//4497
f  1126//4498 2208//4498 2207//4498
f  1126//4499 2207//4499 1127//4499
f  1127//4500 2207//4500 2206//4500
f  1127//4501 2206//4501 1129//4501
f  1129//4502 2206//4502 2205//4502
f  1129//4503 2205//4503 1130//4503
f  1130//4504 2205//4504 2204//4504
f  1130//4505 2204//4505 1132//4505
f  1132//4506 2204//4506 2203//4506
f  1132//4507 2203//4507 1133//4507
f  1133//4508 2203//4508 2202//4508
f  1133//4509 2202//4509 1135//4509
f  1135//4510 2202//4510 2201//4510
f  1135//4511 2201//4511 1137//4511
f  1137//4512 2201//4512 2200//4512
f  1137//4513 2200//4513 1139//4513
f  1139//4514 2200//4514 2199//4514
f  1139//4515 2199//4515 1141//4515
f  1141//4516 2199//4516 2198//4516
f  1141//4517 2198//4517 1142//4517
f  1142//4518 2198//4518 2197//4518
f  1142//4519 2197//4519 1999//4519
f  1999//4520 2197//4520 2196//4520
f  1999//4521 2196//4521 1997//4521
f  1997//4522 2196//4522 2195//4522
f  1997//4523 2195//4523 1995//4523
f  1995//4524 2195//4524 2194//4524
f  1995//4525 2194//4525 1993//4525
f  1993//4526 2194//4526 1881//4526
f  1993//4527 1881//4527 1991//4527
f  1991//4528 1881//4528 1879//4528
f  1991//4529 1879//4529 1989//4529
f  1989//4530 1879//4530 1877//4530
f  1989//4531 1877//4531 1987//4531
f  1987//4532 1877//4532 1875//4532
f  1987//4533 1875//4533 2523//4533
f  2523//4534 1875//4534 1873//4534
f  2523//4535 1873//4535 2522//4535
f  2522//4536 1873//4536 1865//4536
f  2522//4537 1865//4537 1872//4537
f  1872//4538 1865//4538 1148//4538
f  1872//4539 1148//4539 1871//4539
f  1871//4540 1148//4540 1150//4540
f  1871//4541 1150//4541 1870//4541
f  1870//4542 1150//4542 1851//4542
f  1870//4543 1851//4543 1145//4543
f  1145//4544 1851//4544 2173//4544
f  1145//4545 2173//4545 1978//4545
f  1978//4546 2173//4546 2172//4546
f  1978//4547 2172//4547 1979//4547
f  1979//4548 2172//4548 2171//4548
f  1979//4549 2171//4549 1980//4549
f  1980//4550 2171//4550 2170//4550
f  1980//4551 2170//4551 1981//4551
f  1981//4552 2170//4552 2169//4552
f  1981//4553 2169//4553 1970//4553
f  1970//4554 2169//4554 2168//4554
f  1970//4555 2168//4555 2524//4555
f  2524//4556 2168//4556 2167//4556
f  2524//4557 2167//4557 2525//4557
f  2525//4558 2167//4558 2166//4558
f  2525//4559 2166//4559 2526//4559
f  2526//4560 2166//4560 2165//4560
f  2526//4561 2165//4561 2527//4561
f  2527//4562 2165//4562 2164//4562
f  2527//4563 2164//4563 2528//4563
f  2528//4564 2164//4564 2163//4564
f  2528//4565 2163//4565 2529//4565
f  2529//4566 2163//4566 2162//4566
f  2529//4567 2162//4567 2530//4567
f  2530//4568 2162//4568 1743//4568
f  2530//4569 1743//4569 2531//4569
f  2531//4570 1743//4570 1741//4570
f  2531//4571 1741//4571 2532//4571
f  2532//4572 1741//4572 1739//4572
f  2532//4573 1739//4573 2533//4573
f  2533//4574 1739//4574 1737//4574
f  2533//4575 1737//4575 2534//4575
f  2534//4576 1737//4576 1735//4576
f  2534//4577 1735//4577 2535//4577
f  2535//4578 1735//4578 1733//4578
f  2535//4579 1733//4579 2536//4579
f  2536//4580 1733//4580 1731//4580
f  2536//4581 1731//4581 2537//4581
f  2537//4582 1731//4582 1729//4582
f  2537//4583 1729//4583 2538//4583
f  2538//4584 1729//4584 1727//4584
f  2538//4585 1727//4585 2539//4585
f  2539//4586 1727//4586 1725//4586
f  2539//4587 1725//4587 2540//4587
f  2540//4588 1725//4588 1723//4588
f  2540//4589 1723//4589 2606//4589
f  2606//4590 1723//4590 1721//4590
f  2606//4591 1721//4591 2607//4591
f  2607//4592 1721//4592 1720//4592
f  2607//4593 1720//4593 2608//4593
f  2608//4594 1720//4594 1719//4594
f  2608//4595 1719//4595 2609//4595
f  2609//4596 1719//4596 1718//4596
f  2609//4597 1718//4597 2610//4597
f  2610//4598 1718//4598 1717//4598
f  2610//4599 1717//4599 2611//4599
f  2611//4600 1717//4600 1716//4600
f  2611//4601 1716//4601 1651//4601
f  1651//4602 1716//4602 1715//4602
f  1651//4603 1715//4603 1649//4603
f  1649//4604 1715//4604 1714//4604
f  1649//4605 1714//4605 1647//4605
f  1647//4606 1714//4606 1713//4606
f  1647//4607 1713//4607 1645//4607
f  1645//4608 1713//4608 1712//4608
f  1645//4609 1712//4609 1643//4609
f  1643//4610 1712//4610 1711//4610
f  1643//4611 1711//4611 1641//4611
f  1641//4612 1711//4612 1710//4612
f  1641//4613 1710//4613 1639//4613
f  1639//4614 1710//4614 1709//4614
f  1639//4615 1709//4615 1637//4615
f  1637//4616 1709//4616 1708//4616
f  1637//4617 1708//4617 1635//4617
f  1635//4618 1708//4618 1707//4618
f  1635//4619 1707//4619 1633//4619
f  1633//4620 1707//4620 1706//4620
f  1390//4621 1186//4621 1389//4621
f  1389//4622 1186//4622 1188//4622
f  1389//4623 1188//4623 2424//4623
f  2424//4624 1188//4624 2494//4624
f  2424//4625 2494//4625 2382//4625
f  2382//4626 2494//4626 2492//4626
f  2382//4627 2492//4627 2381//4627
f  2381//4628 2492//4628 2490//4628
f  2381//4629 2490//4629 2380//4629
f  2380//4630 2490//4630 2488//4630
f  2380//4631 2488//4631 2379//4631
f  2379//4632 2488//4632 2486//4632
f  2379//4633 2486//4633 2387//4633
f  2387//4634 2486//4634 2484//4634
f  2387//4635 2484//4635 1118//4635
f  1118//4636 2484//4636 2482//4636
f  1118//4637 2482//4637 1116//4637
f  1116//4638 2482//4638 2480//4638
f  1116//4639 2480//4639 2397//4639
f  2397//4640 2480//4640 2478//4640
f  2397//4641 2478//4641 2554//4641
f  2554//4642 2478//4642 2476//4642
f  2554//4643 2476//4643 1115//4643
f  1115//4644 2476//4644 2474//4644
f  1115//4645 2474//4645 1113//4645
f  1113//4646 2474//4646 2521//4646
f  1113//4647 2521//4647 2572//4647
f  2572//4648 2521//4648 2540//4648
f  2572//4649 2540//4649 2592//4649
f  2592//4650 2540//4650 2606//4650
f  2592//4651 2606//4651 2593//4651
f  2593//4652 2606//4652 2607//4652
f  2593//4653 2607//4653 2594//4653
f  2594//4654 2607//4654 2608//4654
f  2594//4655 2608//4655 2595//4655
f  2595//4656 2608//4656 2609//4656
f  2595//4657 2609//4657 2596//4657
f  2596//4658 2609//4658 2610//4658
f  2596//4659 2610//4659 2597//4659
f  2597//4660 2610//4660 2611//4660
f  2597//4661 2611//4661 2598//4661
f  2598//4662 2611//4662 1651//4662
f  2598//4663 1651//4663 2599//4663
f  2599//4664 1651//4664 1650//4664
f  2599//4665 1650//4665 2600//4665
f  2600//4666 1650//4666 1659//4666
f  2600//4667 1659//4667 2601//4667
f  2601//4668 1659//4668 1176//4668
f  2601//4669 1176//4669 2602//4669
f  2602//4670 1176//4670 1175//4670
f  2602//4671 1175//4671 2603//4671
f  2603//4672 1175//4672 1599//4672
f  2603//4673 1599//4673 2604//4673
f  2604//4674 1599//4674 1602//4674
f  2604//4675 1602//4675 1892//4675
f  1892//4676 1602//4676 1606//4676
f  1892//4677 1606//4677 1894//4677
f  1894//4678 1606//4678 1607//4678
f  1894//4679 1607//4679 1896//4679
f  1896//4680 1607//4680 1608//4680
f  1896//4681 1608//4681 1898//4681
f  1898//4682 1608//4682 1609//4682
f  1898//4683 1609//4683 1900//4683
f  1900//4684 1609//4684 1610//4684
f  1900//4685 1610//4685 1902//4685
f  1902//4686 1610//4686 1684//4686
f  1902//4687 1684//4687 1904//4687
f  1904//4688 1684//4688 1683//4688
f  1904//4689 1683//4689 1906//4689
f  1906//4690 1683//4690 1652//4690
f  1906//4691 1652//4691 1908//4691
f  1908//4692 1652//4692 1634//4692
f  1908//4693 1634//4693 1910//4693
f  1910//4694 1634//4694 1633//4694
f  1910//4695 1633//4695 1912//4695
f  1912//4696 1633//4696 1706//4696
f  1912//4697 1706//4697 1914//4697
f  1914//4698 1706//4698 1673//4698
f  1914//4699 1673//4699 1916//4699
f  1916//4700 1673//4700 1682//4700
f  1916//4701 1682//4701 1918//4701
f  1918//4702 1682//4702 1261//4702
f  1918//4703 1261//4703 1257//4703
f  1257//4704 1261//4704 1260//4704
f  1257//4705 1260//4705 1255//4705
f  2612//4706 853//4706 2613//4706
f  2613//4707 853//4707 855//4707
f  855//4708 856//4708 2613//4708
f  2613//4709 856//4709 851//4709
f  2613//4710 851//4710 2614//4710
f  851//4711 850//4711 2614//4711
f  2614//4712 850//4712 848//4712
f  2614//4713 848//4713 2615//4713
f  2615//4714 848//4714 847//4714
f  2615//4715 847//4715 845//4715
f  845//4716 844//4716 2615//4716
f  2615//4717 844//4717 104//4717
f  2615//4718 104//4718 2616//4718
f  106//4719 2617//4719 107//4719
f  107//4720 2617//4720 2616//4720
f  107//4721 2616//4721 103//4721
f  103//4722 2616//4722 104//4722
f  106//4723 1098//4723 2617//4723
f  2617//4724 1098//4724 835//4724
f  2617//4725 835//4725 2618//4725
f  2618//4726 835//4726 834//4726
f  834//4727 110//4727 2618//4727
f  2618//4728 110//4728 109//4728
f  2618//4729 109//4729 2619//4729
f  2619//4730 109//4730 119//4730
f  124//4731 2620//4731 125//4731
f  125//4732 2620//4732 2619//4732
f  125//4733 2619//4733 118//4733
f  118//4734 2619//4734 119//4734
f  124//4735 122//4735 2620//4735
f  2620//4736 122//4736 121//4736
f  2620//4737 121//4737 128//4737
f  724//4738 2621//4738 723//4738
f  723//4739 2621//4739 2620//4739
f  723//4740 2620//4740 127//4740
f  127//4741 2620//4741 128//4741
f  724//4742 725//4742 2621//4742
f  2621//4743 725//4743 727//4743
f  2621//4744 727//4744 2622//4744
f  727//4745 728//4745 2622//4745
f  2622//4746 728//4746 719//4746
f  2622//4747 719//4747 718//4747
f  718//4748 722//4748 2622//4748
f  2622//4749 722//4749 721//4749
f  2622//4750 721//4750 2623//4750
f  2623//4751 721//4751 720//4751
f  720//4752 691//4752 2623//4752
f  2623//4753 691//4753 689//4753
f  2623//4754 689//4754 2624//4754
f  2624//4755 689//4755 679//4755
f  679//4756 678//4756 2624//4756
f  2624//4757 678//4757 676//4757
f  2624//4758 676//4758 2625//4758
f  2625//4759 676//4759 672//4759
f  672//4760 674//4760 2625//4760
f  2625//4761 674//4761 675//4761
f  2625//4762 675//4762 2626//4762
f  2626//4763 675//4763 589//4763
f  2626//4764 589//4764 2627//4764
f  2627//4765 589//4765 591//4765
f  142//4766 2628//4766 143//4766
f  143//4767 2628//4767 2627//4767
f  143//4768 2627//4768 592//4768
f  592//4769 2627//4769 591//4769
f  142//4770 585//4770 2628//4770
f  2628//4771 585//4771 588//4771
f  2628//4772 588//4772 2629//4772
f  2629//4773 588//4773 587//4773
f  2629//4774 587//4774 586//4774
f  578//4775 2630//4775 577//4775
f  577//4776 2630//4776 2629//4776
f  577//4777 2629//4777 575//4777
f  575//4778 2629//4778 586//4778
f  578//4775 574//4775 2630//4775
f  2630//4779 574//4779 572//4779
f  2630//4780 572//4780 2631//4780
f  2631//4781 572//4781 154//4781
f  154//4782 153//4782 2631//4782
f  2631//4783 153//4783 571//4783
f  2631//4784 571//4784 2632//4784
f  2632//4785 571//4785 570//4785
f  2632//4786 570//4786 569//4786
f  569//4787 568//4787 2632//4787
f  2632//4788 568//4788 566//4788
f  2632//4789 566//4789 2633//4789
f  2633//4790 566//4790 565//4790
f  2633//4791 565//4791 563//4791
f  563//4792 564//4792 2633//4792
f  2633//4793 564//4793 911//4793
f  2633//4794 911//4794 2634//4794
f  2634//4795 911//4795 919//4795
f  919//4796 913//4796 2634//4796
f  2634//4797 913//4797 918//4797
f  2634//4798 918//4798 2635//4798
f  918//4799 917//4799 2635//4799
f  2635//4800 917//4800 916//4800
f  2635//4801 916//4801 2636//4801
f  916//4802 915//4802 2636//4802
f  2636//4803 915//4803 905//4803
f  2636//4804 905//4804 2637//4804
f  905//4805 907//4805 2637//4805
f  2637//4806 907//4806 908//4806
f  2637//4807 908//4807 902//4807
f  902//4808 901//4808 2637//4808
f  2637//4809 901//4809 900//4809
f  2637//4810 900//4810 2638//4810
f  2638//4811 900//4811 898//4811
f  898//4812 897//4812 2638//4812
f  2638//4813 897//4813 86//4813
f  2638//4814 86//4814 2639//4814
f  86//4815 85//4815 2639//4815
f  2639//4816 85//4816 890//4816
f  2639//4817 890//4817 2612//4817
f  2612//4818 890//4818 853//4818
f  1333//4819 1331//4819 2640//4819
f  1195//4820 1194//4820 2641//4820
f  1339//4821 1344//4821 2642//4821
f  1360//4822 1358//4822 2643//4822
f  1371//4823 1370//4823 2644//4823
f  1379//4824 1381//4824 2645//4824
f  1390//4825 1388//4825 2646//4825
f  1404//4826 1416//4826 2647//4826
f  1419//4827 1418//4827 2648//4827
f  1437//4828 1436//4828 2649//4828
f  1452//4829 1451//4829 2650//4829
f  1462//4830 1465//4830 2651//4830
f  1473//4831 1472//4831 2652//4831
f  1488//4832 1495//4832 2653//4832
f  1502//4833 1504//4833 2654//4833
f  2654//4834 1504//4834 1509//4834
f  1506//4835 2655//4835 1507//4835
f  1507//4836 2655//4836 2654//4836
f  1507//4837 2654//4837 1508//4837
f  1508//4838 2654//4838 1509//4838
f  2655//4839 1506//4839 1505//4839
f  2655//4840 1505//4840 1319//4840
f  1495//4841 1497//4841 2653//4841
f  2653//4842 1497//4842 1499//4842
f  2653//4843 1499//4843 2654//4843
f  2654//4844 1499//4844 1501//4844
f  2654//4845 1501//4845 1502//4845
f  1494//4846 1493//4846 2656//4846
f  2656//4847 1493//4847 1491//4847
f  2656//4848 1491//4848 2653//4848
f  2653//4849 1491//4849 1489//4849
f  2653//4850 1489//4850 1488//4850
f  1484//4851 1485//4851 2656//4851
f  2656//4852 1485//4852 1487//4852
f  2656//4853 1487//4853 1494//4853
f  1484//4854 2656//4854 1482//4854
f  1482//4855 2656//4855 2657//4855
f  1482//4856 2657//4856 1480//4856
f  1479//4857 1478//4857 2657//4857
f  2657//4858 1478//4858 1477//4858
f  2657//4859 1477//4859 1480//4859
f  1472//4860 1470//4860 2652//4860
f  2652//4861 1470//4861 1476//4861
f  2652//4862 1476//4862 2657//4862
f  2657//4863 1476//4863 1475//4863
f  2657//4864 1475//4864 1479//4864
f  1465//4865 1464//4865 2651//4865
f  2651//4866 1464//4866 1468//4866
f  2651//4867 1468//4867 2652//4867
f  2652//4868 1468//4868 1467//4868
f  2652//4869 1467//4869 1473//4869
f  1457//4870 1459//4870 2658//4870
f  2658//4871 1459//4871 2651//4871
f  2651//4872 1459//4872 1460//4872
f  2651//4873 1460//4873 1462//4873
f  1451//4874 1450//4874 2650//4874
f  2650//4875 1450//4875 1183//4875
f  2650//4876 1183//4876 2658//4876
f  2658//4877 1183//4877 1456//4877
f  2658//4878 1456//4878 1455//4878
f  1455//4879 1454//4879 2658//4879
f  2658//4880 1454//4880 1457//4880
f  2659//4881 1445//4881 1449//4881
f  2659//4882 1449//4882 2650//4882
f  2650//4883 1449//4883 1448//4883
f  2650//4884 1448//4884 1452//4884
f  1441//4885 1440//4885 2659//4885
f  2659//4886 1440//4886 1446//4886
f  2659//4887 1446//4887 1445//4887
f  1436//4888 1435//4888 2649//4888
f  2649//4889 1435//4889 1443//4889
f  2649//4890 1443//4890 2659//4890
f  2659//4891 1443//4891 1442//4891
f  2659//4892 1442//4892 1441//4892
f  1429//4893 1431//4893 2660//4893
f  2660//4894 1431//4894 2649//4894
f  2649//4895 1431//4895 1433//4895
f  2649//4896 1433//4896 1437//4896
f  1418//4897 1420//4897 2648//4897
f  2648//4898 1420//4898 1422//4898
f  2648//4899 1422//4899 2660//4899
f  2660//4900 1422//4900 1424//4900
f  2660//4901 1424//4901 1425//4901
f  1425//4902 1427//4902 2660//4902
f  2660//4903 1427//4903 1426//4903
f  2660//4904 1426//4904 1429//4904
f  1416//4905 1415//4905 2647//4905
f  2647//4906 1415//4906 1414//4906
f  2647//4907 1414//4907 2648//4907
f  2648//4908 1414//4908 1413//4908
f  2648//4909 1413//4909 1419//4909
f  1401//4910 1403//4910 2661//4910
f  2661//4911 1403//4911 1410//4911
f  1410//4912 1409//4912 2661//4912
f  2661//4913 1409//4913 1407//4913
f  2661//4914 1407//4914 2647//4914
f  2647//4915 1407//4915 1405//4915
f  2647//4916 1405//4916 1404//4916
f  1396//4917 1398//4917 2662//4917
f  2662//4918 1398//4918 1391//4918
f  1391//4919 1393//4919 2662//4919
f  2662//4920 1393//4920 1395//4920
f  2662//4921 1395//4921 2661//4921
f  2661//4922 1395//4922 1399//4922
f  2661//4923 1399//4923 1401//4923
f  1388//4924 1386//4924 2646//4924
f  2646//4925 1386//4925 1384//4925
f  2646//4926 1384//4926 2662//4926
f  2662//4927 1384//4927 1383//4927
f  2662//4928 1383//4928 1396//4928
f  1381//4929 1380//4929 2645//4929
f  2645//4930 1380//4930 1187//4930
f  2645//4931 1187//4931 2646//4931
f  2646//4932 1187//4932 1186//4932
f  2646//4933 1186//4933 1390//4933
f  1376//4934 1375//4934 2663//4934
f  2663//4935 1375//4935 1193//4935
f  1193//4936 1192//4936 2663//4936
f  2663//4937 1192//4937 1190//4937
f  2663//4938 1190//4938 2645//4938
f  2645//4939 1190//4939 1189//4939
f  2645//4940 1189//4940 1379//4940
f  1370//4941 2354//4941 2644//4941
f  2644//4942 2354//4942 1378//4942
f  2644//4943 1378//4943 2663//4943
f  2663//4944 1378//4944 1377//4944
f  2663//4945 1377//4945 1376//4945
f  2664//4946 1369//4946 1374//4946
f  2664//4947 1374//4947 2644//4947
f  2644//4948 1374//4948 1373//4948
f  2644//4949 1373//4949 1371//4949
f  1365//4950 1367//4950 2664//4950
f  2664//4951 1367//4951 1369//4951
f  1358//4952 1357//4952 2643//4952
f  2643//4953 1357//4953 1362//4953
f  2643//4954 1362//4954 2664//4954
f  2664//4955 1362//4955 1364//4955
f  2664//4956 1364//4956 1365//4956
f  2665//4957 1355//4957 1353//4957
f  2665//4958 1353//4958 2643//4958
f  2643//4959 1353//4959 1361//4959
f  2643//4960 1361//4960 1360//4960
f  1349//4961 1351//4961 2665//4961
f  2665//4962 1351//4962 1356//4962
f  2665//4963 1356//4963 1355//4963
f  1344//4964 1343//4964 2642//4964
f  2642//4965 1343//4965 1346//4965
f  2642//4966 1346//4966 2665//4966
f  2665//4967 1346//4967 1348//4967
f  2665//4968 1348//4968 1349//4968
f  1194//4969 1338//4969 2641//4969
f  2641//4970 1338//4970 1342//4970
f  2641//4971 1342//4971 2642//4971
f  2642//4972 1342//4972 1340//4972
f  2642//4973 1340//4973 1339//4973
f  1331//4974 1329//4974 2640//4974
f  2640//4975 1329//4975 1328//4975
f  2640//4976 1328//4976 2641//4976
f  2641//4977 1328//4977 1335//4977
f  2641//4978 1335//4978 1195//4978
f  1319//4979 1318//4979 2655//4979
f  2655//4980 1318//4980 1324//4980
f  2655//4981 1324//4981 1323//4981
f  1323//4982 1327//4982 2655//4982
f  2655//4983 1327//4983 1326//4983
f  2655//4984 1326//4984 2640//4984
f  2640//4985 1326//4985 1334//4985
f  2640//4986 1334//4986 1333//4986
f  2653//29 2621//29 2656//29
f  2656//29 2621//29 2622//29
f  2656//29 2622//29 2657//29
f  2657//29 2622//29 2623//29
f  2657//29 2623//29 2652//29
f  2652//29 2623//29 2624//29
f  2652//29 2624//29 2651//29
f  2651//29 2624//29 2625//29
f  2651//29 2625//29 2658//29
f  2658//29 2625//29 2626//29
f  2658//29 2626//29 2650//29
f  2626//29 2627//29 2650//29
f  2650//29 2627//29 2628//29
f  2650//29 2628//29 2659//29
f  2659//29 2628//29 2629//29
f  2659//29 2629//29 2649//29
f  2649//29 2629//29 2630//29
f  2649//29 2630//29 2660//29
f  2660//29 2630//29 2631//29
f  2660//29 2631//29 2648//29
f  2648//29 2631//29 2632//29
f  2648//29 2632//29 2647//29
f  2647//29 2632//29 2633//29
f  2647//29 2633//29 2661//29
f  2661//29 2633//29 2634//29
f  2661//29 2634//29 2662//29
f  2662//29 2634//29 2635//29
f  2662//29 2635//29 2646//29
f  2646//29 2635//29 2636//29
f  2646//29 2636//29 2645//29
f  2645//29 2636//29 2637//29
f  2645//29 2637//29 2663//29
f  2663//29 2637//29 2638//29
f  2663//29 2638//29 2644//29
f  2644//29 2638//29 2639//29
f  2644//29 2639//29 2664//29
f  2664//29 2639//29 2612//29
f  2664//29 2612//29 2643//29
f  2643//29 2612//29 2613//29
f  2643//29 2613//29 2665//29
f  2665//29 2613//29 2614//29
f  2665//29 2614//29 2642//29
f  2642//29 2614//29 2615//29
f  2642//29 2615//29 2641//29
f  2641//29 2615//29 2616//29
f  2641//29 2616//29 2640//29
f  2640//29 2616//29 2617//29
f  2640//29 2617//29 2655//29
f  2655//29 2617//29 2618//29
f  2655//29 2618//29 2654//29
f  2654//29 2618//29 2619//29
f  2654//29 2619//29 2653//29
f  2653//29 2619//29 2620//29
f  2653//29 2620//29 2621//29
f  1204//40 1203//40 293//40
f  192//40 1258//40 193//40
f  193//40 1258//40 1256//40
f  193//40 1256//40 246//40
f  246//40 1256//40 1255//40
f  246//40 1255//40 247//40
f  247//40 1255//40 1260//40
f  247//40 1260//40 249//40
f  249//40 1260//40 1262//40
f  249//40 1262//40 250//40
f  250//40 1262//40 1263//40
f  250//40 1263//40 241//40
f  241//40 1263//40 1198//40
f  241//40 1198//40 242//40
f  242//40 1198//40 1197//40
f  242//40 1197//40 244//40
f  244//40 1197//40 1264//40
f  244//40 1264//40 245//40
f  245//40 1264//40 1266//40
f  245//40 1266//40 240//40
f  240//40 1266//40 1269//40
f  240//40 1269//40 238//40
f  238//40 1269//40 1268//40
f  238//40 1268//40 237//40
f  237//40 1268//40 1274//40
f  237//40 1274//40 235//40
f  235//40 1274//40 1273//40
f  235//40 1273//40 230//40
f  230//40 1273//40 1271//40
f  230//40 1271//40 231//40
f  231//40 1271//40 1270//40
f  231//40 1270//40 233//40
f  233//40 1270//40 1275//40
f  233//40 1275//40 234//40
f  234//40 1275//40 1277//40
f  234//40 1277//40 228//40
f  228//40 1277//40 1278//40
f  228//40 1278//40 229//40
f  229//40 1278//40 1280//40
f  229//40 1280//40 222//40
f  222//40 1280//40 1283//40
f  222//40 1283//40 223//40
f  223//40 1283//40 1282//40
f  223//40 1282//40 225//40
f  225//40 1282//40 1286//40
f  225//40 1286//40 226//40
f  226//40 1286//40 1285//40
f  293//40 1203//40 288//40
f  288//40 1203//40 1201//40
f  288//40 1201//40 286//40
f  286//40 1201//40 1200//40
f  286//40 1200//40 278//40
f  278//40 1200//40 1218//40
f  278//40 1218//40 279//40
f  279//40 1218//40 1216//40
f  279//40 1216//40 281//40
f  281//40 1216//40 1215//40
f  281//40 1215//40 283//40
f  283//40 1215//40 1221//40
f  283//40 1221//40 284//40
f  284//40 1221//40 1223//40
f  284//40 1223//40 285//40
f  285//40 1223//40 1224//40
f  285//40 1224//40 276//40
f  276//40 1224//40 1226//40
f  276//40 1226//40 277//40
f  277//40 1226//40 1228//40
f  277//40 1228//40 273//40
f  273//40 1228//40 1229//40
f  273//40 1229//40 274//40
f  274//40 1229//40 1231//40
f  274//40 1231//40 270//40
f  270//40 1231//40 1232//40
f  270//40 1232//40 271//40
f  271//40 1232//40 1234//40
f  271//40 1234//40 268//40
f  268//40 1234//40 1239//40
f  268//40 1239//40 266//40
f  266//40 1239//40 1238//40
f  266//40 1238//40 189//40
f  189//40 1238//40 1236//40
f  189//40 1236//40 190//40
f  190//40 1236//40 1235//40
f  190//40 1235//40 263//40
f  263//40 1235//40 1242//40
f  263//40 1242//40 264//40
f  264//40 1242//40 1241//40
f  264//40 1241//40 265//40
f  265//40 1241//40 1247//40
f  265//40 1247//40 261//40
f  261//40 1247//40 1246//40
f  261//40 1246//40 262//40
f  262//40 1246//40 1244//40
f  262//40 1244//40 259//40
f  259//40 1244//40 1243//40
f  259//40 1243//40 257//40
f  257//40 1243//40 1251//40
f  257//40 1251//40 256//40
f  256//40 1251//40 1249//40
f  256//40 1249//40 255//40
f  255//40 1249//40 1248//40
f  255//40 1248//40 253//40
f  253//40 1248//40 1254//40
f  253//40 1254//40 251//40
f  251//40 1254//40 1253//40
f  251//40 1253//40 192//40
f  192//40 1253//40 1259//40
f  192//40 1259//40 1258//40
f  293//40 292//40 1204//40
f  1204//40 292//40 290//40
f  1204//40 290//40 1206//40
f  1206//40 290//40 289//40
f  1206//40 289//40 1207//40
f  1207//40 289//40 295//40
f  1207//40 295//40 1209//40
f  1209//40 295//40 294//40
f  1209//40 294//40 1211//40
f  1211//40 294//40 299//40
f  1211//40 299//40 1213//40
f  1213//40 299//40 298//40
f  1213//40 298//40 1214//40
f  298//40 303//40 1214//40
f  1214//40 303//40 301//40
f  1214//40 301//40 1317//40
f  1317//40 301//40 306//40
f  1317//40 306//40 1312//40
f  1312//40 306//40 305//40
f  1312//40 305//40 1313//40
f  1313//40 305//40 304//40
f  1313//40 304//40 1315//40
f  1315//40 304//40 196//40
f  1315//40 196//40 1303//40
f  1303//40 196//40 195//40
f  1303//40 195//40 1304//40
f  1304//40 195//40 203//40
f  1304//40 203//40 1306//40
f  1306//40 203//40 202//40
f  1306//40 202//40 1308//40
f  1308//40 202//40 200//40
f  1308//40 200//40 1310//40
f  1310//40 200//40 199//40
f  1310//40 199//40 1311//40
f  1311//40 199//40 208//40
f  1311//40 208//40 1532//40
f  1532//40 208//40 207//40
f  1532//40 207//40 1298//40
f  1298//40 207//40 205//40
f  1298//40 205//40 1299//40
f  1299//40 205//40 204//40
f  1299//40 204//40 1301//40
f  1301//40 204//40 402//40
f  1301//40 402//40 1302//40
f  1302//40 402//40 401//40
f  1302//40 401//40 1297//40
f  1297//40 401//40 215//40
f  1297//40 215//40 1296//40
f  1296//40 215//40 214//40
f  1296//40 214//40 1294//40
f  1294//40 214//40 212//40
f  1294//40 212//40 1292//40
f  1292//40 212//40 210//40
f  1292//40 210//40 1290//40
f  1290//40 210//40 209//40
f  1290//40 209//40 1287//40
f  1287//40 209//40 216//40
f  1287//40 216//40 1288//40
f  1288//40 216//40 218//40
f  1288//40 218//40 1289//40
f  1289//40 218//40 221//40
f  1289//40 221//40 1285//40
f  1285//40 221//40 220//40
f  1285//40 220//40 226//40
f  2666//29 2667//29 2668//29
f  2668//29 2667//29 2669//29
f  2668//29 2669//29 2670//29
f  2670//29 2669//29 2671//29
f  2670//29 2671//29 2672//29
f  2672//29 2671//29 2673//29
f  2672//29 2673//29 2674//29
f  2674//29 2673//29 2675//29
f  2674//29 2675//29 2676//29
f  2676//29 2675//29 2677//29
f  2676//29 2677//29 2678//29
f  2678//29 2677//29 2679//29
f  2678//29 2679//29 2680//29
f  2680//29 2679//29 2681//29
f  2680//29 2681//29 2682//29
f  2682//29 2681//29 2683//29
f  2682//29 2683//29 2684//29
f  2684//29 2683//29 2685//29
f  2684//29 2685//29 2686//29
f  2686//29 2685//29 2687//29
f  2686//29 2687//29 2688//29
f  2688//29 2687//29 2689//29
f  2688//29 2689//29 2690//29
f  2690//29 2689//29 2691//29
f  2690//29 2691//29 2692//29
f  2692//29 2691//29 2693//29
f  2692//29 2693//29 2694//29
f  2694//29 2693//29 2695//29
f  2694//29 2695//29 2696//29
f  2696//29 2695//29 2697//29
f  2696//29 2697//29 2698//29
f  2698//29 2697//29 2699//29
f  2698//29 2699//29 2700//29
f  2700//29 2699//29 2701//29
f  2700//29 2701//29 2702//29
f  2702//29 2701//29 2703//29
f  2702//29 2703//29 2704//29
f  2704//29 2703//29 2705//29
f  2704//29 2705//29 2706//29
f  2706//29 2705//29 2707//29
f  2706//29 2707//29 2708//29
f  2708//29 2707//29 2709//29
f  2708//29 2709//29 2710//29
f  2710//29 2709//29 2711//29
f  2710//29 2711//29 2712//29
f  2712//29 2711//29 2713//29
f  2712//29 2713//29 2714//29
f  2714//29 2713//29 2715//29
f  2714//29 2715//29 2716//29
f  2716//29 2715//29 2717//29
f  2716//29 2717//29 2718//29
f  2718//29 2717//29 2719//29
f  2718//29 2719//29 2720//29
f  2720//29 2719//29 2721//29
f  2720//29 2721//29 2722//29
f  2722//29 2721//29 2723//29
f  2722//29 2723//29 2724//29
f  2724//29 2723//29 2725//29
f  2724//29 2725//29 2726//29
f  2726//29 2725//29 2727//29
f  2726//29 2727//29 2728//29
f  2728//29 2727//29 2729//29
f  2728//29 2729//29 2730//29
f  2730//29 2729//29 2731//29
f  2730//29 2731//29 2732//29
f  2732//29 2731//29 2733//29
f  2732//29 2733//29 2734//29
f  2734//29 2733//29 2735//29
f  2734//29 2735//29 2736//29
f  2736//29 2735//29 2737//29
f  2736//29 2737//29 2738//29
f  2738//29 2737//29 2666//29
f  2738//29 2666//29 2668//29
f  2739//4987 2740//4987 2741//4987
f  2741//4987 2740//4987 2742//4987
f  2741//4988 2742//4988 2743//4988
f  2743//4988 2742//4988 2744//4988
f  2743//4989 2744//4989 2745//4989
f  2745//4989 2744//4989 2746//4989
f  2745//4990 2746//4990 2747//4990
f  2747//4990 2746//4990 2748//4990
f  2747//4991 2748//4991 2749//4991
f  2749//4991 2748//4991 2750//4991
f  2749//4992 2750//4992 2751//4992
f  2751//4992 2750//4992 2752//4992
f  2751//4993 2752//4993 2753//4993
f  2753//4993 2752//4993 2754//4993
f  2753//4994 2754//4994 2755//4994
f  2755//4994 2754//4994 2756//4994
f  2755//4995 2756//4995 2757//4995
f  2757//4995 2756//4995 2758//4995
f  2757//4996 2758//4996 2759//4996
f  2759//4996 2758//4996 2760//4996
f  2759//4997 2760//4997 2761//4997
f  2761//4997 2760//4997 2762//4997
f  2761//4998 2762//4998 2763//4998
f  2763//4998 2762//4998 2764//4998
f  2763//4999 2764//4999 2765//4999
f  2765//4999 2764//4999 2766//4999
f  2765//5000 2766//5000 2767//5000
f  2767//5000 2766//5000 2768//5000
f  2767//5001 2768//5001 2769//5001
f  2769//5001 2768//5001 2770//5001
f  2769//5002 2770//5002 2771//5002
f  2771//5002 2770//5002 2772//5002
f  2771//5003 2772//5003 2773//5003
f  2773//5003 2772//5003 2774//5003
f  2773//5004 2774//5004 2775//5004
f  2775//5004 2774//5004 2776//5004
f  2775//5005 2776//5005 2777//5005
f  2777//5005 2776//5005 2778//5005
f  2777//5006 2778//5006 2779//5006
f  2779//5006 2778//5006 2780//5006
f  2779//5007 2780//5007 2781//5007
f  2781//5007 2780//5007 2782//5007
f  2781//5008 2782//5008 2783//5008
f  2783//5008 2782//5008 2784//5008
f  2783//5009 2784//5009 2785//5009
f  2785//5009 2784//5009 2786//5009
f  2785//5010 2786//5010 2787//5010
f  2787//5010 2786//5010 2788//5010
f  2787//5011 2788//5011 2789//5011
f  2789//5011 2788//5011 2790//5011
f  2789//5012 2790//5012 2791//5012
f  2791//5012 2790//5012 2792//5012
f  2791//5013 2792//5013 2793//5013
f  2793//5013 2792//5013 2794//5013
f  2793//5014 2794//5014 2795//5014
f  2795//5014 2794//5014 2796//5014
f  2795//5015 2796//5015 2797//5015
f  2797//5015 2796//5015 2798//5015
f  2797//5016 2798//5016 2799//5016
f  2799//5016 2798//5016 2800//5016
f  2799//5017 2800//5017 2801//5017
f  2801//5017 2800//5017 2802//5017
f  2801//5018 2802//5018 2803//5018
f  2803//5018 2802//5018 2804//5018
f  2803//5019 2804//5019 2805//5019
f  2805//5019 2804//5019 2806//5019
f  2805//5020 2806//5020 2807//5020
f  2807//5020 2806//5020 2808//5020
f  2807//5021 2808//5021 2809//5021
f  2809//5021 2808//5021 2810//5021
f  2809//5022 2810//5022 2739//5022
f  2739//5022 2810//5022 2740//5022
f  2808//10 2811//10 2810//10
f  2810//10 2811//10 2812//10
f  2810//10 2812//10 2740//10
f  2812//10 2813//10 2740//10
f  2740//10 2813//10 2814//10
f  2740//10 2814//10 2742//10
f  2742//10 2814//10 2815//10
f  2742//10 2815//10 2744//10
f  2744//10 2815//10 2816//10
f  2744//10 2816//10 2746//10
f  2746//10 2816//10 2817//10
f  2746//10 2817//10 2748//10
f  2748//10 2817//10 2818//10
f  2748//10 2818//10 2750//10
f  2750//10 2818//10 2819//10
f  2750//10 2819//10 2752//10
f  2752//10 2819//10 2820//10
f  2752//10 2820//10 2754//10
f  2754//10 2820//10 2821//10
f  2754//10 2821//10 2756//10
f  2756//10 2821//10 2822//10
f  2756//10 2822//10 2758//10
f  2758//10 2822//10 2823//10
f  2758//10 2823//10 2760//10
f  2760//10 2823//10 2824//10
f  2760//10 2824//10 2762//10
f  2762//10 2824//10 2825//10
f  2762//10 2825//10 2764//10
f  2764//10 2825//10 2826//10
f  2764//10 2826//10 2766//10
f  2766//10 2826//10 2827//10
f  2766//10 2827//10 2768//10
f  2768//10 2827//10 2828//10
f  2768//10 2828//10 2770//10
f  2770//10 2828//10 2829//10
f  2770//10 2829//10 2772//10
f  2772//10 2829//10 2830//10
f  2772//10 2830//10 2774//10
f  2774//10 2830//10 2831//10
f  2774//10 2831//10 2776//10
f  2776//10 2831//10 2832//10
f  2776//10 2832//10 2778//10
f  2778//10 2832//10 2833//10
f  2778//10 2833//10 2780//10
f  2780//10 2833//10 2834//10
f  2780//10 2834//10 2782//10
f  2782//10 2834//10 2835//10
f  2782//10 2835//10 2784//10
f  2784//10 2835//10 2836//10
f  2784//10 2836//10 2786//10
f  2786//10 2836//10 2837//10
f  2786//10 2837//10 2788//10
f  2788//10 2837//10 2838//10
f  2788//10 2838//10 2790//10
f  2790//10 2838//10 2839//10
f  2790//10 2839//10 2792//10
f  2792//10 2839//10 2840//10
f  2792//10 2840//10 2794//10
f  2794//10 2840//10 2841//10
f  2794//10 2841//10 2796//10
f  2796//10 2841//10 2842//10
f  2796//10 2842//10 2798//10
f  2798//10 2842//10 2843//10
f  2798//10 2843//10 2800//10
f  2800//10 2843//10 2844//10
f  2800//10 2844//10 2802//10
f  2802//10 2844//10 2845//10
f  2802//10 2845//10 2804//10
f  2804//10 2845//10 2846//10
f  2804//10 2846//10 2806//10
f  2806//10 2846//10 2847//10
f  2806//10 2847//10 2808//10
f  2808//10 2847//10 2848//10
f  2808//10 2848//10 2811//10
f  2849//5023 2850//5023 2851//5023
f  2851//5024 2852//5024 2849//5024
f  2849//5025 2852//5025 2853//5025
f  2849//5026 2853//5026 2854//5026
f  2853//5027 2855//5027 2854//5027
f  2854//5027 2855//5027 2856//5027
f  2854//5028 2856//5028 2857//5028
f  2856//5029 2858//5029 2857//5029
f  2857//5029 2858//5029 2859//5029
f  2857//5030 2859//5030 2860//5030
f  2859//5031 2861//5031 2860//5031
f  2860//5032 2861//5032 2862//5032
f  2860//5033 2862//5033 2863//5033
f  2862//5034 2864//5034 2863//5034
f  2863//5034 2864//5034 2865//5034
f  2863//5035 2865//5035 2866//5035
f  2865//5036 2867//5036 2866//5036
f  2866//5037 2867//5037 2868//5037
f  2866//5038 2868//5038 2869//5038
f  2868//5039 2870//5039 2869//5039
f  2869//5040 2870//5040 2871//5040
f  2869//5041 2871//5041 2872//5041
f  2871//5042 2873//5042 2872//5042
f  2872//5043 2873//5043 2874//5043
f  2872//5044 2874//5044 2875//5044
f  2874//5045 2876//5045 2875//5045
f  2875//5046 2876//5046 2877//5046
f  2875//5047 2877//5047 2878//5047
f  2877//5048 2879//5048 2878//5048
f  2878//5049 2879//5049 2880//5049
f  2878//5050 2880//5050 2881//5050
f  2880//5051 2882//5051 2881//5051
f  2881//5052 2882//5052 2883//5052
f  2881//5053 2883//5053 2884//5053
f  2883//5054 2885//5054 2884//5054
f  2884//5055 2885//5055 2886//5055
f  2884//5056 2886//5056 2887//5056
f  2886//5057 2888//5057 2887//5057
f  2887//5058 2888//5058 2889//5058
f  2887//5059 2889//5059 2890//5059
f  2889//5060 2891//5060 2890//5060
f  2890//5060 2891//5060 2892//5060
f  2890//5061 2892//5061 2893//5061
f  2892//5062 2894//5062 2893//5062
f  2893//5063 2894//5063 2895//5063
f  2893//5064 2895//5064 2896//5064
f  2895//5065 2897//5065 2896//5065
f  2896//5066 2897//5066 2898//5066
f  2896//5067 2898//5067 2899//5067
f  2898//5068 2900//5068 2899//5068
f  2899//5069 2900//5069 2901//5069
f  2899//5070 2901//5070 2902//5070
f  2901//5071 2903//5071 2902//5071
f  2902//5071 2903//5071 2904//5071
f  2902//5072 2904//5072 2905//5072
f  2904//5073 2906//5073 2905//5073
f  2905//5073 2906//5073 2907//5073
f  2905//5074 2907//5074 2908//5074
f  2907//5075 2909//5075 2908//5075
f  2908//5076 2909//5076 2910//5076
f  2908//5077 2910//5077 2911//5077
f  2910//5078 2912//5078 2911//5078
f  2911//5079 2912//5079 2913//5079
f  2911//5080 2913//5080 2914//5080
f  2913//5081 2915//5081 2914//5081
f  2914//5082 2915//5082 2916//5082
f  2914//5083 2916//5083 2917//5083
f  2916//5084 2918//5084 2917//5084
f  2917//5084 2918//5084 2919//5084
f  2917//5085 2919//5085 2920//5085
f  2919//5086 2921//5086 2920//5086
f  2920//5087 2921//5087 2922//5087
f  2920//5088 2922//5088 2923//5088
f  2922//5089 2924//5089 2923//5089
f  2923//5090 2924//5090 2925//5090
f  2923//5091 2925//5091 2926//5091
f  2925//5092 2927//5092 2926//5092
f  2926//5093 2927//5093 2928//5093
f  2926//5094 2928//5094 2929//5094
f  2928//5095 2930//5095 2929//5095
f  2929//5096 2930//5096 2931//5096
f  2929//5097 2931//5097 2932//5097
f  2931//5098 2933//5098 2932//5098
f  2932//5099 2933//5099 2934//5099
f  2932//5100 2934//5100 2935//5100
f  2934//5101 2936//5101 2935//5101
f  2935//5102 2936//5102 2937//5102
f  2935//5103 2937//5103 2938//5103
f  2937//5104 2939//5104 2938//5104
f  2938//5105 2939//5105 2940//5105
f  2938//5106 2940//5106 2941//5106
f  2940//5107 2942//5107 2941//5107
f  2941//5108 2942//5108 2943//5108
f  2941//5109 2943//5109 2944//5109
f  2943//5110 2945//5110 2944//5110
f  2944//5110 2945//5110 2946//5110
f  2944//5111 2946//5111 2947//5111
f  2946//5112 2948//5112 2947//5112
f  2947//5113 2948//5113 2949//5113
f  2947//5114 2949//5114 2950//5114
f  2949//5115 2951//5115 2950//5115
f  2950//5115 2951//5115 2952//5115
f  2950//5116 2952//5116 2953//5116
f  2952//5117 2954//5117 2953//5117
f  2953//5117 2954//5117 2955//5117
f  2953//5118 2955//5118 2956//5118
f  2955//5119 2957//5119 2956//5119
f  2956//5120 2957//5120 2958//5120
f  2956//5121 2958//5121 2850//5121
f  2850//5122 2958//5122 2959//5122
f  2850//5123 2959//5123 2851//5123
f  2960//10 2961//10 2902//10
f  2902//10 2961//10 2962//10
f  2902//10 2962//10 2899//10
f  2899//10 2962//10 2963//10
f  2899//10 2963//10 2896//10
f  2896//10 2963//10 2964//10
f  2896//10 2964//10 2893//10
f  2893//10 2964//10 2965//10
f  2893//10 2965//10 2890//10
f  2890//10 2965//10 2966//10
f  2890//10 2966//10 2887//10
f  2887//10 2966//10 2967//10
f  2887//10 2967//10 2884//10
f  2884//10 2967//10 2968//10
f  2884//10 2968//10 2881//10
f  2881//10 2968//10 2969//10
f  2881//10 2969//10 2878//10
f  2878//10 2969//10 2970//10
f  2878//10 2970//10 2875//10
f  2875//10 2970//10 2971//10
f  2875//10 2971//10 2872//10
f  2872//10 2971//10 2972//10
f  2872//10 2972//10 2869//10
f  2869//10 2972//10 2973//10
f  2869//10 2973//10 2866//10
f  2866//10 2973//10 2974//10
f  2866//10 2974//10 2863//10
f  2863//10 2974//10 2975//10
f  2863//10 2975//10 2860//10
f  2860//10 2975//10 2976//10
f  2860//10 2976//10 2857//10
f  2857//10 2976//10 2977//10
f  2857//10 2977//10 2854//10
f  2854//10 2977//10 2978//10
f  2854//10 2978//10 2849//10
f  2849//10 2978//10 2979//10
f  2849//10 2979//10 2850//10
f  2850//10 2979//10 2980//10
f  2850//10 2980//10 2956//10
f  2956//10 2980//10 2981//10
f  2956//10 2981//10 2953//10
f  2953//10 2981//10 2982//10
f  2953//10 2982//10 2950//10
f  2950//10 2982//10 2983//10
f  2950//10 2983//10 2947//10
f  2947//10 2983//10 2984//10
f  2947//10 2984//10 2944//10
f  2944//10 2984//10 2985//10
f  2944//10 2985//10 2941//10
f  2941//10 2985//10 2986//10
f  2941//10 2986//10 2938//10
f  2938//10 2986//10 2987//10
f  2938//10 2987//10 2935//10
f  2935//10 2987//10 2988//10
f  2935//10 2988//10 2932//10
f  2932//10 2988//10 2989//10
f  2932//10 2989//10 2929//10
f  2929//10 2989//10 2990//10
f  2929//10 2990//10 2926//10
f  2926//10 2990//10 2991//10
f  2926//10 2991//10 2923//10
f  2923//10 2991//10 2992//10
f  2923//10 2992//10 2920//10
f  2920//10 2992//10 2993//10
f  2920//10 2993//10 2917//10
f  2917//10 2993//10 2994//10
f  2917//10 2994//10 2914//10
f  2914//10 2994//10 2995//10
f  2914//10 2995//10 2911//10
f  2911//10 2995//10 2996//10
f  2911//10 2996//10 2908//10
f  2908//10 2996//10 2997//10
f  2908//10 2997//10 2905//10
f  2905//10 2997//10 2960//10
f  2905//10 2960//10 2902//10
f  2980//5124 2998//5124 2981//5124
f  2981//5125 2998//5125 2999//5125
f  2981//5125 2999//5125 2982//5125
f  2982//5126 2999//5126 3000//5126
f  2982//5126 3000//5126 2983//5126
f  2983//5127 3000//5127 3001//5127
f  2983//5127 3001//5127 2984//5127
f  2984//5128 3001//5128 3002//5128
f  2984//5128 3002//5128 2985//5128
f  2985//5129 3002//5129 3003//5129
f  2985//5129 3003//5129 2986//5129
f  2986//5130 3003//5130 3004//5130
f  2986//5130 3004//5130 2987//5130
f  2987//5131 3004//5131 3005//5131
f  2987//5131 3005//5131 2988//5131
f  2988//5132 3005//5132 3006//5132
f  2988//5132 3006//5132 2989//5132
f  2989//39 3006//39 3007//39
f  2989//39 3007//39 2990//39
f  2990//5133 3007//5133 3008//5133
f  2990//5133 3008//5133 2991//5133
f  2991//5134 3008//5134 3009//5134
f  2991//5134 3009//5134 2992//5134
f  2992//5135 3009//5135 3010//5135
f  2992//5135 3010//5135 2993//5135
f  2993//5136 3010//5136 3011//5136
f  2993//5136 3011//5136 2994//5136
f  2994//5137 3011//5137 3012//5137
f  2994//5137 3012//5137 2995//5137
f  2995//5138 3012//5138 3013//5138
f  2995//5138 3013//5138 2996//5138
f  2996//5139 3013//5139 3014//5139
f  2996//5139 3014//5139 2997//5139
f  2997//5140 3014//5140 3015//5140
f  2997//5140 3015//5140 2960//5140
f  2960//5141 3015//5141 3016//5141
f  2960//5141 3016//5141 2961//5141
f  2961//5142 3016//5142 3017//5142
f  2961//5142 3017//5142 2962//5142
f  2962//5143 3017//5143 3018//5143
f  2962//5143 3018//5143 2963//5143
f  2963//5144 3018//5144 3019//5144
f  2963//5144 3019//5144 2964//5144
f  2964//5145 3019//5145 3020//5145
f  2964//5145 3020//5145 2965//5145
f  2965//5146 3020//5146 3021//5146
f  2965//5146 3021//5146 2966//5146
f  2966//5147 3021//5147 3022//5147
f  2966//5147 3022//5147 2967//5147
f  2967//5148 3022//5148 3023//5148
f  2967//5148 3023//5148 2968//5148
f  2968//5149 3023//5149 3024//5149
f  2968//5149 3024//5149 2969//5149
f  2969//5150 3024//5150 3025//5150
f  2969//5150 3025//5150 2970//5150
f  2970//40 3025//40 3026//40
f  2970//40 3026//40 2971//40
f  2971//5151 3026//5151 3027//5151
f  2971//5151 3027//5151 2972//5151
f  2972//5152 3027//5152 3028//5152
f  2972//5152 3028//5152 2973//5152
f  2973//5153 3028//5153 3029//5153
f  2973//5153 3029//5153 2974//5153
f  2974//5154 3029//5154 3030//5154
f  2974//5154 3030//5154 2975//5154
f  2975//5155 3030//5155 3031//5155
f  2975//5155 3031//5155 2976//5155
f  2976//5156 3031//5156 3032//5156
f  2976//5156 3032//5156 2977//5156
f  2977//5157 3032//5157 3033//5157
f  2977//5157 3033//5157 2978//5157
f  2978//5158 3033//5158 3034//5158
f  2978//5158 3034//5158 2979//5158
f  2979//5159 3034//5159 3035//5159
f  2979//5159 3035//5159 2980//5159
f  2980//5124 3035//5124 2998//5124
f  3036//29 3037//29 3038//29
f  3039//29 3040//29 3038//29
f  3038//29 3040//29 3041//29
f  3038//29 3041//29 3036//29
f  3042//29 3043//29 3044//29
f  3045//29 3046//29 3047//29
f  3048//29 3049//29 3050//29
f  3050//29 3051//29 3048//29
f  3048//29 3051//29 3052//29
f  3048//29 3052//29 3053//29
f  3054//29 3055//29 3056//29
f  3056//29 3057//29 3054//29
f  3054//29 3057//29 3058//29
f  3054//29 3058//29 3039//29
f  3039//29 3058//29 3059//29
f  3039//29 3059//29 3040//29
f  3060//29 3061//29 3062//29
f  3063//29 3064//29 3065//29
f  3066//29 3067//29 3068//29
f  3044//29 3069//29 3042//29
f  3042//29 3069//29 3070//29
f  3042//29 3070//29 3071//29
f  3072//29 3073//29 3046//29
f  3046//29 3073//29 3074//29
f  3046//29 3074//29 3047//29
f  3075//29 3076//29 3077//29
f  3078//29 3079//29 3080//29
f  3081//29 3082//29 3083//29
f  3083//29 3084//29 3081//29
f  3081//29 3084//29 3085//29
f  3081//29 3085//29 3061//29
f  3061//29 3085//29 3086//29
f  3061//29 3086//29 3062//29
f  3087//29 3088//29 3089//29
f  3068//29 3090//29 3066//29
f  3066//29 3090//29 3091//29
f  3066//29 3091//29 3043//29
f  3043//29 3091//29 3092//29
f  3043//29 3092//29 3044//29
f  3070//29 3093//29 3071//29
f  3071//29 3093//29 3094//29
f  3071//29 3094//29 3072//29
f  3072//29 3094//29 3095//29
f  3072//29 3095//29 3073//29
f  3047//29 3096//29 3045//29
f  3045//29 3096//29 3097//29
f  3045//29 3097//29 3049//29
f  3049//29 3097//29 3098//29
f  3049//29 3098//29 3050//29
f  3052//29 3099//29 3053//29
f  3053//29 3099//29 3100//29
f  3053//29 3100//29 3055//29
f  3055//29 3100//29 3101//29
f  3055//29 3101//29 3056//29
f  3102//29 3103//29 3104//29
f  3105//29 3106//29 3076//29
f  3076//29 3106//29 3107//29
f  3076//29 3107//29 3077//29
f  3062//29 3108//29 3060//29
f  3060//29 3108//29 3109//29
f  3060//29 3109//29 3110//29
f  3109//29 3111//29 3110//29
f  3110//29 3111//29 3112//29
f  3110//29 3112//29 3064//29
f  3064//29 3112//29 3113//29
f  3064//29 3113//29 3065//29
f  3065//29 3114//29 3063//29
f  3063//29 3114//29 3115//29
f  3063//29 3115//29 3089//29
f  3089//29 3115//29 3116//29
f  3089//29 3116//29 3087//29
f  3036//29 3117//29 3037//29
f  3037//29 3117//29 3118//29
f  3037//29 3118//29 3104//29
f  3104//29 3118//29 3119//29
f  3104//29 3119//29 3102//29
f  3102//29 3120//29 3103//29
f  3103//29 3120//29 3121//29
f  3103//29 3121//29 3122//29
f  3122//29 3121//29 3123//29
f  3122//29 3123//29 3124//29
f  3123//29 3125//29 3124//29
f  3124//29 3125//29 3126//29
f  3124//29 3126//29 3127//29
f  3126//29 3128//29 3127//29
f  3127//29 3128//29 3129//29
f  3127//29 3129//29 3105//29
f  3105//29 3129//29 3130//29
f  3105//29 3130//29 3106//29
f  3077//29 3131//29 3075//29
f  3075//29 3131//29 3132//29
f  3075//29 3132//29 3079//29
f  3079//29 3132//29 3133//29
f  3079//29 3133//29 3080//29
f  3080//29 3134//29 3078//29
f  3078//29 3134//29 3135//29
f  3078//29 3135//29 3082//29
f  3082//29 3135//29 3136//29
f  3082//29 3136//29 3083//29
f  3137//29 3138//29 3139//29
f  3087//29 3140//29 3088//29
f  3088//29 3140//29 3141//29
f  3088//29 3141//29 3139//29
f  3139//29 3141//29 3142//29
f  3139//29 3142//29 3137//29
f  3137//29 3143//29 3138//29
f  3138//29 3143//29 3144//29
f  3138//29 3144//29 3145//29
f  3145//29 3144//29 3146//29
f  3145//29 3146//29 3067//29
f  3067//29 3146//29 3147//29
f  3067//29 3147//29 3068//29
f  3148//5160 2707//5160 2705//5160
f  3148//5161 3149//5161 2707//5161
f  2707//5162 3149//5162 3150//5162
f  2707//5163 3150//5163 2709//5163
f  3150//5164 3151//5164 2709//5164
f  2709//5165 3151//5165 3152//5165
f  2709//5166 3152//5166 2711//5166
f  3152//5167 3153//5167 2711//5167
f  2711//5168 3153//5168 3154//5168
f  2711//5169 3154//5169 2713//5169
f  3154//5170 3155//5170 2713//5170
f  2713//5171 3155//5171 3156//5171
f  2713//5172 3156//5172 2715//5172
f  3156//5173 3157//5173 2715//5173
f  2715//5174 3157//5174 3158//5174
f  2715//5175 3158//5175 2717//5175
f  3158//5176 3159//5176 2717//5176
f  2717//5177 3159//5177 3160//5177
f  2717//5178 3160//5178 2719//5178
f  3160//5179 3161//5179 2719//5179
f  2719//5180 3161//5180 3162//5180
f  2719//5181 3162//5181 2721//5181
f  3162//5182 3163//5182 2721//5182
f  2721//5183 3163//5183 3164//5183
f  2721//5184 3164//5184 2723//5184
f  3164//5185 3165//5185 2723//5185
f  2723//40 3165//40 3166//40
f  2723//5186 3166//5186 2725//5186
f  3166//5187 3167//5187 2725//5187
f  2725//5188 3167//5188 3168//5188
f  2725//5189 3168//5189 2727//5189
f  3168//5190 3169//5190 2727//5190
f  2727//5191 3169//5191 3170//5191
f  2727//5192 3170//5192 2729//5192
f  3170//5193 3171//5193 2729//5193
f  2729//5194 3171//5194 3172//5194
f  2729//5195 3172//5195 2731//5195
f  3172//5196 3173//5196 2731//5196
f  2731//5197 3173//5197 3174//5197
f  2731//5198 3174//5198 2733//5198
f  3174//5199 3175//5199 2733//5199
f  2733//5200 3175//5200 3176//5200
f  2733//5201 3176//5201 2735//5201
f  3176//5202 3177//5202 2735//5202
f  2735//5203 3177//5203 3178//5203
f  2735//5204 3178//5204 2737//5204
f  3178//5205 3179//5205 2737//5205
f  2737//5206 3179//5206 3180//5206
f  2737//5207 3180//5207 2666//5207
f  3180//5208 3181//5208 2666//5208
f  2666//5209 3181//5209 3182//5209
f  2666//5210 3182//5210 2667//5210
f  3182//5211 3183//5211 2667//5211
f  2667//5212 3183//5212 3184//5212
f  2667//5213 3184//5213 2669//5213
f  3184//5214 3185//5214 2669//5214
f  2669//5215 3185//5215 3186//5215
f  2669//5216 3186//5216 2671//5216
f  3186//5217 3187//5217 2671//5217
f  2671//5218 3187//5218 3188//5218
f  2671//5219 3188//5219 2673//5219
f  3188//5220 3189//5220 2673//5220
f  2673//5221 3189//5221 3190//5221
f  2673//5222 3190//5222 2675//5222
f  3190//5223 3191//5223 2675//5223
f  2675//5224 3191//5224 3192//5224
f  2675//5225 3192//5225 2677//5225
f  3192//5226 3193//5226 2677//5226
f  2677//5227 3193//5227 3194//5227
f  2677//5228 3194//5228 2679//5228
f  3194//5229 3195//5229 2679//5229
f  2679//5230 3195//5230 3196//5230
f  2679//5231 3196//5231 2681//5231
f  3196//5232 3197//5232 2681//5232
f  2681//5233 3197//5233 3198//5233
f  2681//5234 3198//5234 2683//5234
f  3198//5235 3199//5235 2683//5235
f  2683//5236 3199//5236 3200//5236
f  2683//5237 3200//5237 2685//5237
f  3200//5238 3201//5238 2685//5238
f  2685//5239 3201//5239 3202//5239
f  2685//5240 3202//5240 2687//5240
f  3202//39 3203//39 2687//39
f  2687//5241 3203//5241 3204//5241
f  2687//5242 3204//5242 2689//5242
f  3204//5243 3205//5243 2689//5243
f  2689//5244 3205//5244 3206//5244
f  2689//5245 3206//5245 2691//5245
f  3206//5246 3207//5246 2691//5246
f  2691//5247 3207//5247 3208//5247
f  2691//5248 3208//5248 2693//5248
f  3208//5249 3209//5249 2693//5249
f  2693//5250 3209//5250 3210//5250
f  2693//5251 3210//5251 2695//5251
f  3210//5252 3211//5252 2695//5252
f  2695//5253 3211//5253 3212//5253
f  2695//5254 3212//5254 2697//5254
f  3212//5255 3213//5255 2697//5255
f  2697//5256 3213//5256 3214//5256
f  2697//5257 3214//5257 2699//5257
f  3214//5258 3215//5258 2699//5258
f  2699//5259 3215//5259 3216//5259
f  2699//5260 3216//5260 2701//5260
f  3216//5261 3217//5261 2701//5261
f  2701//5262 3217//5262 3218//5262
f  2701//5263 3218//5263 2703//5263
f  3218//5264 3219//5264 2703//5264
f  2703//5265 3219//5265 3220//5265
f  2703//5266 3220//5266 2705//5266
f  2705//5267 3220//5267 3221//5267
f  2705//5268 3221//5268 3148//5268
f  3035//5269 3037//5269 2998//5269
f  2998//5270 3037//5270 3104//5270
f  2998//5271 3104//5271 2999//5271
f  2999//5272 3104//5272 3103//5272
f  2999//5273 3103//5273 3000//5273
f  3000//5274 3103//5274 3122//5274
f  3000//5275 3122//5275 3001//5275
f  3001//5276 3122//5276 3124//5276
f  3001//5277 3124//5277 3002//5277
f  3002//5278 3124//5278 3127//5278
f  3002//5279 3127//5279 3003//5279
f  3003//5280 3127//5280 3105//5280
f  3003//5281 3105//5281 3004//5281
f  3004//5282 3105//5282 3076//5282
f  3004//5283 3076//5283 3005//5283
f  3005//5284 3076//5284 3075//5284
f  3005//5285 3075//5285 3006//5285
f  3006//5286 3075//5286 3079//5286
f  3006//5286 3079//5286 3007//5286
f  3007//5287 3079//5287 3078//5287
f  3007//5288 3078//5288 3008//5288
f  3008//5289 3078//5289 3082//5289
f  3008//5290 3082//5290 3009//5290
f  3009//5291 3082//5291 3081//5291
f  3009//5292 3081//5292 3010//5292
f  3010//5293 3081//5293 3061//5293
f  3010//5294 3061//5294 3011//5294
f  3011//5295 3061//5295 3060//5295
f  3011//5296 3060//5296 3012//5296
f  3012//5297 3060//5297 3110//5297
f  3012//5298 3110//5298 3013//5298
f  3013//5299 3110//5299 3064//5299
f  3013//5300 3064//5300 3014//5300
f  3014//5301 3064//5301 3063//5301
f  3014//5302 3063//5302 3015//5302
f  3015//5303 3063//5303 3089//5303
f  3015//5304 3089//5304 3016//5304
f  3016//5305 3089//5305 3088//5305
f  3016//5306 3088//5306 3017//5306
f  3017//5307 3088//5307 3139//5307
f  3017//5308 3139//5308 3018//5308
f  3018//5309 3139//5309 3138//5309
f  3018//5310 3138//5310 3019//5310
f  3019//5311 3138//5311 3145//5311
f  3019//5312 3145//5312 3020//5312
f  3020//5313 3145//5313 3067//5313
f  3020//5314 3067//5314 3021//5314
f  3021//5315 3067//5315 3066//5315
f  3021//5316 3066//5316 3022//5316
f  3022//5317 3066//5317 3043//5317
f  3022//5318 3043//5318 3023//5318
f  3023//5319 3043//5319 3042//5319
f  3023//5320 3042//5320 3024//5320
f  3024//5321 3042//5321 3071//5321
f  3024//5322 3071//5322 3025//5322
f  3025//5323 3071//5323 3072//5323
f  3025//5323 3072//5323 3026//5323
f  3026//5324 3072//5324 3046//5324
f  3026//5325 3046//5325 3027//5325
f  3027//5326 3046//5326 3045//5326
f  3027//5327 3045//5327 3028//5327
f  3028//5328 3045//5328 3049//5328
f  3028//5329 3049//5329 3029//5329
f  3029//5330 3049//5330 3048//5330
f  3029//5331 3048//5331 3030//5331
f  3030//5332 3048//5332 3053//5332
f  3030//5333 3053//5333 3031//5333
f  3031//5334 3053//5334 3055//5334
f  3031//5335 3055//5335 3032//5335
f  3032//5336 3055//5336 3054//5336
f  3032//5337 3054//5337 3033//5337
f  3033//5338 3054//5338 3039//5338
f  3033//5339 3039//5339 3034//5339
f  3034//5340 3039//5340 3038//5340
f  3034//5341 3038//5341 3035//5341
f  3035//5342 3038//5342 3037//5342
f  3222//5343 3116//5343 3223//5343
f  3223//5344 3116//5344 3115//5344
f  3223//5345 3115//5345 3224//5345
f  3224//5346 3115//5346 3114//5346
f  3224//5347 3114//5347 3225//5347
f  3225//5348 3114//5348 3065//5348
f  3225//5349 3065//5349 3226//5349
f  3226//5350 3065//5350 3113//5350
f  3226//5351 3113//5351 3227//5351
f  3227//5352 3113//5352 3112//5352
f  3227//5353 3112//5353 3228//5353
f  3228//5354 3112//5354 3111//5354
f  3228//5355 3111//5355 3229//5355
f  3229//5356 3111//5356 3109//5356
f  3229//5357 3109//5357 3230//5357
f  3230//5358 3109//5358 3108//5358
f  3230//5359 3108//5359 3231//5359
f  3231//5360 3108//5360 3062//5360
f  3231//5361 3062//5361 3232//5361
f  3232//5362 3062//5362 3086//5362
f  3232//5363 3086//5363 3233//5363
f  3233//5364 3086//5364 3085//5364
f  3233//5365 3085//5365 3234//5365
f  3234//5366 3085//5366 3084//5366
f  3234//5367 3084//5367 3235//5367
f  3235//5368 3084//5368 3083//5368
f  3235//5369 3083//5369 3236//5369
f  3236//5370 3083//5370 3136//5370
f  3236//5371 3136//5371 3237//5371
f  3237//5372 3136//5372 3135//5372
f  3237//5373 3135//5373 3238//5373
f  3238//5374 3135//5374 3134//5374
f  3238//5375 3134//5375 3239//5375
f  3239//5376 3134//5376 3080//5376
f  3239//5377 3080//5377 3240//5377
f  3240//5378 3080//5378 3133//5378
f  3240//5379 3133//5379 3241//5379
f  3241//5379 3133//5379 3132//5379
f  3241//5380 3132//5380 3242//5380
f  3242//5381 3132//5381 3131//5381
f  3242//5382 3131//5382 3243//5382
f  3243//5383 3131//5383 3077//5383
f  3243//5384 3077//5384 3244//5384
f  3244//5385 3077//5385 3107//5385
f  3244//5386 3107//5386 3245//5386
f  3245//5387 3107//5387 3106//5387
f  3245//5388 3106//5388 3246//5388
f  3246//5389 3106//5389 3130//5389
f  3246//5390 3130//5390 3247//5390
f  3247//5391 3130//5391 3129//5391
f  3247//5392 3129//5392 3248//5392
f  3248//5393 3129//5393 3128//5393
f  3248//5394 3128//5394 3249//5394
f  3249//5395 3128//5395 3126//5395
f  3249//5396 3126//5396 3250//5396
f  3250//5397 3126//5397 3125//5397
f  3250//5398 3125//5398 3251//5398
f  3251//5399 3125//5399 3123//5399
f  3251//5400 3123//5400 3252//5400
f  3252//5401 3123//5401 3121//5401
f  3252//5402 3121//5402 3253//5402
f  3253//5403 3121//5403 3120//5403
f  3253//5404 3120//5404 3254//5404
f  3254//5405 3120//5405 3102//5405
f  3254//5406 3102//5406 3255//5406
f  3255//5407 3102//5407 3119//5407
f  3255//5408 3119//5408 3256//5408
f  3256//5409 3119//5409 3118//5409
f  3256//5410 3118//5410 3257//5410
f  3257//5411 3118//5411 3117//5411
f  3257//5412 3117//5412 3258//5412
f  3258//5413 3117//5413 3036//5413
f  3258//5414 3036//5414 3259//5414
f  3259//5415 3036//5415 3041//5415
f  3259//5416 3041//5416 3260//5416
f  3260//5417 3041//5417 3040//5417
f  3260//5418 3040//5418 3261//5418
f  3261//5419 3040//5419 3059//5419
f  3261//5420 3059//5420 3262//5420
f  3262//5421 3059//5421 3058//5421
f  3262//5422 3058//5422 3263//5422
f  3263//5423 3058//5423 3057//5423
f  3263//5424 3057//5424 3264//5424
f  3264//5425 3057//5425 3056//5425
f  3264//5426 3056//5426 3265//5426
f  3265//5427 3056//5427 3101//5427
f  3265//5428 3101//5428 3266//5428
f  3266//5429 3101//5429 3100//5429
f  3266//5430 3100//5430 3267//5430
f  3267//5431 3100//5431 3099//5431
f  3267//5432 3099//5432 3268//5432
f  3268//5433 3099//5433 3052//5433
f  3268//5434 3052//5434 3269//5434
f  3269//5435 3052//5435 3051//5435
f  3269//5436 3051//5436 3270//5436
f  3270//5437 3051//5437 3050//5437
f  3270//5438 3050//5438 3271//5438
f  3271//5439 3050//5439 3098//5439
f  3271//5440 3098//5440 3272//5440
f  3272//5441 3098//5441 3097//5441
f  3272//5442 3097//5442 3273//5442
f  3273//5443 3097//5443 3096//5443
f  3273//5444 3096//5444 3274//5444
f  3274//5445 3096//5445 3047//5445
f  3274//5446 3047//5446 3275//5446
f  3275//5447 3047//5447 3074//5447
f  3275//5448 3074//5448 3276//5448
f  3276//5449 3074//5449 3073//5449
f  3276//5450 3073//5450 3277//5450
f  3277//5451 3073//5451 3095//5451
f  3277//5452 3095//5452 3278//5452
f  3278//5452 3095//5452 3094//5452
f  3278//5453 3094//5453 3279//5453
f  3279//5454 3094//5454 3093//5454
f  3279//5455 3093//5455 3280//5455
f  3280//5456 3093//5456 3070//5456
f  3280//5457 3070//5457 3281//5457
f  3281//5458 3070//5458 3069//5458
f  3281//5459 3069//5459 3282//5459
f  3282//5460 3069//5460 3044//5460
f  3282//5461 3044//5461 3283//5461
f  3283//5462 3044//5462 3092//5462
f  3283//5463 3092//5463 3284//5463
f  3284//5464 3092//5464 3091//5464
f  3284//5465 3091//5465 3285//5465
f  3285//5466 3091//5466 3090//5466
f  3285//5467 3090//5467 3286//5467
f  3286//5468 3090//5468 3068//5468
f  3286//5469 3068//5469 3287//5469
f  3287//5470 3068//5470 3147//5470
f  3287//5471 3147//5471 3288//5471
f  3288//5472 3147//5472 3146//5472
f  3288//5473 3146//5473 3289//5473
f  3289//5474 3146//5474 3144//5474
f  3289//5475 3144//5475 3290//5475
f  3290//5476 3144//5476 3143//5476
f  3290//5477 3143//5477 3291//5477
f  3291//5478 3143//5478 3137//5478
f  3291//5479 3137//5479 3292//5479
f  3292//5480 3137//5480 3142//5480
f  3292//5481 3142//5481 3293//5481
f  3293//5482 3142//5482 3141//5482
f  3293//5483 3141//5483 3294//5483
f  3294//5484 3141//5484 3140//5484
f  3294//5485 3140//5485 3295//5485
f  3295//5486 3140//5486 3087//5486
f  3295//5487 3087//5487 3222//5487
f  3222//5488 3087//5488 3116//5488
f  3296//5489 3222//5489 3297//5489
f  3297//5490 3222//5490 3223//5490
f  3297//5491 3223//5491 3298//5491
f  3298//5492 3223//5492 3224//5492
f  3298//5493 3224//5493 3299//5493
f  3299//5494 3224//5494 3225//5494
f  3299//5495 3225//5495 3300//5495
f  3300//5496 3225//5496 3226//5496
f  3300//5497 3226//5497 3301//5497
f  3301//5498 3226//5498 3227//5498
f  3301//5499 3227//5499 3302//5499
f  3302//5500 3227//5500 3228//5500
f  3302//5501 3228//5501 3303//5501
f  3303//5502 3228//5502 3229//5502
f  3303//5503 3229//5503 3304//5503
f  3304//5504 3229//5504 3230//5504
f  3304//5505 3230//5505 3305//5505
f  3305//5506 3230//5506 3231//5506
f  3305//5507 3231//5507 3306//5507
f  3306//5508 3231//5508 3232//5508
f  3306//5509 3232//5509 3307//5509
f  3307//5510 3232//5510 3233//5510
f  3307//5511 3233//5511 3308//5511
f  3308//5512 3233//5512 3234//5512
f  3308//5513 3234//5513 3309//5513
f  3309//5514 3234//5514 3235//5514
f  3309//5515 3235//5515 3310//5515
f  3310//5516 3235//5516 3236//5516
f  3310//5517 3236//5517 3311//5517
f  3311//5518 3236//5518 3237//5518
f  3311//5519 3237//5519 3312//5519
f  3312//5520 3237//5520 3238//5520
f  3312//5521 3238//5521 3313//5521
f  3313//5522 3238//5522 3239//5522
f  3313//5523 3239//5523 3314//5523
f  3314//5524 3239//5524 3240//5524
f  3314//5525 3240//5525 3315//5525
f  3315//5525 3240//5525 3241//5525
f  3315//5526 3241//5526 3316//5526
f  3316//5527 3241//5527 3242//5527
f  3316//5528 3242//5528 3317//5528
f  3317//5529 3242//5529 3243//5529
f  3317//5530 3243//5530 3318//5530
f  3318//5531 3243//5531 3244//5531
f  3318//5532 3244//5532 3319//5532
f  3319//5533 3244//5533 3245//5533
f  3319//5534 3245//5534 3320//5534
f  3320//5535 3245//5535 3246//5535
f  3320//5536 3246//5536 3321//5536
f  3321//5537 3246//5537 3247//5537
f  3321//5538 3247//5538 3322//5538
f  3322//5539 3247//5539 3248//5539
f  3322//5540 3248//5540 3323//5540
f  3323//5541 3248//5541 3249//5541
f  3323//5542 3249//5542 3324//5542
f  3324//5543 3249//5543 3250//5543
f  3324//5544 3250//5544 3325//5544
f  3325//5545 3250//5545 3251//5545
f  3325//5546 3251//5546 3326//5546
f  3326//5547 3251//5547 3252//5547
f  3326//5548 3252//5548 3327//5548
f  3327//5549 3252//5549 3253//5549
f  3327//5550 3253//5550 3328//5550
f  3328//5551 3253//5551 3254//5551
f  3328//5552 3254//5552 3329//5552
f  3329//5553 3254//5553 3255//5553
f  3329//5554 3255//5554 3330//5554
f  3330//5555 3255//5555 3256//5555
f  3330//5556 3256//5556 3331//5556
f  3331//5557 3256//5557 3257//5557
f  3331//5558 3257//5558 3332//5558
f  3332//5559 3257//5559 3258//5559
f  3332//5560 3258//5560 3333//5560
f  3333//5561 3258//5561 3259//5561
f  3333//5562 3259//5562 3334//5562
f  3334//5563 3259//5563 3260//5563
f  3334//5564 3260//5564 3335//5564
f  3335//5565 3260//5565 3261//5565
f  3335//5566 3261//5566 3336//5566
f  3336//5567 3261//5567 3262//5567
f  3336//5568 3262//5568 3337//5568
f  3337//5569 3262//5569 3263//5569
f  3337//5570 3263//5570 3338//5570
f  3338//5571 3263//5571 3264//5571
f  3338//5572 3264//5572 3339//5572
f  3339//5573 3264//5573 3265//5573
f  3339//5574 3265//5574 3340//5574
f  3340//5575 3265//5575 3266//5575
f  3340//5576 3266//5576 3341//5576
f  3341//5577 3266//5577 3267//5577
f  3341//5578 3267//5578 3342//5578
f  3342//5579 3267//5579 3268//5579
f  3342//5580 3268//5580 3343//5580
f  3343//5581 3268//5581 3269//5581
f  3343//5582 3269//5582 3344//5582
f  3344//5583 3269//5583 3270//5583
f  3344//5584 3270//5584 3345//5584
f  3345//5585 3270//5585 3271//5585
f  3345//5586 3271//5586 3346//5586
f  3346//5587 3271//5587 3272//5587
f  3346//5588 3272//5588 3347//5588
f  3347//5589 3272//5589 3273//5589
f  3347//5590 3273//5590 3348//5590
f  3348//5591 3273//5591 3274//5591
f  3348//5592 3274//5592 3349//5592
f  3349//5593 3274//5593 3275//5593
f  3349//5594 3275//5594 3350//5594
f  3350//5595 3275//5595 3276//5595
f  3350//5596 3276//5596 3351//5596
f  3351//5597 3276//5597 3277//5597
f  3351//5598 3277//5598 3352//5598
f  3352//5598 3277//5598 3278//5598
f  3352//5599 3278//5599 3353//5599
f  3353//5600 3278//5600 3279//5600
f  3353//5601 3279//5601 3354//5601
f  3354//5602 3279//5602 3280//5602
f  3354//5603 3280//5603 3355//5603
f  3355//5604 3280//5604 3281//5604
f  3355//5605 3281//5605 3356//5605
f  3356//5606 3281//5606 3282//5606
f  3356//5607 3282//5607 3357//5607
f  3357//5608 3282//5608 3283//5608
f  3357//5609 3283//5609 3358//5609
f  3358//5610 3283//5610 3284//5610
f  3358//5611 3284//5611 3359//5611
f  3359//5612 3284//5612 3285//5612
f  3359//5613 3285//5613 3360//5613
f  3360//5614 3285//5614 3286//5614
f  3360//5615 3286//5615 3361//5615
f  3361//5616 3286//5616 3287//5616
f  3361//5617 3287//5617 3362//5617
f  3362//5618 3287//5618 3288//5618
f  3362//5619 3288//5619 3363//5619
f  3363//5620 3288//5620 3289//5620
f  3363//5621 3289//5621 3364//5621
f  3364//5622 3289//5622 3290//5622
f  3364//5623 3290//5623 3365//5623
f  3365//5624 3290//5624 3291//5624
f  3365//5625 3291//5625 3366//5625
f  3366//5626 3291//5626 3292//5626
f  3366//5627 3292//5627 3367//5627
f  3367//5628 3292//5628 3293//5628
f  3367//5629 3293//5629 3368//5629
f  3368//5630 3293//5630 3294//5630
f  3368//5631 3294//5631 3369//5631
f  3369//5632 3294//5632 3295//5632
f  3369//5633 3295//5633 3296//5633
f  3296//5634 3295//5634 3222//5634
f  3184//5635 3296//5635 3185//5635
f  3185//5636 3296//5636 3297//5636
f  3185//5637 3297//5637 3186//5637
f  3186//5638 3297//5638 3298//5638
f  3186//5639 3298//5639 3187//5639
f  3187//5640 3298//5640 3299//5640
f  3187//5641 3299//5641 3188//5641
f  3188//5642 3299//5642 3300//5642
f  3188//5643 3300//5643 3189//5643
f  3189//5644 3300//5644 3301//5644
f  3189//5645 3301//5645 3190//5645
f  3190//5646 3301//5646 3302//5646
f  3190//5647 3302//5647 3191//5647
f  3191//5648 3302//5648 3303//5648
f  3191//5649 3303//5649 3192//5649
f  3192//5650 3303//5650 3304//5650
f  3192//5651 3304//5651 3193//5651
f  3193//5652 3304//5652 3305//5652
f  3193//5653 3305//5653 3194//5653
f  3194//5654 3305//5654 3306//5654
f  3194//5655 3306//5655 3195//5655
f  3195//5656 3306//5656 3307//5656
f  3195//5657 3307//5657 3196//5657
f  3196//5658 3307//5658 3308//5658
f  3196//5659 3308//5659 3197//5659
f  3197//5660 3308//5660 3309//5660
f  3197//5661 3309//5661 3198//5661
f  3198//5662 3309//5662 3310//5662
f  3198//5663 3310//5663 3199//5663
f  3199//5664 3310//5664 3311//5664
f  3199//5665 3311//5665 3200//5665
f  3200//5666 3311//5666 3312//5666
f  3200//5667 3312//5667 3201//5667
f  3201//5668 3312//5668 3313//5668
f  3201//5669 3313//5669 3202//5669
f  3202//5670 3313//5670 3314//5670
f  3202//5671 3314//5671 3203//5671
f  3203//5671 3314//5671 3315//5671
f  3203//5672 3315//5672 3204//5672
f  3204//5673 3315//5673 3316//5673
f  3204//5674 3316//5674 3205//5674
f  3205//5675 3316//5675 3317//5675
f  3205//5676 3317//5676 3206//5676
f  3206//5677 3317//5677 3318//5677
f  3206//5678 3318//5678 3207//5678
f  3207//5679 3318//5679 3319//5679
f  3207//5680 3319//5680 3208//5680
f  3208//5681 3319//5681 3320//5681
f  3208//5682 3320//5682 3209//5682
f  3209//5683 3320//5683 3321//5683
f  3209//5684 3321//5684 3210//5684
f  3210//5685 3321//5685 3322//5685
f  3210//5686 3322//5686 3211//5686
f  3211//5687 3322//5687 3323//5687
f  3211//5688 3323//5688 3212//5688
f  3212//5689 3323//5689 3324//5689
f  3212//5690 3324//5690 3213//5690
f  3213//5691 3324//5691 3325//5691
f  3213//5692 3325//5692 3214//5692
f  3214//5693 3325//5693 3326//5693
f  3214//5694 3326//5694 3215//5694
f  3215//5695 3326//5695 3327//5695
f  3215//5696 3327//5696 3216//5696
f  3216//5697 3327//5697 3328//5697
f  3216//5698 3328//5698 3217//5698
f  3217//5699 3328//5699 3329//5699
f  3217//5700 3329//5700 3218//5700
f  3218//5701 3329//5701 3330//5701
f  3218//5702 3330//5702 3219//5702
f  3219//5703 3330//5703 3331//5703
f  3219//5704 3331//5704 3220//5704
f  3220//5705 3331//5705 3332//5705
f  3220//5706 3332//5706 3221//5706
f  3221//5707 3332//5707 3333//5707
f  3221//5708 3333//5708 3148//5708
f  3148//5709 3333//5709 3334//5709
f  3148//5710 3334//5710 3149//5710
f  3149//5711 3334//5711 3335//5711
f  3149//5712 3335//5712 3150//5712
f  3150//5713 3335//5713 3336//5713
f  3150//5714 3336//5714 3151//5714
f  3151//5715 3336//5715 3337//5715
f  3151//5716 3337//5716 3152//5716
f  3152//5717 3337//5717 3338//5717
f  3152//5718 3338//5718 3153//5718
f  3153//5719 3338//5719 3339//5719
f  3153//5720 3339//5720 3154//5720
f  3154//5721 3339//5721 3340//5721
f  3154//5722 3340//5722 3155//5722
f  3155//5723 3340//5723 3341//5723
f  3155//5724 3341//5724 3156//5724
f  3156//5725 3341//5725 3342//5725
f  3156//5726 3342//5726 3157//5726
f  3157//5727 3342//5727 3343//5727
f  3157//5728 3343//5728 3158//5728
f  3158//5729 3343//5729 3344//5729
f  3158//5730 3344//5730 3159//5730
f  3159//5731 3344//5731 3345//5731
f  3159//5732 3345//5732 3160//5732
f  3160//5733 3345//5733 3346//5733
f  3160//5734 3346//5734 3161//5734
f  3161//5735 3346//5735 3347//5735
f  3161//5736 3347//5736 3162//5736
f  3162//5737 3347//5737 3348//5737
f  3162//5738 3348//5738 3163//5738
f  3163//5739 3348//5739 3349//5739
f  3163//5740 3349//5740 3164//5740
f  3164//5741 3349//5741 3350//5741
f  3164//5742 3350//5742 3165//5742
f  3165//5743 3350//5743 3351//5743
f  3165//5744 3351//5744 3166//5744
f  3166//5744 3351//5744 3352//5744
f  3166//5745 3352//5745 3167//5745
f  3167//5746 3352//5746 3353//5746
f  3167//5747 3353//5747 3168//5747
f  3168//5748 3353//5748 3354//5748
f  3168//5749 3354//5749 3169//5749
f  3169//5750 3354//5750 3355//5750
f  3169//5751 3355//5751 3170//5751
f  3170//5752 3355//5752 3356//5752
f  3170//5753 3356//5753 3171//5753
f  3171//5754 3356//5754 3357//5754
f  3171//5755 3357//5755 3172//5755
f  3172//5756 3357//5756 3358//5756
f  3172//5757 3358//5757 3173//5757
f  3173//5758 3358//5758 3359//5758
f  3173//5759 3359//5759 3174//5759
f  3174//5760 3359//5760 3360//5760
f  3174//5761 3360//5761 3175//5761
f  3175//5762 3360//5762 3361//5762
f  3175//5763 3361//5763 3176//5763
f  3176//5764 3361//5764 3362//5764
f  3176//5765 3362//5765 3177//5765
f  3177//5766 3362//5766 3363//5766
f  3177//5767 3363//5767 3178//5767
f  3178//5768 3363//5768 3364//5768
f  3178//5769 3364//5769 3179//5769
f  3179//5770 3364//5770 3365//5770
f  3179//5771 3365//5771 3180//5771
f  3180//5772 3365//5772 3366//5772
f  3180//5773 3366//5773 3181//5773
f  3181//5774 3366//5774 3367//5774
f  3181//5775 3367//5775 3182//5775
f  3182//5776 3367//5776 3368//5776
f  3182//5777 3368//5777 3183//5777
f  3183//5778 3368//5778 3369//5778
f  3183//5779 3369//5779 3184//5779
f  3184//5780 3369//5780 3296//5780
f  2833//5781 2832//5781 2903//5781
f  2903//5782 2901//5782 2833//5782
f  2833//5783 2901//5783 2900//5783
f  2833//5784 2900//5784 2834//5784
f  2900//5785 2898//5785 2834//5785
f  2834//5786 2898//5786 2897//5786
f  2834//5787 2897//5787 2835//5787
f  2897//5788 2895//5788 2835//5788
f  2835//5789 2895//5789 2894//5789
f  2835//5790 2894//5790 2836//5790
f  2894//5791 2892//5791 2836//5791
f  2836//5792 2892//5792 2891//5792
f  2836//5793 2891//5793 2837//5793
f  2837//5794 2891//5794 2889//5794
f  2837//5795 2889//5795 2838//5795
f  2838//5796 2889//5796 2888//5796
f  2888//5797 2886//5797 2838//5797
f  2838//5798 2886//5798 2885//5798
f  2838//5799 2885//5799 2839//5799
f  2885//5800 2883//5800 2839//5800
f  2839//5801 2883//5801 2882//5801
f  2839//5802 2882//5802 2840//5802
f  2882//5803 2880//5803 2840//5803
f  2840//5804 2880//5804 2879//5804
f  2840//5805 2879//5805 2841//5805
f  2879//5806 2877//5806 2841//5806
f  2841//5807 2877//5807 2876//5807
f  2841//5808 2876//5808 2842//5808
f  2876//5809 2874//5809 2842//5809
f  2842//5810 2874//5810 2873//5810
f  2842//5811 2873//5811 2843//5811
f  2873//5812 2871//5812 2843//5812
f  2843//5813 2871//5813 2870//5813
f  2843//5814 2870//5814 2844//5814
f  2870//5815 2868//5815 2844//5815
f  2844//5816 2868//5816 2867//5816
f  2844//5817 2867//5817 2845//5817
f  2867//5818 2865//5818 2845//5818
f  2845//5819 2865//5819 2864//5819
f  2845//5820 2864//5820 2846//5820
f  2846//5821 2864//5821 2862//5821
f  2846//5822 2862//5822 2847//5822
f  2847//5823 2862//5823 2861//5823
f  2861//5824 2859//5824 2847//5824
f  2847//5825 2859//5825 2858//5825
f  2847//5826 2858//5826 2848//5826
f  2858//5827 2856//5827 2848//5827
f  2848//5828 2856//5828 2855//5828
f  2848//5829 2855//5829 2811//5829
f  2855//5830 2853//5830 2811//5830
f  2811//5831 2853//5831 2852//5831
f  2811//5832 2852//5832 2812//5832
f  2812//5833 2852//5833 2851//5833
f  2812//5834 2851//5834 2813//5834
f  2813//5835 2851//5835 2959//5835
f  2813//5836 2959//5836 2814//5836
f  2959//5837 2958//5837 2814//5837
f  2814//5838 2958//5838 2957//5838
f  2814//5839 2957//5839 2815//5839
f  2815//5840 2957//5840 2955//5840
f  2815//5841 2955//5841 2816//5841
f  2816//5842 2955//5842 2954//5842
f  2954//5842 2952//5842 2816//5842
f  2816//5843 2952//5843 2951//5843
f  2816//5844 2951//5844 2817//5844
f  2951//5845 2949//5845 2817//5845
f  2817//5846 2949//5846 2948//5846
f  2817//5847 2948//5847 2818//5847
f  2818//5848 2948//5848 2946//5848
f  2818//5849 2946//5849 2819//5849
f  2819//5850 2946//5850 2945//5850
f  2945//5850 2943//5850 2819//5850
f  2819//5851 2943//5851 2942//5851
f  2819//5852 2942//5852 2820//5852
f  2942//5853 2940//5853 2820//5853
f  2820//5854 2940//5854 2939//5854
f  2820//5855 2939//5855 2821//5855
f  2939//5856 2937//5856 2821//5856
f  2821//5857 2937//5857 2936//5857
f  2821//5858 2936//5858 2822//5858
f  2936//5859 2934//5859 2822//5859
f  2822//5860 2934//5860 2933//5860
f  2822//5861 2933//5861 2823//5861
f  2933//5862 2931//5862 2823//5862
f  2823//5863 2931//5863 2930//5863
f  2823//5864 2930//5864 2824//5864
f  2930//5865 2928//5865 2824//5865
f  2824//5866 2928//5866 2927//5866
f  2824//5867 2927//5867 2825//5867
f  2927//5868 2925//5868 2825//5868
f  2825//5869 2925//5869 2924//5869
f  2825//5870 2924//5870 2826//5870
f  2826//5871 2924//5871 2922//5871
f  2826//5872 2922//5872 2827//5872
f  2827//5873 2922//5873 2921//5873
f  2921//5874 2919//5874 2827//5874
f  2827//5875 2919//5875 2918//5875
f  2827//5876 2918//5876 2828//5876
f  2918//5877 2916//5877 2828//5877
f  2828//5878 2916//5878 2915//5878
f  2828//5879 2915//5879 2829//5879
f  2915//5880 2913//5880 2829//5880
f  2829//5881 2913//5881 2912//5881
f  2829//5882 2912//5882 2830//5882
f  2912//5883 2910//5883 2830//5883
f  2830//5884 2910//5884 2909//5884
f  2830//5885 2909//5885 2831//5885
f  2909//5886 2907//5886 2831//5886
f  2831//5887 2907//5887 2906//5887
f  2831//5888 2906//5888 2832//5888
f  2832//5889 2906//5889 2904//5889
f  2832//5890 2904//5890 2903//5890
f  2773//5891 2670//5891 2771//5891
f  2771//5892 2670//5892 2672//5892
f  2771//5893 2672//5893 2769//5893
f  2769//5894 2672//5894 2674//5894
f  2769//5895 2674//5895 2767//5895
f  2767//5896 2674//5896 2676//5896
f  2767//5897 2676//5897 2765//5897
f  2765//5897 2676//5897 2678//5897
f  2765//5898 2678//5898 2763//5898
f  2763//5899 2678//5899 2680//5899
f  2763//5900 2680//5900 2761//5900
f  2761//5901 2680//5901 2682//5901
f  2761//5902 2682//5902 2759//5902
f  2759//5903 2682//5903 2684//5903
f  2759//5904 2684//5904 3370//5904
f  3370//5905 2684//5905 3371//5905
f  3370//5906 3371//5906 2755//5906
f  2755//5907 3371//5907 2688//5907
f  2755//5908 2688//5908 2753//5908
f  2753//5909 2688//5909 2690//5909
f  2753//5910 2690//5910 2751//5910
f  2751//5911 2690//5911 2692//5911
f  2751//5912 2692//5912 2749//5912
f  2749//5913 2692//5913 2694//5913
f  2749//5914 2694//5914 2747//5914
f  2747//5914 2694//5914 2696//5914
f  2747//5915 2696//5915 2745//5915
f  2745//5916 2696//5916 2698//5916
f  2745//5917 2698//5917 2743//5917
f  2743//5918 2698//5918 2700//5918
f  2743//5919 2700//5919 2741//5919
f  2741//5920 2700//5920 2702//5920
f  2741//5921 2702//5921 2739//5921
f  2739//5922 2702//5922 3372//5922
f  2739//5923 3372//5923 2809//5923
f  2809//5924 3372//5924 2706//5924
f  2809//5925 2706//5925 2807//5925
f  2807//5926 2706//5926 2708//5926
f  2807//5927 2708//5927 2805//5927
f  2805//5928 2708//5928 2710//5928
f  2805//5929 2710//5929 2803//5929
f  2803//5930 2710//5930 2712//5930
f  2803//5931 2712//5931 2801//5931
f  2801//5931 2712//5931 2714//5931
f  2801//5932 2714//5932 2799//5932
f  2799//5933 2714//5933 2716//5933
f  2799//5934 2716//5934 2797//5934
f  2797//5935 2716//5935 2718//5935
f  2797//5936 2718//5936 2795//5936
f  2795//5937 2718//5937 2720//5937
f  2795//5938 2720//5938 3373//5938
f  3373//5939 2720//5939 3374//5939
f  3373//5940 3374//5940 2791//5940
f  2791//5941 3374//5941 2724//5941
f  2791//5942 2724//5942 2789//5942
f  2789//5943 2724//5943 2726//5943
f  2789//5944 2726//5944 2787//5944
f  2787//5945 2726//5945 2728//5945
f  2787//5946 2728//5946 2785//5946
f  2785//5947 2728//5947 2730//5947
f  2785//5948 2730//5948 2783//5948
f  2783//5948 2730//5948 2732//5948
f  2783//5949 2732//5949 2781//5949
f  2781//5950 2732//5950 2734//5950
f  2781//5951 2734//5951 2779//5951
f  2779//5952 2734//5952 2736//5952
f  2779//5953 2736//5953 2777//5953
f  2777//5954 2736//5954 2738//5954
f  2777//5955 2738//5955 2775//5955
f  2775//5956 2738//5956 2668//5956
f  2775//5957 2668//5957 2773//5957
f  2773//5958 2668//5958 2670//5958
f  3375//40 3376//40 3377//40
f  3377//40 3376//40 3378//40
f  3377//40 3378//40 3379//40
f  3379//40 3378//40 3380//40
f  3379//40 3380//40 3381//40
f  3381//40 3380//40 3382//40
f  3381//40 3382//40 3383//40
f  3383//40 3382//40 3384//40
f  3383//40 3384//40 3385//40
f  3385//40 3384//40 3386//40
f  3385//40 3386//40 3387//40
f  3387//40 3386//40 3388//40
f  3387//40 3388//40 3389//40
f  3389//40 3388//40 3390//40
f  3389//40 3390//40 3391//40
f  3391//40 3390//40 3392//40
f  3391//40 3392//40 3393//40
f  3393//40 3392//40 3394//40
f  3393//40 3394//40 3395//40
f  3395//40 3394//40 3396//40
f  3395//40 3396//40 3397//40
f  3397//40 3396//40 3398//40
f  3397//40 3398//40 3399//40
f  3399//40 3398//40 3400//40
f  3399//40 3400//40 3401//40
f  3401//40 3400//40 3402//40
f  3401//40 3402//40 3403//40
f  3403//40 3402//40 3404//40
f  3403//40 3404//40 3405//40
f  3405//40 3404//40 3406//40
f  3405//40 3406//40 3407//40
f  3407//40 3406//40 3408//40
f  3407//40 3408//40 3409//40
f  3409//40 3408//40 3410//40
f  3409//40 3410//40 3411//40
f  3411//40 3410//40 3412//40
f  3411//40 3412//40 3413//40
f  3413//40 3412//40 3414//40
f  3413//40 3414//40 3415//40
f  3415//40 3414//40 3416//40
f  3415//40 3416//40 3417//40
f  3417//40 3416//40 3418//40
f  3417//40 3418//40 3419//40
f  3419//40 3418//40 3420//40
f  3419//40 3420//40 3421//40
f  3421//40 3420//40 3422//40
f  3421//40 3422//40 3423//40
f  3423//40 3422//40 3424//40
f  3423//40 3424//40 3425//40
f  3425//40 3424//40 3426//40
f  3425//40 3426//40 3427//40
f  3427//40 3426//40 3428//40
f  3427//40 3428//40 3429//40
f  3429//40 3428//40 3430//40
f  3429//40 3430//40 3431//40
f  3431//40 3430//40 3432//40
f  3431//40 3432//40 3433//40
f  3433//40 3432//40 3434//40
f  3433//40 3434//40 3435//40
f  3435//40 3434//40 3436//40
f  3435//40 3436//40 3437//40
f  3437//40 3436//40 3438//40
f  3437//40 3438//40 3439//40
f  3439//40 3438//40 3440//40
f  3439//40 3440//40 3441//40
f  3441//40 3440//40 3442//40
f  3441//40 3442//40 3443//40
f  3443//40 3442//40 3444//40
f  3443//40 3444//40 3445//40
f  3445//40 3444//40 3446//40
f  3445//40 3446//40 3447//40
f  3447//40 3446//40 3375//40
f  3447//40 3375//40 3377//40
f  3448//5959 3449//5959 3450//5959
f  3450//5959 3449//5959 3451//5959
f  3450//5960 3451//5960 3452//5960
f  3452//5960 3451//5960 3453//5960
f  3452//5961 3453//5961 3454//5961
f  3454//5961 3453//5961 3455//5961
f  3454//5962 3455//5962 3456//5962
f  3456//5962 3455//5962 3457//5962
f  3456//5963 3457//5963 3458//5963
f  3458//5963 3457//5963 3459//5963
f  3458//5964 3459//5964 3460//5964
f  3460//5964 3459//5964 3461//5964
f  3460//5965 3461//5965 3462//5965
f  3462//5965 3461//5965 3463//5965
f  3462//5966 3463//5966 3464//5966
f  3464//5966 3463//5966 3465//5966
f  3464//5967 3465//5967 3466//5967
f  3466//5967 3465//5967 3467//5967
f  3466//5968 3467//5968 3468//5968
f  3468//5968 3467//5968 3469//5968
f  3468//5969 3469//5969 3470//5969
f  3470//5969 3469//5969 3471//5969
f  3470//5970 3471//5970 3472//5970
f  3472//5970 3471//5970 3473//5970
f  3472//5971 3473//5971 3474//5971
f  3474//5971 3473//5971 3475//5971
f  3474//5972 3475//5972 3476//5972
f  3476//5972 3475//5972 3477//5972
f  3476//5973 3477//5973 3478//5973
f  3478//5973 3477//5973 3479//5973
f  3478//5974 3479//5974 3480//5974
f  3480//5974 3479//5974 3481//5974
f  3480//5975 3481//5975 3482//5975
f  3482//5975 3481//5975 3483//5975
f  3482//5976 3483//5976 3484//5976
f  3484//5976 3483//5976 3485//5976
f  3484//5977 3485//5977 3486//5977
f  3486//5977 3485//5977 3487//5977
f  3486//5978 3487//5978 3488//5978
f  3488//5978 3487//5978 3489//5978
f  3488//5979 3489//5979 3490//5979
f  3490//5979 3489//5979 3491//5979
f  3490//5980 3491//5980 3492//5980
f  3492//5980 3491//5980 3493//5980
f  3492//5981 3493//5981 3494//5981
f  3494//5981 3493//5981 3495//5981
f  3494//5982 3495//5982 3496//5982
f  3496//5982 3495//5982 3497//5982
f  3496//5983 3497//5983 3498//5983
f  3498//5983 3497//5983 3499//5983
f  3498//5984 3499//5984 3500//5984
f  3500//5984 3499//5984 3501//5984
f  3500//5985 3501//5985 3502//5985
f  3502//5985 3501//5985 3503//5985
f  3502//5986 3503//5986 3504//5986
f  3504//5986 3503//5986 3505//5986
f  3504//5987 3505//5987 3506//5987
f  3506//5987 3505//5987 3507//5987
f  3506//5988 3507//5988 3508//5988
f  3508//5988 3507//5988 3509//5988
f  3508//5989 3509//5989 3510//5989
f  3510//5989 3509//5989 3511//5989
f  3510//5990 3511//5990 3512//5990
f  3512//5990 3511//5990 3513//5990
f  3512//5991 3513//5991 3514//5991
f  3514//5991 3513//5991 3515//5991
f  3514//5992 3515//5992 3516//5992
f  3516//5992 3515//5992 3517//5992
f  3516//5993 3517//5993 3518//5993
f  3518//5993 3517//5993 3519//5993
f  3518//5994 3519//5994 3448//5994
f  3448//5994 3519//5994 3449//5994
f  3520//39 3521//39 3451//39
f  3451//39 3521//39 3522//39
f  3451//39 3522//39 3453//39
f  3453//39 3522//39 3523//39
f  3453//39 3523//39 3455//39
f  3455//39 3523//39 3524//39
f  3455//39 3524//39 3457//39
f  3457//39 3524//39 3525//39
f  3457//39 3525//39 3459//39
f  3459//39 3525//39 3526//39
f  3459//39 3526//39 3461//39
f  3461//39 3526//39 3527//39
f  3461//39 3527//39 3463//39
f  3463//39 3527//39 3528//39
f  3463//39 3528//39 3465//39
f  3465//39 3528//39 3529//39
f  3465//39 3529//39 3467//39
f  3467//39 3529//39 3530//39
f  3467//39 3530//39 3469//39
f  3469//39 3530//39 3531//39
f  3469//39 3531//39 3471//39
f  3471//39 3531//39 3532//39
f  3471//39 3532//39 3473//39
f  3473//39 3532//39 3533//39
f  3473//39 3533//39 3475//39
f  3475//39 3533//39 3534//39
f  3475//39 3534//39 3477//39
f  3477//39 3534//39 3535//39
f  3477//39 3535//39 3479//39
f  3479//39 3535//39 3536//39
f  3479//39 3536//39 3481//39
f  3481//39 3536//39 3537//39
f  3481//39 3537//39 3483//39
f  3483//39 3537//39 3538//39
f  3483//39 3538//39 3539//39
f  3539//39 3538//39 3540//39
f  3539//39 3540//39 3487//39
f  3487//39 3540//39 3541//39
f  3487//39 3541//39 3489//39
f  3489//39 3541//39 3542//39
f  3489//39 3542//39 3491//39
f  3491//39 3542//39 3543//39
f  3491//39 3543//39 3493//39
f  3493//39 3543//39 3544//39
f  3493//39 3544//39 3495//39
f  3495//39 3544//39 3545//39
f  3495//39 3545//39 3497//39
f  3497//39 3545//39 3546//39
f  3497//39 3546//39 3499//39
f  3499//39 3546//39 3547//39
f  3499//39 3547//39 3501//39
f  3501//39 3547//39 3548//39
f  3501//39 3548//39 3503//39
f  3503//39 3548//39 3549//39
f  3503//39 3549//39 3505//39
f  3505//39 3549//39 3550//39
f  3505//39 3550//39 3507//39
f  3507//39 3550//39 3551//39
f  3507//39 3551//39 3509//39
f  3509//39 3551//39 3552//39
f  3509//39 3552//39 3511//39
f  3511//39 3552//39 3553//39
f  3511//39 3553//39 3513//39
f  3553//39 3554//39 3513//39
f  3513//39 3554//39 3555//39
f  3513//39 3555//39 3515//39
f  3515//39 3555//39 3556//39
f  3515//39 3556//39 3517//39
f  3517//39 3556//39 3557//39
f  3517//39 3557//39 3519//39
f  3519//39 3557//39 3558//39
f  3519//39 3558//39 3520//39
f  3520//39 3558//39 3559//39
f  3520//39 3559//39 3521//39
f  3560//5995 3561//5995 3562//5995
f  3562//5996 3563//5996 3560//5996
f  3560//5997 3563//5997 3564//5997
f  3560//5998 3564//5998 3565//5998
f  3564//5999 3566//5999 3565//5999
f  3565//5999 3566//5999 3567//5999
f  3565//6000 3567//6000 3568//6000
f  3567//6001 3569//6001 3568//6001
f  3568//6002 3569//6002 3570//6002
f  3568//6003 3570//6003 3571//6003
f  3570//6004 3572//6004 3571//6004
f  3571//6004 3572//6004 3573//6004
f  3571//6005 3573//6005 3574//6005
f  3573//6006 3575//6006 3574//6006
f  3574//6007 3575//6007 3576//6007
f  3574//6008 3576//6008 3577//6008
f  3576//6009 3578//6009 3577//6009
f  3577//6010 3578//6010 3579//6010
f  3577//6011 3579//6011 3580//6011
f  3579//6012 3581//6012 3580//6012
f  3580//6013 3581//6013 3582//6013
f  3580//6014 3582//6014 3583//6014
f  3582//6015 3584//6015 3583//6015
f  3583//6016 3584//6016 3585//6016
f  3583//6017 3585//6017 3586//6017
f  3585//6018 3587//6018 3586//6018
f  3586//6018 3587//6018 3588//6018
f  3586//6019 3588//6019 3589//6019
f  3588//6020 3590//6020 3589//6020
f  3589//6021 3590//6021 3591//6021
f  3589//6022 3591//6022 3592//6022
f  3591//6023 3593//6023 3592//6023
f  3592//6024 3593//6024 3594//6024
f  3592//6025 3594//6025 3595//6025
f  3594//6026 3596//6026 3595//6026
f  3595//6026 3596//6026 3597//6026
f  3595//6027 3597//6027 3598//6027
f  3597//6028 3599//6028 3598//6028
f  3598//6029 3599//6029 3600//6029
f  3598//6030 3600//6030 3601//6030
f  3600//6031 3602//6031 3601//6031
f  3601//6032 3602//6032 3603//6032
f  3601//6033 3603//6033 3604//6033
f  3603//6034 3605//6034 3604//6034
f  3604//6035 3605//6035 3606//6035
f  3604//6036 3606//6036 3607//6036
f  3606//6037 3608//6037 3607//6037
f  3607//6038 3608//6038 3609//6038
f  3607//6039 3609//6039 3610//6039
f  3609//6040 3611//6040 3610//6040
f  3610//6041 3611//6041 3612//6041
f  3610//6042 3612//6042 3613//6042
f  3612//6043 3614//6043 3613//6043
f  3613//6043 3614//6043 3615//6043
f  3613//6044 3615//6044 3616//6044
f  3615//6045 3617//6045 3616//6045
f  3616//6045 3617//6045 3618//6045
f  3616//6046 3618//6046 3619//6046
f  3618//6047 3620//6047 3619//6047
f  3619//6048 3620//6048 3621//6048
f  3619//6049 3621//6049 3622//6049
f  3621//6050 3623//6050 3622//6050
f  3622//6051 3623//6051 3624//6051
f  3622//6052 3624//6052 3625//6052
f  3624//6053 3626//6053 3625//6053
f  3625//6054 3626//6054 3627//6054
f  3625//6055 3627//6055 3628//6055
f  3627//6056 3629//6056 3628//6056
f  3628//6057 3629//6057 3630//6057
f  3628//6058 3630//6058 3631//6058
f  3630//6059 3632//6059 3631//6059
f  3631//6060 3632//6060 3633//6060
f  3631//6061 3633//6061 3634//6061
f  3633//6062 3635//6062 3634//6062
f  3634//6062 3635//6062 3636//6062
f  3634//6063 3636//6063 3637//6063
f  3636//6064 3638//6064 3637//6064
f  3637//6065 3638//6065 3639//6065
f  3637//6066 3639//6066 3640//6066
f  3639//6067 3641//6067 3640//6067
f  3640//6068 3641//6068 3642//6068
f  3640//6069 3642//6069 3643//6069
f  3642//6070 3644//6070 3643//6070
f  3643//6070 3644//6070 3645//6070
f  3643//6071 3645//6071 3646//6071
f  3645//6072 3647//6072 3646//6072
f  3646//6073 3647//6073 3648//6073
f  3646//6074 3648//6074 3649//6074
f  3648//6075 3650//6075 3649//6075
f  3649//6076 3650//6076 3651//6076
f  3649//6077 3651//6077 3652//6077
f  3651//6078 3653//6078 3652//6078
f  3652//6079 3653//6079 3654//6079
f  3652//6080 3654//6080 3655//6080
f  3654//6081 3656//6081 3655//6081
f  3655//6082 3656//6082 3657//6082
f  3655//6083 3657//6083 3658//6083
f  3657//6084 3659//6084 3658//6084
f  3658//6084 3659//6084 3660//6084
f  3658//6085 3660//6085 3661//6085
f  3660//6086 3662//6086 3661//6086
f  3661//6087 3662//6087 3663//6087
f  3661//6088 3663//6088 3664//6088
f  3663//6089 3665//6089 3664//6089
f  3664//6089 3665//6089 3666//6089
f  3664//6090 3666//6090 3667//6090
f  3666//6091 3668//6091 3667//6091
f  3667//6092 3668//6092 3669//6092
f  3667//6093 3669//6093 3561//6093
f  3561//6094 3669//6094 3670//6094
f  3561//6095 3670//6095 3562//6095
f  3613//39 3671//39 3610//39
f  3610//39 3671//39 3672//39
f  3610//39 3672//39 3607//39
f  3607//39 3672//39 3673//39
f  3607//39 3673//39 3604//39
f  3604//39 3673//39 3674//39
f  3604//39 3674//39 3601//39
f  3601//39 3674//39 3675//39
f  3601//39 3675//39 3598//39
f  3598//39 3675//39 3676//39
f  3598//39 3676//39 3595//39
f  3595//39 3676//39 3677//39
f  3595//39 3677//39 3592//39
f  3592//39 3677//39 3678//39
f  3592//39 3678//39 3589//39
f  3589//39 3678//39 3679//39
f  3589//39 3679//39 3586//39
f  3586//39 3679//39 3680//39
f  3586//39 3680//39 3583//39
f  3583//39 3680//39 3681//39
f  3583//39 3681//39 3580//39
f  3580//39 3681//39 3682//39
f  3580//39 3682//39 3577//39
f  3577//39 3682//39 3683//39
f  3577//39 3683//39 3574//39
f  3574//39 3683//39 3684//39
f  3574//39 3684//39 3571//39
f  3571//39 3684//39 3685//39
f  3571//39 3685//39 3568//39
f  3568//39 3685//39 3686//39
f  3568//39 3686//39 3565//39
f  3565//39 3686//39 3687//39
f  3565//39 3687//39 3560//39
f  3560//39 3687//39 3688//39
f  3560//39 3688//39 3689//39
f  3689//39 3688//39 3690//39
f  3689//39 3690//39 3667//39
f  3667//39 3690//39 3691//39
f  3667//39 3691//39 3664//39
f  3664//39 3691//39 3692//39
f  3664//39 3692//39 3661//39
f  3661//39 3692//39 3693//39
f  3661//39 3693//39 3658//39
f  3658//39 3693//39 3694//39
f  3658//39 3694//39 3655//39
f  3655//39 3694//39 3695//39
f  3655//39 3695//39 3652//39
f  3652//39 3695//39 3696//39
f  3652//39 3696//39 3649//39
f  3649//39 3696//39 3697//39
f  3649//39 3697//39 3646//39
f  3646//39 3697//39 3698//39
f  3646//39 3698//39 3643//39
f  3643//39 3698//39 3699//39
f  3643//39 3699//39 3640//39
f  3640//39 3699//39 3700//39
f  3640//39 3700//39 3637//39
f  3637//39 3700//39 3701//39
f  3637//39 3701//39 3634//39
f  3634//39 3701//39 3702//39
f  3634//39 3702//39 3631//39
f  3631//39 3702//39 3703//39
f  3631//39 3703//39 3628//39
f  3628//39 3703//39 3704//39
f  3628//39 3704//39 3625//39
f  3625//39 3704//39 3705//39
f  3625//39 3705//39 3622//39
f  3622//39 3705//39 3706//39
f  3622//39 3706//39 3619//39
f  3619//39 3706//39 3707//39
f  3619//39 3707//39 3616//39
f  3616//39 3707//39 3708//39
f  3616//39 3708//39 3613//39
f  3613//39 3708//39 3709//39
f  3613//39 3709//39 3671//39
f  3710//6096 3711//6096 3691//6096
f  3691//6097 3711//6097 3712//6097
f  3691//6097 3712//6097 3692//6097
f  3692//6098 3712//6098 3713//6098
f  3692//6098 3713//6098 3693//6098
f  3693//6099 3713//6099 3714//6099
f  3693//6099 3714//6099 3694//6099
f  3694//6100 3714//6100 3715//6100
f  3694//6100 3715//6100 3695//6100
f  3695//6101 3715//6101 3716//6101
f  3695//6101 3716//6101 3696//6101
f  3696//6102 3716//6102 3717//6102
f  3696//6102 3717//6102 3697//6102
f  3697//6103 3717//6103 3718//6103
f  3697//6103 3718//6103 3698//6103
f  3698//6104 3718//6104 3719//6104
f  3698//6104 3719//6104 3699//6104
f  3699//6105 3719//6105 3720//6105
f  3699//6105 3720//6105 3700//6105
f  3700//6106 3720//6106 3721//6106
f  3700//6106 3721//6106 3701//6106
f  3701//6107 3721//6107 3722//6107
f  3701//6107 3722//6107 3702//6107
f  3702//6108 3722//6108 3723//6108
f  3702//6108 3723//6108 3703//6108
f  3703//6109 3723//6109 3724//6109
f  3703//6109 3724//6109 3704//6109
f  3704//6110 3724//6110 3725//6110
f  3704//6110 3725//6110 3705//6110
f  3705//6111 3725//6111 3726//6111
f  3705//6111 3726//6111 3706//6111
f  3706//6112 3726//6112 3727//6112
f  3706//6112 3727//6112 3707//6112
f  3707//6113 3727//6113 3728//6113
f  3707//6113 3728//6113 3708//6113
f  3708//6114 3728//6114 3729//6114
f  3708//6114 3729//6114 3730//6114
f  3730//6115 3729//6115 3731//6115
f  3730//6115 3731//6115 3671//6115
f  3671//6116 3731//6116 3732//6116
f  3671//6116 3732//6116 3672//6116
f  3672//6117 3732//6117 3733//6117
f  3672//6117 3733//6117 3673//6117
f  3673//6118 3733//6118 3734//6118
f  3673//6118 3734//6118 3674//6118
f  3674//6119 3734//6119 3735//6119
f  3674//6119 3735//6119 3675//6119
f  3675//6120 3735//6120 3736//6120
f  3675//6120 3736//6120 3676//6120
f  3676//6121 3736//6121 3737//6121
f  3676//6121 3737//6121 3677//6121
f  3677//6122 3737//6122 3738//6122
f  3677//6122 3738//6122 3678//6122
f  3678//6123 3738//6123 3739//6123
f  3678//6123 3739//6123 3679//6123
f  3679//6124 3739//6124 3740//6124
f  3679//6124 3740//6124 3680//6124
f  3680//6125 3740//6125 3741//6125
f  3680//6125 3741//6125 3681//6125
f  3681//6126 3741//6126 3742//6126
f  3681//6126 3742//6126 3682//6126
f  3682//6127 3742//6127 3743//6127
f  3682//6127 3743//6127 3683//6127
f  3683//6128 3743//6128 3744//6128
f  3683//6128 3744//6128 3684//6128
f  3684//6129 3744//6129 3745//6129
f  3684//6129 3745//6129 3685//6129
f  3685//6130 3745//6130 3746//6130
f  3685//6130 3746//6130 3686//6130
f  3686//6131 3746//6131 3747//6131
f  3686//6131 3747//6131 3687//6131
f  3687//6132 3747//6132 3748//6132
f  3687//6132 3748//6132 3688//6132
f  3688//6133 3748//6133 3749//6133
f  3688//6133 3749//6133 3710//6133
f  3710//6096 3749//6096 3711//6096
f  3750//40 3751//40 3752//40
f  3752//40 3751//40 3753//40
f  3752//40 3753//40 3754//40
f  3754//40 3753//40 3755//40
f  3754//40 3755//40 3756//40
f  3756//40 3755//40 3757//40
f  3756//40 3757//40 3758//40
f  3758//40 3757//40 3759//40
f  3758//40 3759//40 3760//40
f  3760//40 3759//40 3761//40
f  3760//40 3761//40 3762//40
f  3762//40 3761//40 3763//40
f  3762//40 3763//40 3764//40
f  3764//40 3763//40 3765//40
f  3764//40 3765//40 3766//40
f  3766//40 3765//40 3767//40
f  3766//40 3767//40 3768//40
f  3768//40 3767//40 3769//40
f  3768//40 3769//40 3770//40
f  3770//40 3769//40 3771//40
f  3770//40 3771//40 3772//40
f  3772//40 3771//40 3773//40
f  3772//40 3773//40 3774//40
f  3774//40 3773//40 3775//40
f  3774//40 3775//40 3776//40
f  3776//40 3775//40 3777//40
f  3776//40 3777//40 3778//40
f  3778//40 3777//40 3779//40
f  3778//40 3779//40 3780//40
f  3780//40 3779//40 3781//40
f  3780//40 3781//40 3782//40
f  3782//40 3781//40 3783//40
f  3782//40 3783//40 3784//40
f  3784//40 3783//40 3785//40
f  3784//40 3785//40 3786//40
f  3786//40 3785//40 3787//40
f  3786//40 3787//40 3788//40
f  3788//40 3787//40 3789//40
f  3788//40 3789//40 3790//40
f  3790//40 3789//40 3791//40
f  3790//40 3791//40 3792//40
f  3792//40 3791//40 3793//40
f  3792//40 3793//40 3794//40
f  3794//40 3793//40 3795//40
f  3794//40 3795//40 3796//40
f  3796//40 3795//40 3797//40
f  3796//40 3797//40 3798//40
f  3798//40 3797//40 3799//40
f  3798//40 3799//40 3800//40
f  3800//40 3799//40 3801//40
f  3800//40 3801//40 3802//40
f  3802//40 3801//40 3803//40
f  3802//40 3803//40 3804//40
f  3804//40 3803//40 3805//40
f  3804//40 3805//40 3806//40
f  3806//40 3805//40 3807//40
f  3806//40 3807//40 3808//40
f  3808//40 3807//40 3809//40
f  3808//40 3809//40 3810//40
f  3810//40 3809//40 3811//40
f  3810//40 3811//40 3812//40
f  3812//40 3811//40 3813//40
f  3812//40 3813//40 3814//40
f  3814//40 3813//40 3815//40
f  3814//40 3815//40 3816//40
f  3816//40 3815//40 3817//40
f  3816//40 3817//40 3818//40
f  3818//40 3817//40 3819//40
f  3818//40 3819//40 3820//40
f  3820//40 3819//40 3821//40
f  3820//40 3821//40 3822//40
f  3822//40 3821//40 3823//40
f  3822//40 3823//40 3824//40
f  3824//40 3823//40 3750//40
f  3824//40 3750//40 3752//40
f  3825//6134 3412//6134 3790//6134
f  3790//6135 3412//6135 3410//6135
f  3790//6135 3410//6135 3788//6135
f  3788//6136 3410//6136 3408//6136
f  3788//6136 3408//6136 3786//6136
f  3786//6137 3408//6137 3406//6137
f  3786//6137 3406//6137 3784//6137
f  3784//6138 3406//6138 3404//6138
f  3784//6138 3404//6138 3782//6138
f  3782//6139 3404//6139 3402//6139
f  3782//6139 3402//6139 3780//6139
f  3780//6140 3402//6140 3400//6140
f  3780//6140 3400//6140 3778//6140
f  3778//6141 3400//6141 3398//6141
f  3778//6141 3398//6141 3776//6141
f  3776//6142 3398//6142 3396//6142
f  3776//6142 3396//6142 3774//6142
f  3774//6143 3396//6143 3394//6143
f  3774//6143 3394//6143 3772//6143
f  3772//6144 3394//6144 3392//6144
f  3772//6144 3392//6144 3770//6144
f  3770//6145 3392//6145 3390//6145
f  3770//6145 3390//6145 3768//6145
f  3768//6146 3390//6146 3388//6146
f  3768//6146 3388//6146 3766//6146
f  3766//6147 3388//6147 3386//6147
f  3766//6147 3386//6147 3764//6147
f  3764//6148 3386//6148 3384//6148
f  3764//6148 3384//6148 3762//6148
f  3762//6149 3384//6149 3382//6149
f  3762//6149 3382//6149 3760//6149
f  3760//6150 3382//6150 3380//6150
f  3760//6150 3380//6150 3758//6150
f  3758//6151 3380//6151 3378//6151
f  3758//6151 3378//6151 3756//6151
f  3756//29 3378//29 3376//29
f  3756//29 3376//29 3754//29
f  3754//6152 3376//6152 3375//6152
f  3754//6152 3375//6152 3752//6152
f  3752//6153 3375//6153 3446//6153
f  3752//6153 3446//6153 3824//6153
f  3824//6154 3446//6154 3444//6154
f  3824//6154 3444//6154 3822//6154
f  3822//6155 3444//6155 3442//6155
f  3822//6155 3442//6155 3820//6155
f  3820//6156 3442//6156 3440//6156
f  3820//6156 3440//6156 3818//6156
f  3818//6157 3440//6157 3438//6157
f  3818//6157 3438//6157 3816//6157
f  3816//6158 3438//6158 3436//6158
f  3816//6158 3436//6158 3814//6158
f  3814//6159 3436//6159 3434//6159
f  3814//6159 3434//6159 3812//6159
f  3812//6160 3434//6160 3432//6160
f  3812//6160 3432//6160 3810//6160
f  3810//6161 3432//6161 3430//6161
f  3810//6161 3430//6161 3808//6161
f  3808//6162 3430//6162 3428//6162
f  3808//6162 3428//6162 3806//6162
f  3806//6163 3428//6163 3426//6163
f  3806//6163 3426//6163 3804//6163
f  3804//6164 3426//6164 3424//6164
f  3804//6164 3424//6164 3802//6164
f  3802//6165 3424//6165 3422//6165
f  3802//6165 3422//6165 3800//6165
f  3800//6166 3422//6166 3420//6166
f  3800//6166 3420//6166 3798//6166
f  3798//6167 3420//6167 3418//6167
f  3798//6167 3418//6167 3796//6167
f  3796//6168 3418//6168 3416//6168
f  3796//6168 3416//6168 3794//6168
f  3794//6169 3416//6169 3826//6169
f  3794//6169 3826//6169 3825//6169
f  3825//6134 3826//6134 3412//6134
f  3541//6170 3827//6170 3614//6170
f  3614//6171 3612//6171 3541//6171
f  3541//6172 3612//6172 3611//6172
f  3541//6173 3611//6173 3542//6173
f  3611//6174 3609//6174 3542//6174
f  3542//6175 3609//6175 3608//6175
f  3542//6176 3608//6176 3543//6176
f  3608//6177 3606//6177 3543//6177
f  3543//6178 3606//6178 3605//6178
f  3543//6179 3605//6179 3544//6179
f  3605//6180 3603//6180 3544//6180
f  3544//6181 3603//6181 3602//6181
f  3544//6182 3602//6182 3545//6182
f  3545//6183 3602//6183 3600//6183
f  3545//6184 3600//6184 3546//6184
f  3546//6185 3600//6185 3599//6185
f  3599//6186 3597//6186 3546//6186
f  3546//6187 3597//6187 3596//6187
f  3546//6188 3596//6188 3547//6188
f  3596//6189 3594//6189 3547//6189
f  3547//6190 3594//6190 3593//6190
f  3547//6191 3593//6191 3548//6191
f  3593//6192 3591//6192 3548//6192
f  3548//6193 3591//6193 3590//6193
f  3548//6194 3590//6194 3549//6194
f  3549//6195 3590//6195 3588//6195
f  3549//6196 3588//6196 3550//6196
f  3550//6197 3588//6197 3587//6197
f  3587//6198 3585//6198 3550//6198
f  3550//6199 3585//6199 3584//6199
f  3550//6200 3584//6200 3551//6200
f  3584//6201 3582//6201 3551//6201
f  3551//6202 3582//6202 3581//6202
f  3551//6203 3581//6203 3552//6203
f  3581//6204 3579//6204 3552//6204
f  3552//6205 3579//6205 3578//6205
f  3552//6206 3578//6206 3553//6206
f  3578//6207 3576//6207 3553//6207
f  3553//6208 3576//6208 3575//6208
f  3553//6209 3575//6209 3554//6209
f  3575//6210 3573//6210 3554//6210
f  3554//6211 3573//6211 3572//6211
f  3554//6212 3572//6212 3555//6212
f  3572//6213 3570//6213 3555//6213
f  3555//6214 3570//6214 3569//6214
f  3555//6215 3569//6215 3556//6215
f  3569//6216 3567//6216 3556//6216
f  3556//6217 3567//6217 3566//6217
f  3556//6218 3566//6218 3557//6218
f  3566//6219 3564//6219 3557//6219
f  3557//6220 3564//6220 3563//6220
f  3557//6221 3563//6221 3558//6221
f  3558//6222 3563//6222 3562//6222
f  3558//6223 3562//6223 3828//6223
f  3828//6224 3562//6224 3829//6224
f  3828//6225 3829//6225 3521//6225
f  3521//6226 3829//6226 3669//6226
f  3521//6227 3669//6227 3522//6227
f  3669//6228 3668//6228 3522//6228
f  3522//6229 3668//6229 3666//6229
f  3522//6230 3666//6230 3523//6230
f  3666//6231 3665//6231 3523//6231
f  3523//6231 3665//6231 3663//6231
f  3523//6232 3663//6232 3524//6232
f  3663//6233 3662//6233 3524//6233
f  3524//6234 3662//6234 3660//6234
f  3524//6235 3660//6235 3525//6235
f  3660//6236 3659//6236 3525//6236
f  3525//6236 3659//6236 3657//6236
f  3525//6237 3657//6237 3526//6237
f  3526//6238 3657//6238 3656//6238
f  3656//6239 3654//6239 3526//6239
f  3526//6240 3654//6240 3653//6240
f  3526//6241 3653//6241 3527//6241
f  3653//6242 3651//6242 3527//6242
f  3527//6243 3651//6243 3650//6243
f  3527//6244 3650//6244 3528//6244
f  3528//6245 3650//6245 3648//6245
f  3528//6246 3648//6246 3529//6246
f  3648//6247 3647//6247 3529//6247
f  3529//6248 3647//6248 3645//6248
f  3529//6249 3645//6249 3530//6249
f  3530//6250 3645//6250 3644//6250
f  3644//6250 3642//6250 3530//6250
f  3530//6251 3642//6251 3641//6251
f  3530//6252 3641//6252 3531//6252
f  3641//6253 3639//6253 3531//6253
f  3531//6254 3639//6254 3638//6254
f  3531//6255 3638//6255 3532//6255
f  3532//6256 3638//6256 3636//6256
f  3532//6257 3636//6257 3533//6257
f  3636//6258 3635//6258 3533//6258
f  3533//6258 3635//6258 3633//6258
f  3533//6259 3633//6259 3534//6259
f  3534//6260 3633//6260 3632//6260
f  3632//6261 3630//6261 3534//6261
f  3534//6262 3630//6262 3629//6262
f  3534//6263 3629//6263 3535//6263
f  3629//6264 3627//6264 3535//6264
f  3535//6265 3627//6265 3626//6265
f  3535//6266 3626//6266 3536//6266
f  3626//6267 3624//6267 3536//6267
f  3536//6268 3624//6268 3623//6268
f  3536//6269 3623//6269 3537//6269
f  3623//6270 3621//6270 3537//6270
f  3537//6271 3621//6271 3620//6271
f  3537//6272 3620//6272 3538//6272
f  3620//6273 3618//6273 3538//6273
f  3538//6274 3618//6274 3617//6274
f  3538//6275 3617//6275 3827//6275
f  3827//6276 3617//6276 3830//6276
f  3827//6277 3830//6277 3614//6277
f  3749//6278 3791//6278 3711//6278
f  3711//6279 3791//6279 3789//6279
f  3711//6280 3789//6280 3712//6280
f  3712//6281 3789//6281 3787//6281
f  3712//6282 3787//6282 3713//6282
f  3713//6283 3787//6283 3785//6283
f  3713//6284 3785//6284 3714//6284
f  3714//6285 3785//6285 3783//6285
f  3714//6286 3783//6286 3715//6286
f  3715//6287 3783//6287 3781//6287
f  3715//6288 3781//6288 3716//6288
f  3716//6289 3781//6289 3779//6289
f  3716//6290 3779//6290 3717//6290
f  3717//6291 3779//6291 3777//6291
f  3717//6292 3777//6292 3718//6292
f  3718//6293 3777//6293 3775//6293
f  3718//6294 3775//6294 3719//6294
f  3719//6295 3775//6295 3773//6295
f  3719//6295 3773//6295 3720//6295
f  3720//6296 3773//6296 3771//6296
f  3720//6297 3771//6297 3721//6297
f  3721//6298 3771//6298 3769//6298
f  3721//6299 3769//6299 3722//6299
f  3722//6300 3769//6300 3767//6300
f  3722//6301 3767//6301 3723//6301
f  3723//6302 3767//6302 3765//6302
f  3723//6303 3765//6303 3724//6303
f  3724//6304 3765//6304 3763//6304
f  3724//6305 3763//6305 3725//6305
f  3725//6306 3763//6306 3761//6306
f  3725//6307 3761//6307 3726//6307
f  3726//6308 3761//6308 3759//6308
f  3726//6309 3759//6309 3727//6309
f  3727//6310 3759//6310 3757//6310
f  3727//6311 3757//6311 3728//6311
f  3728//6312 3757//6312 3831//6312
f  3728//6313 3831//6313 3832//6313
f  3832//6314 3831//6314 3753//6314
f  3832//6315 3753//6315 3731//6315
f  3731//6316 3753//6316 3751//6316
f  3731//6317 3751//6317 3732//6317
f  3732//6318 3751//6318 3750//6318
f  3732//6319 3750//6319 3733//6319
f  3733//6320 3750//6320 3823//6320
f  3733//6321 3823//6321 3734//6321
f  3734//6322 3823//6322 3821//6322
f  3734//6323 3821//6323 3735//6323
f  3735//6324 3821//6324 3819//6324
f  3735//6325 3819//6325 3736//6325
f  3736//6326 3819//6326 3817//6326
f  3736//6327 3817//6327 3737//6327
f  3737//6328 3817//6328 3815//6328
f  3737//6329 3815//6329 3738//6329
f  3738//6330 3815//6330 3813//6330
f  3738//6331 3813//6331 3739//6331
f  3739//6332 3813//6332 3811//6332
f  3739//6332 3811//6332 3740//6332
f  3740//6333 3811//6333 3809//6333
f  3740//6334 3809//6334 3741//6334
f  3741//6335 3809//6335 3807//6335
f  3741//6336 3807//6336 3742//6336
f  3742//6337 3807//6337 3805//6337
f  3742//6338 3805//6338 3743//6338
f  3743//6339 3805//6339 3803//6339
f  3743//6340 3803//6340 3744//6340
f  3744//6341 3803//6341 3801//6341
f  3744//6342 3801//6342 3745//6342
f  3745//6343 3801//6343 3799//6343
f  3745//6344 3799//6344 3746//6344
f  3746//6345 3799//6345 3797//6345
f  3746//6346 3797//6346 3747//6346
f  3747//6347 3797//6347 3795//6347
f  3747//6348 3795//6348 3748//6348
f  3748//6349 3795//6349 3833//6349
f  3748//6350 3833//6350 3749//6350
f  3749//6351 3833//6351 3791//6351
f  3482//6352 3379//6352 3480//6352
f  3480//6353 3379//6353 3381//6353
f  3480//6354 3381//6354 3478//6354
f  3478//6355 3381//6355 3383//6355
f  3478//6356 3383//6356 3476//6356
f  3476//6357 3383//6357 3385//6357
f  3476//6358 3385//6358 3474//6358
f  3474//6358 3385//6358 3387//6358
f  3474//6359 3387//6359 3472//6359
f  3472//6360 3387//6360 3389//6360
f  3472//6361 3389//6361 3470//6361
f  3470//6362 3389//6362 3391//6362
f  3470//6363 3391//6363 3468//6363
f  3468//6364 3391//6364 3393//6364
f  3468//6365 3393//6365 3466//6365
f  3466//6366 3393//6366 3395//6366
f  3466//6367 3395//6367 3464//6367
f  3464//6368 3395//6368 3397//6368
f  3464//6369 3397//6369 3462//6369
f  3462//6370 3397//6370 3399//6370
f  3462//6371 3399//6371 3460//6371
f  3460//6372 3399//6372 3401//6372
f  3460//6373 3401//6373 3458//6373
f  3458//6374 3401//6374 3403//6374
f  3458//6375 3403//6375 3456//6375
f  3456//6375 3403//6375 3405//6375
f  3456//6376 3405//6376 3454//6376
f  3454//6377 3405//6377 3407//6377
f  3454//6378 3407//6378 3452//6378
f  3452//6379 3407//6379 3409//6379
f  3452//6380 3409//6380 3450//6380
f  3450//6381 3409//6381 3411//6381
f  3450//6382 3411//6382 3834//6382
f  3834//6383 3411//6383 3835//6383
f  3834//6384 3835//6384 3518//6384
f  3518//6385 3835//6385 3415//6385
f  3518//6386 3415//6386 3516//6386
f  3516//6387 3415//6387 3417//6387
f  3516//6388 3417//6388 3514//6388
f  3514//6389 3417//6389 3419//6389
f  3514//6390 3419//6390 3512//6390
f  3512//6391 3419//6391 3421//6391
f  3512//6392 3421//6392 3510//6392
f  3510//6392 3421//6392 3423//6392
f  3510//6393 3423//6393 3508//6393
f  3508//6394 3423//6394 3425//6394
f  3508//6395 3425//6395 3506//6395
f  3506//6396 3425//6396 3427//6396
f  3506//6397 3427//6397 3504//6397
f  3504//6398 3427//6398 3429//6398
f  3504//6399 3429//6399 3502//6399
f  3502//6400 3429//6400 3431//6400
f  3502//6401 3431//6401 3500//6401
f  3500//6402 3431//6402 3433//6402
f  3500//6403 3433//6403 3498//6403
f  3498//6404 3433//6404 3435//6404
f  3498//6405 3435//6405 3496//6405
f  3496//6406 3435//6406 3437//6406
f  3496//6407 3437//6407 3494//6407
f  3494//6408 3437//6408 3439//6408
f  3494//6409 3439//6409 3492//6409
f  3492//6409 3439//6409 3441//6409
f  3492//6410 3441//6410 3490//6410
f  3490//6411 3441//6411 3443//6411
f  3490//6412 3443//6412 3488//6412
f  3488//6413 3443//6413 3445//6413
f  3488//6414 3445//6414 3486//6414
f  3486//6415 3445//6415 3447//6415
f  3486//6416 3447//6416 3836//6416
f  3836//6417 3447//6417 3837//6417
f  3836//6418 3837//6418 3482//6418
f  3482//6419 3837//6419 3379//6419
f  3838//39 3839//39 3840//39
f  3840//39 3839//39 3841//39
f  3840//39 3841//39 3842//39
f  3842//39 3841//39 3843//39
f  3842//39 3843//39 3844//39
f  3844//39 3843//39 3845//39
f  3844//39 3845//39 3846//39
f  3846//39 3845//39 3847//39
f  3846//39 3847//39 3848//39
f  3848//39 3847//39 3849//39
f  3848//39 3849//39 3850//39
f  3850//39 3849//39 3851//39
f  3850//39 3851//39 3852//39
f  3852//39 3851//39 3853//39
f  3852//39 3853//39 3854//39
f  3854//39 3853//39 3855//39
f  3854//39 3855//39 3856//39
f  3856//39 3855//39 3857//39
f  3856//39 3857//39 3858//39
f  3858//39 3857//39 3859//39
f  3858//39 3859//39 3860//39
f  3860//39 3859//39 3861//39
f  3860//39 3861//39 3862//39
f  3862//39 3861//39 3863//39
f  3862//39 3863//39 3864//39
f  3864//39 3863//39 3865//39
f  3864//39 3865//39 3866//39
f  3866//39 3865//39 3867//39
f  3866//39 3867//39 3868//39
f  3868//39 3867//39 3869//39
f  3868//39 3869//39 3870//39
f  3870//39 3869//39 3871//39
f  3870//39 3871//39 3872//39
f  3872//39 3871//39 3873//39
f  3872//39 3873//39 3874//39
f  3874//39 3873//39 3875//39
f  3874//39 3875//39 3876//39
f  3876//39 3875//39 3877//39
f  3876//39 3877//39 3878//39
f  3878//39 3877//39 3879//39
f  3878//39 3879//39 3880//39
f  3880//39 3879//39 3881//39
f  3880//39 3881//39 3882//39
f  3882//39 3881//39 3883//39
f  3882//39 3883//39 3884//39
f  3884//39 3883//39 3885//39
f  3884//39 3885//39 3886//39
f  3886//39 3885//39 3887//39
f  3886//39 3887//39 3888//39
f  3888//39 3887//39 3889//39
f  3888//39 3889//39 3890//39
f  3890//39 3889//39 3891//39
f  3890//39 3891//39 3892//39
f  3892//39 3891//39 3893//39
f  3892//39 3893//39 3894//39
f  3894//39 3893//39 3895//39
f  3894//39 3895//39 3896//39
f  3896//39 3895//39 3897//39
f  3896//39 3897//39 3898//39
f  3898//39 3897//39 3899//39
f  3898//39 3899//39 3900//39
f  3900//39 3899//39 3901//39
f  3900//39 3901//39 3902//39
f  3902//39 3901//39 3903//39
f  3902//39 3903//39 3904//39
f  3904//39 3903//39 3905//39
f  3904//39 3905//39 3906//39
f  3906//39 3905//39 3907//39
f  3906//39 3907//39 3908//39
f  3908//39 3907//39 3909//39
f  3908//39 3909//39 3910//39
f  3910//39 3909//39 3838//39
f  3910//39 3838//39 3840//39
f  3911//6420 3912//6420 3913//6420
f  3913//6420 3912//6420 3914//6420
f  3913//6421 3914//6421 3915//6421
f  3915//6421 3914//6421 3916//6421
f  3915//6422 3916//6422 3917//6422
f  3917//6422 3916//6422 3918//6422
f  3917//6423 3918//6423 3919//6423
f  3919//6423 3918//6423 3920//6423
f  3919//6424 3920//6424 3921//6424
f  3921//6424 3920//6424 3922//6424
f  3921//6425 3922//6425 3923//6425
f  3923//6425 3922//6425 3924//6425
f  3923//6426 3924//6426 3925//6426
f  3925//6426 3924//6426 3926//6426
f  3925//6427 3926//6427 3927//6427
f  3927//6427 3926//6427 3928//6427
f  3927//6428 3928//6428 3929//6428
f  3929//6428 3928//6428 3930//6428
f  3929//29 3930//29 3931//29
f  3931//29 3930//29 3932//29
f  3931//6429 3932//6429 3933//6429
f  3933//6429 3932//6429 3934//6429
f  3933//6430 3934//6430 3935//6430
f  3935//6430 3934//6430 3936//6430
f  3935//6431 3936//6431 3937//6431
f  3937//6431 3936//6431 3938//6431
f  3937//6432 3938//6432 3939//6432
f  3939//6432 3938//6432 3940//6432
f  3939//6433 3940//6433 3941//6433
f  3941//6433 3940//6433 3942//6433
f  3941//6434 3942//6434 3943//6434
f  3943//6434 3942//6434 3944//6434
f  3943//6435 3944//6435 3945//6435
f  3945//6435 3944//6435 3946//6435
f  3945//6436 3946//6436 3947//6436
f  3947//6436 3946//6436 3948//6436
f  3947//6437 3948//6437 3949//6437
f  3949//6437 3948//6437 3950//6437
f  3949//6438 3950//6438 3951//6438
f  3951//6438 3950//6438 3952//6438
f  3951//6439 3952//6439 3953//6439
f  3953//6439 3952//6439 3954//6439
f  3953//6440 3954//6440 3955//6440
f  3955//6440 3954//6440 3956//6440
f  3955//6441 3956//6441 3957//6441
f  3957//6441 3956//6441 3958//6441
f  3957//6442 3958//6442 3959//6442
f  3959//6442 3958//6442 3960//6442
f  3959//6443 3960//6443 3961//6443
f  3961//6443 3960//6443 3962//6443
f  3961//6444 3962//6444 3963//6444
f  3963//6444 3962//6444 3964//6444
f  3963//6445 3964//6445 3965//6445
f  3965//6445 3964//6445 3966//6445
f  3965//6446 3966//6446 3967//6446
f  3967//6446 3966//6446 3968//6446
f  3967//10 3968//10 3969//10
f  3969//10 3968//10 3970//10
f  3969//6447 3970//6447 3971//6447
f  3971//6447 3970//6447 3972//6447
f  3971//6448 3972//6448 3973//6448
f  3973//6448 3972//6448 3974//6448
f  3973//6449 3974//6449 3975//6449
f  3975//6449 3974//6449 3976//6449
f  3975//6450 3976//6450 3977//6450
f  3977//6450 3976//6450 3978//6450
f  3977//6451 3978//6451 3979//6451
f  3979//6451 3978//6451 3980//6451
f  3979//6452 3980//6452 3981//6452
f  3981//6452 3980//6452 3982//6452
f  3981//6453 3982//6453 3983//6453
f  3983//6453 3982//6453 3984//6453
f  3983//6454 3984//6454 3985//6454
f  3985//6454 3984//6454 3986//6454
f  3985//6455 3986//6455 3911//6455
f  3911//6455 3986//6455 3912//6455
f  3915//40 3987//40 3913//40
f  3913//40 3987//40 3988//40
f  3913//40 3988//40 3911//40
f  3911//40 3988//40 3989//40
f  3911//40 3989//40 3985//40
f  3985//40 3989//40 3990//40
f  3985//40 3990//40 3983//40
f  3983//40 3990//40 3991//40
f  3983//40 3991//40 3981//40
f  3981//40 3991//40 3992//40
f  3981//40 3992//40 3979//40
f  3979//40 3992//40 3993//40
f  3979//40 3993//40 3977//40
f  3977//40 3993//40 3994//40
f  3977//40 3994//40 3975//40
f  3975//40 3994//40 3995//40
f  3975//40 3995//40 3973//40
f  3973//40 3995//40 3996//40
f  3973//40 3996//40 3971//40
f  3971//40 3996//40 3997//40
f  3971//40 3997//40 3969//40
f  3969//40 3997//40 3998//40
f  3969//40 3998//40 3967//40
f  3967//40 3998//40 3999//40
f  3967//40 3999//40 3965//40
f  3965//40 3999//40 4000//40
f  3965//40 4000//40 3963//40
f  3963//40 4000//40 4001//40
f  3963//40 4001//40 3961//40
f  3961//40 4001//40 4002//40
f  3961//40 4002//40 3959//40
f  3959//40 4002//40 4003//40
f  3959//40 4003//40 3957//40
f  3957//40 4003//40 4004//40
f  3957//40 4004//40 3955//40
f  3955//40 4004//40 4005//40
f  3955//40 4005//40 3953//40
f  3953//40 4005//40 4006//40
f  3953//40 4006//40 3951//40
f  3951//40 4006//40 4007//40
f  3951//40 4007//40 3949//40
f  3949//40 4007//40 4008//40
f  3949//40 4008//40 3947//40
f  3947//40 4008//40 4009//40
f  3947//40 4009//40 3945//40
f  3945//40 4009//40 4010//40
f  3945//40 4010//40 3943//40
f  3943//40 4010//40 4011//40
f  3943//40 4011//40 3941//40
f  3941//40 4011//40 4012//40
f  3941//40 4012//40 3939//40
f  3939//40 4012//40 4013//40
f  3939//40 4013//40 3937//40
f  3937//40 4013//40 4014//40
f  3937//40 4014//40 3935//40
f  3935//40 4014//40 4015//40
f  3935//40 4015//40 3933//40
f  3933//40 4015//40 4016//40
f  3933//40 4016//40 3931//40
f  3931//40 4016//40 4017//40
f  3931//40 4017//40 3929//40
f  3929//40 4017//40 4018//40
f  3929//40 4018//40 3927//40
f  3927//40 4018//40 4019//40
f  3927//40 4019//40 3925//40
f  3925//40 4019//40 4020//40
f  3925//40 4020//40 3923//40
f  3923//40 4020//40 4021//40
f  3923//40 4021//40 3921//40
f  3921//40 4021//40 4022//40
f  3921//40 4022//40 3919//40
f  3919//40 4022//40 4023//40
f  3919//40 4023//40 3917//40
f  3917//40 4023//40 4024//40
f  3917//40 4024//40 3915//40
f  3915//40 4024//40 3987//40
f  4025//39 4026//39 4027//39
f  4027//39 4026//39 4028//39
f  4027//39 4028//39 4029//39
f  4029//39 4028//39 4030//39
f  4029//39 4030//39 4031//39
f  4031//39 4030//39 4032//39
f  4031//39 4032//39 4033//39
f  4033//39 4032//39 4034//39
f  4033//39 4034//39 4035//39
f  4035//39 4034//39 4036//39
f  4035//39 4036//39 4037//39
f  4037//39 4036//39 4038//39
f  4038//39 4036//39 4039//39
f  4038//39 4039//39 4040//39
f  4040//39 4039//39 4041//39
f  4040//39 4041//39 4042//39
f  4042//39 4041//39 4043//39
f  4042//39 4043//39 4044//39
f  4044//39 4043//39 4045//39
f  4044//39 4045//39 4046//39
f  4046//39 4045//39 4047//39
f  4046//39 4047//39 4048//39
f  4048//39 4047//39 4049//39
f  4048//39 4049//39 4050//39
f  4050//39 4049//39 4051//39
f  4050//39 4051//39 4052//39
f  4052//39 4051//39 4053//39
f  4052//39 4053//39 4054//39
f  4054//39 4053//39 4055//39
f  4054//39 4055//39 4056//39
f  4056//39 4055//39 4057//39
f  4056//39 4057//39 4058//39
f  4058//39 4057//39 4059//39
f  4058//39 4059//39 4060//39
f  4060//39 4059//39 4061//39
f  4060//39 4061//39 4062//39
f  4062//39 4061//39 4063//39
f  4062//39 4063//39 4064//39
f  4064//39 4063//39 4065//39
f  4064//39 4065//39 4066//39
f  4066//39 4065//39 4067//39
f  4066//39 4067//39 4068//39
f  4068//39 4067//39 4069//39
f  4068//39 4069//39 4070//39
f  4070//39 4069//39 4071//39
f  4070//39 4071//39 4072//39
f  4072//39 4071//39 4073//39
f  4072//39 4073//39 4074//39
f  4074//39 4073//39 4075//39
f  4074//39 4075//39 4076//39
f  4076//39 4075//39 4077//39
f  4076//39 4077//39 4078//39
f  4078//39 4077//39 4079//39
f  4078//39 4079//39 4080//39
f  4080//39 4079//39 4081//39
f  4080//39 4081//39 4082//39
f  4082//39 4081//39 4083//39
f  4082//39 4083//39 4084//39
f  4084//39 4083//39 4085//39
f  4084//39 4085//39 4086//39
f  4086//39 4085//39 4087//39
f  4086//39 4087//39 4088//39
f  4088//39 4087//39 4089//39
f  4088//39 4089//39 4090//39
f  4090//39 4089//39 4091//39
f  4090//39 4091//39 4092//39
f  4092//39 4091//39 4093//39
f  4092//39 4093//39 4094//39
f  4094//39 4093//39 4095//39
f  4094//39 4095//39 4096//39
f  4096//39 4095//39 4097//39
f  4096//39 4097//39 4098//39
f  4098//39 4097//39 4099//39
f  4098//39 4099//39 4025//39
f  4025//39 4099//39 4100//39
f  4025//39 4100//39 4026//39
f  4101//6456 4102//6456 4103//6456
f  4103//6457 4102//6457 4104//6457
f  4103//6457 4104//6457 4105//6457
f  4105//6458 4104//6458 4106//6458
f  4105//6458 4106//6458 4107//6458
f  4107//6459 4106//6459 4108//6459
f  4107//6459 4108//6459 4109//6459
f  4109//6460 4108//6460 4110//6460
f  4109//6460 4110//6460 4111//6460
f  4111//6461 4110//6461 4112//6461
f  4111//6461 4112//6461 4113//6461
f  4113//6462 4112//6462 4114//6462
f  4113//6462 4114//6462 4115//6462
f  4115//6463 4114//6463 4116//6463
f  4115//6463 4116//6463 4117//6463
f  4117//6464 4116//6464 4118//6464
f  4117//6464 4118//6464 4119//6464
f  4119//10 4118//10 4120//10
f  4119//10 4120//10 4121//10
f  4121//6465 4120//6465 4122//6465
f  4121//6465 4122//6465 4123//6465
f  4123//6466 4122//6466 4124//6466
f  4123//6466 4124//6466 4125//6466
f  4125//6467 4124//6467 4126//6467
f  4125//6467 4126//6467 4127//6467
f  4127//6468 4126//6468 4128//6468
f  4127//6468 4128//6468 4129//6468
f  4129//6469 4128//6469 4130//6469
f  4129//6469 4130//6469 4131//6469
f  4131//6470 4130//6470 4132//6470
f  4131//6470 4132//6470 4133//6470
f  4133//6471 4132//6471 4134//6471
f  4133//6471 4134//6471 4135//6471
f  4135//6472 4134//6472 4136//6472
f  4135//6472 4136//6472 4137//6472
f  4137//6473 4136//6473 4138//6473
f  4137//6473 4138//6473 4139//6473
f  4139//6474 4138//6474 4140//6474
f  4139//6474 4140//6474 4141//6474
f  4141//6475 4140//6475 4142//6475
f  4141//6475 4142//6475 4143//6475
f  4143//6476 4142//6476 4144//6476
f  4143//6476 4144//6476 4145//6476
f  4145//6477 4144//6477 4146//6477
f  4145//6477 4146//6477 4147//6477
f  4147//6478 4146//6478 4148//6478
f  4147//6478 4148//6478 4149//6478
f  4149//6479 4148//6479 4150//6479
f  4149//6479 4150//6479 4151//6479
f  4151//6480 4150//6480 4152//6480
f  4151//6480 4152//6480 4153//6480
f  4153//6481 4152//6481 4154//6481
f  4153//6481 4154//6481 4155//6481
f  4155//6482 4154//6482 4156//6482
f  4155//6482 4156//6482 4157//6482
f  4157//29 4156//29 4158//29
f  4157//29 4158//29 4159//29
f  4159//6483 4158//6483 4160//6483
f  4159//6483 4160//6483 4161//6483
f  4161//6484 4160//6484 4162//6484
f  4161//6484 4162//6484 4163//6484
f  4163//6485 4162//6485 4164//6485
f  4163//6485 4164//6485 4165//6485
f  4165//6486 4164//6486 4166//6486
f  4165//6486 4166//6486 4167//6486
f  4167//6487 4166//6487 4168//6487
f  4167//6487 4168//6487 4169//6487
f  4169//6488 4168//6488 4170//6488
f  4169//6488 4170//6488 4171//6488
f  4171//6489 4170//6489 4172//6489
f  4171//6489 4172//6489 4173//6489
f  4173//6490 4172//6490 4174//6490
f  4173//6490 4174//6490 4175//6490
f  4175//6491 4174//6491 4176//6491
f  4175//6491 4176//6491 4101//6491
f  4101//6456 4176//6456 4102//6456
f  4139//6492 4034//6492 4137//6492
f  4137//6493 4034//6493 4032//6493
f  4137//6494 4032//6494 4135//6494
f  4135//6495 4032//6495 4030//6495
f  4135//6495 4030//6495 4133//6495
f  4133//6496 4030//6496 4028//6496
f  4133//6497 4028//6497 4131//6497
f  4131//6498 4028//6498 4026//6498
f  4131//6499 4026//6499 4129//6499
f  4129//6500 4026//6500 4100//6500
f  4129//6501 4100//6501 4127//6501
f  4127//6502 4100//6502 4099//6502
f  4127//6503 4099//6503 4125//6503
f  4125//6504 4099//6504 4097//6504
f  4125//6505 4097//6505 4123//6505
f  4123//6506 4097//6506 4095//6506
f  4123//6507 4095//6507 4121//6507
f  4121//6508 4095//6508 4093//6508
f  4121//6508 4093//6508 4119//6508
f  4119//6509 4093//6509 4091//6509
f  4119//6510 4091//6510 4117//6510
f  4117//6511 4091//6511 4089//6511
f  4117//6512 4089//6512 4115//6512
f  4115//6513 4089//6513 4087//6513
f  4115//6514 4087//6514 4113//6514
f  4113//6515 4087//6515 4085//6515
f  4113//6516 4085//6516 4111//6516
f  4111//6517 4085//6517 4083//6517
f  4111//6518 4083//6518 4109//6518
f  4109//6519 4083//6519 4081//6519
f  4109//6520 4081//6520 4107//6520
f  4107//6521 4081//6521 4079//6521
f  4107//6521 4079//6521 4105//6521
f  4105//6522 4079//6522 4077//6522
f  4105//6523 4077//6523 4103//6523
f  4103//6524 4077//6524 4075//6524
f  4103//6525 4075//6525 4101//6525
f  4101//6526 4075//6526 4073//6526
f  4101//6527 4073//6527 4175//6527
f  4175//6528 4073//6528 4071//6528
f  4175//6529 4071//6529 4173//6529
f  4173//6530 4071//6530 4069//6530
f  4173//6530 4069//6530 4171//6530
f  4171//6531 4069//6531 4067//6531
f  4171//6532 4067//6532 4169//6532
f  4169//6533 4067//6533 4065//6533
f  4169//6534 4065//6534 4167//6534
f  4167//6535 4065//6535 4063//6535
f  4167//6536 4063//6536 4165//6536
f  4165//6537 4063//6537 4061//6537
f  4165//6538 4061//6538 4163//6538
f  4163//6539 4061//6539 4059//6539
f  4163//6540 4059//6540 4161//6540
f  4161//6541 4059//6541 4057//6541
f  4161//6542 4057//6542 4159//6542
f  4159//6543 4057//6543 4055//6543
f  4159//6543 4055//6543 4157//6543
f  4157//6544 4055//6544 4053//6544
f  4157//6545 4053//6545 4155//6545
f  4155//6546 4053//6546 4051//6546
f  4155//6547 4051//6547 4153//6547
f  4153//6548 4051//6548 4049//6548
f  4153//6549 4049//6549 4151//6549
f  4151//6550 4049//6550 4047//6550
f  4151//6551 4047//6551 4149//6551
f  4149//6552 4047//6552 4045//6552
f  4149//6553 4045//6553 4147//6553
f  4147//6554 4045//6554 4043//6554
f  4147//6555 4043//6555 4145//6555
f  4145//6556 4043//6556 4041//6556
f  4145//6556 4041//6556 4143//6556
f  4143//6557 4041//6557 4039//6557
f  4143//6558 4039//6558 4141//6558
f  4141//6559 4039//6559 4036//6559
f  4141//6560 4036//6560 4139//6560
f  4139//6561 4036//6561 4034//6561
f  4176//6562 3988//6562 4102//6562
f  4102//6563 3988//6563 3987//6563
f  4102//6564 3987//6564 4104//6564
f  4104//6565 3987//6565 4024//6565
f  4104//6566 4024//6566 4106//6566
f  4106//6567 4024//6567 4023//6567
f  4106//6568 4023//6568 4108//6568
f  4108//6569 4023//6569 4022//6569
f  4108//6570 4022//6570 4110//6570
f  4110//6571 4022//6571 4021//6571
f  4110//6572 4021//6572 4112//6572
f  4112//6573 4021//6573 4020//6573
f  4112//6574 4020//6574 4114//6574
f  4114//6575 4020//6575 4019//6575
f  4114//6576 4019//6576 4116//6576
f  4116//6577 4019//6577 4018//6577
f  4116//6578 4018//6578 4118//6578
f  4118//6579 4018//6579 4017//6579
f  4118//6579 4017//6579 4120//6579
f  4120//6580 4017//6580 4016//6580
f  4120//6581 4016//6581 4122//6581
f  4122//6582 4016//6582 4015//6582
f  4122//6583 4015//6583 4124//6583
f  4124//6584 4015//6584 4014//6584
f  4124//6585 4014//6585 4126//6585
f  4126//6586 4014//6586 4013//6586
f  4126//6587 4013//6587 4128//6587
f  4128//6588 4013//6588 4012//6588
f  4128//6589 4012//6589 4130//6589
f  4130//6590 4012//6590 4011//6590
f  4130//6591 4011//6591 4132//6591
f  4132//6592 4011//6592 4010//6592
f  4132//6593 4010//6593 4134//6593
f  4134//6594 4010//6594 4009//6594
f  4134//6595 4009//6595 4136//6595
f  4136//6596 4009//6596 4008//6596
f  4136//6597 4008//6597 4138//6597
f  4138//6598 4008//6598 4007//6598
f  4138//6599 4007//6599 4140//6599
f  4140//6600 4007//6600 4006//6600
f  4140//6601 4006//6601 4142//6601
f  4142//6602 4006//6602 4005//6602
f  4142//6603 4005//6603 4144//6603
f  4144//6604 4005//6604 4004//6604
f  4144//6605 4004//6605 4146//6605
f  4146//6606 4004//6606 4003//6606
f  4146//6607 4003//6607 4148//6607
f  4148//6608 4003//6608 4002//6608
f  4148//6609 4002//6609 4150//6609
f  4150//6610 4002//6610 4001//6610
f  4150//6611 4001//6611 4152//6611
f  4152//6612 4001//6612 4000//6612
f  4152//6613 4000//6613 4154//6613
f  4154//6614 4000//6614 3999//6614
f  4154//6615 3999//6615 4156//6615
f  4156//6616 3999//6616 3998//6616
f  4156//6616 3998//6616 4158//6616
f  4158//6617 3998//6617 3997//6617
f  4158//6618 3997//6618 4160//6618
f  4160//6619 3997//6619 3996//6619
f  4160//6620 3996//6620 4162//6620
f  4162//6621 3996//6621 3995//6621
f  4162//6622 3995//6622 4164//6622
f  4164//6623 3995//6623 3994//6623
f  4164//6624 3994//6624 4166//6624
f  4166//6625 3994//6625 3993//6625
f  4166//6626 3993//6626 4168//6626
f  4168//6627 3993//6627 3992//6627
f  4168//6628 3992//6628 4170//6628
f  4170//6629 3992//6629 3991//6629
f  4170//6630 3991//6630 4172//6630
f  4172//6631 3991//6631 3990//6631
f  4172//6632 3990//6632 4174//6632
f  4174//6633 3990//6633 3989//6633
f  4174//6634 3989//6634 4176//6634
f  4176//6635 3989//6635 3988//6635
f  4177//40 4178//40 4179//40
f  4179//40 4178//40 4180//40
f  4179//40 4180//40 4181//40
f  4181//40 4180//40 4182//40
f  4181//40 4182//40 4183//40
f  4183//40 4182//40 4184//40
f  4183//40 4184//40 4185//40
f  4185//40 4184//40 4186//40
f  4185//40 4186//40 4187//40
f  4187//40 4186//40 4188//40
f  4187//40 4188//40 4189//40
f  4189//40 4188//40 4190//40
f  4189//40 4190//40 4191//40
f  4191//40 4190//40 4192//40
f  4191//40 4192//40 4193//40
f  4193//40 4192//40 4194//40
f  4193//40 4194//40 4195//40
f  4195//40 4194//40 4196//40
f  4195//40 4196//40 4197//40
f  4197//40 4196//40 4198//40
f  4197//40 4198//40 4199//40
f  4199//40 4198//40 4200//40
f  4199//40 4200//40 4201//40
f  4201//40 4200//40 4202//40
f  4201//40 4202//40 4203//40
f  4203//40 4202//40 4204//40
f  4203//40 4204//40 4205//40
f  4205//40 4204//40 4206//40
f  4205//40 4206//40 4207//40
f  4207//40 4206//40 4208//40
f  4207//40 4208//40 4209//40
f  4209//40 4208//40 4210//40
f  4209//40 4210//40 4211//40
f  4211//40 4210//40 4212//40
f  4211//40 4212//40 4213//40
f  4212//40 4214//40 4213//40
f  4213//40 4214//40 4215//40
f  4213//40 4215//40 4216//40
f  4216//40 4215//40 4217//40
f  4216//40 4217//40 4218//40
f  4218//40 4217//40 4219//40
f  4218//40 4219//40 4220//40
f  4220//40 4219//40 4221//40
f  4220//40 4221//40 4222//40
f  4222//40 4221//40 4223//40
f  4222//40 4223//40 4224//40
f  4224//40 4223//40 4225//40
f  4224//40 4225//40 4226//40
f  4226//40 4225//40 4227//40
f  4226//40 4227//40 4228//40
f  4228//40 4227//40 4229//40
f  4228//40 4229//40 4230//40
f  4230//40 4229//40 4231//40
f  4230//40 4231//40 4232//40
f  4232//40 4231//40 4233//40
f  4232//40 4233//40 4234//40
f  4234//40 4233//40 4235//40
f  4234//40 4235//40 4236//40
f  4236//40 4235//40 4237//40
f  4236//40 4237//40 4238//40
f  4238//40 4237//40 4239//40
f  4238//40 4239//40 4240//40
f  4240//40 4239//40 4241//40
f  4240//40 4241//40 4242//40
f  4242//40 4241//40 4243//40
f  4242//40 4243//40 4244//40
f  4244//40 4243//40 4245//40
f  4244//40 4245//40 4246//40
f  4246//40 4245//40 4247//40
f  4246//40 4247//40 4248//40
f  4248//40 4247//40 4249//40
f  4248//40 4249//40 4177//40
f  4177//40 4249//40 4250//40
f  4177//40 4250//40 4178//40
f  4251//6636 3884//6636 4252//6636
f  4252//6636 3884//6636 3886//6636
f  4252//6637 3886//6637 4253//6637
f  4253//6637 3886//6637 3888//6637
f  4253//6638 3888//6638 4254//6638
f  4254//6638 3888//6638 3890//6638
f  4254//6639 3890//6639 4255//6639
f  4255//6639 3890//6639 3892//6639
f  4255//5990 3892//5990 4256//5990
f  4256//5990 3892//5990 3894//5990
f  4256//6640 3894//6640 4257//6640
f  4257//6640 3894//6640 3896//6640
f  4257//6641 3896//6641 4258//6641
f  4258//6641 3896//6641 3898//6641
f  4258//6642 3898//6642 4259//6642
f  4259//6642 3898//6642 3900//6642
f  4259//6643 3900//6643 4260//6643
f  4260//6643 3900//6643 3902//6643
f  4260//6644 3902//6644 4261//6644
f  4261//6644 3902//6644 3904//6644
f  4261//6645 3904//6645 4262//6645
f  4262//6645 3904//6645 3906//6645
f  4262//6646 3906//6646 4263//6646
f  4263//6646 3906//6646 3908//6646
f  4263//6647 3908//6647 4264//6647
f  4264//6647 3908//6647 3910//6647
f  4264//5963 3910//5963 4265//5963
f  4265//5963 3910//5963 3840//5963
f  4265//6648 3840//6648 4266//6648
f  4266//6648 3840//6648 3842//6648
f  4266//6649 3842//6649 4267//6649
f  4267//6649 3842//6649 3844//6649
f  4267//6650 3844//6650 4268//6650
f  4268//6650 3844//6650 3846//6650
f  4268//6651 3846//6651 4269//6651
f  4269//6651 3846//6651 3848//6651
f  4269//6652 3848//6652 4270//6652
f  4270//6652 3848//6652 3850//6652
f  4270//6653 3850//6653 4271//6653
f  4271//6653 3850//6653 3852//6653
f  4271//6654 3852//6654 4272//6654
f  4272//6654 3852//6654 3854//6654
f  4272//6655 3854//6655 4273//6655
f  4273//6655 3854//6655 3856//6655
f  4273//5972 3856//5972 4274//5972
f  4274//5972 3856//5972 3858//5972
f  4274//6656 3858//6656 4275//6656
f  4275//6656 3858//6656 3860//6656
f  4275//6657 3860//6657 4276//6657
f  4276//6657 3860//6657 3862//6657
f  4276//6658 3862//6658 4277//6658
f  4277//6658 3862//6658 3864//6658
f  4277//6659 3864//6659 4278//6659
f  4278//6659 3864//6659 3866//6659
f  4278//6660 3866//6660 4279//6660
f  4279//6660 3866//6660 3868//6660
f  4279//6661 3868//6661 4280//6661
f  4280//6661 3868//6661 3870//6661
f  4280//6662 3870//6662 4281//6662
f  4281//6662 3870//6662 3872//6662
f  4281//6663 3872//6663 4282//6663
f  4282//6663 3872//6663 3874//6663
f  4282//5981 3874//5981 4283//5981
f  4283//5981 3874//5981 3876//5981
f  4283//6664 3876//6664 4284//6664
f  4284//6664 3876//6664 3878//6664
f  4284//6665 3878//6665 4285//6665
f  4285//6665 3878//6665 3880//6665
f  4285//6666 3880//6666 4286//6666
f  4286//6666 3880//6666 3882//6666
f  4286//6667 3882//6667 4251//6667
f  4251//6667 3882//6667 3884//6667
f  4287//6668 4288//6668 4289//6668
f  4287//6669 4289//6669 4290//6669
f  4288//6670 4287//6670 4291//6670
f  4291//6671 4287//6671 4292//6671
f  4291//6672 4292//6672 4293//6672
f  4293//6673 4292//6673 4294//6673
f  4294//6674 4292//6674 4295//6674
f  4294//6675 4295//6675 4296//6675
f  4296//6675 4295//6675 4297//6675
f  4297//6676 4295//6676 4298//6676
f  4297//6677 4298//6677 4299//6677
f  4299//6678 4298//6678 4300//6678
f  4300//6679 4298//6679 4301//6679
f  4300//6680 4301//6680 4302//6680
f  4302//6681 4301//6681 4303//6681
f  4303//6682 4301//6682 4304//6682
f  4303//6683 4304//6683 4305//6683
f  4305//6684 4304//6684 4306//6684
f  4306//6685 4304//6685 4307//6685
f  4306//6686 4307//6686 4308//6686
f  4308//6686 4307//6686 4309//6686
f  4309//6687 4307//6687 4310//6687
f  4309//6688 4310//6688 4311//6688
f  4311//6689 4310//6689 4312//6689
f  4312//6690 4310//6690 4313//6690
f  4312//6691 4313//6691 4314//6691
f  4314//6692 4313//6692 4315//6692
f  4315//6693 4313//6693 4316//6693
f  4315//6694 4316//6694 4317//6694
f  4317//6694 4316//6694 4318//6694
f  4318//6695 4316//6695 4319//6695
f  4318//6696 4319//6696 4320//6696
f  4320//6697 4319//6697 4321//6697
f  4321//6698 4319//6698 4322//6698
f  4321//6699 4322//6699 4323//6699
f  4323//6700 4322//6700 4324//6700
f  4324//6701 4322//6701 4325//6701
f  4324//6702 4325//6702 4326//6702
f  4326//6703 4325//6703 4327//6703
f  4327//6704 4325//6704 4328//6704
f  4327//6705 4328//6705 4329//6705
f  4329//6706 4328//6706 4330//6706
f  4330//6707 4328//6707 4331//6707
f  4330//6708 4331//6708 4332//6708
f  4333//6709 4334//6709 4335//6709
f  4335//6710 4336//6710 4333//6710
f  4333//6711 4336//6711 4337//6711
f  4333//6712 4337//6712 4331//6712
f  4331//6713 4337//6713 4338//6713
f  4331//6714 4338//6714 4332//6714
f  4339//6715 4340//6715 4341//6715
f  4341//6716 4340//6716 4342//6716
f  4341//6717 4342//6717 4343//6717
f  4343//6718 4342//6718 4344//6718
f  4343//6719 4344//6719 4334//6719
f  4334//6720 4344//6720 4345//6720
f  4334//6721 4345//6721 4335//6721
f  4346//6722 4347//6722 4348//6722
f  4348//6723 4349//6723 4346//6723
f  4346//6724 4349//6724 4350//6724
f  4346//6725 4350//6725 4339//6725
f  4339//6726 4350//6726 4351//6726
f  4339//6727 4351//6727 4340//6727
f  4352//6728 4353//6728 4354//6728
f  4354//6729 4355//6729 4352//6729
f  4352//6730 4355//6730 4356//6730
f  4352//6731 4356//6731 4347//6731
f  4347//6732 4356//6732 4357//6732
f  4347//6733 4357//6733 4348//6733
f  4358//6734 4359//6734 4360//6734
f  4360//6735 4361//6735 4358//6735
f  4358//6736 4361//6736 4362//6736
f  4358//6737 4362//6737 4353//6737
f  4353//6738 4362//6738 4363//6738
f  4353//6739 4363//6739 4354//6739
f  4364//6740 4365//6740 4366//6740
f  4366//6741 4367//6741 4364//6741
f  4364//6742 4367//6742 4368//6742
f  4364//6743 4368//6743 4359//6743
f  4359//6744 4368//6744 4369//6744
f  4359//6745 4369//6745 4360//6745
f  4370//6746 4371//6746 4372//6746
f  4372//6747 4373//6747 4370//6747
f  4370//6748 4373//6748 4374//6748
f  4370//6749 4374//6749 4365//6749
f  4365//6750 4374//6750 4375//6750
f  4365//6751 4375//6751 4366//6751
f  4376//6752 4377//6752 4378//6752
f  4378//6753 4377//6753 4379//6753
f  4378//6754 4379//6754 4371//6754
f  4371//6755 4379//6755 4380//6755
f  4371//6756 4380//6756 4372//6756
f  4381//6757 4382//6757 4376//6757
f  4376//6758 4382//6758 4383//6758
f  4376//6759 4383//6759 4377//6759
f  4384//6760 4385//6760 4381//6760
f  4381//6761 4385//6761 4386//6761
f  4381//6762 4386//6762 4382//6762
f  4387//6763 4388//6763 4384//6763
f  4384//6764 4388//6764 4389//6764
f  4384//6765 4389//6765 4385//6765
f  4390//6766 4391//6766 4387//6766
f  4387//6767 4391//6767 4392//6767
f  4387//6767 4392//6767 4388//6767
f  4393//6768 4394//6768 4390//6768
f  4390//6769 4394//6769 4395//6769
f  4390//6770 4395//6770 4391//6770
f  4289//6771 4396//6771 4290//6771
f  4290//6772 4396//6772 4397//6772
f  4290//6773 4397//6773 4393//6773
f  4393//6774 4397//6774 4398//6774
f  4393//6775 4398//6775 4394//6775
f  4339//39 4341//39 4399//39
f  4399//39 4341//39 4343//39
f  4399//39 4343//39 4400//39
f  4400//39 4343//39 4334//39
f  4400//39 4334//39 4401//39
f  4401//39 4334//39 4333//39
f  4401//39 4333//39 4402//39
f  4402//39 4333//39 4331//39
f  4402//39 4331//39 4403//39
f  4403//39 4331//39 4328//39
f  4403//39 4328//39 4404//39
f  4404//39 4328//39 4325//39
f  4404//39 4325//39 4405//39
f  4405//39 4325//39 4322//39
f  4405//39 4322//39 4406//39
f  4406//39 4322//39 4319//39
f  4406//39 4319//39 4407//39
f  4407//39 4319//39 4316//39
f  4407//39 4316//39 4408//39
f  4408//39 4316//39 4313//39
f  4408//39 4313//39 4409//39
f  4409//39 4313//39 4310//39
f  4409//39 4310//39 4410//39
f  4410//39 4310//39 4307//39
f  4410//39 4307//39 4411//39
f  4411//39 4307//39 4304//39
f  4411//39 4304//39 4412//39
f  4412//39 4304//39 4301//39
f  4412//39 4301//39 4413//39
f  4413//39 4301//39 4298//39
f  4413//39 4298//39 4414//39
f  4414//39 4298//39 4295//39
f  4414//39 4295//39 4415//39
f  4415//39 4295//39 4292//39
f  4415//39 4292//39 4416//39
f  4416//39 4292//39 4287//39
f  4416//39 4287//39 4417//39
f  4417//39 4287//39 4290//39
f  4417//39 4290//39 4418//39
f  4418//39 4290//39 4393//39
f  4418//39 4393//39 4419//39
f  4419//39 4393//39 4390//39
f  4419//39 4390//39 4420//39
f  4420//39 4390//39 4387//39
f  4420//39 4387//39 4421//39
f  4421//39 4387//39 4384//39
f  4421//39 4384//39 4422//39
f  4422//39 4384//39 4381//39
f  4422//39 4381//39 4423//39
f  4423//39 4381//39 4376//39
f  4423//39 4376//39 4424//39
f  4424//39 4376//39 4378//39
f  4424//39 4378//39 4425//39
f  4425//39 4378//39 4371//39
f  4425//39 4371//39 4426//39
f  4426//39 4371//39 4370//39
f  4426//39 4370//39 4427//39
f  4427//39 4370//39 4365//39
f  4427//39 4365//39 4428//39
f  4428//39 4365//39 4364//39
f  4428//39 4364//39 4429//39
f  4429//39 4364//39 4359//39
f  4429//39 4359//39 4430//39
f  4430//39 4359//39 4358//39
f  4430//39 4358//39 4431//39
f  4431//39 4358//39 4353//39
f  4431//39 4353//39 4432//39
f  4432//39 4353//39 4352//39
f  4432//39 4352//39 4433//39
f  4433//39 4352//39 4347//39
f  4433//39 4347//39 4434//39
f  4434//39 4347//39 4346//39
f  4434//39 4346//39 4435//39
f  4435//39 4346//39 4339//39
f  4435//39 4339//39 4399//39
f  3885//6776 4400//6776 3887//6776
f  3887//6777 4400//6777 4401//6777
f  3887//6777 4401//6777 3889//6777
f  3889//6778 4401//6778 4402//6778
f  3889//6778 4402//6778 3891//6778
f  3891//6779 4402//6779 4403//6779
f  3891//6779 4403//6779 3893//6779
f  3893//6780 4403//6780 4404//6780
f  3893//6780 4404//6780 3895//6780
f  3895//6781 4404//6781 4405//6781
f  3895//6781 4405//6781 3897//6781
f  3897//6782 4405//6782 4406//6782
f  3897//6782 4406//6782 3899//6782
f  3899//6783 4406//6783 4407//6783
f  3899//6783 4407//6783 3901//6783
f  3901//6784 4407//6784 4408//6784
f  3901//6784 4408//6784 3903//6784
f  3903//6785 4408//6785 4409//6785
f  3903//6785 4409//6785 3905//6785
f  3905//6786 4409//6786 4410//6786
f  3905//6786 4410//6786 3907//6786
f  3907//6787 4410//6787 4411//6787
f  3907//6787 4411//6787 3909//6787
f  3909//6788 4411//6788 4412//6788
f  3909//6788 4412//6788 3838//6788
f  3838//6789 4412//6789 4413//6789
f  3838//6789 4413//6789 3839//6789
f  3839//6790 4413//6790 4414//6790
f  3839//6790 4414//6790 3841//6790
f  3841//6791 4414//6791 4415//6791
f  3841//6791 4415//6791 3843//6791
f  3843//6792 4415//6792 4416//6792
f  3843//6792 4416//6792 3845//6792
f  3845//6793 4416//6793 4417//6793
f  3845//6793 4417//6793 3847//6793
f  3847//6105 4417//6105 4418//6105
f  3847//6105 4418//6105 3849//6105
f  3849//6794 4418//6794 4419//6794
f  3849//6794 4419//6794 3851//6794
f  3851//6795 4419//6795 4420//6795
f  3851//6795 4420//6795 3853//6795
f  3853//6796 4420//6796 4421//6796
f  3853//6796 4421//6796 3855//6796
f  3855//6797 4421//6797 4422//6797
f  3855//6797 4422//6797 3857//6797
f  3857//6798 4422//6798 4423//6798
f  3857//6798 4423//6798 3859//6798
f  3859//6799 4423//6799 4424//6799
f  3859//6799 4424//6799 3861//6799
f  3861//6800 4424//6800 4425//6800
f  3861//6800 4425//6800 3863//6800
f  3863//6801 4425//6801 4426//6801
f  3863//6801 4426//6801 3865//6801
f  3865//6802 4426//6802 4427//6802
f  3865//6802 4427//6802 3867//6802
f  3867//6803 4427//6803 4428//6803
f  3867//6803 4428//6803 3869//6803
f  3869//6804 4428//6804 4429//6804
f  3869//6804 4429//6804 3871//6804
f  3871//6805 4429//6805 4430//6805
f  3871//6805 4430//6805 3873//6805
f  3873//6806 4430//6806 4431//6806
f  3873//6806 4431//6806 3875//6806
f  3875//6807 4431//6807 4432//6807
f  3875//6807 4432//6807 3877//6807
f  3877//6808 4432//6808 4433//6808
f  3877//6808 4433//6808 3879//6808
f  3879//6809 4433//6809 4434//6809
f  3879//6809 4434//6809 3881//6809
f  3881//6810 4434//6810 4435//6810
f  3881//6810 4435//6810 3883//6810
f  3883//6811 4435//6811 4399//6811
f  3883//6811 4399//6811 3885//6811
f  3885//6776 4399//6776 4400//6776
f  4268//6812 4197//6812 4267//6812
f  4267//6813 4197//6813 4199//6813
f  4267//6814 4199//6814 4266//6814
f  4266//6815 4199//6815 4201//6815
f  4266//6816 4201//6816 4265//6816
f  4265//6817 4201//6817 4203//6817
f  4265//6818 4203//6818 4264//6818
f  4264//6818 4203//6818 4205//6818
f  4264//6819 4205//6819 4263//6819
f  4263//6820 4205//6820 4207//6820
f  4263//6821 4207//6821 4262//6821
f  4262//6822 4207//6822 4209//6822
f  4262//6823 4209//6823 4261//6823
f  4261//6824 4209//6824 4211//6824
f  4261//6825 4211//6825 4436//6825
f  4436//6826 4211//6826 4437//6826
f  4436//6827 4437//6827 4259//6827
f  4259//6828 4437//6828 4216//6828
f  4259//6829 4216//6829 4258//6829
f  4258//6830 4216//6830 4218//6830
f  4258//6831 4218//6831 4257//6831
f  4257//6832 4218//6832 4220//6832
f  4257//6833 4220//6833 4256//6833
f  4256//6834 4220//6834 4222//6834
f  4256//6835 4222//6835 4255//6835
f  4255//6835 4222//6835 4224//6835
f  4255//6836 4224//6836 4254//6836
f  4254//6837 4224//6837 4226//6837
f  4254//6838 4226//6838 4253//6838
f  4253//6839 4226//6839 4228//6839
f  4253//6840 4228//6840 4252//6840
f  4252//6841 4228//6841 4230//6841
f  4252//6842 4230//6842 4251//6842
f  4251//6843 4230//6843 4232//6843
f  4251//6844 4232//6844 4286//6844
f  4286//6845 4232//6845 4234//6845
f  4286//6846 4234//6846 4285//6846
f  4285//6847 4234//6847 4236//6847
f  4285//6848 4236//6848 4284//6848
f  4284//6849 4236//6849 4238//6849
f  4284//6850 4238//6850 4283//6850
f  4283//6851 4238//6851 4240//6851
f  4283//6852 4240//6852 4282//6852
f  4282//6852 4240//6852 4242//6852
f  4282//6853 4242//6853 4281//6853
f  4281//6854 4242//6854 4244//6854
f  4281//6855 4244//6855 4280//6855
f  4280//6856 4244//6856 4246//6856
f  4280//6857 4246//6857 4279//6857
f  4279//6858 4246//6858 4248//6858
f  4279//6859 4248//6859 4438//6859
f  4438//6860 4248//6860 4439//6860
f  4438//6861 4439//6861 4277//6861
f  4277//6862 4439//6862 4179//6862
f  4277//6863 4179//6863 4276//6863
f  4276//6864 4179//6864 4181//6864
f  4276//6865 4181//6865 4275//6865
f  4275//6866 4181//6866 4183//6866
f  4275//6867 4183//6867 4274//6867
f  4274//6868 4183//6868 4185//6868
f  4274//6869 4185//6869 4273//6869
f  4273//6869 4185//6869 4187//6869
f  4273//6870 4187//6870 4272//6870
f  4272//6871 4187//6871 4189//6871
f  4272//6872 4189//6872 4271//6872
f  4271//6873 4189//6873 4191//6873
f  4271//6874 4191//6874 4270//6874
f  4270//6875 4191//6875 4193//6875
f  4270//6876 4193//6876 4269//6876
f  4269//6877 4193//6877 4195//6877
f  4269//6878 4195//6878 4268//6878
f  4268//6879 4195//6879 4197//6879
f  4072//6880 4074//6880 4340//6880
f  4348//6881 4068//6881 4070//6881
f  4340//6882 4351//6882 4072//6882
f  4072//6883 4351//6883 4350//6883
f  4072//6884 4350//6884 4070//6884
f  4070//6885 4350//6885 4349//6885
f  4070//6886 4349//6886 4348//6886
f  4348//6887 4357//6887 4068//6887
f  4068//6888 4357//6888 4356//6888
f  4068//6889 4356//6889 4066//6889
f  4362//6890 4062//6890 4064//6890
f  4356//6891 4355//6891 4066//6891
f  4066//6892 4355//6892 4354//6892
f  4066//6893 4354//6893 4064//6893
f  4064//6894 4354//6894 4363//6894
f  4064//6895 4363//6895 4362//6895
f  4368//6896 4058//6896 4060//6896
f  4362//6897 4361//6897 4062//6897
f  4062//6898 4361//6898 4360//6898
f  4062//6899 4360//6899 4060//6899
f  4060//6900 4360//6900 4369//6900
f  4060//6901 4369//6901 4368//6901
f  4368//6902 4367//6902 4058//6902
f  4058//6903 4367//6903 4366//6903
f  4058//6904 4366//6904 4056//6904
f  4372//6905 4052//6905 4054//6905
f  4366//6906 4375//6906 4056//6906
f  4056//6907 4375//6907 4374//6907
f  4056//6908 4374//6908 4054//6908
f  4054//6909 4374//6909 4373//6909
f  4054//6910 4373//6910 4372//6910
f  4372//6911 4380//6911 4052//6911
f  4052//6912 4380//6912 4379//6912
f  4052//6913 4379//6913 4050//6913
f  4379//6914 4377//6914 4050//6914
f  4050//6915 4377//6915 4383//6915
f  4050//6916 4383//6916 4048//6916
f  4389//6917 4044//6917 4046//6917
f  4383//6918 4382//6918 4048//6918
f  4048//6919 4382//6919 4386//6919
f  4048//6920 4386//6920 4046//6920
f  4046//6921 4386//6921 4385//6921
f  4046//6922 4385//6922 4389//6922
f  4389//6923 4388//6923 4044//6923
f  4044//6924 4388//6924 4392//6924
f  4044//6925 4392//6925 4042//6925
f  4392//6926 4391//6926 4042//6926
f  4042//6927 4391//6927 4395//6927
f  4042//6928 4395//6928 4040//6928
f  4395//6929 4394//6929 4040//6929
f  4040//6930 4394//6930 4398//6930
f  4040//6931 4398//6931 4038//6931
f  4038//6932 4398//6932 4397//6932
f  4038//6933 4397//6933 4037//6933
f  4037//6934 4397//6934 4396//6934
f  4037//6935 4396//6935 4035//6935
f  4293//6936 4031//6936 4033//6936
f  4396//6937 4289//6937 4035//6937
f  4035//6938 4289//6938 4288//6938
f  4035//6939 4288//6939 4033//6939
f  4033//6940 4288//6940 4291//6940
f  4033//6941 4291//6941 4293//6941
f  4293//6942 4294//6942 4031//6942
f  4031//6943 4294//6943 4296//6943
f  4031//6944 4296//6944 4029//6944
f  4296//6945 4297//6945 4029//6945
f  4029//6946 4297//6946 4299//6946
f  4029//6947 4299//6947 4027//6947
f  4305//6948 4098//6948 4025//6948
f  4299//6949 4300//6949 4027//6949
f  4027//6950 4300//6950 4302//6950
f  4027//6951 4302//6951 4025//6951
f  4025//6952 4302//6952 4303//6952
f  4025//6953 4303//6953 4305//6953
f  4311//6954 4094//6954 4096//6954
f  4305//6955 4306//6955 4098//6955
f  4098//6956 4306//6956 4308//6956
f  4098//6957 4308//6957 4096//6957
f  4096//6958 4308//6958 4309//6958
f  4096//6959 4309//6959 4311//6959
f  4311//6960 4312//6960 4094//6960
f  4094//6961 4312//6961 4314//6961
f  4094//6962 4314//6962 4092//6962
f  4320//6963 4088//6963 4090//6963
f  4314//6964 4315//6964 4092//6964
f  4092//6965 4315//6965 4317//6965
f  4092//6966 4317//6966 4090//6966
f  4090//6967 4317//6967 4318//6967
f  4090//6968 4318//6968 4320//6968
f  4326//6969 4084//6969 4086//6969
f  4320//6970 4321//6970 4088//6970
f  4088//6971 4321//6971 4323//6971
f  4088//6972 4323//6972 4086//6972
f  4086//6973 4323//6973 4324//6973
f  4086//6974 4324//6974 4326//6974
f  4332//6975 4080//6975 4082//6975
f  4326//6976 4327//6976 4084//6976
f  4084//6977 4327//6977 4329//6977
f  4084//6978 4329//6978 4082//6978
f  4082//6979 4329//6979 4330//6979
f  4082//6980 4330//6980 4332//6980
f  4335//6981 4076//6981 4078//6981
f  4332//6982 4338//6982 4080//6982
f  4080//6983 4338//6983 4337//6983
f  4080//6984 4337//6984 4078//6984
f  4078//6985 4337//6985 4336//6985
f  4078//6986 4336//6986 4335//6986
f  4335//6987 4345//6987 4076//6987
f  4076//6988 4345//6988 4344//6988
f  4076//6989 4344//6989 4074//6989
f  4074//6990 4344//6990 4342//6990
f  4074//6991 4342//6991 4340//6991
f  4198//6992 3948//6992 4200//6992
f  4200//6993 3948//6993 3946//6993
f  4200//6994 3946//6994 4202//6994
f  4202//6995 3946//6995 3944//6995
f  4202//6996 3944//6996 4204//6996
f  4204//6997 3944//6997 3942//6997
f  4204//6998 3942//6998 4206//6998
f  4206//6999 3942//6999 3940//6999
f  4206//7000 3940//7000 4208//7000
f  4208//7001 3940//7001 3938//7001
f  4208//7002 3938//7002 4210//7002
f  4210//7003 3938//7003 3936//7003
f  4210//7004 3936//7004 4212//7004
f  4212//7005 3936//7005 3934//7005
f  4212//7006 3934//7006 4214//7006
f  4214//7007 3934//7007 3932//7007
f  4214//7008 3932//7008 4215//7008
f  4215//7008 3932//7008 3930//7008
f  4215//7009 3930//7009 4217//7009
f  4217//7010 3930//7010 3928//7010
f  4217//7011 3928//7011 4219//7011
f  4219//7012 3928//7012 3926//7012
f  4219//7013 3926//7013 4221//7013
f  4221//7014 3926//7014 3924//7014
f  4221//7015 3924//7015 4223//7015
f  4223//7016 3924//7016 3922//7016
f  4223//7017 3922//7017 4225//7017
f  4225//7018 3922//7018 3920//7018
f  4225//7019 3920//7019 4227//7019
f  4227//7020 3920//7020 3918//7020
f  4227//7021 3918//7021 4229//7021
f  4229//7022 3918//7022 3916//7022
f  4229//7023 3916//7023 4231//7023
f  4231//7024 3916//7024 3914//7024
f  4231//7025 3914//7025 4233//7025
f  4233//7026 3914//7026 3912//7026
f  4233//7027 3912//7027 4235//7027
f  4235//7028 3912//7028 3986//7028
f  4235//7029 3986//7029 4237//7029
f  4237//7030 3986//7030 3984//7030
f  4237//7031 3984//7031 4239//7031
f  4239//7032 3984//7032 3982//7032
f  4239//7033 3982//7033 4241//7033
f  4241//7034 3982//7034 3980//7034
f  4241//7035 3980//7035 4243//7035
f  4243//7036 3980//7036 3978//7036
f  4243//7037 3978//7037 4245//7037
f  4245//7038 3978//7038 3976//7038
f  4245//7039 3976//7039 4247//7039
f  4247//7040 3976//7040 3974//7040
f  4247//7041 3974//7041 4249//7041
f  4249//7042 3974//7042 3972//7042
f  4249//7043 3972//7043 4250//7043
f  4250//7044 3972//7044 3970//7044
f  4250//7045 3970//7045 4178//7045
f  4178//7045 3970//7045 3968//7045
f  4178//7046 3968//7046 4180//7046
f  4180//7047 3968//7047 3966//7047
f  4180//7048 3966//7048 4182//7048
f  4182//7049 3966//7049 3964//7049
f  4182//7050 3964//7050 4184//7050
f  4184//7051 3964//7051 3962//7051
f  4184//7052 3962//7052 4186//7052
f  4186//7053 3962//7053 3960//7053
f  4186//7054 3960//7054 4188//7054
f  4188//7055 3960//7055 3958//7055
f  4188//7056 3958//7056 4190//7056
f  4190//7057 3958//7057 3956//7057
f  4190//7058 3956//7058 4192//7058
f  4192//7059 3956//7059 3954//7059
f  4192//7060 3954//7060 4194//7060
f  4194//7061 3954//7061 3952//7061
f  4194//7062 3952//7062 4196//7062
f  4196//7063 3952//7063 3950//7063
f  4196//7064 3950//7064 4198//7064
f  4198//7065 3950//7065 3948//7065
f  4440//7066 4441//7066 4442//7066
f  4442//7067 4441//7067 4443//7067
f  4442//7067 4443//7067 4444//7067
f  4444//7068 4443//7068 4445//7068
f  4444//7068 4445//7068 4446//7068
f  4446//7069 4445//7069 4447//7069
f  4446//7069 4447//7069 4448//7069
f  4448//7070 4447//7070 4449//7070
f  4448//7070 4449//7070 4450//7070
f  4450//7071 4449//7071 4451//7071
f  4450//7071 4451//7071 4452//7071
f  4452//7072 4451//7072 4453//7072
f  4452//7072 4453//7072 4454//7072
f  4454//7073 4453//7073 4455//7073
f  4454//7073 4455//7073 4456//7073
f  4456//7074 4455//7074 4457//7074
f  4456//7074 4457//7074 4458//7074
f  4458//40 4457//40 4459//40
f  4458//40 4459//40 4460//40
f  4460//7075 4459//7075 4461//7075
f  4460//7075 4461//7075 4462//7075
f  4462//7076 4461//7076 4463//7076
f  4462//7076 4463//7076 4464//7076
f  4464//7077 4463//7077 4465//7077
f  4464//7077 4465//7077 4466//7077
f  4466//7078 4465//7078 4467//7078
f  4466//7078 4467//7078 4468//7078
f  4468//7079 4467//7079 4469//7079
f  4468//7079 4469//7079 4470//7079
f  4470//7080 4469//7080 4471//7080
f  4470//7080 4471//7080 4472//7080
f  4472//7081 4471//7081 4473//7081
f  4472//7081 4473//7081 4474//7081
f  4474//7082 4473//7082 4475//7082
f  4474//7082 4475//7082 4476//7082
f  4476//7083 4475//7083 4477//7083
f  4476//7083 4477//7083 4478//7083
f  4478//7084 4477//7084 4479//7084
f  4478//7084 4479//7084 4480//7084
f  4480//7085 4479//7085 4481//7085
f  4480//7085 4481//7085 4482//7085
f  4482//7086 4481//7086 4483//7086
f  4482//7086 4483//7086 4484//7086
f  4484//7087 4483//7087 4485//7087
f  4484//7087 4485//7087 4486//7087
f  4486//7088 4485//7088 4487//7088
f  4486//7088 4487//7088 4488//7088
f  4488//7089 4487//7089 4489//7089
f  4488//7089 4489//7089 4490//7089
f  4490//7090 4489//7090 4491//7090
f  4490//7090 4491//7090 4492//7090
f  4492//7091 4491//7091 4493//7091
f  4492//7091 4493//7091 4494//7091
f  4494//7092 4493//7092 4495//7092
f  4494//7092 4495//7092 4496//7092
f  4496//39 4495//39 4497//39
f  4496//39 4497//39 4498//39
f  4498//7093 4497//7093 4499//7093
f  4498//7093 4499//7093 4500//7093
f  4500//7094 4499//7094 4501//7094
f  4500//7094 4501//7094 4502//7094
f  4502//7095 4501//7095 4503//7095
f  4502//7095 4503//7095 4504//7095
f  4504//7096 4503//7096 4505//7096
f  4504//7096 4505//7096 4506//7096
f  4506//7097 4505//7097 4507//7097
f  4506//7097 4507//7097 4508//7097
f  4508//7098 4507//7098 4509//7098
f  4508//7098 4509//7098 4510//7098
f  4510//7099 4509//7099 4511//7099
f  4510//7099 4511//7099 4512//7099
f  4512//7100 4511//7100 4513//7100
f  4512//7100 4513//7100 4514//7100
f  4514//7101 4513//7101 4515//7101
f  4514//7101 4515//7101 4440//7101
f  4440//7066 4515//7066 4441//7066
f  4516//10 4517//10 4518//10
f  4516//10 4518//10 4519//10
f  4520//10 4521//10 4518//10
f  4518//10 4521//10 4522//10
f  4518//10 4522//10 4519//10
f  4523//10 4524//10 4518//10
f  4518//10 4524//10 4525//10
f  4518//10 4525//10 4520//10
f  4526//10 4527//10 4518//10
f  4518//10 4527//10 4528//10
f  4518//10 4528//10 4523//10
f  4529//10 4530//10 4518//10
f  4518//10 4530//10 4531//10
f  4518//10 4531//10 4526//10
f  4532//10 4533//10 4518//10
f  4518//10 4533//10 4534//10
f  4518//10 4534//10 4529//10
f  4535//10 4536//10 4518//10
f  4518//10 4536//10 4537//10
f  4518//10 4537//10 4532//10
f  4538//10 4539//10 4518//10
f  4518//10 4539//10 4540//10
f  4518//10 4540//10 4535//10
f  4541//10 4542//10 4518//10
f  4518//10 4542//10 4543//10
f  4518//10 4543//10 4538//10
f  4544//10 4545//10 4518//10
f  4518//10 4545//10 4546//10
f  4518//10 4546//10 4541//10
f  4547//10 4548//10 4518//10
f  4518//10 4548//10 4549//10
f  4518//10 4549//10 4544//10
f  4550//10 4551//10 4518//10
f  4518//10 4551//10 4552//10
f  4518//10 4552//10 4547//10
f  4517//10 4553//10 4518//10
f  4518//10 4553//10 4554//10
f  4518//10 4554//10 4550//10
f  4555//29 4556//29 4557//29
f  4555//29 4557//29 4558//29
f  4559//29 4560//29 4557//29
f  4557//29 4560//29 4561//29
f  4557//29 4561//29 4558//29
f  4562//29 4563//29 4557//29
f  4557//29 4563//29 4564//29
f  4557//29 4564//29 4559//29
f  4565//29 4566//29 4557//29
f  4557//29 4566//29 4567//29
f  4557//29 4567//29 4562//29
f  4568//29 4569//29 4557//29
f  4557//29 4569//29 4570//29
f  4557//29 4570//29 4565//29
f  4571//29 4572//29 4557//29
f  4557//29 4572//29 4573//29
f  4557//29 4573//29 4568//29
f  4574//29 4575//29 4557//29
f  4557//29 4575//29 4576//29
f  4557//29 4576//29 4571//29
f  4577//29 4578//29 4557//29
f  4557//29 4578//29 4579//29
f  4557//29 4579//29 4574//29
f  4580//29 4581//29 4557//29
f  4557//29 4581//29 4582//29
f  4557//29 4582//29 4577//29
f  4583//29 4584//29 4557//29
f  4557//29 4584//29 4585//29
f  4557//29 4585//29 4580//29
f  4586//29 4587//29 4557//29
f  4557//29 4587//29 4588//29
f  4557//29 4588//29 4583//29
f  4589//29 4590//29 4557//29
f  4557//29 4590//29 4591//29
f  4557//29 4591//29 4586//29
f  4556//29 4592//29 4557//29
f  4557//29 4592//29 4593//29
f  4557//29 4593//29 4589//29
f  4515//7102 4540//7102 4441//7102
f  4441//7103 4540//7103 4539//7103
f  4441//7104 4539//7104 4443//7104
f  4443//7105 4539//7105 4538//7105
f  4443//7106 4538//7106 4445//7106
f  4445//7107 4538//7107 4543//7107
f  4445//7108 4543//7108 4447//7108
f  4447//7109 4543//7109 4542//7109
f  4447//7109 4542//7109 4449//7109
f  4449//7110 4542//7110 4541//7110
f  4449//7111 4541//7111 4451//7111
f  4451//7112 4541//7112 4546//7112
f  4451//7113 4546//7113 4453//7113
f  4453//7114 4546//7114 4545//7114
f  4453//7115 4545//7115 4455//7115
f  4455//7116 4545//7116 4544//7116
f  4455//7117 4544//7117 4457//7117
f  4457//7118 4544//7118 4549//7118
f  4457//7118 4549//7118 4459//7118
f  4459//7119 4549//7119 4548//7119
f  4459//7120 4548//7120 4461//7120
f  4461//7121 4548//7121 4547//7121
f  4461//7122 4547//7122 4463//7122
f  4463//7123 4547//7123 4552//7123
f  4463//7124 4552//7124 4465//7124
f  4465//7125 4552//7125 4551//7125
f  4465//7126 4551//7126 4467//7126
f  4467//7127 4551//7127 4550//7127
f  4467//7127 4550//7127 4469//7127
f  4469//7128 4550//7128 4554//7128
f  4469//7129 4554//7129 4471//7129
f  4471//7130 4554//7130 4553//7130
f  4471//7131 4553//7131 4473//7131
f  4473//7132 4553//7132 4517//7132
f  4473//7133 4517//7133 4475//7133
f  4475//7134 4517//7134 4516//7134
f  4475//7135 4516//7135 4477//7135
f  4477//7136 4516//7136 4519//7136
f  4477//7137 4519//7137 4479//7137
f  4479//7138 4519//7138 4522//7138
f  4479//7139 4522//7139 4481//7139
f  4481//7140 4522//7140 4521//7140
f  4481//7141 4521//7141 4483//7141
f  4483//7142 4521//7142 4520//7142
f  4483//7143 4520//7143 4485//7143
f  4485//7144 4520//7144 4525//7144
f  4485//7144 4525//7144 4487//7144
f  4487//7145 4525//7145 4524//7145
f  4487//7146 4524//7146 4489//7146
f  4489//7147 4524//7147 4523//7147
f  4489//7148 4523//7148 4491//7148
f  4491//7149 4523//7149 4528//7149
f  4491//7150 4528//7150 4493//7150
f  4493//7151 4528//7151 4527//7151
f  4493//7152 4527//7152 4495//7152
f  4495//7153 4527//7153 4526//7153
f  4495//7153 4526//7153 4497//7153
f  4497//7154 4526//7154 4531//7154
f  4497//7155 4531//7155 4499//7155
f  4499//7156 4531//7156 4530//7156
f  4499//7157 4530//7157 4501//7157
f  4501//7158 4530//7158 4529//7158
f  4501//7159 4529//7159 4503//7159
f  4503//7160 4529//7160 4534//7160
f  4503//7161 4534//7161 4505//7161
f  4505//7162 4534//7162 4533//7162
f  4505//7162 4533//7162 4507//7162
f  4507//7163 4533//7163 4532//7163
f  4507//7164 4532//7164 4509//7164
f  4509//7165 4532//7165 4537//7165
f  4509//7166 4537//7166 4511//7166
f  4511//7167 4537//7167 4536//7167
f  4511//7168 4536//7168 4513//7168
f  4513//7169 4536//7169 4535//7169
f  4513//7170 4535//7170 4515//7170
f  4515//7171 4535//7171 4540//7171
f  4478//7172 4558//7172 4476//7172
f  4476//7173 4558//7173 4561//7173
f  4476//7174 4561//7174 4474//7174
f  4474//7175 4561//7175 4560//7175
f  4474//7176 4560//7176 4472//7176
f  4472//7177 4560//7177 4559//7177
f  4472//7178 4559//7178 4470//7178
f  4470//7179 4559//7179 4564//7179
f  4470//7179 4564//7179 4468//7179
f  4468//7180 4564//7180 4563//7180
f  4468//7181 4563//7181 4466//7181
f  4466//7182 4563//7182 4562//7182
f  4466//7183 4562//7183 4464//7183
f  4464//7184 4562//7184 4567//7184
f  4464//7185 4567//7185 4462//7185
f  4462//7186 4567//7186 4566//7186
f  4462//7187 4566//7187 4460//7187
f  4460//7188 4566//7188 4565//7188
f  4460//7188 4565//7188 4458//7188
f  4458//7189 4565//7189 4570//7189
f  4458//7190 4570//7190 4456//7190
f  4456//7191 4570//7191 4569//7191
f  4456//7192 4569//7192 4454//7192
f  4454//7193 4569//7193 4568//7193
f  4454//7194 4568//7194 4452//7194
f  4452//7195 4568//7195 4573//7195
f  4452//7196 4573//7196 4450//7196
f  4450//7197 4573//7197 4572//7197
f  4450//7197 4572//7197 4448//7197
f  4448//7198 4572//7198 4571//7198
f  4448//7199 4571//7199 4446//7199
f  4446//7200 4571//7200 4576//7200
f  4446//7201 4576//7201 4444//7201
f  4444//7202 4576//7202 4575//7202
f  4444//7203 4575//7203 4442//7203
f  4442//7204 4575//7204 4574//7204
f  4442//7205 4574//7205 4440//7205
f  4440//7206 4574//7206 4579//7206
f  4440//7207 4579//7207 4514//7207
f  4514//7208 4579//7208 4578//7208
f  4514//7209 4578//7209 4512//7209
f  4512//7210 4578//7210 4577//7210
f  4512//7211 4577//7211 4510//7211
f  4510//7212 4577//7212 4582//7212
f  4510//7213 4582//7213 4508//7213
f  4508//7214 4582//7214 4581//7214
f  4508//7214 4581//7214 4506//7214
f  4506//7215 4581//7215 4580//7215
f  4506//7216 4580//7216 4504//7216
f  4504//7217 4580//7217 4585//7217
f  4504//7218 4585//7218 4502//7218
f  4502//7219 4585//7219 4584//7219
f  4502//7220 4584//7220 4500//7220
f  4500//7221 4584//7221 4583//7221
f  4500//7222 4583//7222 4498//7222
f  4498//7223 4583//7223 4588//7223
f  4498//7223 4588//7223 4496//7223
f  4496//7224 4588//7224 4587//7224
f  4496//7225 4587//7225 4494//7225
f  4494//7226 4587//7226 4586//7226
f  4494//7227 4586//7227 4492//7227
f  4492//7228 4586//7228 4591//7228
f  4492//7229 4591//7229 4490//7229
f  4490//7230 4591//7230 4590//7230
f  4490//7231 4590//7231 4488//7231
f  4488//7232 4590//7232 4589//7232
f  4488//7232 4589//7232 4486//7232
f  4486//7233 4589//7233 4593//7233
f  4486//7234 4593//7234 4484//7234
f  4484//7235 4593//7235 4592//7235
f  4484//7236 4592//7236 4482//7236
f  4482//7237 4592//7237 4556//7237
f  4482//7238 4556//7238 4480//7238
f  4480//7239 4556//7239 4555//7239
f  4480//7240 4555//7240 4478//7240
f  4478//7241 4555//7241 4558//7241

