# File produced by Open Asset Import Library (http://www.assimp.sf.net)
# (assimp v5.2.0)

mtllib shoulder_link.mtl

# 4793 vertex positions
v  0.0457883589 -0.0252464861 -0.0645282716
v  0.045090884 -0.0233787969 -0.0647275373
v  0.0451553501 -0.0222525727 -0.0622052625
v  0.045304209 -0.0130000003 -0.120367624
v  0.0449760444 -0.0130000003 -0.119132854
v  0.045102533 -0.0205412582 -0.119263113
v  0.0448974036 -0.0130000003 -0.118836947
v  0.043807257 -0.0130000003 -0.114735067
v  0.0439695567 -0.0197227728 -0.114881061
v  0.0432956107 -0.0130000003 -0.112809911
v  0.0422493815 -0.0130000003 -0.110538296
v  0.0424226634 -0.0189326517 -0.110670865
v  0.0418779999 -0.0130000003 -0.109731935
v  0.0403824858 -0.0130000003 -0.106484823
v  0.0404849984 -0.0181779861 -0.106654957
v  0.040006917 -0.0130000003 -0.105669364
v  0.0380000584 -0.0130000003 -0.102759562
v  0.0381797142 -0.0174658727 -0.102855779
v  0.0370820053 -0.0130000003 -0.101428449
v  0.0354951061 -0.0130000003 -0.0991275683
v  0.0355299525 -0.0168034006 -0.0992957503
v  3.76158192e-37 -0.00645665638 -0.0641911477
v  0 -0.0035563854 -0.062137749
v  0.00929098204 -0.00472871913 -0.0625335276
v  0.0298177991 -0.0130000003 -0.0933582857
v  0.0292190891 -0.0130000003 -0.092932649
v  0.0292895921 -0.0156557597 -0.0929828882
v  0.02561545 -0.0130000003 -0.0903707594
v  7.52316385e-37 -0.0137367947 -0.0821583793
v  7.52316385e-37 -0.0142233251 -0.0816955566
v  0.0047084149 -0.014141961 -0.0821170062
v  5.17774283e-18 -0.0131049352 -0.0823708251
v  6.38206756e-19 -0.0136589119 -0.0821845606
v  0.00470162509 -0.0135367196 -0.0824697092
v  0.0136903608 -0.0454080179 -0.089779675
v  0.0136749679 -0.0445905142 -0.07051301
v  0.00926725101 -0.0450271741 -0.0705410391
v  0 -0.0481860153 -0.148322389
v  3.76158192e-37 -0.0477194786 -0.151303694
v  0.0047117481 -0.047770679 -0.151087046
v  0.0355286896 -0.0316688195 -0.156641379
v  0.0355059505 -0.0278785769 -0.157370508
v  0.0381578468 -0.0271692518 -0.153874114
v  0.0406211354 -0.0375054255 -0.137902528
v  0.040617086 -0.0387071818 -0.130990535
v  0.0382952988 -0.0400953852 -0.134138301
v  0.0404965878 -0.0299251489 -0.149408281
v  0.0405343324 -0.032300368 -0.147967458
v  0.0382180884 -0.033300899 -0.151708186
v  0.0418742485 -0.0130000003 -0.147014588
v  0.0422533676 -0.0130000003 -0.146212012
v  0.0424067602 -0.0256190449 -0.146156937
v  0.0431919098 -0.0130000003 -0.14422518
v  0.0437876433 -0.0130000003 -0.142009288
v  0.0439572819 -0.0247954875 -0.141981006
v  0.0448895432 -0.0130000003 -0.137910649
v  0.0449690297 -0.0130000003 -0.137614995
v  0.0450941846 -0.0239511766 -0.137623429
v  0.0453113317 -0.0130000003 -0.136341751
v  0.0455949344 -0.0130000003 -0.133060962
v  0.0457942225 -0.0230947752 -0.133106649
v  0.0137065854 -0.0438766554 -0.0264369361
v  0.0179457441 -0.0424039587 -0.0266201701
v  0.0179027151 -0.0423667841 -0.0210222062
v  0.045855023 0.00434087729 -0.028975185
v  0.0451600552 0.00891011767 -0.0295441002
v  0.0450866781 0.00919907354 -0.0253109112
v  0.0384058133 0.0115476185 -0.0458184816
v  0.0384050906 0.00666662119 -0.0479327068
v  0.0327458605 0.0127350688 -0.0483234674
v  0.00474329432 0.0442574732 -0.0381412283
v  3.76158192e-37 0.0445284508 -0.0380863063
v  3.76158192e-37 0.0455599353 -0.0342436694
v  0.0047458387 0.0383733064 -0.0436681807
v  0 0.039357882 -0.0432614982
v  3.76158192e-37 0.0425562412 -0.0409514979
v  0.0456585884 0.00562663516 -0.0159789752
v  0.0457270965 0.00469722878 -0.0159781948
v  0.0457836874 0.00462253951 -0.0248952489
v  0.0458889417 -0.00321895629 -0.0159767028
v  0.0457522534 -0.00470007537 -0.015978178
v  0.0457820296 -0.00479747821 -0.0240473114
v  0.0449731871 -0.00970238633 -0.0159828681
v  0.043917764 -0.0136697609 -0.0159840379
v  0.0439479537 -0.0137708187 -0.0232764464
v  0.03916841 -0.0241196491 -0.015974151
v  0.0380965993 -0.0256823506 -0.0159720127
v  0.0381528437 -0.0257834774 -0.0223006327
v  0.0290490035 -0.0356577486 -0.0159676019
v  0.0257047471 -0.0381299295 -0.0159715712
v  0.0257190187 -0.0381519161 -0.0213464014
v  0.00480840495 -0.0457492135 -0.0159775466
v  0.0047549312 -0.0457560904 -0.0159774926
v  0.00470140064 -0.0457202271 -0.0207323991
v  0.00470028911 -0.0457588881 -0.0159774553
v  0 -0.0459993929 -0.0159743913
v  0.0136572337 -0.0438795537 -0.0159830153
v  0.0113778282 -0.0445789844 -0.0159830526
v  0.00926779769 -0.0450283177 -0.0208024867
v  0.00925515126 -0.0450123176 -0.0159814861
v  0.00707065919 -0.0454582721 -0.0159798767
v  0.017877711 -0.0423332304 -0.0159811266
v  0.0155827058 -0.0432887301 -0.0159829855
v  0.0136759747 -0.0439029895 -0.0208991691
v  0.0142036546 -0.0437118858 -0.0159830078
v  0.0219248012 -0.0404422469 -0.0211713631
v  0.0217241067 -0.0405494459 -0.0159771126
v  0.0196783338 -0.0415835641 -0.0159796681
v  0.0254999828 -0.0382812992 -0.0159718134
v  0.0229760949 -0.0397973843 -0.0159753561
v  0.021913616 -0.0404356085 -0.0159768481
v  0.0325309746 -0.0325640403 -0.0217731763
v  0.0323596336 -0.0326805897 -0.0159659423
v  0.0292621478 -0.0355183333 -0.0215470847
v  0.0307384599 -0.0341384672 -0.0159667563
v  0.0292452257 -0.035481289 -0.0159675051
v  0.0354506411 -0.0292200297 -0.0159679241
v  0.0338273235 -0.0311594177 -0.0159662701
v  0.0325172134 -0.0325172655 -0.0159659777
v  0.0371821709 -0.0270155948 -0.0159701891
v  0.0366665237 -0.0277674105 -0.0159691609
v  0.0355022773 -0.0293115731 -0.0220244378
v  0.0403983295 -0.0218934976 -0.015977243
v  0.0438426659 -0.0139520615 -0.0159841217
v  0.0423747189 -0.0178955104 -0.0159819964
v  0.0423988998 -0.0179905593 -0.0229268745
v  0.0423102565 -0.018068688 -0.0159819033
v  0.0420171954 -0.0187071003 -0.0159812104
v  0.0413216725 -0.0202222485 -0.0159795638
v  0.0404594578 -0.0220022928 -0.0226015244
v  0.045694612 -0.00532468688 -0.015978802
v  0.0450455807 -0.00926309358 -0.0159824602
v  0.0450834036 -0.00936561171 -0.0236500055
v  0.0449959151 -0.00956448447 -0.0159827396
v  0.0459584557 9.11081031e-07 -0.015975656
v  0.0460206196 -8.89602961e-05 -0.0244681276
v  0.0459844619 0.0012056157 -0.0159752648
v  0.0450342447 0.00925986934 -0.0159821641
v  0.0439527705 0.0136172883 -0.0257140417
v  0.0438869372 0.0136576751 -0.0159834456
v  0.0443252884 0.0123318648 -0.0159837622
v  0.0449041948 0.0100166574 -0.0159828272
v  0.0449823104 0.00956208911 -0.0159824286
v  0.0429468714 0.016500935 -0.0159827676
v  0.0424051397 0.0178538263 -0.0261035711
v  0.0423391312 0.017878281 -0.0159814022
v  0.0419804826 0.0186911058 -0.0159805976
v  0.040466968 0.0218853336 -0.0264784284
v  0.0411715917 0.0205243267 -0.0159787815
v  0.0377923474 0.0262173265 -0.0159707572
v  0.0381307006 0.0257052537 -0.0159714837
v  0.0381614268 0.0256884526 -0.0268375427
v  0.0389985777 0.0243917778 -0.0159733444
v  0.0404018909 0.0218942128 -0.0159768555
v  0.0325409584 0.0325161107 -0.0275042523
v  0.0351002105 0.0297191069 -0.0159668475
v  0.0355116986 0.0292398296 -0.027179841
v  0.0354704931 0.0292374622 -0.0159673858
v  0.037181098 0.0270124022 -0.0159698687
v  0.0292352065 0.0354696214 -0.0159674641
v  0.0307398923 0.0341394022 -0.0159665383
v  0.0292723868 0.0354939364 -0.0278097056
v  0.0320814885 0.0329533555 -0.0159657132
v  0.0325020067 0.0325028151 -0.0159658715
v  0.0287391637 0.0359081514 -0.0159677695
v  0.0257291608 0.0381499529 -0.0280951317
v  0.0269645508 0.0372617431 -0.0159698296
v  0.0218962878 0.0404015966 -0.01597693
v  0.0229937267 0.0398251861 -0.0159754567
v  0.0219344571 0.0404608101 -0.028359456
v  0.0232712664 0.0396794118 -0.0159750823
v  0.0256853513 0.0380991213 -0.0159716494
v  0.0193646662 0.0417312868 -0.0159803331
v  0.0179114528 0.0424031429 -0.028601611
v  0.017879298 0.04233649 -0.0159815308
v  0.0152504118 0.0434076153 -0.0159836523
v  0.0136833275 0.0439536013 -0.0288205221
v  0.0142130721 0.0437432826 -0.0159838628
v  0.00927325897 0.0450888313 -0.0290151201
v  0.0130531508 0.0441186167 -0.0159840975
v  0.0136690466 0.0439193211 -0.0159839727
v  0.00469871005 0.0457507558 -0.0159784202
v  0.00480632437 0.0457352139 -0.0159785226
v  0.00470442371 0.0457854755 -0.029184334
v  0.00878738053 0.045160301 -0.0159822907
v  0.00926077645 0.0450446978 -0.01598249
v  0 0.0459504984 -0.0293228291
v  0 0.0460568927 -0.0275829565
v  0.00443391968 0.0457889959 -0.0159781706
v  -7.21668142e-19 0.0460004956 -0.0159754958
v  0.00932999793 0.0270430334 -0.0475154258
v  0.00933690555 0.0323617049 -0.0458248258
v  0.0180316698 0.0284526851 -0.0463025533
v  3.76158192e-37 0.033043839 -0.0458528847
v  3.76158192e-37 0.0351742804 -0.0449794903
v  0 0.0393486507 -0.0432681665
v  0 0.0435144044 -0.0395594947
v  0.0047540986 0.0432617478 -0.0398469158
v  0.00475694938 0.0419216268 -0.0413314216
v  0.00935254525 0.0370509289 -0.0439978428
v  0.0137970271 0.0354087614 -0.0442492887
v  0.0180561952 0.0334639773 -0.0444201492
v  0.0221069567 0.0312337372 -0.0445080586
v  0.0258985627 0.0236054659 -0.0464858636
v  0.0259262193 0.0287352093 -0.0445106477
v  0.0294908956 0.0259855613 -0.0444255434
v  0.00471805176 0.0453867353 -0.0341338329
v  0 0.0456760339 -0.033811152
v  0.00934656616 0.043533925 -0.0381420031
v  0.00936704222 0.042442847 -0.0399753228
v  0.00937266927 0.0409452915 -0.0415703133
v  0.0327518545 0.0179328434 -0.0463370681
v  0.0327778943 0.0230019595 -0.0442503765
v  0.0357641168 0.0198015701 -0.0439827815
v  0.0442598835 0.00935850292 -0.0388814881
v  0.0427031256 0.0113106407 -0.0412228815
v  0.0427125841 0.0134318052 -0.0395390578
v  0.0407600366 0.0151375532 -0.0417937264
v  0.0407715738 0.0173265338 -0.0401123054
v  0.0384464972 0.01878234 -0.04227129
v  0.0384598039 0.0210220926 -0.0406017974
v  0.035785526 0.0222261231 -0.0426568948
v  0.0358002298 0.0244978927 -0.0410080999
v  0.0328001343 0.0254500173 -0.0429518633
v  0.0328157991 0.0277333353 -0.0413317755
v  0.0295133479 0.0284351446 -0.0431575216
v  0.0295294691 0.0307078306 -0.0415733941
v  0.0259481762 0.0311626233 -0.0432751961
v  0.0259641912 0.0334007815 -0.0417335108
v  0.0221276358 0.0336135738 -0.0433062054
v  0.0221429206 0.0357915983 -0.0418126993
v  0.0180747453 0.0357691087 -0.0432518795
v  0.0180886071 0.0378596857 -0.0418115184
v  0.0138125205 0.037610352 -0.0431135409
v  0.0138242058 0.0395844467 -0.0417305343
v  0.0137868291 0.0423807576 -0.0380885452
v  0.0179958157 0.0415886901 -0.0358119681
v  0.0180411004 0.040820919 -0.03798078
v  0.022033276 0.0396583565 -0.0355857424
v  0.0220863912 0.0388773717 -0.0378186256
v  0.0258400403 0.0373607501 -0.0353176929
v  0.0258997176 0.0365730599 -0.0376020037
v  0.0293930545 0.0347192213 -0.0350079238
v  0.0294580963 0.0339309387 -0.0373308361
v  0.0326692723 0.0317571126 -0.0346565247
v  0.0327385366 0.0309739653 -0.0370050445
v  0.0356456377 0.0284977742 -0.0342635997
v  0.035718061 0.0277250893 -0.0366245508
v  0.0382991023 0.0249645468 -0.0338292457
v  0.0383736752 0.0242072642 -0.0361892767
v  0.0406066142 0.021180775 -0.0333535597
v  0.0406824015 0.0204434432 -0.0356991403
v  0.0424805135 0.0175507367 -0.0305938907
v  0.0405421518 0.0215752311 -0.031073954
v  0.0382355452 0.0253712609 -0.031523589
v  0.0355838016 0.0289153848 -0.0319423862
v  0.032610029 0.0321841612 -0.0323299393
v  0.029337341 0.0351541452 -0.0326858424
v  0.0257888418 0.037801899 -0.0330096893
v  0.021987645 0.0401039794 -0.0333010741
v  0.0179568566 0.0420369431 -0.0335595831
v  0.0137195894 0.0435773544 -0.0337848179
v  0.00929895137 0.0447017662 -0.0339763723
v  0.0426212512 0.0164565779 -0.035154067
v  0.0441672392 0.0122696217 -0.0345539749
v  0.0440275185 0.0133212181 -0.0300838035
v  0.0452973768 0.00790552888 -0.0338987857
v  0.0459886864 0.00338725187 -0.033188425
v  0.0462181754 -0.00126225664 -0.0324228071
v  0.0257890373 -0.0383534655 -0.0271127466
v  0.0219810307 -0.0405561477 -0.026845023
v  0.0220212135 -0.0408856645 -0.0297511052
v  0.0179784577 -0.0425965004 -0.0294896923
v  0.0180076901 -0.0428795405 -0.0323161632
v  0.01375621 -0.0440857187 -0.0321234502
v  0.0138050793 -0.0442991741 -0.0380586199
v  0.00935800839 -0.0449647605 -0.0379804261
v  0.00931630284 -0.0448783636 -0.0530583225
v  0.0458475202 -0.00506112911 -0.0277858563
v  0.0451452322 -0.0096138753 -0.0272345543
v  0.0452616177 -0.010385829 -0.030947838
v  0.0441146642 -0.0146987187 -0.0302921589
v  0.0440057218 -0.0139995366 -0.0267229136
v  0.042553138 -0.0188186858 -0.0296893492
v  0.042633906 -0.0205025822 -0.0331149623
v  0.0406769142 -0.0241976976 -0.0324577466
v  0.0407002121 -0.0262602754 -0.0351862349
v  0.0383788459 -0.0294243116 -0.0345886685
v  0.0384491086 -0.0327360444 -0.0397137403
v  0.0357851051 -0.0350917801 -0.0393061452
v  0.0424522758 -0.01819635 -0.0262502804
v  0.0405081771 -0.022182554 -0.0258160066
v  0.0406004563 -0.0227254871 -0.0291381571
v  0.0382800214 -0.0263988767 -0.0286373366
v  0.0383516215 -0.0276597161 -0.0318623483
v  0.0356814712 -0.0308718421 -0.0313270129
v  0.0357118249 -0.0323455743 -0.0340594761
v  0.0327224582 -0.0350117572 -0.033595141
v  0.0327970795 -0.0372214355 -0.03896809
v  0.0295081269 -0.0391198844 -0.0386920832
v  0.0355411805 -0.0294360723 -0.0250599422
v  0.0325648487 -0.0326598622 -0.0247368496
v  0.0326295607 -0.0329644531 -0.0277818032
v  0.0293463506 -0.0358161516 -0.0274245907
v  0.0294003859 -0.0364792719 -0.0304294899
v  0.0258363392 -0.0388409905 -0.0300637837
v  0.0258699208 -0.0395296514 -0.0328470059
v  0.0220533628 -0.0413567498 -0.0325561799
v  0.0221198499 -0.0422026739 -0.0382962227
v  0.0180667266 -0.0433767699 -0.0381613858
v  0.0180773791 -0.0437201373 -0.0448294245
v  0.00471030269 -0.0456157215 -0.0261903256
v  0.00928696804 -0.044953987 -0.0262940712
v  0.00932222977 -0.0449629799 -0.0319745243
v  0.0047290572 -0.0454990119 -0.0318658762
v  3.76158192e-37 -0.0455426946 -0.0378687419
v  3.76158192e-37 -0.0459392965 -0.0206889249
v  0 -0.0459031276 -0.0235264022
v  0 -0.0458378382 -0.0261243545
v  3.76158192e-37 -0.0456953496 -0.0317943394
v  0.0460000001 -0.0130000003 -0.128375009
v  0.0460341461 -0.0222349446 -0.128453076
v  0.0458399318 -0.0259459037 -0.132442802
v  0.0460829958 -0.024908049 -0.127811074
v  0.0458928198 -0.0278811678 -0.131060809
v  0.0461389087 -0.0267266743 -0.126460269
v  0.0459451154 -0.0293325502 -0.129084915
v  0.0461932495 -0.0280795842 -0.124546111
v  0.0459834784 -0.0306539163 -0.126332626
v  0.0462326258 -0.0292942151 -0.121914968
v  0.0459992774 -0.0318364538 -0.122385845
v  0.0462484471 -0.0303629935 -0.118191764
v  0.0459915809 -0.032658454 -0.116836704
v  0.0462399088 -0.0310838893 -0.113011092
v  0.0459655337 -0.0328774527 -0.109389775
v  0.0462123603 -0.0312387832 -0.106108084
v  0.0459288433 -0.0324282534 -0.0999616534
v  0.0461737812 -0.0307729524 -0.0974088162
v  0.0458531417 -0.0308456048 -0.0813394114
v  0.0460944176 -0.0292057451 -0.0802693143
v  0.0457713865 -0.029696716 -0.0693797767
v  0.0451364405 -0.0269767307 -0.136940733
v  0.0451859385 -0.0290267002 -0.135534197
v  0.0452358052 -0.0305763632 -0.133504212
v  0.0452728644 -0.0320041999 -0.130638346
v  0.0452885143 -0.0332993269 -0.126476184
v  0.0452817045 -0.0342203863 -0.120568164
v  0.0452573411 -0.0345009789 -0.112588704
v  0.045222804 -0.034065742 -0.102444947
v  0.0451513045 -0.0324610956 -0.0823668018
v  0.045073539 -0.031411197 -0.0695245489
v  0.045089189 -0.030915847 -0.0638603047
v  0.0424414538 -0.0289765429 -0.145445809
v  0.0439958461 -0.0279903393 -0.141282514
v  0.0424833111 -0.0312472153 -0.144009948
v  0.0440416411 -0.0301523544 -0.139858052
v  0.0425273515 -0.0329917148 -0.141893953
v  0.0440887399 -0.031799823 -0.137781411
v  0.0425610282 -0.0346305557 -0.138823226
v  0.0441242345 -0.0333335772 -0.134809434
v  0.0425760001 -0.0361457132 -0.13425675
v  0.0441396087 -0.0347397141 -0.130440563
v  0.0425710306 -0.0372570679 -0.127665788
v  0.0441337153 -0.0357573628 -0.124184757
v  0.0425504521 -0.0376526192 -0.118667275
v  0.0441111848 -0.0360968672 -0.115687124
v  0.042520836 -0.0372381434 -0.107149929
v  0.0440790169 -0.035673134 -0.104845457
v  0.0424590372 -0.0355740041 -0.0842784792
v  0.0440121777 -0.0340409763 -0.0833477303
v  0.0423907302 -0.0346668176 -0.0697890297
v  0.0439389162 -0.0330710411 -0.069661051
v  0.0440126136 -0.0322965011 -0.0603320859
v  0.0380045734 -0.0130000003 -0.153990626
v  0.0397138819 -0.0130000003 -0.151587918
v  0.0406066924 -0.0358836465 -0.142657071
v  0.0382984616 -0.0388069525 -0.141355693
v  0.0405985378 -0.0391557291 -0.121511392
v  0.038278833 -0.0405937061 -0.124201722
v  0.0370672531 -0.0130000003 -0.155308172
v  0.0354414843 -0.0130000003 -0.157593459
v  0.0355914719 -0.0362659581 -0.153017789
v  0.0382552929 -0.0352359898 -0.149534717
v  0.040575061 -0.0341408402 -0.145819247
v  0.0326313749 -0.0392647162 -0.152852178
v  0.0356184207 -0.0382122174 -0.149694219
v  0.0382846743 -0.0370813645 -0.146288291
v  0.0350069776 -0.0130000003 -0.158204228
v  0.0325224772 -0.0224353671 -0.160811603
v  0.0323975049 -0.0130000003 -0.160770431
v  0.035631422 -0.0400383919 -0.144594014
v  0.0326434597 -0.0411878489 -0.147595286
v  0.0381464697 -0.0376284793 -0.0700183213
v  0.0354968011 -0.038975507 -0.0701191053
v  0.0382038131 -0.0384545401 -0.0859744474
v  0.0355482772 -0.0397795588 -0.0867321864
v  0.0382546894 -0.0401918851 -0.111417741
v  0.0355934314 -0.0415560529 -0.113354586
v  0.0356147364 -0.041954048 -0.126720503
v  0.0356290974 -0.0414093621 -0.137088358
v  0.0326419137 -0.0426367894 -0.139820039
v  0.0405716076 -0.0387484878 -0.109345101
v  0.0405151583 -0.0370489396 -0.0851552933
v  0.0325263701 -0.0402207635 -0.0702102929
v  0.0325718187 -0.0410127603 -0.0874247774
v  0.0326111838 -0.0428287014 -0.115142383
v  0.0326296389 -0.0432242565 -0.129049987
v  0.0453905202 0.00512722041 -0.0381390378
v  0.0453755036 0.00114864053 -0.0411754325
v  0.0460721925 -0.00299197575 -0.0403035022
v  0.0460917279 -0.0104692793 -0.0450102389
v  0.0463349782 -0.0141407549 -0.0440393053
v  0.0463554896 -0.0173300132 -0.0466907509
v  0.0461218804 -0.0206252877 -0.045745708
v  0.0461235195 -0.0231973287 -0.0488226973
v  0.0454259664 -0.0259994585 -0.0480510965
v  0.0453880802 -0.0278698411 -0.0516339764
v  0.0442487895 -0.0302214567 -0.0510334224
v  0.0441545211 -0.0314175226 -0.0552382357
v  0.0425990336 -0.0333872065 -0.0548035875
v  0.0424611866 -0.0340701714 -0.0600358993
v  0.0460815355 0.000758551701 -0.0373111404
v  0.046306476 -0.0072292136 -0.0393225588
v  0.0461002328 -0.0177454147 -0.043057099
v  0.045425456 -0.023728393 -0.0449195355
v  0.0442886986 -0.0286190491 -0.0473857895
v  0.0426933393 -0.032409098 -0.0505193882
v  0.0406515189 -0.0352168418 -0.0544307716
v  0.0382089354 -0.0372846425 -0.0595472567
v  0.0404521823 -0.0361891091 -0.0699082017
v  0.0384695902 -0.035366755 -0.0459456816
v  0.04078741 -0.0333042778 -0.0463412739
v  0.0407899991 -0.0318565853 -0.0430706441
v  0.0427364446 -0.0293468516 -0.0435903631
v  0.0427126363 -0.027366817 -0.0407675244
v  0.0442659631 -0.0243635681 -0.0414287038
v  0.0442127548 -0.0192531068 -0.0366005301
v  0.045357313 -0.0154345883 -0.0374242812
v  0.0453492142 -0.0124802077 -0.0346218981
v  0.0460606366 -0.00818652939 -0.0354751348
v  0.0460297726 -0.00683605298 -0.0336504094
v  0.0462794527 -0.00227016467 -0.0345019698
v  0.0460515879 0.00231316593 -0.0353493281
v  0.0453613773 0.00677089905 -0.036125645
v  0.0442317687 0.0110809905 -0.0368311182
v  0.0426856987 0.0152213955 -0.0374659635
v  0.0407461151 0.0191700701 -0.0380303822
v  0.0384359583 0.022904966 -0.0385245867
v  0.0357781686 0.0264040437 -0.0389487818
v  0.0327956863 0.0296452548 -0.0393031724
v  0.0295114573 0.032606557 -0.0395879745
v  0.0259484202 0.0352659039 -0.0398033857
v  0.0221295189 0.0376012512 -0.0399496183
v  0.0180776939 0.0395905524 -0.0400268808
v  0.0138158873 0.0412117653 -0.0400353819
v  0.0460893027 -0.000363061379 -0.0283774696
v  0.0459705926 -0.00590026053 -0.0316576399
v  0.0453182608 -0.0112436302 -0.0328607
v  0.0441991538 -0.016591154 -0.0338357612
v  0.0426526181 -0.0228657722 -0.0358556844
v  0.0407659858 -0.0301593505 -0.0401983708
v  0.038473025 -0.0341629088 -0.0426363572
v  0.035808593 -0.0362630151 -0.0422791392
v  0.0358044505 -0.0372403674 -0.0456236154
v  0.032819774 -0.0381540917 -0.0419906341
v  0.0328150839 -0.0389235355 -0.0453668796
v  0.0327732787 -0.0394872762 -0.049188979
v  0.0357617028 -0.0379718542 -0.0494266748
v  0.0384266302 -0.0362859294 -0.0497229882
v  0.0325334184 -0.0285324976 -0.160595521
v  0.0325522907 -0.0324435085 -0.159867346
v  0.0292786788 -0.0331398435 -0.162803143
v  0.0306807458 -0.0130000003 -0.162458733
v  0.0292547625 -0.0228249859 -0.163774401
v  0.0292358864 -0.0130000003 -0.163879648
v  0.0257127546 -0.0231688488 -0.166417256
v  0.0256154034 -0.0130000003 -0.166374922
v  0.0293571632 -0.0437653512 -0.142312586
v  0.0293580238 -0.0422434248 -0.150337264
v  0.022983795 -0.0130000003 -0.168188661
v  0.0219196584 -0.0234612506 -0.168717086
v  0.0226927772 -0.0130000003 -0.168389231
v  0.0218906086 -0.0130000003 -0.168758377
v  0.0178986788 -0.0236964859 -0.17065081
v  0.0178365521 -0.0130000003 -0.170623958
v  0.025716057 -0.0423682481 -0.0703628212
v  0.0257492512 -0.0431587398 -0.0885995701
v  0.0257771444 -0.0450503193 -0.118217848
v  0.0257900096 -0.0454442725 -0.133069962
v  0.0257982817 -0.044782728 -0.144545332
v  0.0325790271 -0.0400171876 -0.0591833927
v  0.0258467514 -0.0421576016 -0.0533245467
v  0.0219225734 -0.0432516262 -0.0704236329
v  0.0219496861 -0.044049032 -0.0890742913
v  0.0219720546 -0.0459747203 -0.119479008
v  0.0219822675 -0.046369087 -0.134724945
v  0.0155512961 -0.0130000003 -0.171675578
v  0.0136730187 -0.0238688476 -0.17219536
v  0.0141916508 -0.0130000003 -0.172036454
v  0.0136401271 -0.0130000003 -0.172182843
v  0.00926588289 -0.0239726268 -0.17332767
v  0.00924195629 -0.0130000003 -0.173350215
v  0.0179011431 -0.0439955257 -0.0704737827
v  0.0179222971 -0.0448025391 -0.0894689038
v  0.0179393869 -0.0467584729 -0.120538123
v  0.00799269415 -0.0130000003 -0.173681796
v  0.00470047491 -0.0240021199 -0.174024656
v  0.00479410263 -0.0130000003 -0.173959211
v  0.029263502 -0.0291223545 -0.163526744
v  0.0257311705 -0.0337476395 -0.165426418
v  0.0257194471 -0.0296394825 -0.166141719
v  0.0219330825 -0.0342567079 -0.167714864
v  0.0219244976 -0.0300752204 -0.16841802
v  0.0179077294 -0.0346568562 -0.169646099
v  0.0179019049 -0.0304209068 -0.170333236
v  0.0136784296 -0.0349378996 -0.171197817
v  0.0136749102 -0.0306678768 -0.171864912
v  0.00926849712 -0.0350896455 -0.17234768
v  0.00926676393 -0.030807469 -0.17299062
v  0.00470124884 -0.0351019092 -0.173073336
v  0.00470071193 -0.0308310222 -0.173687935
v  0.0325773247 -0.035100434 -0.158449635
v  0.0293253846 -0.0380855203 -0.159196436
v  0.0292995702 -0.035877604 -0.161405519
v  0.0257699676 -0.0388527066 -0.161846846
v  0.0257480778 -0.036558494 -0.16405496
v  0.021964198 -0.039509885 -0.164174557
v  0.0219462272 -0.0371321812 -0.166375548
v  0.017931506 -0.04004585 -0.166156977
v  0.0179174021 -0.0375877582 -0.16834487
v  0.0136953145 -0.0404493995 -0.167771533
v  0.0136849852 -0.0379143059 -0.169940516
v  0.009279049 -0.0407093205 -0.168995664
v  0.00927235745 -0.0381009094 -0.17114006
v  0.00470613595 -0.0408144109 -0.169806764
v  0.00470290193 -0.0381366536 -0.171921104
v  0.0257886928 -0.0410886891 -0.15833354
v  0.0219884999 -0.0440253243 -0.154954508
v  0.0219799485 -0.0418371856 -0.1606116
v  0.0179513041 -0.0447278507 -0.156785339
v  0.0179441925 -0.0424613729 -0.162551031
v  0.0137104103 -0.0452888981 -0.15826802
v  0.0137048755 -0.0429497547 -0.164129153
v  0.00928926561 -0.045696564 -0.159380317
v  0.00928544067 -0.043290846 -0.165323302
v  0.00471131364 -0.04593895 -0.160100013
v  0.00470933318 -0.043473158 -0.166110814
v  0.00468579633 -0.0130000003 -0.173968598
v  -2.26893326e-18 -0.0239482373 -0.174118742
v  -6.19671272e-18 -0.0130000003 -0.174375013
v  0 -0.0349566713 -0.173297971
v  3.76158192e-37 -0.030725738 -0.173905641
v  3.76158192e-37 -0.0302726291 -0.173970714
v  0.00471171457 -0.0469642952 -0.156007186
v  3.76158192e-37 -0.0469433367 -0.156263456
v  0 -0.046695061 -0.157850012
v  0.0137113193 -0.0462697968 -0.154278517
v  0.0092899669 -0.0467016064 -0.155332997
v  7.52316385e-37 -0.0458564609 -0.160355479
v  3.76158192e-37 -0.0444372222 -0.164595723
v  3.76158192e-37 -0.0433668606 -0.166398764
v  3.76158192e-37 -0.0419023633 -0.168865725
v  3.76158192e-37 -0.0406555869 -0.170081928
v  3.76158192e-37 -0.039122466 -0.171577469
v  0 -0.0379437692 -0.172114491
v  3.76158192e-37 -0.0355254114 -0.173216298
v  0.0047094496 -0.0481429957 -0.12237066
v  0.00471094996 -0.0485420637 -0.138563797
v  0.00928804465 -0.0482527576 -0.138056755
v  0.0137110809 -0.0470445603 -0.149477586
v  0.0092899166 -0.0474940091 -0.150463998
v  3.76158192e-37 -0.04854149 -0.138735741
v  0 -0.0454693064 -0.0734100491
v  3.76158192e-37 -0.0464134887 -0.0901608542
v  0.00470593804 -0.0461299233 -0.0901347324
v  0.00928473286 -0.0478548929 -0.1219972
v  0.013707892 -0.0477858298 -0.137236103
v  0.0179518126 -0.0464346483 -0.148148537
v  7.52316385e-37 -0.0478148013 -0.115021534
v  7.52316385e-37 -0.0481160581 -0.122494116
v  3.76158192e-37 -0.0486513749 -0.135772347
v  0.0179938413 -0.0438468605 -0.0531452931
v  0.0137465345 -0.0444463529 -0.0530926958
v  0 -0.0454036295 -0.0705621094
v  0.00470119435 -0.0452960692 -0.0705576167
v  0.00927715003 -0.0458542258 -0.0900028646
v  0.013702496 -0.0473892912 -0.121381931
v  0.0179470964 -0.0471537709 -0.136119574
v  0.021988688 -0.0456766002 -0.146497563
v  0.0257985555 -0.0431932136 -0.152797744
v  0.0293469857 -0.0402273685 -0.155739501
v  0.0326070301 -0.0372195356 -0.156245887
v  0.0355579592 -0.0342378914 -0.15520972
v  0.0381845608 -0.0308259726 -0.153147578
v  0.0404658653 -0.0264131874 -0.150128782
v  0.0403469875 -0.0130000003 -0.150247678
v  0.0295245983 -0.0404146761 -0.0451672859
v  0.0294058882 -0.0410739332 -0.0534608923
v  0.0326891653 -0.0398349762 -0.053634841
v  0.0463099815 -0.00372690987 -0.0363972262
v  0.046062991 -0.0114225214 -0.0383304544
v  0.0454028621 -0.0211547259 -0.0421893969
v  0.0442892872 -0.0266365167 -0.0442038737
v  0.0427348129 -0.0310545154 -0.0468185768
v  0.040744897 -0.0344311334 -0.0500849038
v  0.0383352153 -0.0369033813 -0.0541149378
v  0.025956085 -0.0417122133 -0.0450166389
v  0.0381967165 -0.0259363819 -0.0254194438
v  0.0356152542 -0.0298186149 -0.0281856358
v  0.0326899104 -0.0338172913 -0.0308499783
v  0.0294340551 -0.0374105498 -0.033192154
v  0.0259413496 -0.0407820046 -0.0384706222
v  0.0221326463 -0.0428145602 -0.0449067503
v  3.76158192e-37 -0.0452753305 -0.0530249327
v  0 -0.0452632532 -0.064474754
v  5.07003771e-18 -0.0130000003 -0.0823749974
v  0.00468605524 -0.0130000003 -0.0827792957
v  0.00479436293 -0.0130000003 -0.0827886388
v  0.0079517616 -0.0130000003 -0.0830610469
v  0.00471970439 -0.0146898264 -0.0814288408
v  3.76158192e-37 -0.0150157623 -0.0800521374
v  3.76158192e-37 -0.0153539013 -0.0792425796
v  0.00474783871 -0.0156040359 -0.0782987922
v  0.0136936456 -0.014268294 -0.084214054
v  0.0136758164 -0.0135130258 -0.0843548775
v  0.00926796068 -0.0134879537 -0.0831956342
v  0.00923978165 -0.0130000003 -0.0834068656
v  0.0179241672 -0.0144839501 -0.0858680755
v  0.0178367831 -0.0130000003 -0.0861222148
v  0.015835952 -0.0130000003 -0.0851778686
v  0.014185681 -0.0130000003 -0.0847347826
v  0.0136344796 -0.0130000003 -0.0845867917
v  0 -0.0147096217 -0.0739601478
v  0 -0.014107638 -0.072324954
v  0.00471769972 -0.0138573553 -0.071800217
v  0 -0.0153832324 -0.0780171528
v  0.00474717002 -0.0154997744 -0.0760156065
v  0.00935390498 -0.0157314334 -0.0764990896
v  0.00932805426 -0.0150564034 -0.074025616
v  0.0137608256 -0.0154081387 -0.0744745359
v  0.0137189673 -0.0143021485 -0.071807079
v  0 -0.0138549497 -0.0719848275
v  7.52316385e-37 -0.0114255017 -0.0687147155
v  0 -0.0110076638 -0.0683343187
v  0.0231998656 -0.0130000003 -0.0886534676
v  0.0229917765 -0.0130000003 -0.088555254
v  0.0219490975 -0.014791809 -0.0878958404
v  0.0218730718 -0.0130000003 -0.0880272537
v  0.0293411911 -0.0168391708 -0.0924156383
v  0.0293138679 -0.0162896309 -0.0927925706
v  0.0257677883 -0.0157441683 -0.0900736973
v  0.0257452875 -0.0151847759 -0.0902749225
v  0.0326132551 -0.0175239239 -0.0954360589
v  0.0325588621 -0.0161976647 -0.0959973112
v  0.0323953815 -0.0130000003 -0.0959776267
v  0.0307071451 -0.0130000003 -0.0942620412
v  0.0326720774 -0.0184874199 -0.0943294689
v  3.76158192e-37 -0.0143992221 -0.0815282315
v  0.00473158713 -0.0151258036 -0.080503054
v  0.00932417624 -0.0152687524 -0.0813479647
v  0.00935499836 -0.0158202667 -0.0790113807
v  0.0137985302 -0.0161729231 -0.0801358148
v  0.0137972357 -0.0161189158 -0.0773556158
v  0.0180541947 -0.0166528784 -0.078564465
v  0.0180087015 -0.0159170646 -0.0751644075
v  0.022048641 -0.0165735316 -0.0760819465
v  0.0219872463 -0.0153746763 -0.072214298
v  0.0257887095 -0.0161233433 -0.0725586638
v  0.0257417019 -0.0149390148 -0.07010106
v  0.00929065701 -0.0144779375 -0.082679376
v  0.0093018366 -0.0147744697 -0.0822987854
v  0.0137233194 -0.0149793038 -0.0835829824
v  0.0137547553 -0.0155381057 -0.0826069936
v  0.0180003121 -0.0159254782 -0.0842577443
v  0.0180554856 -0.0166534781 -0.0816494301
v  0.0221029166 -0.0172534138 -0.0835295469
v  0.0221018102 -0.0173239745 -0.0801049247
v  0.0259171166 -0.0181228593 -0.0819562823
v  0.0258575995 -0.017367892 -0.0772139132
v  0.0294125341 -0.0182904974 -0.0785470381
v  0.0293375589 -0.0170013476 -0.0729918629
v  0.0326106697 -0.0179994907 -0.0735101476
v  0.0325559974 -0.0168739576 -0.0704736561
v  0 -0.00738757523 -0.0650386438
v  0.00927300565 -0.00810078997 -0.0652092993
v  0.00932554435 0.00195241941 -0.0580289811
v  0.0355862007 -0.0182804521 -0.0987367108
v  0.0356473438 -0.0193390846 -0.097602509
v  0.0357384086 -0.0206764862 -0.094261542
v  0.0405424312 -0.0199765582 -0.106089331
v  0.0382369533 -0.0191006865 -0.10229525
v  0.0406055823 -0.0212371275 -0.104897797
v  0.0382995158 -0.020258449 -0.101132758
v  0.0406629182 -0.0221452378 -0.1032895
v  0.0407023355 -0.0228827056 -0.101237006
v  0.0383939818 -0.021745475 -0.0976340473
v  0.0407164358 -0.0234394111 -0.0985769033
v  0.0384073779 -0.0222160704 -0.0951659828
v  0.0407050699 -0.02370698 -0.0951513201
v  0.0219693147 -0.0152825825 -0.0876806229
v  0.0257930867 -0.0162342638 -0.0896977782
v  0.0293967295 -0.0177118387 -0.0913360566
v  0.0327585675 -0.0196842626 -0.0911421627
v  0.0357394777 -0.0211927742 -0.0891685188
v  0.0383958519 -0.0224093478 -0.092056267
v  0.0383227654 -0.0217312928 -0.0836207047
v  0.040631175 -0.0230703931 -0.0856258199
v  0.0405443721 -0.0216227584 -0.0755379945
v  0.0424833186 -0.0230094641 -0.0763591006
v  0.0455928408 -0.0130000003 -0.123689294
v  0.0440252535 -0.0218629371 -0.114294775
v  0.0424795561 -0.020899998 -0.110096619
v  0.0440873504 -0.0233388729 -0.113042578
v  0.0425425321 -0.0222667307 -0.108875208
v  0.0441451073 -0.0244134571 -0.111316741
v  0.0426003747 -0.0232561622 -0.107208833
v  0.0441855937 -0.0253278073 -0.109043583
v  0.0426405221 -0.0240796581 -0.10504774
v  0.0442007482 -0.0260741133 -0.105977468
v  0.0426552109 -0.0247283857 -0.10218814
v  0.0441901609 -0.0265080314 -0.101880476
v  0.0426441617 -0.0250763223 -0.0984329656
v  0.0441595241 -0.0264841355 -0.0965790823
v  0.0426130816 -0.0250012614 -0.0936378688
v  0.0441172346 -0.0259789489 -0.0900273249
v  0.0451564454 -0.0228573047 -0.118661463
v  0.0452170298 -0.0244451687 -0.11737749
v  0.0452741422 -0.025608724 -0.115590647
v  0.0453145988 -0.0266186316 -0.113201849
v  0.0453300998 -0.027467709 -0.10992267
v  0.0453200974 -0.0279927589 -0.105473153
v  0.0452902243 -0.0280244518 -0.0996496975
v  0.045248799 -0.0275291093 -0.0923971906
v  0.0451640524 -0.0259961113 -0.0781965554
v  0.0458595902 -0.0275776535 -0.0792054012
v  0.0459419936 -0.0291303266 -0.0948621035
v  0.0459821671 -0.0296125542 -0.10283196
v  0.0460110046 -0.0295211598 -0.109190263
v  0.0460203178 -0.0289002974 -0.114001513
v  0.0460045934 -0.0279436074 -0.117499866
v  0.045964513 -0.0268335659 -0.120007962
v  0.0459085517 -0.0255772322 -0.121857524
v  0.0458500534 -0.0238750316 -0.12317434
v  0.045798447 -0.0213810131 -0.123794593
v  0.0179415569 -0.0149125597 -0.0856356695
v  0.0219920222 -0.0157172699 -0.0873048231
v  0.0258443113 -0.0170207303 -0.0886446908
v  0.0294774063 -0.0187773276 -0.088298589
v  0.0327589177 -0.020066604 -0.0865087882
v  0.0356681608 -0.0204818454 -0.0817636922
v  0.0382371992 -0.0203193948 -0.0747869611
v  0.0423919298 -0.0212561432 -0.0686904043
v  0.00928067882 -0.0141519327 -0.0829562247
v  0.0137076341 -0.0146417832 -0.0839611441
v  0.0179610737 -0.0152962608 -0.0852591097
v  0.0220378339 -0.0164224822 -0.0862777755
v  0.0259178728 -0.0179642048 -0.085753493
v  0.0294771418 -0.0190401841 -0.0840978101
v  0.0326904021 -0.0193316974 -0.0800680444
v  0.0355849266 -0.0191085711 -0.0741097629
v  0.038178198 -0.019264143 -0.0710132793
v  0.0425703451 -0.024489494 -0.0877657831
v  0.0440309197 -0.0244703162 -0.0772465393
v  0.0450741649 -0.0244756844 -0.068935819
v  0.0457717068 -0.0261806194 -0.0690758303
v  0.0460092686 -0.0279370267 -0.06922701
v  0.0457874984 -0.0290753692 -0.0640715882
v  0.0460257158 -0.0271655899 -0.0643019304
v  0.04585265 -0.0242902413 -0.0618580654
v  0.0453002974 -0.0199175607 -0.0581271537
v  3.76158192e-37 0.00103956764 -0.0588838048
v  3.76158192e-37 0.00395047851 -0.0572910905
v  0.00933688041 0.00854143593 -0.0544501245
v  3.76158192e-37 0.00951709505 -0.0542452969
v  3.76158192e-37 -0.0154332882 -0.0759258792
v  0.00473343115 -0.014871506 -0.0738309026
v  0.0092983963 -0.0139966859 -0.0717517287
v  0.00926829968 -0.01129911 -0.0682256892
v  0.017911382 -0.00941779278 -0.0653534383
v  0.0179441255 -0.00645951554 -0.0628985539
v  0.0257740878 -0.00875399448 -0.0631167293
v  0.0180086289 -0.000574664853 -0.0587027818
v  0.0258639157 -0.00363061973 -0.0591634177
v  0.0180323329 0.00534384698 -0.0552311987
v  0.0259004757 0.00162421365 -0.0557772778
v  0.00933510531 0.0149950162 -0.0516189635
v  0 0.011190501 -0.0535721928
v  3.76158192e-37 0.0180888083 -0.0507974587
v  0 0.020426603 -0.0498571172
v  3.76158192e-37 0.030202372 -0.0467546582
v  0.0180315394 0.0113162026 -0.0523654222
v  0.0259028785 0.00707749138 -0.0528744757
v  0.0180244297 0.0172556862 -0.0500191674
v  0.0258943439 0.0126576759 -0.0504256226
v  0.0180219095 0.023015799 -0.048061911
v  0.0258893315 0.0182156358 -0.0483488962
v  0.0427020714 -0.00834080018 -0.0523629524
v  0.044240173 -0.0146297002 -0.0550706349
v  0.0426821783 -0.0120602669 -0.0554740541
v  0.0441626757 -0.0176065993 -0.0585576147
v  0.0426095948 -0.0153589156 -0.0588927567
v  0.0440205745 -0.0202735662 -0.0624960177
v  0.042471502 -0.0183614455 -0.0627323091
v  0.0424083471 -0.0198319908 -0.0650470778
v  0.0381636135 -0.0165938288 -0.0652649924
v  0.0381481163 -0.0183502194 -0.0684929267
v  0.0325282887 -0.0158297364 -0.0683455542
v  0.0384163931 0.00183234829 -0.0502689257
v  0.0327538773 0.00749103213 -0.0505293012
v  0.0384245701 -0.00281673227 -0.0529346652
v  0.0327626951 0.00234460575 -0.0530846976
v  0.038411282 -0.0071385121 -0.0559518486
v  0.0327554196 -0.00255679572 -0.0560352094
v  0.0383497365 -0.0110840248 -0.0592957623
v  0.0327060632 -0.00715416623 -0.0593735315
v  0.0382231176 -0.0147707667 -0.0630493835
v  0.0325955302 -0.0115463473 -0.0631722659
v  0.0325421989 -0.0137329707 -0.0653857291
v  0.025729619 -0.0113180727 -0.0654137284
v  0.0257180035 -0.0137665104 -0.0682504475
v  0.0179028194 -0.0122323623 -0.0682097748
v  0.0179206859 -0.0135322446 -0.0699056983
v  0.0179562923 -0.0147645455 -0.0719625205
v  0.0407404453 -0.00115757319 -0.0499830693
v  0.0458499119 -0.0284448732 -0.0610383339
v  0.0460893176 -0.0263783429 -0.0614524595
v  0.0462365076 -0.0246986784 -0.0569615923
v  0.0459992997 -0.0222841408 -0.0575967021
v  0.046085082 -0.0199477598 -0.0539015345
v  0.0453822203 -0.0172613915 -0.0545486733
v  0.0454087742 -0.0141618745 -0.051308129
v  0.0442634225 -0.0112183187 -0.0518997684
v  0.0442574956 -0.00741070509 -0.0490617268
v  0.0426952541 -0.00424178224 -0.0495832227
v  0.0426806249 0.000102818791 -0.0471237041
v  0.0407274701 0.0034408567 -0.0475837924
v  0.0407418944 0.0128190946 -0.0431608222
v  0.0426872633 0.00907134265 -0.0426017232
v  0.0442394949 0.00517546898 -0.0419407152
v  0.0442412533 -0.00333592691 -0.0465458259
v  0.0453860536 -0.00686381478 -0.0458435416
v  0.0454038344 -0.010654767 -0.0484109223
v  0.046110943 -0.013964395 -0.0476231501
v  0.046114821 -0.0171632525 -0.0505803563
v  0.0463582575 -0.0202142335 -0.0497087725
v  0.0463255271 -0.0226812176 -0.0531225652
v  0.0460880473 -0.0253558848 -0.0523280352
v  0.0459964909 -0.0270702094 -0.0563123934
v  0.0452947542 -0.0293108411 -0.0557395555
v  0.0451499335 -0.0304194968 -0.0606655553
v  0.0384264849 0.0164015591 -0.0436203852
v  3.76158192e-37 -0.0452803038 -0.0483099706
v  -0.00933510531 0.0149950162 -0.0516189635
v  -0.00932554435 0.00195241941 -0.0580289811
v  -0.0424083471 -0.0198319908 -0.0650470778
v  -0.0423919298 -0.0212561432 -0.0686904043
v  -0.0450741649 -0.0244756844 -0.068935819
v  -0.045798447 -0.0213810131 -0.123794593
v  -0.0455949344 -0.0130000003 -0.123689041
v  -0.0460000001 -0.0130000003 -0.128375009
v  -0.0424795561 -0.020899998 -0.110096619
v  -0.0424226634 -0.0189326517 -0.110670865
v  -0.0439695567 -0.0197227728 -0.114881061
v  -0.0397138819 -0.0130000003 -0.105162084
v  -0.0403469875 -0.0130000003 -0.106502324
v  -0.0404849984 -0.0181779861 -0.106654957
v  -0.0357384086 -0.0206764862 -0.094261542
v  -0.0356473438 -0.0193390846 -0.097602509
v  -0.0382995158 -0.020258449 -0.101132758
v  -0.00929098204 -0.00472871913 -0.0625335276
v  -0.0294774063 -0.0187773276 -0.088298589
v  -0.0294771418 -0.0190401841 -0.0840978101
v  -0.0259171166 -0.0181228593 -0.0819562823
v  -0.0257452875 -0.0151847759 -0.0902749225
v  -0.0256154034 -0.0130000003 -0.0903750807
v  -0.0292358864 -0.0130000003 -0.0928703621
v  -0.0179415569 -0.0149125597 -0.0856356695
v  -0.0179241672 -0.0144839501 -0.0858680755
v  -0.0219490975 -0.014791809 -0.0878958404
v  -0.0136758164 -0.0135130258 -0.0843548775
v  -0.0136936456 -0.014268294 -0.084214054
v  -0.00928067882 -0.0141519327 -0.0829562247
v  -0.00470162509 -0.0135367196 -0.0824697092
v  -0.0221198499 -0.0422026739 -0.0382962227
v  -0.0259413496 -0.0407820046 -0.0384706222
v  -0.025956085 -0.0417122133 -0.0450166389
v  -0.0136749679 -0.0445905142 -0.07051301
v  -0.00926725101 -0.0450271741 -0.0705410391
v  -0.00931630284 -0.0448783636 -0.0530583225
v  -0.00470047491 -0.0240021199 -0.174024656
v  -0.00468605524 -0.0130000003 -0.173970714
v  -0.00470613595 -0.0408144109 -0.169806764
v  -0.00470933318 -0.043473158 -0.166110814
v  -0.00928544067 -0.043290846 -0.165323302
v  -0.00479436293 -0.0130000003 -0.173961371
v  -0.0136953145 -0.0404493995 -0.167771533
v  -0.0136849852 -0.0379143059 -0.169940516
v  -0.00927235745 -0.0381009094 -0.17114006
v  -0.0425760001 -0.0361457132 -0.13425675
v  -0.0425710306 -0.0372570679 -0.127665788
v  -0.0441337153 -0.0357573628 -0.124184757
v  -0.0458399318 -0.0259459037 -0.132442802
v  -0.0457942225 -0.0230947752 -0.133106649
v  -0.0450941846 -0.0239511766 -0.137623429
v  -0.00470140064 -0.0457202271 -0.0207323991
v  -0.00926779769 -0.0450283177 -0.0208024867
v  -0.00928696804 -0.044953987 -0.0262940712
v  -0.0453182608 -0.0112436302 -0.0328607
v  -0.0453492142 -0.0124802077 -0.0346218981
v  -0.0441991538 -0.016591154 -0.0338357612
v  -0.0460515879 0.00231316593 -0.0353493281
v  -0.0460815355 0.000758551701 -0.0373111404
v  -0.0463099815 -0.00372690987 -0.0363972262
v  -0.0442317687 0.0110809905 -0.0368311182
v  -0.0441672392 0.0122696217 -0.0345539749
v  -0.0426212512 0.0164565779 -0.035154067
v  -0.0426856987 0.0152213955 -0.0374659635
v  -0.0427125841 0.0134318052 -0.0395390578
v  -0.0442598835 0.00935850292 -0.0388814881
v  -0.0427031256 0.0113106407 -0.0412228815
v  -0.0426872633 0.00907134265 -0.0426017232
v  -0.0442394949 0.00517546898 -0.0419407152
v  -0.0407600366 0.0151375532 -0.0417937264
v  -0.0407418944 0.0128190946 -0.0431608222
v  -0.0384464972 0.01878234 -0.04227129
v  -0.0384264849 0.0164015591 -0.0436203852
v  -0.035785526 0.0222261231 -0.0426568948
v  -0.0357641168 0.0198015701 -0.0439827815
v  -0.00471805176 0.0453867353 -0.0341338329
v  -0.0295133479 0.0284351446 -0.0431575216
v  -0.0294908956 0.0259855613 -0.0444255434
v  -0.0327778943 0.0230019595 -0.0442503765
v  -0.0047540986 0.0432617478 -0.0398469158
v  -0.00475694938 0.0419216268 -0.0413314216
v  -0.00937266927 0.0409452915 -0.0415703133
v  -0.00878797192 -0.045159325 -0.0159814432
v  -0.00926078483 -0.0450438783 -0.0159816667
v  -0.00470442371 0.0457854755 -0.029184334
v  -0.00459817285 0.0457729548 -0.0159783307
v  -0.00470012054 0.0457601957 -0.0159784332
v  -0.00927325897 0.0450888313 -0.0290151201
v  -0.00691393763 0.0454831459 -0.0159806404
v  -0.0048080734 0.0457466841 -0.0159785412
v  -0.0142048299 0.0437151752 -0.0159836151
v  -0.0136576677 0.0438810214 -0.0159836356
v  -0.0136833275 0.0439536013 -0.0288205221
v  -0.0112243127 0.0446185805 -0.015983725
v  -0.00925540179 0.0450134985 -0.0159823168
v  -0.0195349902 0.0416516103 -0.0159801356
v  -0.0178783331 0.0423346981 -0.0159815233
v  -0.0179114528 0.0424031429 -0.028601611
v  -0.0154336225 0.0433427282 -0.0159835704
v  -0.0229751486 0.0397954956 -0.0159754846
v  -0.0219103564 0.0404302962 -0.0159770288
v  -0.0219344571 0.0404608101 -0.028359456
v  -0.0215875395 0.0406227522 -0.0159774963
v  -0.0257291608 0.0381499529 -0.0280951317
v  -0.0257010441 0.038124837 -0.015971601
v  -0.0253707469 0.0383673087 -0.0159720108
v  -0.0307387374 0.0341385081 -0.0159665514
v  -0.0292410348 0.0354763567 -0.0159674026
v  -0.0292723868 0.0354939364 -0.0278097056
v  -0.0289283171 0.0357556976 -0.0159675814
v  -0.0325409584 0.0325161107 -0.0275042523
v  -0.0325154103 0.0325151272 -0.0159657337
v  -0.0322487243 0.0327896848 -0.0159656927
v  -0.0337206461 0.031274315 -0.0159659199
v  -0.0355116986 0.0292398296 -0.027179841
v  -0.0354517736 0.029220216 -0.015967574
v  -0.0365714729 0.0278916229 -0.0159686431
v  -0.0381614268 0.0256884526 -0.0268375427
v  -0.0371785201 0.02701292 -0.0159698278
v  -0.0412526019 0.0203614756 -0.0159789864
v  -0.0403995886 0.0218931418 -0.0159768462
v  -0.040466968 0.0218853336 -0.0264784284
v  -0.0390859097 0.0242519714 -0.0159735493
v  -0.0380977988 0.0256822612 -0.0159716215
v  -0.0420185737 0.0187076982 -0.0159808304
v  -0.0424051397 0.0178538263 -0.0261035711
v  -0.0422487184 0.0182108022 -0.0159813836
v  -0.0439527705 0.0136172883 -0.0257140417
v  -0.0437952355 0.0140990969 -0.0159837715
v  -0.0423685573 0.0178921856 -0.0159815699
v  -0.0450399071 0.00926093105 -0.0159821976
v  -0.0449890271 0.00956329145 -0.0159824677
v  -0.0450866781 0.00919907354 -0.0253109112
v  -0.0449402444 0.00985318795 -0.0159827247
v  -0.0439117551 0.0136670209 -0.0159836654
v  -0.0457836874 0.00462253951 -0.0248952489
v  -0.0457510948 0.00469875056 -0.0159780569
v  -0.0456765406 0.00547770597 -0.0159788225
v  -0.0460206196 -8.89602961e-05 -0.0244681276
v  -0.0459621288 -9.61059072e-07 -0.0159755908
v  -0.0458777696 0.00337519962 -0.0159767587
v  -0.0459882878 -0.00104800554 -0.0159752294
v  -0.0457820296 -0.00479747821 -0.0240473114
v  -0.0457317531 -0.00469885673 -0.0159783047
v  -0.0449381918 -0.00986370537 -0.0159829762
v  -0.0450834036 -0.00936561171 -0.0236500055
v  -0.0443676524 -0.012179561 -0.0159840249
v  -0.0439479537 -0.0137708187 -0.0232764464
v  -0.0438845046 -0.0136581194 -0.0159837417
v  -0.0449887589 -0.00956325606 -0.0159827005
v  -0.0450394563 -0.00926199649 -0.0159824248
v  -0.0456775203 -0.00547063956 -0.0159789547
v  -0.0430038013 -0.0163532849 -0.0159832258
v  -0.0423988998 -0.0179905593 -0.0229268745
v  -0.0423371084 -0.017878551 -0.0159817636
v  -0.04198163 -0.018691808 -0.015980985
v  -0.0404594578 -0.0220022928 -0.0226015244
v  -0.0412425436 -0.020382693 -0.0159793645
v  -0.0378819257 -0.0260887295 -0.0159713272
v  -0.0381322689 -0.0257070288 -0.0159718748
v  -0.0381528437 -0.0257834774 -0.0223006327
v  -0.0390829891 -0.0242574364 -0.0159739498
v  -0.0404000878 -0.0218942538 -0.0159772523
v  -0.0371782966 -0.0270104092 -0.0159702674
v  -0.0355022773 -0.0293115731 -0.0220244378
v  -0.035474997 -0.029241547 -0.0159676988
v  -0.0325309746 -0.0325640403 -0.0217731763
v  -0.0325061418 -0.032507129 -0.0159660894
v  -0.0352019519 -0.0295992047 -0.0159672853
v  -0.0292621478 -0.0355183333 -0.0215470847
v  -0.030739082 -0.034138754 -0.0159667488
v  -0.0321944728 -0.0328433178 -0.0159659516
v  -0.0256848447 -0.038098447 -0.0159716457
v  -0.0270130374 -0.037226595 -0.0159698203
v  -0.0257190187 -0.0381519161 -0.0213464014
v  -0.0288624335 -0.0358091518 -0.015967777
v  -0.0292388853 -0.0354740731 -0.0159675702
v  -0.0233230647 -0.0396487676 -0.0159748923
v  -0.0219248012 -0.0404422469 -0.0211713631
v  -0.0229925066 -0.0398229212 -0.0159753207
v  -0.0179027151 -0.0423667841 -0.0210222062
v  -0.0194189101 -0.0417056605 -0.0159799587
v  -0.0218958557 -0.0404006876 -0.0159767438
v  -0.0136689171 -0.0439182892 -0.0159833562
v  -0.0142126419 -0.0437419824 -0.0159832705
v  -0.0136759747 -0.0439029895 -0.0208991691
v  -0.0153061626 -0.0433874018 -0.0159830991
v  -0.0178789478 -0.042335365 -0.015981134
v  -0.0130536342 -0.0441178009 -0.0159834512
v  -0.00480622379 -0.0457342491 -0.0159775317
v  -0.00469871378 -0.0457497723 -0.0159774255
v  -0.00443434948 -0.0457879454 -0.0159771666
v  -0.0047458387 0.0383733064 -0.0436681807
v  -0.00935254525 0.0370509289 -0.0439978428
v  -0.0138125205 0.037610352 -0.0431135409
v  -0.0137970271 0.0354087614 -0.0442492887
v  -0.0180561952 0.0334639773 -0.0444201492
v  -0.0180747453 0.0357691087 -0.0432518795
v  -0.0180886071 0.0378596857 -0.0418115184
v  -0.0138242058 0.0395844467 -0.0417305343
v  -0.0138158873 0.0412117653 -0.0400353819
v  -0.00936704222 0.042442847 -0.0399753228
v  -0.00934656616 0.043533925 -0.0381420031
v  -0.00474329432 0.0442574732 -0.0381412283
v  -0.0221276358 0.0336135738 -0.0433062054
v  -0.0221069567 0.0312337372 -0.0445080586
v  -0.0259262193 0.0287352093 -0.0445106477
v  -0.0180316698 0.0284526851 -0.0463025533
v  -0.0258985627 0.0236054659 -0.0464858636
v  -0.00933690555 0.0323617049 -0.0458248258
v  -0.0259481762 0.0311626233 -0.0432751961
v  -0.0259641912 0.0334007815 -0.0417335108
v  -0.0221429206 0.0357915983 -0.0418126993
v  -0.0221295189 0.0376012512 -0.0399496183
v  -0.0180776939 0.0395905524 -0.0400268808
v  -0.0180411004 0.040820919 -0.03798078
v  -0.0137868291 0.0423807576 -0.0380885452
v  -0.0327518545 0.0179328434 -0.0463370681
v  -0.0137195894 0.0435773544 -0.0337848179
v  -0.00929895137 0.0447017662 -0.0339763723
v  -0.0407274701 0.0034408567 -0.0475837924
v  -0.0384058133 0.0115476185 -0.0458184816
v  -0.0384050906 0.00666662119 -0.0479327068
v  -0.0327458605 0.0127350688 -0.0483234674
v  -0.0258893315 0.0182156358 -0.0483488962
v  -0.0180219095 0.023015799 -0.048061911
v  -0.0328001343 0.0254500173 -0.0429518633
v  -0.0328157991 0.0277333353 -0.0413317755
v  -0.0295294691 0.0307078306 -0.0415733941
v  -0.0295114573 0.032606557 -0.0395879745
v  -0.0259484202 0.0352659039 -0.0398033857
v  -0.0258997176 0.0365730599 -0.0376020037
v  -0.0220863912 0.0388773717 -0.0378186256
v  -0.022033276 0.0396583565 -0.0355857424
v  -0.0179958157 0.0415886901 -0.0358119681
v  -0.0179568566 0.0420369431 -0.0335595831
v  -0.0358002298 0.0244978927 -0.0410080999
v  -0.0327956863 0.0296452548 -0.0393031724
v  -0.0294580963 0.0339309387 -0.0373308361
v  -0.0258400403 0.0373607501 -0.0353176929
v  -0.021987645 0.0401039794 -0.0333010741
v  -0.0384598039 0.0210220926 -0.0406017974
v  -0.0357781686 0.0264040437 -0.0389487818
v  -0.0327385366 0.0309739653 -0.0370050445
v  -0.0293930545 0.0347192213 -0.0350079238
v  -0.0257888418 0.037801899 -0.0330096893
v  -0.0407715738 0.0173265338 -0.0401123054
v  -0.0384359583 0.022904966 -0.0385245867
v  -0.035718061 0.0277250893 -0.0366245508
v  -0.0326692723 0.0317571126 -0.0346565247
v  -0.029337341 0.0351541452 -0.0326858424
v  -0.0453905202 0.00512722041 -0.0381390378
v  -0.0453613773 0.00677089905 -0.036125645
v  -0.0452973768 0.00790552888 -0.0338987857
v  -0.0407461151 0.0191700701 -0.0380303822
v  -0.0406824015 0.0204434432 -0.0356991403
v  -0.0383736752 0.0242072642 -0.0361892767
v  -0.0382991023 0.0249645468 -0.0338292457
v  -0.0356456377 0.0284977742 -0.0342635997
v  -0.0355838016 0.0289153848 -0.0319423862
v  -0.032610029 0.0321841612 -0.0323299393
v  -0.0406066142 0.021180775 -0.0333535597
v  -0.0382355452 0.0253712609 -0.031523589
v  -0.0451600552 0.00891011767 -0.0295441002
v  -0.0440275185 0.0133212181 -0.0300838035
v  -0.0424805135 0.0175507367 -0.0305938907
v  -0.0405421518 0.0215752311 -0.031073954
v  -0.0384491086 -0.0327360444 -0.0397137403
v  -0.0383788459 -0.0294243116 -0.0345886685
v  -0.0407659858 -0.0301593505 -0.0401983708
v  -0.0407002121 -0.0262602754 -0.0351862349
v  -0.0427126363 -0.027366817 -0.0407675244
v  -0.0426526181 -0.0228657722 -0.0358556844
v  -0.0442659631 -0.0243635681 -0.0414287038
v  -0.0442127548 -0.0192531068 -0.0366005301
v  -0.0454028621 -0.0211547259 -0.0421893969
v  -0.045357313 -0.0154345883 -0.0374242812
v  -0.0461002328 -0.0177454147 -0.043057099
v  -0.046062991 -0.0114225214 -0.0383304544
v  -0.0463349782 -0.0141407549 -0.0440393053
v  -0.046306476 -0.0072292136 -0.0393225588
v  -0.0460917279 -0.0104692793 -0.0450102389
v  -0.0460721925 -0.00299197575 -0.0403035022
v  -0.0453860536 -0.00686381478 -0.0458435416
v  -0.0453755036 0.00114864053 -0.0411754325
v  -0.0442412533 -0.00333592691 -0.0465458259
v  -0.0426806249 0.000102818791 -0.0471237041
v  -0.0460606366 -0.00818652939 -0.0354751348
v  -0.0460297726 -0.00683605298 -0.0336504094
v  -0.0462794527 -0.00227016467 -0.0345019698
v  -0.0459886864 0.00338725187 -0.033188425
v  -0.045855023 0.00434087729 -0.028975185
v  -0.0383516215 -0.0276597161 -0.0318623483
v  -0.0406769142 -0.0241976976 -0.0324577466
v  -0.042633906 -0.0205025822 -0.0331149623
v  -0.0327224582 -0.0350117572 -0.033595141
v  -0.0327970795 -0.0372214355 -0.03896809
v  -0.0294340551 -0.0374105498 -0.033192154
v  -0.0295081269 -0.0391198844 -0.0386920832
v  -0.0258699208 -0.0395296514 -0.0328470059
v  -0.0220533628 -0.0413567498 -0.0325561799
v  -0.0180076901 -0.0428795405 -0.0323161632
v  -0.0179784577 -0.0425965004 -0.0294896923
v  -0.0220212135 -0.0408856645 -0.0297511052
v  -0.0258363392 -0.0388409905 -0.0300637837
v  -0.0294003859 -0.0364792719 -0.0304294899
v  -0.0326899104 -0.0338172913 -0.0308499783
v  -0.01375621 -0.0440857187 -0.0321234502
v  -0.0137065854 -0.0438766554 -0.0264369361
v  -0.0179457441 -0.0424039587 -0.0266201701
v  -0.00935800839 -0.0449647605 -0.0379804261
v  -0.0047290572 -0.0454990119 -0.0318658762
v  -0.0326295607 -0.0329644531 -0.0277818032
v  -0.0325648487 -0.0326598622 -0.0247368496
v  -0.0356152542 -0.0298186149 -0.0281856358
v  -0.0355411805 -0.0294360723 -0.0250599422
v  -0.0382800214 -0.0263988767 -0.0286373366
v  -0.0381967165 -0.0259363819 -0.0254194438
v  -0.0406004563 -0.0227254871 -0.0291381571
v  -0.0405081771 -0.022182554 -0.0258160066
v  -0.042553138 -0.0188186858 -0.0296893492
v  -0.0424522758 -0.01819635 -0.0262502804
v  -0.0441146642 -0.0146987187 -0.0302921589
v  -0.0440057218 -0.0139995366 -0.0267229136
v  -0.0452616177 -0.010385829 -0.030947838
v  -0.0451452322 -0.0096138753 -0.0272345543
v  -0.0459705926 -0.00590026053 -0.0316576399
v  -0.0458475202 -0.00506112911 -0.0277858563
v  -0.0462181754 -0.00126225664 -0.0324228071
v  -0.0460893027 -0.000363061379 -0.0283774696
v  -0.0293463506 -0.0358161516 -0.0274245907
v  -0.0219810307 -0.0405561477 -0.026845023
v  -0.0257890373 -0.0383534655 -0.0271127466
v  -0.0460092686 -0.0279370267 -0.06922701
v  -0.0460944176 -0.0292057451 -0.0802693143
v  -0.0458531417 -0.0308456048 -0.0813394114
v  -0.0449760444 -0.0130000003 -0.137617156
v  -0.0448974036 -0.0130000003 -0.137913063
v  -0.0439572819 -0.0247954875 -0.141981006
v  -0.043807257 -0.0130000003 -0.142014936
v  -0.0432956107 -0.0130000003 -0.143940091
v  -0.0440126136 -0.0322965011 -0.0603320859
v  -0.0451499335 -0.0304194968 -0.0606655553
v  -0.045089189 -0.030915847 -0.0638603047
v  -0.0458499119 -0.0284448732 -0.0610383339
v  -0.0457874984 -0.0290753692 -0.0640715882
v  -0.0460893176 -0.0263783429 -0.0614524595
v  -0.0460257158 -0.0271655899 -0.0643019304
v  -0.0424611866 -0.0340701714 -0.0600358993
v  -0.0439389162 -0.0330710411 -0.069661051
v  -0.045073539 -0.031411197 -0.0695245489
v  -0.0457713865 -0.029696716 -0.0693797767
v  -0.0422493815 -0.0130000003 -0.146211699
v  -0.0424067602 -0.0256190449 -0.146156937
v  -0.0418779999 -0.0130000003 -0.147018075
v  -0.0403824858 -0.0130000003 -0.150265187
v  -0.0404658653 -0.0264131874 -0.150128782
v  -0.040006917 -0.0130000003 -0.151080638
v  -0.040617086 -0.0387071818 -0.130990535
v  -0.0406211354 -0.0375054255 -0.137902528
v  -0.0406066924 -0.0358836465 -0.142657071
v  -0.0382952988 -0.0400953852 -0.134138301
v  -0.0382984616 -0.0388069525 -0.141355693
v  -0.0382846743 -0.0370813645 -0.146288291
v  -0.0382552929 -0.0352359898 -0.149534717
v  -0.0380000584 -0.0130000003 -0.153990448
v  -0.0381578468 -0.0271692518 -0.153874114
v  -0.0370820053 -0.0130000003 -0.155321553
v  -0.0354951061 -0.0130000003 -0.157622442
v  -0.0354898758 -0.0130000003 -0.157627761
v  -0.0355059505 -0.0278785769 -0.157370508
v  -0.0323953815 -0.0130000003 -0.160772383
v  -0.0325224772 -0.0224353671 -0.160811603
v  -0.0356290974 -0.0414093621 -0.137088358
v  -0.035631422 -0.0400383919 -0.144594014
v  -0.0356184207 -0.0382122174 -0.149694219
v  -0.0355914719 -0.0362659581 -0.153017789
v  -0.0355579592 -0.0342378914 -0.15520972
v  -0.0459288433 -0.0324282534 -0.0999616534
v  -0.0452573411 -0.0345009789 -0.112588704
v  -0.045222804 -0.034065742 -0.102444947
v  -0.0441111848 -0.0360968672 -0.115687124
v  -0.0440790169 -0.035673134 -0.104845457
v  -0.0425504521 -0.0376526192 -0.118667275
v  -0.042520836 -0.0372381434 -0.107149929
v  -0.0405985378 -0.0391557291 -0.121511392
v  -0.0405716076 -0.0387484878 -0.109345101
v  -0.038278833 -0.0405937061 -0.124201722
v  -0.0382546894 -0.0401918851 -0.111417741
v  -0.0356147364 -0.041954048 -0.126720503
v  -0.0355934314 -0.0415560529 -0.113354586
v  -0.0326296389 -0.0432242565 -0.129049987
v  -0.0326111838 -0.0428287014 -0.115142383
v  -0.0451513045 -0.0324610956 -0.0823668018
v  -0.0440121777 -0.0340409763 -0.0833477303
v  -0.0424590372 -0.0355740041 -0.0842784792
v  -0.0405151583 -0.0370489396 -0.0851552933
v  -0.0382038131 -0.0384545401 -0.0859744474
v  -0.0355482772 -0.0397795588 -0.0867321864
v  -0.0325718187 -0.0410127603 -0.0874247774
v  -0.0326419137 -0.0426367894 -0.139820039
v  -0.0326434597 -0.0411878489 -0.147595286
v  -0.0326313749 -0.0392647162 -0.152852178
v  -0.0326070301 -0.0372195356 -0.156245887
v  -0.0325773247 -0.035100434 -0.158449635
v  -0.0325522907 -0.0324435085 -0.159867346
v  -0.0423907302 -0.0346668176 -0.0697890297
v  -0.0404521823 -0.0361891091 -0.0699082017
v  -0.0382089354 -0.0372846425 -0.0595472567
v  -0.0325263701 -0.0402207635 -0.0702102929
v  -0.0325790271 -0.0400171876 -0.0591833927
v  -0.0354968011 -0.038975507 -0.0701191053
v  -0.0381464697 -0.0376284793 -0.0700183213
v  -0.0383352153 -0.0369033813 -0.0541149378
v  -0.0384266302 -0.0362859294 -0.0497229882
v  -0.0406515189 -0.0352168418 -0.0544307716
v  -0.040744897 -0.0344311334 -0.0500849038
v  -0.0425990336 -0.0333872065 -0.0548035875
v  -0.0426933393 -0.032409098 -0.0505193882
v  -0.0441545211 -0.0314175226 -0.0552382357
v  -0.0442487895 -0.0302214567 -0.0510334224
v  -0.0452947542 -0.0293108411 -0.0557395555
v  -0.0453880802 -0.0278698411 -0.0516339764
v  -0.0459964909 -0.0270702094 -0.0563123934
v  -0.0460880473 -0.0253558848 -0.0523280352
v  -0.0462365076 -0.0246986784 -0.0569615923
v  -0.0463255271 -0.0226812176 -0.0531225652
v  -0.0384695902 -0.035366755 -0.0459456816
v  -0.04078741 -0.0333042778 -0.0463412739
v  -0.0427348129 -0.0310545154 -0.0468185768
v  -0.0442886986 -0.0286190491 -0.0473857895
v  -0.0454259664 -0.0259994585 -0.0480510965
v  -0.0461235195 -0.0231973287 -0.0488226973
v  -0.0463582575 -0.0202142335 -0.0497087725
v  -0.0357617028 -0.0379718542 -0.0494266748
v  -0.0358044505 -0.0372403674 -0.0456236154
v  -0.038473025 -0.0341629088 -0.0426363572
v  -0.0407899991 -0.0318565853 -0.0430706441
v  -0.0427364446 -0.0293468516 -0.0435903631
v  -0.0442892872 -0.0266365167 -0.0442038737
v  -0.045425456 -0.023728393 -0.0449195355
v  -0.0461218804 -0.0206252877 -0.045745708
v  -0.0463554896 -0.0173300132 -0.0466907509
v  -0.0307071451 -0.0130000003 -0.162487969
v  -0.0298177991 -0.0130000003 -0.163391724
v  -0.0292547625 -0.0228249859 -0.163774401
v  -0.0292190891 -0.0130000003 -0.163817361
v  -0.02561545 -0.0130000003 -0.166379243
v  -0.0257982817 -0.044782728 -0.144545332
v  -0.0257900096 -0.0454442725 -0.133069962
v  -0.0293571632 -0.0437653512 -0.142312586
v  -0.0293580238 -0.0422434248 -0.150337264
v  -0.0293469857 -0.0402273685 -0.155739501
v  -0.0293253846 -0.0380855203 -0.159196436
v  -0.0292995702 -0.035877604 -0.161405519
v  -0.0292786788 -0.0331398435 -0.162803143
v  -0.029263502 -0.0291223545 -0.163526744
v  -0.0257985555 -0.0431932136 -0.152797744
v  -0.0257886928 -0.0410886891 -0.15833354
v  -0.0257699676 -0.0388527066 -0.161846846
v  -0.0257480778 -0.036558494 -0.16405496
v  -0.0257311705 -0.0337476395 -0.165426418
v  -0.0257194471 -0.0296394825 -0.166141719
v  -0.0257127546 -0.0231688488 -0.166417256
v  -0.0231998656 -0.0130000003 -0.168096542
v  -0.0219196584 -0.0234612506 -0.168717086
v  -0.0229917765 -0.0130000003 -0.168194756
v  -0.0218730718 -0.0130000003 -0.168722749
v  -0.0257771444 -0.0450503193 -0.118217848
v  -0.0257492512 -0.0431587398 -0.0885995701
v  -0.025716057 -0.0423682481 -0.0703628212
v  -0.0258467514 -0.0421576016 -0.0533245467
v  -0.015835952 -0.0130000003 -0.171572134
v  -0.014185681 -0.0130000003 -0.17201522
v  -0.0136730187 -0.0238688476 -0.17219536
v  -0.0136344796 -0.0130000003 -0.172163218
v  -0.00923978165 -0.0130000003 -0.173343137
v  -0.0178367831 -0.0130000003 -0.170627788
v  -0.0178986788 -0.0236964859 -0.17065081
v  -0.0179019049 -0.0304209068 -0.170333236
v  -0.0179174021 -0.0375877582 -0.16834487
v  -0.017931506 -0.04004585 -0.166156977
v  -0.0179441925 -0.0424613729 -0.162551031
v  -0.00926676393 -0.030807469 -0.17299062
v  -0.00926849712 -0.0350896455 -0.17234768
v  -0.0136784296 -0.0349378996 -0.171197817
v  -0.0179513041 -0.0447278507 -0.156785339
v  -0.0137048755 -0.0429497547 -0.164129153
v  -0.009279049 -0.0407093205 -0.168995664
v  -0.00470290193 -0.0381366536 -0.171921104
v  -0.0179077294 -0.0346568562 -0.169646099
v  -0.0136749102 -0.0306678768 -0.171864912
v  -0.00926588289 -0.0239726268 -0.17332767
v  -0.0079517616 -0.0130000003 -0.173688963
v  -0.00470124884 -0.0351019092 -0.173073336
v  -0.00470071193 -0.0308310222 -0.173687935
v  -0.00471131364 -0.04593895 -0.160100013
v  -0.00471094996 -0.0485420637 -0.138563797
v  -0.0047117481 -0.047770679 -0.151087046
v  -0.0047094496 -0.0481429957 -0.12237066
v  -0.00470593804 -0.0461299233 -0.0901347324
v  -0.00928926561 -0.045696564 -0.159380317
v  -0.0092899669 -0.0467016064 -0.155332997
v  -0.00471171457 -0.0469642952 -0.156007186
v  -0.0092899166 -0.0474940091 -0.150463998
v  -0.00928804465 -0.0482527576 -0.138056755
v  -0.00928473286 -0.0478548929 -0.1219972
v  -0.00927715003 -0.0458542258 -0.0900028646
v  -0.0136903608 -0.0454080179 -0.089779675
v  -0.013702496 -0.0473892912 -0.121381931
v  -0.013707892 -0.0477858298 -0.137236103
v  -0.0137110809 -0.0470445603 -0.149477586
v  -0.0137113193 -0.0462697968 -0.154278517
v  -0.0137104103 -0.0452888981 -0.15826802
v  -0.0219244976 -0.0300752204 -0.16841802
v  -0.0219330825 -0.0342567079 -0.167714864
v  -0.0219462272 -0.0371321812 -0.166375548
v  -0.021964198 -0.039509885 -0.164174557
v  -0.0219799485 -0.0418371856 -0.1606116
v  -0.0219884999 -0.0440253243 -0.154954508
v  -0.021988688 -0.0456766002 -0.146497563
v  -0.0179518126 -0.0464346483 -0.148148537
v  -0.0219822675 -0.046369087 -0.134724945
v  -0.0179470964 -0.0471537709 -0.136119574
v  -0.0219720546 -0.0459747203 -0.119479008
v  -0.0179393869 -0.0467584729 -0.120538123
v  -0.0219496861 -0.044049032 -0.0890742913
v  -0.0179222971 -0.0448025391 -0.0894689038
v  -0.0219225734 -0.0432516262 -0.0704236329
v  -0.0179011431 -0.0439955257 -0.0704737827
v  -0.0179938413 -0.0438468605 -0.0531452931
v  -0.0137465345 -0.0444463529 -0.0530926958
v  -0.0295245983 -0.0404146761 -0.0451672859
v  -0.0294058882 -0.0410739332 -0.0534608923
v  -0.032819774 -0.0381540917 -0.0419906341
v  -0.0357851051 -0.0350917801 -0.0393061452
v  -0.0357118249 -0.0323455743 -0.0340594761
v  -0.0356814712 -0.0308718421 -0.0313270129
v  -0.0221326463 -0.0428145602 -0.0449067503
v  -0.0180773791 -0.0437201373 -0.0448294245
v  -0.0180667266 -0.0433767699 -0.0381613858
v  -0.0138050793 -0.0442991741 -0.0380586199
v  -0.00932222977 -0.0449629799 -0.0319745243
v  -0.00471030269 -0.0456157215 -0.0261903256
v  -0.00470119435 -0.0452960692 -0.0705576167
v  -0.0326891653 -0.0398349762 -0.053634841
v  -0.0327732787 -0.0394872762 -0.049188979
v  -0.0328150839 -0.0389235355 -0.0453668796
v  -0.035808593 -0.0362630151 -0.0422791392
v  -0.00468579633 -0.0130000003 -0.0827814043
v  -0.00479410263 -0.0130000003 -0.082790792
v  -0.00799269415 -0.0130000003 -0.0830682144
v  -0.00926796068 -0.0134879537 -0.0831956342
v  -0.00924195629 -0.0130000003 -0.083399795
v  -0.0136401271 -0.0130000003 -0.0845671594
v  -0.0047084149 -0.014141961 -0.0821170062
v  -0.00471970439 -0.0146898264 -0.0814288408
v  -0.00473158713 -0.0151258036 -0.080503054
v  -0.00474783871 -0.0156040359 -0.0782987922
v  -0.0141916508 -0.0130000003 -0.0847135484
v  -0.0155512961 -0.0130000003 -0.0850744247
v  -0.0137076341 -0.0146417832 -0.0839611441
v  -0.0137233194 -0.0149793038 -0.0835829824
v  -0.00929065701 -0.0144779375 -0.082679376
v  -0.0093018366 -0.0147744697 -0.0822987854
v  -0.00932417624 -0.0152687524 -0.0813479647
v  -0.00474717002 -0.0154997744 -0.0760156065
v  -0.00473343115 -0.014871506 -0.0738309026
v  -0.00471769972 -0.0138573553 -0.071800217
v  -0.0178365521 -0.0130000003 -0.0861260444
v  -0.0218906086 -0.0130000003 -0.0879916325
v  -0.0226927772 -0.0130000003 -0.0883607715
v  -0.022983795 -0.0130000003 -0.0885613412
v  -0.00935499836 -0.0158202667 -0.0790113807
v  -0.0137547553 -0.0155381057 -0.0826069936
v  -0.0179610737 -0.0152962608 -0.0852591097
v  -0.0219693147 -0.0152825825 -0.0876806229
v  -0.00935390498 -0.0157314334 -0.0764990896
v  -0.0137985302 -0.0161729231 -0.0801358148
v  -0.0180003121 -0.0159254782 -0.0842577443
v  -0.0219920222 -0.0157172699 -0.0873048231
v  -0.0257677883 -0.0157441683 -0.0900736973
v  -0.0292895921 -0.0156557597 -0.0929828882
v  -0.0306807458 -0.0130000003 -0.0942912698
v  -0.00932805426 -0.0150564034 -0.074025616
v  -0.0137972357 -0.0161189158 -0.0773556158
v  -0.0180554856 -0.0166534781 -0.0816494301
v  -0.0220378339 -0.0164224822 -0.0862777755
v  -0.0257930867 -0.0162342638 -0.0896977782
v  -0.0293138679 -0.0162896309 -0.0927925706
v  -0.0325588621 -0.0161976647 -0.0959973112
v  -0.0323975049 -0.0130000003 -0.0959795713
v  -0.022048641 -0.0165735316 -0.0760819465
v  -0.0219872463 -0.0153746763 -0.072214298
v  -0.0179562923 -0.0147645455 -0.0719625205
v  -0.0257417019 -0.0149390148 -0.07010106
v  -0.0179206859 -0.0135322446 -0.0699056983
v  -0.0325559974 -0.0168739576 -0.0704736561
v  -0.0257887095 -0.0161233433 -0.0725586638
v  -0.0258575995 -0.017367892 -0.0772139132
v  -0.0294125341 -0.0182904974 -0.0785470381
v  -0.0293375589 -0.0170013476 -0.0729918629
v  -0.0179028194 -0.0122323623 -0.0682097748
v  -0.0092983963 -0.0139966859 -0.0717517287
v  -0.0137189673 -0.0143021485 -0.071807079
v  -0.0137608256 -0.0154081387 -0.0744745359
v  -0.0180087015 -0.0159170646 -0.0751644075
v  -0.0180541947 -0.0166528784 -0.078564465
v  -0.0221018102 -0.0173239745 -0.0801049247
v  -0.0221029166 -0.0172534138 -0.0835295469
v  -0.0259178728 -0.0179642048 -0.085753493
v  -0.0258443113 -0.0170207303 -0.0886446908
v  -0.0293967295 -0.0177118387 -0.0913360566
v  -0.0293411911 -0.0168391708 -0.0924156383
v  -0.0326132551 -0.0175239239 -0.0954360589
v  -0.00927300565 -0.00810078997 -0.0652092993
v  -0.00926829968 -0.01129911 -0.0682256892
v  -0.0180086289 -0.000574664853 -0.0587027818
v  -0.0355299525 -0.0168034006 -0.0992957503
v  -0.0381797142 -0.0174658727 -0.102855779
v  -0.0382369533 -0.0191006865 -0.10229525
v  -0.0355862007 -0.0182804521 -0.0987367108
v  -0.0350069776 -0.0130000003 -0.0985457823
v  -0.0354414843 -0.0130000003 -0.0991565511
v  -0.0370672531 -0.0130000003 -0.10144183
v  -0.0405424312 -0.0199765582 -0.106089331
v  -0.0380045734 -0.0130000003 -0.102759376
v  -0.0418742485 -0.0130000003 -0.109735422
v  -0.0326720774 -0.0184874199 -0.0943294689
v  -0.0406055823 -0.0212371275 -0.104897797
v  -0.038178198 -0.019264143 -0.0710132793
v  -0.0326106697 -0.0179994907 -0.0735101476
v  -0.0326904021 -0.0193316974 -0.0800680444
v  -0.0327589177 -0.020066604 -0.0865087882
v  -0.0327585675 -0.0196842626 -0.0911421627
v  -0.0357394777 -0.0211927742 -0.0891685188
v  -0.0356681608 -0.0204818454 -0.0817636922
v  -0.0355849266 -0.0191085711 -0.0741097629
v  -0.0422533676 -0.0130000003 -0.110537991
v  -0.0431919098 -0.0130000003 -0.112524822
v  -0.0437876433 -0.0130000003 -0.114740722
v  -0.0448895432 -0.0130000003 -0.118839353
v  -0.045102533 -0.0205412582 -0.119263113
v  -0.0449690297 -0.0130000003 -0.119135007
v  -0.0453113317 -0.0130000003 -0.120408252
v  -0.0384073779 -0.0222160704 -0.0951659828
v  -0.0383939818 -0.021745475 -0.0976340473
v  -0.0407023355 -0.0228827056 -0.101237006
v  -0.0406629182 -0.0221452378 -0.1032895
v  -0.0426003747 -0.0232561622 -0.107208833
v  -0.0425425321 -0.0222667307 -0.108875208
v  -0.0440873504 -0.0233388729 -0.113042578
v  -0.0440252535 -0.0218629371 -0.114294775
v  -0.0451564454 -0.0228573047 -0.118661463
v  -0.0383958519 -0.0224093478 -0.092056267
v  -0.0407164358 -0.0234394111 -0.0985769033
v  -0.0426405221 -0.0240796581 -0.10504774
v  -0.0441451073 -0.0244134571 -0.111316741
v  -0.0452170298 -0.0244451687 -0.11737749
v  -0.0458500534 -0.0238750316 -0.12317434
v  -0.0460341461 -0.0222349446 -0.128453076
v  -0.0455928408 -0.0130000003 -0.133060709
v  -0.0460829958 -0.024908049 -0.127811074
v  -0.0461389087 -0.0267266743 -0.126460269
v  -0.0459085517 -0.0255772322 -0.121857524
v  -0.045964513 -0.0268335659 -0.120007962
v  -0.0452741422 -0.025608724 -0.115590647
v  -0.0453145988 -0.0266186316 -0.113201849
v  -0.0441855937 -0.0253278073 -0.109043583
v  -0.0442007482 -0.0260741133 -0.105977468
v  -0.0426552109 -0.0247283857 -0.10218814
v  -0.0426441617 -0.0250763223 -0.0984329656
v  -0.0407050699 -0.02370698 -0.0951513201
v  -0.0383227654 -0.0217312928 -0.0836207047
v  -0.045304209 -0.0130000003 -0.136382386
v  -0.0382371992 -0.0203193948 -0.0747869611
v  -0.040631175 -0.0230703931 -0.0856258199
v  -0.0426130816 -0.0250012614 -0.0936378688
v  -0.0441901609 -0.0265080314 -0.101880476
v  -0.0453300998 -0.027467709 -0.10992267
v  -0.0460045934 -0.0279436074 -0.117499866
v  -0.0461932495 -0.0280795842 -0.124546111
v  -0.0458928198 -0.0278811678 -0.131060809
v  -0.0451364405 -0.0269767307 -0.136940733
v  -0.0439958461 -0.0279903393 -0.141282514
v  -0.0451859385 -0.0290267002 -0.135534197
v  -0.0459451154 -0.0293325502 -0.129084915
v  -0.0462326258 -0.0292942151 -0.121914968
v  -0.0460203178 -0.0289002974 -0.114001513
v  -0.0453200974 -0.0279927589 -0.105473153
v  -0.0441595241 -0.0264841355 -0.0965790823
v  -0.0425703451 -0.024489494 -0.0877657831
v  -0.0405443721 -0.0216227584 -0.0755379945
v  -0.0404965878 -0.0299251489 -0.149408281
v  -0.0424414538 -0.0289765429 -0.145445809
v  -0.0424833111 -0.0312472153 -0.144009948
v  -0.0440416411 -0.0301523544 -0.139858052
v  -0.0440887399 -0.031799823 -0.137781411
v  -0.0452358052 -0.0305763632 -0.133504212
v  -0.0452728644 -0.0320041999 -0.130638346
v  -0.0459834784 -0.0306539163 -0.126332626
v  -0.0459992774 -0.0318364538 -0.122385845
v  -0.0462484471 -0.0303629935 -0.118191764
v  -0.0462399088 -0.0310838893 -0.113011092
v  -0.0460110046 -0.0295211598 -0.109190263
v  -0.0459821671 -0.0296125542 -0.10283196
v  -0.0452902243 -0.0280244518 -0.0996496975
v  -0.045248799 -0.0275291093 -0.0923971906
v  -0.0441172346 -0.0259789489 -0.0900273249
v  -0.0440309197 -0.0244703162 -0.0772465393
v  -0.0424833186 -0.0230094641 -0.0763591006
v  -0.0381845608 -0.0308259726 -0.153147578
v  -0.0405343324 -0.032300368 -0.147967458
v  -0.0425273515 -0.0329917148 -0.141893953
v  -0.0441242345 -0.0333335772 -0.134809434
v  -0.0452885143 -0.0332993269 -0.126476184
v  -0.0459915809 -0.032658454 -0.116836704
v  -0.0462123603 -0.0312387832 -0.106108084
v  -0.0459419936 -0.0291303266 -0.0948621035
v  -0.0451640524 -0.0259961113 -0.0781965554
v  -0.0440205745 -0.0202735662 -0.0624960177
v  -0.042471502 -0.0183614455 -0.0627323091
v  -0.0441626757 -0.0176065993 -0.0585576147
v  -0.0453822203 -0.0172613915 -0.0545486733
v  -0.0453002974 -0.0199175607 -0.0581271537
v  -0.0451553501 -0.0222525727 -0.0622052625
v  -0.045090884 -0.0233787969 -0.0647275373
v  -0.00933688041 0.00854143593 -0.0544501245
v  -0.0180323329 0.00534384698 -0.0552311987
v  -0.0259004757 0.00162421365 -0.0557772778
v  -0.0327554196 -0.00255679572 -0.0560352094
v  -0.0258639157 -0.00363061973 -0.0591634177
v  -0.0179441255 -0.00645951554 -0.0628985539
v  -0.017911382 -0.00941779278 -0.0653534383
v  -0.0180315394 0.0113162026 -0.0523654222
v  -0.0259028785 0.00707749138 -0.0528744757
v  -0.0327626951 0.00234460575 -0.0530846976
v  -0.0384245701 -0.00281673227 -0.0529346652
v  -0.046114821 -0.0171632525 -0.0505803563
v  -0.046085082 -0.0199477598 -0.0539015345
v  -0.0459992997 -0.0222841408 -0.0575967021
v  -0.04585265 -0.0242902413 -0.0618580654
v  -0.0457883589 -0.0252464861 -0.0645282716
v  -0.0457717068 -0.0261806194 -0.0690758303
v  -0.0458595902 -0.0275776535 -0.0792054012
v  -0.0461737812 -0.0307729524 -0.0974088162
v  -0.0459655337 -0.0328774527 -0.109389775
v  -0.0452817045 -0.0342203863 -0.120568164
v  -0.0441396087 -0.0347397141 -0.130440563
v  -0.0425610282 -0.0346305557 -0.138823226
v  -0.040575061 -0.0341408402 -0.145819247
v  -0.0382180884 -0.033300899 -0.151708186
v  -0.0355286896 -0.0316688195 -0.156641379
v  -0.0325334184 -0.0285324976 -0.160595521
v  -0.0325282887 -0.0158297364 -0.0683455542
v  -0.0381481163 -0.0183502194 -0.0684929267
v  -0.0325421989 -0.0137329707 -0.0653857291
v  -0.0381636135 -0.0165938288 -0.0652649924
v  -0.0325955302 -0.0115463473 -0.0631722659
v  -0.0382231176 -0.0147707667 -0.0630493835
v  -0.0383497365 -0.0110840248 -0.0592957623
v  -0.0426095948 -0.0153589156 -0.0588927567
v  -0.0426821783 -0.0120602669 -0.0554740541
v  -0.044240173 -0.0146297002 -0.0550706349
v  -0.0442634225 -0.0112183187 -0.0518997684
v  -0.0454087742 -0.0141618745 -0.051308129
v  -0.0454038344 -0.010654767 -0.0484109223
v  -0.046110943 -0.013964395 -0.0476231501
v  -0.0442574956 -0.00741070509 -0.0490617268
v  -0.0426952541 -0.00424178224 -0.0495832227
v  -0.0427020714 -0.00834080018 -0.0523629524
v  -0.038411282 -0.0071385121 -0.0559518486
v  -0.0327060632 -0.00715416623 -0.0593735315
v  -0.0257740878 -0.00875399448 -0.0631167293
v  -0.025729619 -0.0113180727 -0.0654137284
v  -0.0257180035 -0.0137665104 -0.0682504475
v  -0.00932999793 0.0270430334 -0.0475154258
v  -0.0180244297 0.0172556862 -0.0500191674
v  -0.0258943439 0.0126576759 -0.0504256226
v  -0.0327538773 0.00749103213 -0.0505293012
v  -0.0384163931 0.00183234829 -0.0502689257
v  -0.0407404453 -0.00115757319 -0.0499830693
v  -0.0247932449 0.0365673006 -0.0153750004
v  -0.0227000006 0.039317552 -0.0153750004
v  -0.0303785298 0.0337387733 -0.0153750004
v  -0.0439210162 0.00477669807 -0.0153750004
v  -0.0444079004 0.00943919085 -0.0153750004
v  -0.0454000011 -1.26010312e-17 -0.0153750004
v  -0.0378559493 0.0227771699 -0.0153750004
v  -0.036729373 0.0266854502 -0.0153750004
v  -0.0414749645 0.0184658431 -0.0153750004
v  0.0414749645 0.0184658431 -0.0153750004
v  0.036729373 0.0266854502 -0.0153750004
v  0.0378559493 0.0227771699 -0.0153750004
v  -0.0431470945 0.00949739385 -0.0153750004
v  -0.0418673158 0.0141067412 -0.0153750004
v  -0.0400966816 0.0185506996 -0.0153750004
v  0.0400966816 0.0185506996 -0.0153750004
v  0.0418673158 0.0141067412 -0.0153750004
v  0.0444079004 0.00943919085 -0.0153750004
v  0.0320744812 -0.0303825624 -0.0153750004
v  0.0303785298 -0.0337387733 -0.0153750004
v  0.036729373 -0.0266854502 -0.0153750004
v  0.0286015254 -0.0336723179 -0.0153750004
v  0.0247932449 -0.0365673006 -0.0153750004
v  0.0227000006 -0.039317552 -0.0153750004
v  0.0303785298 0.0337387733 -0.0153750004
v  0.0227000006 0.039317552 -0.0153750004
v  0.0247932449 0.0365673006 -0.0153750004
v  0.0286015254 0.0336723179 -0.0153750004
v  0.0320744812 0.0303825624 -0.0153750004
v  0.0351713933 0.0267365966 -0.0153750004
v  0.0418673158 -0.0141067412 -0.0153750004
v  0.0414749645 -0.0184658431 -0.0153750004
v  0.0444079004 -0.00943919085 -0.0153750004
v  -0.0351713933 0.0267365966 -0.0153750004
v  -0.0320744812 0.0303825624 -0.0153750004
v  -0.0286015254 0.0336723179 -0.0153750004
v  -0.0206942856 0.0390335619 -0.0153750004
v  -0.0163527038 0.04104219 -0.0153750004
v  -0.0140293716 0.043177966 -0.0153750004
v  -0.0118194018 0.0425696373 -0.0153750004
v  -0.00474559236 0.0451512933 -0.0153750004
v  0.0140293716 0.043177966 -0.0153750004
v  0.0163527038 0.04104219 -0.0153750004
v  0.0206942856 0.0390335619 -0.0153750004
v  0.0431470945 0.00949739385 -0.0153750004
v  0.0439210162 0.00477669807 -0.0153750004
v  0.0454000011 1.11197931e-17 -0.0153750004
v  0.0400966816 -0.0185506996 -0.0153750004
v  0.0378559493 -0.0227771699 -0.0153750004
v  0.0351713933 -0.0267365966 -0.0153750004
v  -0.00474559236 -0.0451512933 -0.0153750004
v  0.00474559236 -0.0451512933 -0.0153750004
v  0.0023918571 -0.0441152044 -0.0153750004
v  0.0441799983 -5.41048954e-18 -0.0153750004
v  0.0439210162 -0.00477669807 -0.0153750004
v  0.0431470945 -0.00949739385 -0.0153750004
v  0.0206942856 -0.0390335619 -0.0153750004
v  0.0163527038 -0.04104219 -0.0153750004
v  0.0140293716 -0.043177966 -0.0153750004
v  0.0118194018 -0.0425696373 -0.0153750004
v  0.0071475287 -0.0435979962 -0.0153750004
v  -0.0227000006 -0.039317552 -0.0153750004
v  -0.0140293716 -0.043177966 -0.0153750004
v  -0.0163527038 -0.04104219 -0.0153750004
v  -0.0071475287 0.0435979962 -0.0153750004
v  -0.0023918571 0.0441152044 -0.0153750004
v  0.00474559236 0.0451512933 -0.0153750004
v  -0.0023918571 -0.0441152044 -0.0153750004
v  -0.0071475287 -0.0435979962 -0.0153750004
v  -0.0118194018 -0.0425696373 -0.0153750004
v  0.0023918571 0.0441152044 -0.0153750004
v  0.0071475287 0.0435979962 -0.0153750004
v  0.0118194018 0.0425696373 -0.0153750004
v  -0.0206942856 -0.0390335619 -0.0153750004
v  -0.0247932449 -0.0365673006 -0.0153750004
v  -0.0303785298 -0.0337387733 -0.0153750004
v  -0.0414749645 -0.0184658431 -0.0153750004
v  -0.036729373 -0.0266854502 -0.0153750004
v  -0.0378559493 -0.0227771699 -0.0153750004
v  -0.0286015254 -0.0336723179 -0.0153750004
v  -0.0320744812 -0.0303825624 -0.0153750004
v  -0.0351713933 -0.0267365966 -0.0153750004
v  -0.0444079004 -0.00943919085 -0.0153750004
v  -0.0439210162 -0.00477669807 -0.0153750004
v  -0.0441799983 1.08209791e-17 -0.0153750004
v  -0.0400966816 -0.0185506996 -0.0153750004
v  -0.0418673158 -0.0141067412 -0.0153750004
v  -0.0431470945 -0.00949739385 -0.0153750004
v  0.0416777879 -0.0140428813 -0.00237499992
v  0.0437221862 -0.00475507462 -0.00237499992
v  0.0410199985 -1.50705028e-17 -0.00237499992
v  0.0437221862 0.00475507462 -0.00237499992
v  0.0399915427 0.00912780873 -0.00237499992
v  0.0416777879 0.0140428813 -0.00237499992
v  0.0369577445 0.0177979115 -0.00237499992
v  0.0376845784 0.0226740595 -0.00237499992
v  0.0320707262 0.0255755521 -0.00237499992
v  0.0319292806 0.0302450228 -0.00237499992
v  0.0255755521 0.0320707262 -0.00237499992
v  0.0246810075 0.0364017636 -0.00237499992
v  0.0177979115 0.0369577445 -0.00237499992
v  0.0162786767 0.0408563949 -0.00237499992
v  0.00912780873 0.0399915427 -0.00237499992
v  0.00711517222 0.0434006304 -0.00237499992
v  7.53525142e-18 0.0410199985 -0.00237499992
v  -0.00238102931 0.043915499 -0.00237499992
v  -0.00912780873 0.0399915427 -0.00237499992
v  -0.0117658963 0.042376928 -0.00237499992
v  -0.0177979115 0.0369577445 -0.00237499992
v  -0.0206006039 0.0388568603 -0.00237499992
v  -0.0255755521 0.0320707262 -0.00237499992
v  -0.0284720492 0.0335198864 -0.00237499992
v  -0.0320707262 0.0255755521 -0.00237499992
v  -0.0350121744 0.0266155619 -0.00237499992
v  -0.0369577445 0.0177979115 -0.00237499992
v  -0.0399151668 0.0184667222 -0.00237499992
v  -0.0399915427 0.00912780873 -0.00237499992
v  -0.0429517739 0.00945440028 -0.00237499992
v  -0.0410199985 -3.85185989e-34 -0.00237499992
v  -0.0439799987 -3.85185989e-34 -0.00237499992
v  -0.0399915427 -0.00912780873 -0.00237499992
v  -0.0429517739 -0.00945440028 -0.00237499992
v  -0.0369577445 -0.0177979115 -0.00237499992
v  -0.0399151668 -0.0184667222 -0.00237499992
v  -0.0320707262 -0.0255755521 -0.00237499992
v  -0.0350121744 -0.0266155619 -0.00237499992
v  -0.0255755521 -0.0320707262 -0.00237499992
v  -0.0284720492 -0.0335198864 -0.00237499992
v  -0.0177979115 -0.0369577445 -0.00237499992
v  -0.0206006039 -0.0388568603 -0.00237499992
v  -0.00912780873 -0.0399915427 -0.00237499992
v  -0.0117658963 -0.042376928 -0.00237499992
v  -2.51175068e-18 -0.0410199985 -0.00237499992
v  -0.00238102931 -0.043915499 -0.00237499992
v  0.00912780873 -0.0399915427 -0.00237499992
v  0.00711517222 -0.0434006304 -0.00237499992
v  0.0177979115 -0.0369577445 -0.00237499992
v  0.0162786767 -0.0408563949 -0.00237499992
v  0.0255755521 -0.0320707262 -0.00237499992
v  0.0246810075 -0.0364017636 -0.00237499992
v  0.0320707262 -0.0255755521 -0.00237499992
v  0.0319292806 -0.0302450228 -0.00237499992
v  0.0369577445 -0.0177979115 -0.00237499992
v  0.0376845784 -0.0226740595 -0.00237499992
v  0.0399915427 -0.00912780873 -0.00237499992
v  -0.0420230925 -0.0105999997 -0.147084892
v  0.00480830949 -0.0105999997 -0.174123019
v  0.0372147821 -0.0105999997 -0.155413121
v  0.0420230925 -0.0105999997 -0.109665111
v  -0.00480830949 -0.0105999997 -0.082626991
v  -0.0372147821 -0.0105999997 -0.101336874
v  -0.0460000001 -0.0105999997 -0.128375009
v  -0.0449947901 -0.0105999997 -0.118811063
v  -0.0420230925 -0.0105999997 -0.109665111
v  -0.0307800081 -0.0105999997 -0.0941903368
v  -0.023 -0.0105999997 -0.0885378271
v  -0.014214782 -0.0105999997 -0.084626399
v  0.00480830949 -0.0105999997 -0.082626991
v  0.014214782 -0.0105999997 -0.084626399
v  0.023 -0.0105999997 -0.0885378271
v  0.0307800081 -0.0105999997 -0.0941903368
v  0.0372147821 -0.0105999997 -0.101336874
v  0.0449947901 -0.0105999997 -0.118811063
v  0.0460000001 -0.0105999997 -0.128375009
v  0.0449947901 -0.0105999997 -0.137938946
v  0.0420230925 -0.0105999997 -0.147084892
v  0.0307800081 -0.0105999997 -0.162559673
v  0.023 -0.0105999997 -0.168212175
v  0.014214782 -0.0105999997 -0.172123611
v  -0.00480830949 -0.0105999997 -0.174123019
v  -0.014214782 -0.0105999997 -0.172123611
v  -0.023 -0.0105999997 -0.168212175
v  -0.0307800081 -0.0105999997 -0.162559673
v  -0.0372147821 -0.0105999997 -0.155413121
v  -0.0449947901 -0.0105999997 -0.137938946
v  -0.0416777879 0.00300000003 -0.142417893
v  -0.0437221862 0.00300000003 -0.133130088
v  -0.0410199985 0.00300000003 -0.128375009
v  -0.0437221862 0.00300000003 -0.123619922
v  -0.0399915427 0.00300000003 -0.119247191
v  -0.0416777879 0.00300000003 -0.114332117
v  -0.0369577445 0.00300000003 -0.110577092
v  -0.0376845784 0.00300000003 -0.10570094
v  -0.0320707262 0.00300000003 -0.102799445
v  -0.0319292806 0.00300000003 -0.0981299803
v  -0.0255755521 0.00300000003 -0.0963042751
v  -0.0246810075 0.00300000003 -0.0919732377
v  -0.0177979115 0.00300000003 -0.091417253
v  -0.0162786767 0.00300000003 -0.0875186026
v  -0.00912780873 0.00300000003 -0.0883834586
v  -0.00711517222 0.00300000003 -0.0849743709
v  -1.2523871e-17 0.00300000003 -0.0873550028
v  0.00238102931 0.00300000003 -0.0844594985
v  0.00912780873 0.00300000003 -0.0883834586
v  0.0117658963 0.00300000003 -0.0859980732
v  0.0177979115 0.00300000003 -0.091417253
v  0.0206006039 0.00300000003 -0.0895181373
v  0.0255755521 0.00300000003 -0.0963042751
v  0.0284720492 0.00300000003 -0.0948551148
v  0.0320707262 0.00300000003 -0.102799445
v  0.0350121744 0.00300000003 -0.101759434
v  0.0369577445 0.00300000003 -0.110577092
v  0.0399151668 0.00300000003 -0.109908275
v  0.0399915427 0.00300000003 -0.119247191
v  0.0429517739 0.00300000003 -0.118920602
v  0.0410199985 0.00300000003 -0.128375009
v  0.0439799987 0.00300000003 -0.128375009
v  0.0399915427 0.00300000003 -0.137502819
v  0.0429517739 0.00300000003 -0.137829408
v  0.0369577445 0.00300000003 -0.146172911
v  0.0399151668 0.00300000003 -0.146841735
v  0.0320707262 0.00300000003 -0.153950557
v  0.0350121744 0.00300000003 -0.154990569
v  0.0255755521 0.00300000003 -0.160445735
v  0.0284720492 0.00300000003 -0.161894888
v  0.0177979115 0.00300000003 -0.165332749
v  0.0206006039 0.00300000003 -0.167231873
v  0.00912780873 0.00300000003 -0.168366551
v  0.0117658963 0.00300000003 -0.170751929
v  2.51175068e-18 0.00300000003 -0.169395
v  0.00238102931 0.00300000003 -0.172290504
v  -0.00912780873 0.00300000003 -0.168366551
v  -0.00711517222 0.00300000003 -0.171775639
v  -0.0177979115 0.00300000003 -0.165332749
v  -0.0162786767 0.00300000003 -0.1692314
v  -0.0255755521 0.00300000003 -0.160445735
v  -0.0246810075 0.00300000003 -0.164776772
v  -0.0320707262 0.00300000003 -0.153950557
v  -0.0319292806 0.00300000003 -0.15862003
v  -0.0369577445 0.00300000003 -0.146172911
v  -0.0376845784 0.00300000003 -0.151049063
v  -0.0399915427 0.00300000003 -0.137502819
v  0.00635256385 -0.0443239957 -0.155832201
v  0.00637010112 -0.0449978635 -0.152105272
v  0.0124626327 -0.0444904678 -0.150906652
v  0.0124287698 -0.0438396968 -0.154569149
v  0.0123911686 -0.043069277 -0.15767099
v  0.00633298233 -0.0435245745 -0.158988297
v  0.00628918828 -0.0417022817 -0.163766131
v  0.0223820321 -0.0419785157 -0.0982314497
v  0.0236822478 -0.041745726 -0.0992437229
v  0.0237085465 -0.042692177 -0.113392144
v  0.0330120511 -0.0396628045 -0.109534658
v  0.0329215191 -0.0397114381 -0.109588198
v  0.0329333358 -0.039684236 -0.109415062
v  0.0369394235 -0.0383630209 -0.117934845
v  0.0370459743 -0.0383125842 -0.118328437
v  0.0366008207 -0.0385670736 -0.118761756
v  0.0374733247 -0.0366320498 -0.139444083
v  0.037366461 -0.0366403945 -0.139753386
v  0.0362148359 -0.0372122154 -0.141416639
v  0.0294793248 -0.0377440639 -0.15393576
v  0.0279888213 -0.0379647911 -0.155458227
v  0.0280880947 -0.0386727974 -0.153973877
v  0.0194994491 -0.039040342 -0.162042305
v  0.0178742893 -0.0391917005 -0.16286166
v  0.017991228 -0.040665891 -0.160237491
v  0.00402715942 -0.0399802551 -0.167005897
v  1.59979907e-15 -0.0400198139 -0.167212918
v  1.31744827e-07 -0.0415992476 -0.164705813
v  0.00798366778 -0.0398620553 -0.166392997
v  0.00624082051 -0.0399141237 -0.166662976
v  0.0159147736 -0.0393741988 -0.163849607
v  0.0121337064 -0.0396494009 -0.165293396
v  0.0123077706 -0.0413200818 -0.162374526
v  0.0235810131 -0.0385734402 -0.159368783
v  0.0231748484 -0.0386236832 -0.15966548
v  0.0232735928 -0.0397720002 -0.157416523
v  0.0228804778 -0.0386600979 -0.159880519
v  0.0266860835 -0.0381577089 -0.156788886
v  0.0329270475 -0.0372034907 -0.149336234
v  0.0325443968 -0.0372626111 -0.149972677
v  0.0323678516 -0.0374055505 -0.149972871
v  0.0323528796 -0.0372929648 -0.150248751
v  0.0319565795 -0.0373557732 -0.150820017
v  0.0345702842 -0.0369496085 -0.146603107
v  0.0325390212 -0.0387323946 -0.145749941
v  0.0361409448 -0.036740113 -0.143245295
v  0.0362139195 -0.0367303789 -0.143089294
v  0.0388262346 -0.0369911008 -0.13037166
v  0.0386738256 -0.0368524045 -0.132500634
v  0.0363834202 -0.0381574631 -0.135780215
v  0.0385496728 -0.0367394201 -0.134234875
v  0.0378402956 -0.0366318636 -0.138060525
v  0.037957225 -0.0378812477 -0.12169452
v  0.0385981649 -0.0374382026 -0.125575125
v  0.0365217216 -0.0386459492 -0.128272966
v  0.0386899784 -0.0373428911 -0.126494393
v  0.0334850289 -0.0395340249 -0.110253245
v  0.0352979302 -0.0389703177 -0.113727875
v  0.0329055227 -0.0403313674 -0.121809244
v  0.0355555937 -0.0388831943 -0.114303164
v  0.0366165265 -0.0384843983 -0.117087439
v  0.0313495658 -0.0401154533 -0.10700886
v  0.0285938364 -0.0413054302 -0.111643821
v  0.028896302 -0.0407074839 -0.103994176
v  0.0254354347 -0.0414318368 -0.100608654
v  0.0282565132 -0.0408505313 -0.103301562
v  0.0285866838 -0.040776711 -0.103658997
v  0.0180234481 -0.042622827 -0.0955844447
v  0.0183246359 -0.0425822809 -0.0957473516
v  0.018337613 -0.0438320562 -0.114801981
v  0.0191050638 -0.0424772203 -0.0961694866
v  0.010851874 -0.0433636382 -0.0927169919
v  0.012535071 -0.0432118587 -0.0932945162
v  0.0125506297 -0.0446884893 -0.115841955
v  0.0145009793 -0.0430345871 -0.0939690471
v  0.00608695764 -0.0436318181 -0.0915808454
v  0.00641074404 -0.0436202958 -0.0916383788
v  0.00641570054 -0.0452265926 -0.116480611
v  0.00718783308 -0.0435926318 -0.091776453
v  0.0104032476 -0.0433973819 -0.0925903767
v  3.30777533e-19 -0.0437618829 -0.0909088254
v  0.00240609283 -0.0437341295 -0.0910625979
v  -2.95898523e-08 -0.0453218669 -0.115212761
v  -2.71326659e-08 -0.0453945994 -0.116679437
v  0.023694776 -0.043332424 -0.126804024
v  0.0285784751 -0.0419353172 -0.124504268
v  0.0236419309 -0.0433166623 -0.137850925
v  0.0182851553 -0.0444473922 -0.140081704
v  0.0183261912 -0.0444821119 -0.128665537
v  0.0125422757 -0.0453468859 -0.130045697
v  0.0125139831 -0.0452986807 -0.141744807
v  0.0063965288 -0.0458345413 -0.142788351
v  0.0064111501 -0.0458909795 -0.130901441
v  9.79817685e-11 -0.0461416803 -0.138687789
v  -4.54803084e-09 -0.0460525565 -0.131189987
v  0.0285148937 -0.0419443958 -0.135104463
v  0.0328327529 -0.0403717607 -0.13189441
v  -4.55409088e-09 -0.0460524373 -0.131180212
v  0.00359961879 -0.0437203608 -0.091138877
v  -2.71194516e-08 -0.0453949906 -0.11668732
v  -5.56085933e-09 -0.0460331254 -0.129555479
v  0.0181083661 -0.042326998 -0.155627206
v  0.0182106309 -0.0436799675 -0.149021685
v  0.0235462412 -0.0426018611 -0.146508217
v  3.09181907e-08 -0.0435987413 -0.159499869
v  3.05906553e-08 -0.0436013602 -0.159491241
v  0.018252695 -0.0441496782 -0.144859046
v  0.0124916555 -0.0449842289 -0.146640792
v  0.00638504652 -0.0455087423 -0.147766054
v  -1.15066516e-08 -0.0451565906 -0.152557701
v  -1.14354739e-08 -0.0451584943 -0.152547762
v  -9.57285717e-09 -0.0452083685 -0.152287439
v  -1.50946384e-08 -0.0456381962 -0.14817445
v  -4.65601211e-08 -0.0442180224 -0.15745689
v  -3.84115637e-08 -0.0444362015 -0.156318024
v  -3.83437708e-08 -0.0444380157 -0.156308547
v  1.29597382e-07 -0.041760318 -0.164342076
v  1.29556625e-07 -0.0417633764 -0.164335161
v  1.13933346e-07 -0.0429352038 -0.161688864
v  0.032703381 -0.0397966765 -0.139828667
v  0.0284005478 -0.0412937552 -0.143424377
v  0.0282504801 -0.0401205234 -0.149604797
v  0.023417443 -0.0413319468 -0.152917966
v  -1.51086041e-08 -0.045639284 -0.148164049
v  -1.78844424e-08 -0.045855362 -0.146096423
v  -1.07535598e-08 -0.0459689014 -0.143158555
v  -1.07280611e-08 -0.0459693074 -0.14314805
v  -0.0326878317 -0.0404220633 -0.121955551
v  -0.0326155685 -0.0404611342 -0.132069439
v  -0.0363099091 -0.0387581252 -0.128503338
v  -0.0370561257 -0.0383138917 -0.118300155
v  -0.0364074185 -0.0385625623 -0.116545357
v  -0.0363886692 -0.0386813991 -0.118955091
v  -0.0262638908 -0.0412690975 -0.101343937
v  -0.023507107 -0.0417833142 -0.0990710184
v  -0.0235236138 -0.0427371673 -0.113441534
v  -0.00194893824 -0.0437497906 -0.0909772143
v  -0.00635923864 -0.0452294014 -0.116476588
v  -0.00635358971 -0.0436231866 -0.091617614
v  -0.00587615743 -0.0436498076 -0.0915029272
v  -0.00296462467 -0.0437239334 -0.0911131799
v  -0.012286434 -0.043245919 -0.093161203
v  -0.0104032448 -0.0433973819 -0.0925903767
v  -0.00670470344 -0.0436036102 -0.0917019546
v  -0.0232395343 -0.0418332219 -0.0988504142
v  -0.0226404872 -0.041935388 -0.0984142721
v  -0.0181868598 -0.0438585393 -0.114827439
v  -0.0193758197 -0.0424393229 -0.0963229686
v  -0.0181623697 -0.0425940789 -0.0957069695
v  -0.0159226321 -0.042879723 -0.0945699736
v  -0.028373111 -0.0408179797 -0.103475884
v  -0.0327201635 -0.03974225 -0.109093025
v  -0.0319592506 -0.0399564728 -0.10786476
v  -0.0283858981 -0.0413720086 -0.111722134
v  -0.0314393342 -0.040092364 -0.107131816
v  -0.0289984308 -0.0406842381 -0.104107946
v  -0.0329946391 -0.0396649763 -0.109536082
v  -0.0327037871 -0.0398014598 -0.109699622
v  -0.0340121835 -0.0393785015 -0.111178607
v  -0.0357100889 -0.0388298742 -0.114659034
v  -0.0382752903 -0.037688747 -0.123317674
v  -0.0374161676 -0.0381541885 -0.119514704
v  -0.0370581262 -0.0383130051 -0.118306898
v  -0.0387369841 -0.036845278 -0.132371485
v  -0.0388090126 -0.0369396433 -0.131035075
v  -0.0387422591 -0.0372764692 -0.127160951
v  -0.0385639817 -0.0374338627 -0.125693709
v  -0.0373752117 -0.0366390906 -0.139738783
v  -0.038236402 -0.0366640985 -0.136222303
v  -0.0361720063 -0.0382645987 -0.13603881
v  -0.0360033549 -0.0373123661 -0.141694769
v  -0.0360035673 -0.0367548019 -0.143597037
v  -0.0373208225 -0.0366375111 -0.139960855
v  -0.0329128616 -0.0372053869 -0.149330586
v  -0.033659298 -0.0370876938 -0.148216873
v  -0.0323232226 -0.0388128161 -0.145962954
v  -0.0355136879 -0.0368167385 -0.144704357
v  -0.035921786 -0.0367651433 -0.143781886
v  -0.0278831739 -0.0387286693 -0.154134661
v  -0.0277883392 -0.0379947498 -0.155676663
v  -0.0285271965 -0.0378886759 -0.154975325
v  -0.0321118757 -0.0373316854 -0.150525689
v  -0.0321522802 -0.03747987 -0.150195539
v  -0.0314508229 -0.037435919 -0.151512012
v  -0.0288989544 -0.037832614 -0.154578418
v  -0.0256050415 -0.0383081883 -0.157749102
v  -0.0230918024 -0.0398106948 -0.157522604
v  -0.0229792204 -0.0386441685 -0.15977408
v  -0.0177390818 -0.0392096713 -0.162965208
v  -0.0181286819 -0.0391764343 -0.16278781
v  -0.0178432837 -0.0406897999 -0.160297811
v  -0.0190254226 -0.0390885845 -0.162308082
v  -0.0224342719 -0.0387138948 -0.160194322
v  -0.0144640459 -0.0394890755 -0.164456382
v  -0.012202586 -0.0413325876 -0.162399665
v  -0.0121128615 -0.0396414921 -0.165249974
v  -0.00549667189 -0.0399457738 -0.166826308
v  -0.00619200524 -0.0399245545 -0.166716337
v  -0.00623390032 -0.0417076759 -0.163768396
v  -0.00677435659 -0.0399067886 -0.166624218
v  -0.0106753064 -0.0397346802 -0.165735185
v  -0.00150427187 -0.0400142483 -0.167184189
v  -0.0283706207 -0.0420025438 -0.124607638
v  -0.0283075497 -0.0420109592 -0.135228798
v  -0.0235099383 -0.0433779806 -0.126869693
v  -0.0234575495 -0.0433620661 -0.137930602
v  -0.0181755293 -0.044509057 -0.128699869
v  -0.0181348622 -0.0444745608 -0.140124172
v  -0.0124433162 -0.044700589 -0.115849331
v  -0.00635473197 -0.0458940603 -0.130896896
v  -0.0124350358 -0.0453593396 -0.130056247
v  -0.00634025037 -0.0458382666 -0.142784342
v  -0.0124070058 -0.045311626 -0.141758904
v  -0.0124327419 -0.0432311855 -0.093217887
v  -0.0179595575 -0.0423527732 -0.155683041
v  -0.0122852894 -0.0430825055 -0.15769282
v  -0.00627729809 -0.0435297787 -0.158988103
v  -0.0180609934 -0.0437068306 -0.14907144
v  -0.012384885 -0.0449973904 -0.146656811
v  -0.0123561276 -0.0445037819 -0.150924653
v  -0.00632887799 -0.0455128737 -0.147762701
v  -0.00631407462 -0.0450024158 -0.152102828
v  -0.00629669987 -0.0443289205 -0.155830815
v  -0.0123225646 -0.0438530482 -0.154589102
v  -0.0324869715 -0.0398824699 -0.140025958
v  -0.0280448794 -0.0401810259 -0.149757892
v  -0.0281940605 -0.0413580351 -0.143565357
v  -0.0232347846 -0.0413738303 -0.153018102
v  -0.0233626533 -0.0426460765 -0.146599486
v  -0.0181026906 -0.044176776 -0.144905254
v  -0.0399941131 -0.0348398723 -0.126935765
v  -0.0399729609 -0.034756422 -0.128374323
v  -0.0400200002 0.00200000009 -0.128375009
v  -0.0321126468 -0.0352309048 -0.152257606
v  -0.0312529914 -0.0353513919 -0.15329738
v  -0.0312888958 0.00200000009 -0.153327063
v  -0.0285045896 -0.0260091275 -0.100284278
v  -0.0283409152 -0.0276583917 -0.100119151
v  -0.0312513933 -0.0376339853 -0.103451833
v  -0.026021922 -0.019873688 -0.0979728326
v  -0.0270104259 -0.0210048743 -0.0988447219
v  -0.0312888958 0.00200000009 -0.10342294
v  -0.0277851038 -0.0223927088 -0.0995736197
v  -0.0278321989 -0.022477081 -0.0996179283
v  -0.0283158217 -0.0239933096 -0.100094005
v  -0.0285024941 -0.0255752839 -0.100282148
v  -0.0285045896 -0.0257630348 -0.100284278
v  -0.0282813422 -0.0278511271 -0.100060433
v  -0.0278423876 -0.0292712413 -0.0996277928
v  -0.0277001448 -0.0295254719 -0.0994940177
v  -0.0269862786 -0.0308013707 -0.0988226533
v  -0.0268486403 -0.030954551 -0.0987018719
v  -0.030405106 -0.0378206372 -0.102353275
v  -0.0257966742 -0.032125324 -0.0977787226
v  -0.0275703538 -0.0383737534 -0.0993667915
v  -0.0249329694 -0.0388235487 -0.0971084088
v  -0.0208853595 -0.0177630354 -0.0942370147
v  -0.0226935409 -0.0179915335 -0.0954113305
v  -0.0249520615 0.00200000009 -0.0970861018
v  -0.0236298516 -0.0183602627 -0.0960927829
v  -0.0243902728 -0.0186597239 -0.0966462269
v  -0.0248804521 -0.0190121848 -0.0970426574
v  -0.0249449927 -0.0190585926 -0.0970948562
v  -0.0259261504 -0.0197640937 -0.0978883579
v  -0.0173216276 -0.0177630354 -0.0924004987
v  -0.017364027 0.00200000009 -0.0923182219
v  -0.0156815294 -0.0177630354 -0.0915553048
v  -0.00890528783 0.00200000009 -0.0893583819
v  -0.00888083689 -0.0177630354 -0.0894368738
v  -0.00800237991 -0.0177630354 -0.0891632363
v  -7.35155446e-18 0.00200000009 -0.0883549973
v  3.46944695e-18 -0.0177630354 -0.0883549973
v  0.00800237991 -0.0177630354 -0.0891632363
v  0.00890528783 0.00200000009 -0.0893583819
v  0.00888083689 -0.0177630354 -0.0894368738
v  0.0156815294 -0.0177630354 -0.0915553048
v  0.017364027 0.00200000009 -0.0923182219
v  0.0173216276 -0.0177630354 -0.0924004987
v  0.0248954203 -0.0189987514 -0.0970491841
v  0.024628235 -0.0187948365 -0.0968305767
v  0.0249520615 0.00200000009 -0.0970861018
v  0.0236367062 -0.0183630995 -0.0960975513
v  0.0229370967 -0.0180584732 -0.095580332
v  0.0212180167 -0.0177706685 -0.0944427699
v  0.0208853595 -0.0177630354 -0.0942370147
v  0.0276907757 -0.029516099 -0.0994863212
v  0.0279097296 -0.029108027 -0.0996931717
v  0.0312496088 -0.0376339629 -0.103453457
v  0.0249196421 -0.0388214365 -0.097126238
v  0.0249449257 -0.0328432098 -0.0970949978
v  0.0267085545 -0.0385284312 -0.0985714197
v  0.0257966742 -0.032125324 -0.0977787226
v  0.0296377055 -0.0379774198 -0.101482496
v  0.0302995536 -0.037842527 -0.102230452
v  0.0268422719 -0.0309452713 -0.0986982584
v  0.0270493161 -0.0307116043 -0.0988803431
v  0.0282665286 -0.0278455187 -0.10004618
v  0.0283826683 -0.0274345614 -0.10016109
v  0.0285045896 -0.0260091275 -0.100284278
v  0.0285045896 -0.0257630348 -0.100284278
v  0.028341027 -0.0241143517 -0.100119263
v  0.0312888958 0.00200000009 -0.10342294
v  0.0283100158 -0.0240138583 -0.100088693
v  0.0278451256 -0.022507377 -0.0996304452
v  0.0277891885 -0.0224052593 -0.0995776951
v  0.0270654522 -0.0210839733 -0.0988951474
v  0.0270102322 -0.0210186616 -0.0988461599
v  0.026042806 -0.0198744256 -0.0979879498
v  0.0249474496 -0.0190384593 -0.0970917568
v  0.0114276372 -0.0403822064 -0.0900212601
v  0.0109556941 -0.0404148065 -0.0898837894
v  0.013714944 -0.0394434333 -0.090808928
v  0.0152638042 -0.0400646478 -0.0913801789
v  0.014461318 -0.0391806774 -0.0910591781
v  0.0173419733 -0.0398417823 -0.0923647732
v  0.0169425122 -0.0380294807 -0.0921555832
v  0.0173552632 -0.0378379747 -0.0923379734
v  0.018961031 -0.0396681502 -0.0931318477
v  0.0178547781 -0.0376062132 -0.0925586969
v  0.0200947635 -0.0395281985 -0.0937657356
v  0.0200394336 -0.0363245942 -0.0937793031
v  0.0235238019 -0.0390500575 -0.0959986001
v  0.0211415961 -0.0356780142 -0.0943951011
v  0.0242933482 -0.0333923846 -0.0965719521
v  0.0360567756 0.00200000009 -0.111010969
v  0.0360090695 -0.0364687219 -0.111034267
v  0.0350033231 -0.0367507488 -0.1089748
v  0.032825876 -0.0372879207 -0.105482593
v  0.0390166156 0.00200000009 -0.11946971
v  0.0389666706 -0.0354779661 -0.119481511
v  0.0384253524 -0.0357085094 -0.117190517
v  0.037079338 -0.0361624584 -0.113317668
v  0.0368220769 -0.0362407416 -0.112699062
v  0.0400200002 0.00200000009 -0.128375009
v  0.0399685986 -0.034757141 -0.128375143
v  0.0399627909 -0.0348889157 -0.126235902
v  0.0398993418 -0.0349604264 -0.125269681
v  0.0393676423 -0.035307195 -0.121178538
v  0.0387681164 -0.0344324 -0.138306454
v  0.0389777198 -0.0344447419 -0.137272403
v  0.0390166156 0.00200000009 -0.1372803
v  0.0395753756 -0.034479931 -0.134323955
v  0.039973814 -0.0346387513 -0.130297124
v  0.0360567756 0.00200000009 -0.145739034
v  0.0360127576 -0.03468908 -0.145718381
v  0.0370384045 -0.0345602036 -0.143532753
v  0.0383707024 -0.0344456993 -0.139745563
v  0.0312479138 -0.0353522599 -0.153294683
v  0.0326326601 -0.0351564474 -0.151542008
v  0.0312888958 0.00200000009 -0.153327063
v  0.0332375467 -0.0350696854 -0.150665492
v  0.035328418 -0.0347750708 -0.147176698
v  0.030088447 -0.0355162174 -0.154762238
v  0.0249520615 0.00200000009 -0.159663901
v  0.027225744 -0.035898108 -0.157706887
v  0.017364027 0.00200000009 -0.164431781
v  0.0173437707 -0.0369314849 -0.164391741
v  0.0198749583 -0.0367162824 -0.163110957
v  0.0233309697 -0.0363629833 -0.160890639
v  0.0240475424 -0.0362826288 -0.160364315
v  0.0249245595 -0.0361765213 -0.159631014
v  0.00890528783 0.00200000009 -0.167391628
v  0.0123589402 -0.0372847915 -0.166438863
v  0.0162150618 -0.0370274484 -0.164962873
v  1.91494181e-07 -0.0376333483 -0.168395013
v  0.00410129176 -0.0375960022 -0.168184295
v  2.45051822e-18 0.00200000009 -0.168395013
v  0.00813046005 -0.037484467 -0.167560413
v  0.00889618881 -0.0374483094 -0.167357311
v  -0.0108725829 -0.0373647548 -0.166889772
v  -0.00889374502 -0.0374453552 -0.167341009
v  -0.00890528783 0.00200000009 -0.167391628
v  -0.00689881667 -0.037526615 -0.167795897
v  -0.00559768453 -0.0375634059 -0.168001592
v  -0.00153210899 -0.0376281589 -0.168365672
v  -0.0193907376 -0.0367611907 -0.163383573
v  -0.017364027 0.00200000009 -0.164431781
v  -0.0228746384 -0.0364128985 -0.161213264
v  -0.0249520615 0.00200000009 -0.159663901
v  -0.0184749234 -0.0368430093 -0.163875401
v  -0.017345516 -0.0369311161 -0.164391249
v  -0.014735057 -0.0371347629 -0.165583581
v  -0.0294932276 -0.0355980322 -0.155425876
v  -0.0291120857 -0.0356498063 -0.155835643
v  -0.0261188708 -0.0360370874 -0.158696696
v  -0.0249219835 -0.0361757353 -0.159625128
v  -0.036818359 -0.0345850922 -0.144059673
v  -0.0360567756 0.00200000009 -0.145739034
v  -0.0382073596 -0.0344549492 -0.140282899
v  -0.0390166156 0.00200000009 -0.1372803
v  -0.0389824733 -0.0344435312 -0.137271509
v  -0.0363075361 -0.0346466973 -0.145208403
v  -0.0360338874 -0.0346836187 -0.145726964
v  -0.0343867503 -0.0349058546 -0.148848206
v  -0.0399345122 -0.0346047282 -0.130989417
v  -0.039818842 -0.0345442742 -0.132382527
v  -0.039208483 -0.0344402008 -0.136393443
v  -0.0396426544 -0.0351538174 -0.122892275
v  -0.0390166156 0.00200000009 -0.11946971
v  -0.0389902741 -0.035474956 -0.119474746
v  -0.0360567756 0.00200000009 -0.111010969
v  -0.0372311994 -0.0361154005 -0.113697194
v  -0.03853634 -0.0356665999 -0.117579125
v  -0.0388747044 -0.0355318449 -0.118869327
v  -0.0329178944 -0.0372664295 -0.105615109
v  -0.0334501229 -0.0371401794 -0.106404804
v  -0.0355359502 -0.0366087817 -0.109968565
v  -0.0360179208 -0.0364685096 -0.111028641
v  -0.0249284711 -0.0328201912 -0.0971169174
v  -0.0226671807 -0.0346300155 -0.0953931957
v  -0.024419358 -0.0389111415 -0.0966686085
v  -0.0237938128 -0.0390088037 -0.0961965173
v  -0.0200434066 -0.0363305174 -0.0937736705
v  -0.0203784332 -0.0394917987 -0.0939320028
v  -0.0193229988 -0.0367974192 -0.0933289975
v  -0.0173507091 -0.039845936 -0.092343621
v  -0.0173439756 -0.0378157012 -0.0923591852
v  -0.0169360582 -0.0380255878 -0.0921592861
v  -0.0167568084 -0.0399154015 -0.0920320526
v  -0.0158575661 -0.0385805108 -0.0916307718
v  -0.0137040112 -0.0394317098 -0.090820089
v  -0.0129363229 -0.0402685292 -0.090503484
v  -0.0123093091 -0.0399829708 -0.0902950689
v  -0.0109556913 -0.0404148065 -0.0898837894
v  0.0181953665 0.00274251518 -0.0537518747
v  0.0124648307 0.00498169195 -0.0532116629
v  0.0124325575 -0.00251457002 -0.0576452017
v  -2.63968758e-07 0.0135740619 -0.0497368723
v  -2.12705714e-07 0.00865615718 -0.0519135296
v  0.00637779571 0.00695612188 -0.0525873043
v  2.79380945e-08 -0.00728418119 -0.0616612285
v  1.48035086e-08 -0.0089542577 -0.0630544797
v  0.00632752106 -0.00937991962 -0.0631964579
v  0.00638533337 0.0220780522 -0.0465737768
v  0.00638327934 0.0147534339 -0.0491578653
v  0.0124748386 0.0123923477 -0.0497603118
v  0.0361347608 0.014352913 -0.042983748
v  0.0360705405 0.0144908587 -0.0429653004
v  0.0360914543 0.0139044831 -0.0432053469
v  0.0261418372 -0.0183039755 -0.0710211471
v  0.0234726015 -0.0172017124 -0.0697329715
v  0.0244298689 -0.0180247501 -0.0711034313
v  0.0235076472 -0.0178873297 -0.071125567
v  0.0181953013 -0.0170418266 -0.070849888
v  0.021480212 -0.0175947361 -0.071148999
v  0.0223296173 -0.0177117903 -0.0711538419
v  0.0124659473 -0.0167860128 -0.0712052807
v  0.01695689 -0.0170636214 -0.071157299
v  0.0181584731 -0.0162334014 -0.0693982542
v  0.018200485 -0.0171973351 -0.0711504668
v  0.0200022981 -0.0173910707 -0.0711405724
v  -5.53744398e-18 -0.0164018497 -0.0713077933
v  0.00637932727 -0.0165050831 -0.0712627396
v  -6.40820588e-08 -0.0153751653 -0.069644846
v  0.00635261787 -0.0151957022 -0.0692173541
v  -5.99969496e-08 -0.0151973255 -0.0694208071
v  -5.98202448e-08 -0.0151896328 -0.0694111139
v  0.00782069378 0.0377263315 -0.0409667902
v  0.00631748373 0.0379558876 -0.0409395546
v  0.00634344155 0.0366548821 -0.0416381955
v  0.0039352756 0.0383196734 -0.0408963934
v  0.0125895729 0.0364365242 -0.0410859399
v  0.0123436209 0.0365164615 -0.0410792194
v  0.0123997657 0.0346344039 -0.0420193039
v  0.0116411159 0.0367447771 -0.0410600267
v  0.0198061801 0.0331414007 -0.0413190126
v  0.017998578 0.0340808555 -0.0412561931
v  0.0180995986 0.0320131481 -0.0422766507
v  0.0162950289 0.0349662341 -0.041196987
v  0.0269403588 0.0277777705 -0.0416601636
v  0.023924198 0.0303615313 -0.0414942317
v  0.0233743656 0.0288469829 -0.0424045213
v  0.023279354 0.0308462158 -0.0414638259
v  0.0231141653 0.030970376 -0.0414560363
v  0.0280607697 0.0266030803 -0.0417420231
v  0.0281562768 0.0251907483 -0.0424033143
v  0.0296515897 0.0249351896 -0.0418582521
v  0.0320510529 0.0218473114 -0.0421096422
v  0.0345909372 0.0176690668 -0.0425402485
v  0.0326822251 0.0209150743 -0.042195525
v  0.0323797688 0.0211008713 -0.0422794893
v  0.0323636122 0.0213856585 -0.0421521701
v  0.0384654775 0.00631732121 -0.0447075926
v  0.0377856493 0.00944910664 -0.0438818224
v  0.0361610875 0.00821237173 -0.0455366187
v  0.0373335741 0.0110147251 -0.0435557179
v  0.0365254916 0.0132648945 -0.0431701727
v  0.0387871899 -0.00113005016 -0.0481171384
v  0.0389039628 0.000589022471 -0.0470737368
v  0.0361800045 0.00244114664 -0.048183769
v  0.0388293602 0.00330131338 -0.0457900502
v  0.0386911333 0.00444698706 -0.0453788638
v  0.0387084596 -0.00228907727 -0.0488206148
v  0.0361813307 -0.0031758137 -0.0513068736
v  0.0382465683 -0.00503610354 -0.0509116463
v  0.0369639322 -0.00915134139 -0.0549442321
v  0.0377783924 -0.00685542403 -0.0525484718
v  0.0381306335 -0.00548661826 -0.0513169728
v  0.0361787751 -0.00839160383 -0.0549146533
v  0.0361677781 -0.0110139549 -0.0570588224
v  0.036753118 -0.00974561833 -0.0555643551
v  0.0325295515 -0.0106167207 -0.0588415712
v  0.0353952684 -0.0125534395 -0.0589389727
v  0.0357810445 -0.0118519505 -0.0580462255
v  0.0324541181 -0.0171243418 -0.0654785857
v  0.0332070701 -0.0161583666 -0.0637985915
v  0.0324673094 -0.0157756656 -0.0637568086
v  0.0332181007 -0.0161413942 -0.0637747496
v  0.0345432125 -0.0141028026 -0.0609107614
v  0.0281750392 -0.0155175049 -0.065368548
v  0.032073535 -0.0175802559 -0.0663963705
v  0.0323081389 -0.0173116196 -0.0658042952
v  0.0283050947 -0.0184121244 -0.070203416
v  0.0283240639 -0.0187544264 -0.0709770694
v  0.0287166815 -0.0188354701 -0.070969142
v  0.0315817855 -0.0181180891 -0.0677769333
v  0.0282149483 -0.0169812571 -0.0675211698
v  0.0309111606 -0.0188515577 -0.0696596801
v  0.0306473337 -0.0191309173 -0.0705031753
v  0.0305144805 -0.0192715917 -0.0709279329
v  -1.98092138e-07 0.0306988116 -0.0439823903
v  -2.12419408e-07 0.0305718649 -0.0440270007
v  -1.58253272e-07 0.0242481343 -0.0460217781
v  0.0063816905 0.0286837108 -0.044513233
v  3.20456223e-07 0.0359339528 -0.0421040356
v  3.58297456e-07 0.035628736 -0.0422500111
v  0.0124787698 0.019553585 -0.0470919237
v  0.0182084404 0.00974657387 -0.0502793901
v  6.43521076e-08 0.0379996002 -0.0411160924
v  0.00636658445 0.0343101919 -0.0426285751
v  0.0124728745 0.0262075048 -0.0449556857
v  0.0182139762 0.016690122 -0.0475241356
v  0.023516098 0.00683880504 -0.0507010557
v  0.0235224422 0.0135151306 -0.0478562526
v  0.0235118587 0.0200188886 -0.0455326326
v  0.0182058867 0.0233073533 -0.0452992767
v  0.0181648843 0.0293330234 -0.0433148257
v  0.0124444002 0.0320903063 -0.0430309884
v  0.0234588776 0.0260865223 -0.0434726998
v  -4.35198955e-14 0.0385186411 -0.0408678465
v  0.0324889235 0.0183196981 -0.0434091352
v  0.0325721055 0.000343048159 -0.0512158498
v  0.0325755142 0.00635293638 -0.048185505
v  0.0325591676 0.0124278804 -0.0456469804
v  0.028273385 -0.00825848617 -0.0586587265
v  0.0234577507 -0.00610427093 -0.0583993606
v  0.0282335728 -0.0111028031 -0.0609971695
v  0.023417037 -0.0092464583 -0.0608220212
v  0.028200509 -0.0139878904 -0.063668415
v  0.0233822484 -0.0124268355 -0.0635760203
v  0.0233646277 -0.0140775889 -0.0652473941
v  0.0233981982 -0.01566571 -0.0672722459
v  0.0325634927 -0.00534127653 -0.0547782406
v  0.0283277202 0.00369424978 -0.051014822
v  0.0283335466 0.0100581385 -0.0480780192
v  0.0283201281 0.0163789857 -0.0456486717
v  0.028256638 0.0223987177 -0.0435025766
v  0.0283149965 -0.00244489871 -0.0545402505
v  -2.08148005e-08 -0.0134915784 -0.0672719702
v  0.00633257022 -0.0134035097 -0.0670094565
v  -1.95070218e-08 -0.0133247534 -0.0671050921
v  1.4736929e-08 -0.00896272343 -0.0630615428
v  -4.06423728e-10 -0.0108882161 -0.0646678656
v  -1.94402521e-08 -0.0133162364 -0.0670965761
v  -6.62662671e-08 3.72245563e-06 -0.0566455461
v  -6.61814354e-08 -3.41095301e-06 -0.056649968
v  0.00635943096 -0.00112211308 -0.0571563877
v  -3.69405129e-08 -0.00246238778 -0.0581746176
v  0.00634271791 -0.00523077697 -0.059965957
v  -1.01975415e-08 -0.0044499319 -0.0596118011
v  -1.00926343e-08 -0.00445772847 -0.0596174374
v  0.0181002431 -0.0146042462 -0.0671008229
v  -9.68935936e-08 0.00257928716 -0.0550486073
v  0.00637124665 0.00294298236 -0.0547110587
v  -1.33367564e-07 0.00437616603 -0.054102663
v  -2.12646015e-07 0.00865042955 -0.0519160628
v  -2.04747266e-07 0.00789266638 -0.052251447
v  -1.33498332e-07 0.00438260892 -0.0540992729
v  -1.58229369e-07 0.0242453441 -0.0460226573
v  -1.2171256e-07 0.01998212 -0.047367461
v  -1.91788061e-07 0.0168255065 -0.0485346355
v  -1.91881043e-07 0.0168213174 -0.0485361852
v  0.00846808404 -0.0165388864 -0.0712479949
v  0.012429012 -0.0155505799 -0.0692204833
v  0.012388844 -0.0138386711 -0.0670129955
v  0.0123774745 -0.0101001197 -0.0633455142
v  0.0124034164 -0.00628873287 -0.0603075065
v  0.018084731 -0.0111228544 -0.0634705722
v  0.0181171633 -0.00763414009 -0.0605929345
v  0.0181543324 -0.00418205932 -0.0580609925
v  0.0235019568 0.000259226072 -0.0541972369
v  0.0324303694 -0.017154811 -0.0655315742
v  -0.00638327794 0.0147493687 -0.0491594486
v  -0.00634268764 -0.0052379854 -0.0599712096
v  -0.00635940721 -0.00112869951 -0.0571606085
v  -0.0124325156 -0.00252063037 -0.0576492287
v  -0.0283149835 -0.00244889967 -0.054542806
v  -0.0283277165 0.00369088585 -0.0510165505
v  -0.0325721018 0.000339901162 -0.0512176156
v  -0.00638533384 0.0220752526 -0.046574682
v  -0.018199319 -0.0172061138 -0.0711533576
v  -0.0181956477 -0.0170485489 -0.0708633885
v  -0.0213039368 -0.017562177 -0.0711435229
v  -0.015967872 -0.0169757847 -0.0711666197
v  -0.0124671198 -0.0167748947 -0.0712047368
v  -0.0124292187 -0.015557535 -0.0692306831
v  -0.0231141653 0.030970376 -0.0414560363
v  -0.023279354 0.0308462158 -0.0414638259
v  -0.0233743787 0.0288466569 -0.0424046591
v  -0.0323797837 0.0211005397 -0.0422796346
v  -0.0323636122 0.0213856585 -0.0421521701
v  -0.0326822251 0.0209150743 -0.042195525
v  -0.0357810445 -0.0118519505 -0.0580462255
v  -0.035393782 -0.0125561384 -0.0589424074
v  -0.0325295031 -0.0106208492 -0.058845073
v  -0.0223296173 -0.0177117903 -0.0711538419
v  -0.0213290881 -0.0175650623 -0.0711434409
v  -0.0234729294 -0.0172082782 -0.0697451681
v  -0.0261418372 -0.0183039755 -0.0710211471
v  -0.0256263614 -0.0182120614 -0.0710375458
v  -0.0283240639 -0.0187544264 -0.0709770694
v  -0.0239753071 -0.0179581717 -0.0711275041
v  -0.0235083662 -0.0178882647 -0.071134977
v  -0.0309111606 -0.0188515577 -0.0696596801
v  -0.0306430273 -0.019135477 -0.0705169439
v  -0.0283054691 -0.0184183493 -0.0702170357
v  -0.0305144805 -0.0192715917 -0.0709279329
v  -0.0287166815 -0.0188354701 -0.070969142
v  -0.0315783247 -0.0181218721 -0.0677866489
v  -0.0282152556 -0.0169869512 -0.0675305575
v  -0.032073535 -0.0175802559 -0.0663963705
v  -0.0281749815 -0.0155236106 -0.0653763935
v  -0.0323081389 -0.0173116196 -0.0658042952
v  -0.0345432125 -0.0141028026 -0.0609107614
v  -0.0332157612 -0.0161449965 -0.0637798086
v  -0.0324673541 -0.0157804359 -0.0637620464
v  -0.0332070701 -0.0161583666 -0.0637985915
v  -0.0324541181 -0.0171243418 -0.0654785857
v  -0.0361677781 -0.0110139549 -0.0570588224
v  -0.0361787714 -0.00839493331 -0.0549172163
v  -0.036753118 -0.00974561833 -0.0555643551
v  -0.0369630754 -0.00915375352 -0.0549467504
v  -0.0377783924 -0.00685542403 -0.0525484718
v  -0.0361813344 -0.00317872921 -0.0513086803
v  -0.0381301045 -0.00548867835 -0.0513188243
v  -0.0387870595 -0.00113199325 -0.0481183156
v  -0.0387084596 -0.00228907727 -0.0488206148
v  -0.0382465683 -0.00503610354 -0.0509116463
v  -0.0388293602 0.00330131338 -0.0457900502
v  -0.0389039628 0.000589022471 -0.0470737368
v  -0.0361800082 0.00243885466 -0.0481849127
v  -0.0386913531 0.00444518123 -0.045379512
v  -0.0365260132 0.0132634342 -0.0431704223
v  -0.0373335741 0.0110147251 -0.0435557179
v  -0.0361610949 0.00821084902 -0.0455372669
v  -0.0377856493 0.00944910664 -0.0438818224
v  -0.0384654775 0.00631732121 -0.0447075926
v  -0.0324889459 0.0183189642 -0.0434094183
v  -0.0345909372 0.0176690668 -0.0425402485
v  -0.036091473 0.0139037659 -0.0432056375
v  -0.0360705405 0.0144908587 -0.0429653004
v  -0.0361347608 0.014352913 -0.042983748
v  -0.0320510529 0.0218473114 -0.0421096422
v  -0.0281562917 0.0251904167 -0.0424034558
v  -0.0296515897 0.0249351896 -0.0418582521
v  -0.023924198 0.0303615313 -0.0414942317
v  -0.0269403588 0.0277777705 -0.0416601636
v  -0.0280607697 0.0266030803 -0.0417420231
v  -0.0198061801 0.0331414007 -0.0413190126
v  -0.0180996098 0.0320128351 -0.0422767848
v  -0.017998578 0.0340808555 -0.0412561931
v  -0.0116412267 0.0367447436 -0.0410600305
v  -0.0123436209 0.0365164615 -0.0410792194
v  -0.0123997731 0.0346341096 -0.0420194343
v  -0.0125895729 0.0364365242 -0.0410859399
v  -0.0162950289 0.0349662341 -0.041196987
v  -0.0078208074 0.0377263092 -0.0409667939
v  -0.00634344527 0.0366546139 -0.0416383222
v  -0.00631748326 0.0379558839 -0.0409395546
v  -0.00393539062 0.0383196622 -0.0408963934
v  -0.0081924554 -0.0165295955 -0.0712512806
v  -0.00637960155 -0.016501328 -0.0712637901
v  -0.0063527273 -0.0152027579 -0.0692272037
v  -0.01695689 -0.0170636214 -0.071157299
v  -0.0181587506 -0.0162402112 -0.069409281
v  -0.0124787698 0.0195508078 -0.0470928624
v  -0.00638169283 0.0286820829 -0.0445137396
v  -0.00636658864 0.0343095437 -0.042628821
v  -0.0182058923 0.0233056713 -0.0452998169
v  -0.0124728773 0.0262058377 -0.0449562073
v  -0.0234588925 0.0260857828 -0.0434729643
v  -0.0181648955 0.0293322988 -0.0433150828
v  -0.0124444077 0.0320896134 -0.0430312417
v  -0.0282566566 0.0223979745 -0.0435028523
v  -0.0233984459 -0.0156719033 -0.0672810152
v  -0.0233646035 -0.0140841221 -0.0652548075
v  -0.0282005128 -0.0139932306 -0.063673757
v  -0.0235160943 0.00683523901 -0.050702747
v  -0.0235019419 0.000254889397 -0.0541998073
v  -0.0234576929 -0.0061093308 -0.0584030636
v  -0.0324268229 -0.0171593595 -0.0655394867
v  -0.0325634852 -0.00534494128 -0.0547807962
v  -0.00633262983 -0.0134111121 -0.0670178682
v  -0.00632749824 -0.00938775111 -0.0632030144
v  -0.0181004312 -0.0146109117 -0.0671091974
v  -0.028273331 -0.008263072 -0.0586623102
v  -0.0282335225 -0.0111077344 -0.0610014386
v  -0.0234169755 -0.00925192609 -0.0608264655
v  -0.0233822241 -0.0124327708 -0.0635815486
v  -0.0180846956 -0.0111294053 -0.0634763762
v  -0.0123889679 -0.0138457976 -0.0670212284
v  -0.00637123361 0.00293701724 -0.0547144189
v  -0.00637778966 0.00695078447 -0.0525899492
v  -0.0124648195 0.00497668609 -0.0532142855
v  -0.032559175 0.0124262897 -0.0456476025
v  -0.0325755179 0.0063505047 -0.0481866077
v  -0.0283201355 0.0163773447 -0.045649264
v  -0.0283335485 0.0100555867 -0.0480790772
v  -0.0235118642 0.0200172178 -0.0455331989
v  -0.0235224422 0.0135124801 -0.0478572734
v  -0.0182139762 0.0166873951 -0.0475251153
v  -0.0182084367 0.0097428225 -0.0502810478
v  -0.0124748349 0.0123884296 -0.0497619286
v  -0.0181953534 0.00273784343 -0.0537544675
v  -0.0181542784 -0.00418761093 -0.0580648445
v  -0.0124033662 -0.00629534014 -0.0603124499
v  -0.0123774391 -0.0101073021 -0.063351661
v  -0.0181171037 -0.00764016714 -0.060597606
v  0.0169895291 0.0362347402 -0.0386340357
v  0.0173550099 0.0360398628 -0.0386483446
v  0.017364027 0.0360567756 -0.00337500009
v  0.0307395905 0.0256257281 -0.0394074097
v  0.0312610194 0.0249311328 -0.039468661
v  0.0312888958 0.0249520615 -0.00337500009
v  0.0399433225 0.0024761511 -0.0436822474
v  0.0400038026 -3.74166063e-07 -0.0447728932
v  0.0400200002 -4.90103644e-18 -0.00337500009
v  0.0325811468 -0.0232393909 -0.068475008
v  0.0321990214 -0.0237660147 -0.0698750019
v  0.0312888958 -0.0249520615 -0.0698750019
v  -0.0312323719 -0.0249040499 -0.0698750019
v  -0.0312888958 -0.0249520615 -0.00337500009
v  -0.0286623221 -0.0279297642 -0.0698750019
v  -0.0249520615 -0.0312888958 -0.00337500009
v  -0.0257966742 -0.0305962749 -0.0698750019
v  -0.0257966742 -0.0305962749 -0.0962496772
v  -0.024930032 -0.031260252 -0.0955525264
v  -0.0228284393 -0.0328703932 -0.0938619599
v  -0.0200528093 -0.0346087776 -0.092036657
v  -0.0103733232 -0.0386160985 -0.0878290609
v  -0.0128313145 -0.0379072241 -0.0885733664
v  -0.017364027 -0.0360567756 -0.00337500009
v  -0.0137102548 -0.0375638045 -0.0889339447
v  -0.0162666664 -0.0365649536 -0.0899827108
v  -0.0169446412 -0.0362245552 -0.0903401226
v  -0.0173469037 -0.0360225849 -0.0905521885
v  -0.0196083095 -0.0348871686 -0.091744341
v  -0.00349188922 -0.039829243 -0.0865552947
v  -0.00576566393 -0.039602492 -0.086793378
v  -0.00890528783 -0.0390166156 -0.00337500009
v  -0.00695864996 -0.039373219 -0.0870341063
v  -0.00890203472 -0.0389997289 -0.0874262601
v  -0.00932488963 -0.0389184654 -0.0875115916
v  0.00870958343 -0.0390607677 -0.0873621777
v  0.00695781363 -0.0393675752 -0.0870400369
v  0.00890528783 -0.0390166156 -0.00337500009
v  0.00508389948 -0.0396957733 -0.0866954401
v  0.00349277188 -0.0398262814 -0.086558409
v  0.00145241979 -0.0399936363 -0.0863826871
v  7.41602662e-07 -0.0399806313 -0.086396344
v  -4.44311257e-18 -0.0400200002 -0.00337500009
v  -0.00216872012 -0.0399611928 -0.0864167511
v  0.0169360582 -0.0362157114 -0.0903494135
v  0.0158575661 -0.0367442258 -0.0897944868
v  0.017364027 -0.0360567756 -0.00337500009
v  0.0137040112 -0.0375549085 -0.0889432877
v  0.0123093091 -0.0380799323 -0.0883920267
v  0.0103699313 -0.0386083648 -0.0878371894
v  0.00890296977 -0.0390080735 -0.0874175057
v  0.0249520615 -0.0312888958 -0.00337500009
v  0.0249284711 -0.0312580839 -0.0955548063
v  0.0226671807 -0.0329818018 -0.0937449858
v  0.0200434066 -0.034601327 -0.0920444801
v  0.0193229988 -0.035046 -0.0915775746
v  0.0173439756 -0.0360158123 -0.0905592963
v  0.0312888958 -0.0249520615 -0.00337500009
v  0.0360567756 -0.017364027 -0.00337500009
v  0.0360557027 -0.0173634738 -0.0589761846
v  0.0348056629 -0.0197526235 -0.0619246252
v  0.0338792503 -0.0213025101 -0.0642776489
v  0.033651229 -0.0216609165 -0.0649573356
v  0.0257966742 -0.0305962749 -0.0962496772
v  0.0257966742 -0.0305962749 -0.0698750019
v  0.0286623221 -0.0279297642 -0.0698750019
v  0.038084615 -0.0122948186 -0.0535567999
v  0.0372122973 -0.0147256684 -0.0560405478
v  0.0360723101 -0.0173317287 -0.0589370057
v  0.0390166156 -0.00890528783 -0.00337500009
v  0.0400165766 -0.000523496885 -0.0450032763
v  0.0398441777 -0.00374726625 -0.046774298
v  0.0394260697 -0.00686915778 -0.0488847159
v  0.0390152745 -0.00890501309 -0.0504892729
v  0.0390048586 -0.00895663351 -0.0505299568
v  0.0385189876 0.0108576296 -0.0412841327
v  0.0389551371 0.00917047914 -0.0416453518
v  0.0390166156 0.00890528783 -0.00337500009
v  0.0390059799 0.00890325569 -0.0417159274
v  0.0396010615 0.00577549776 -0.042541977
v  0.033830788 0.021379387 -0.0397915505
v  0.0357703641 0.0179466289 -0.0401730053
v  0.0360567756 0.017364027 -0.00337500009
v  0.036033038 0.0173535105 -0.0402546115
v  0.0373291969 0.014426765 -0.0406573005
v  0.0331879817 0.0223642178 -0.0396950208
v  0.0240307711 0.0320019126 -0.0389366448
v  0.0248647053 0.0313583612 -0.0389813967
v  0.0249520615 0.0312888958 -0.00337500009
v  0.0249483585 0.0312846899 -0.0389866419
v  0.027964076 0.0286288466 -0.0391756929
v  0.0206195433 0.0342991948 -0.0387761593
v  0.00890528783 0.0390166156 -0.00337500009
v  0.0121629592 0.0381269306 -0.0384774767
v  0.0131480712 0.0377985276 -0.0385067239
v  1.22185595e-17 0.0400200002 -0.00337500009
v  -2.25656216e-10 0.0400199965 -0.0382689871
v  0.00412800955 0.0398065299 -0.0382992886
v  0.00818667654 0.0391736999 -0.0383743122
v  0.00889738742 0.0389866009 -0.0383927524
v  -0.00889738835 0.0389866047 -0.0383927524
v  -0.00818679482 0.0391736738 -0.0383743159
v  -0.00890528783 0.0390166156 -0.00337500009
v  -0.00412812969 0.0398065187 -0.0382992886
v  -0.0173550099 0.0360398628 -0.0386483446
v  -0.0169895291 0.0362347402 -0.0386340357
v  -0.017364027 0.0360567756 -0.00337500009
v  -0.0131480712 0.0377985276 -0.0385067239
v  -0.0121630747 0.0381268933 -0.0384774804
v  -0.0248647053 0.0313583612 -0.0389813967
v  -0.0240307711 0.0320019126 -0.0389366448
v  -0.0206195433 0.0342991948 -0.0387761593
v  -0.0249483585 0.0312846899 -0.0389866419
v  -0.0249520615 0.0312888958 -0.00337500009
v  -0.027964076 0.0286288466 -0.0391756929
v  -0.0312888958 0.0249520615 -0.00337500009
v  -0.0307395905 0.0256257281 -0.0394074097
v  -0.0357703641 0.0179466289 -0.0401730053
v  -0.033830788 0.021379387 -0.0397915505
v  -0.0360567756 0.017364027 -0.00337500009
v  -0.0331879817 0.0223642178 -0.0396950208
v  -0.0312610194 0.0249311328 -0.039468661
v  -0.0390166156 0.00890528783 -0.00337500009
v  -0.0390059799 0.00890325569 -0.0417159274
v  -0.0389551371 0.00917047914 -0.0416453518
v  -0.0385189876 0.0108576296 -0.0412841327
v  -0.0373291969 0.014426765 -0.0406573005
v  -0.036033038 0.0173535105 -0.0402546115
v  -0.0396010615 0.00577549776 -0.042541977
v  -0.0400200002 -3.85185989e-34 -0.00337500009
v  -0.0399433225 0.0024761511 -0.0436822474
v  -0.0394260697 -0.00686915778 -0.0488847159
v  -0.0398441777 -0.00374726625 -0.046774298
v  -0.0390166156 -0.00890528783 -0.00337500009
v  -0.0400165766 -0.000523496885 -0.0450032763
v  -0.0400038026 -3.74166063e-07 -0.0447728932
v  -0.0360723101 -0.0173317287 -0.0589370057
v  -0.0372122973 -0.0147256684 -0.0560405478
v  -0.0360567756 -0.017364027 -0.00337500009
v  -0.038084615 -0.0122948186 -0.0535567999
v  -0.0390048586 -0.00895663351 -0.0505299568
v  -0.0390152745 -0.00890501309 -0.0504892729
v  -0.033651229 -0.0216609165 -0.0649573356
v  -0.0325811468 -0.0232393909 -0.068475008
v  -0.0321990214 -0.0237660147 -0.0698750019
v  -0.0338792503 -0.0213025101 -0.0642776489
v  -0.0348056629 -0.0197526235 -0.0619246252
v  -0.0360557027 -0.0173634738 -0.0589761846
v  0.0260404963 -0.0303790774 -0.0702304989
v  0.0258054659 -0.0305888467 -0.0698875338
v  0.0273047313 -0.0286508612 -0.0980607197
v  0.0273499005 -0.0285299327 -0.0726158097
v  0.0273581501 -0.0285636298 -0.09812738
v  0.027367061 -0.0285374187 -0.0981390551
v  0.026810376 -0.0294981413 -0.0714896768
v  0.0272273868 -0.0288248379 -0.0723084211
v  0.0266322978 -0.0297253802 -0.0972248092
v  0.026672136 -0.02968386 -0.0972713009
v  0.0276629031 -0.0277764928 -0.0734011531
v  0.027834123 -0.0270725079 -0.0740286186
v  0.02775684 -0.0273909904 -0.0986499414
v  0.0279291067 -0.0260091275 -0.0748245567
v  0.0277900975 -0.0272931717 -0.0986935347
v  0.0279291067 -0.0260091275 -0.09888044
v  -0.0276629031 -0.0277764928 -0.0734011531
v  -0.0273499005 -0.0285299327 -0.0726158097
v  -0.0273320172 -0.0285191797 -0.0980997235
v  -0.027570188 -0.0280531906 -0.0984025896
v  -0.0277308747 -0.0273752473 -0.0986161157
v  -0.0279291067 -0.0260091275 -0.0748245567
v  -0.0278875139 -0.0267143715 -0.0988242701
v  -0.0279291067 -0.0260091275 -0.09888044
v  -0.027834123 -0.0270725079 -0.0740286186
v  -0.0266118217 -0.0296924002 -0.0972099453
v  -0.0268900674 -0.0293838643 -0.0975377262
v  -0.0272793546 -0.0286222156 -0.0980327576
v  -0.0272273868 -0.0288248379 -0.0723084211
v  -0.026810376 -0.0294981413 -0.0714896768
v  -0.0260404963 -0.0303790774 -0.0702304989
v  -0.0258054659 -0.0305888467 -0.0698875338
v  -0.0279291067 -0.0257630348 -0.0749291554
v  -0.0279291067 -0.0257630348 -0.09888044
v  -0.0275243055 -0.0236979499 -0.0983451977
v  -0.0273656175 -0.0232322626 -0.0981372297
v  -0.02736279 -0.0232184194 -0.0758676529
v  -0.0273559093 -0.0232037771 -0.0981245041
v  -0.0263579655 -0.0217151716 -0.0755570233
v  -0.0269904863 -0.022540858 -0.0757988989
v  -0.0261413176 -0.0215504635 -0.0966552272
v  -0.027239928 -0.0229710527 -0.0758600011
v  -0.0266733076 -0.0220898148 -0.0972727165
v  -0.0267441757 -0.0222054664 -0.0973611474
v  -0.0256671645 -0.0210697502 -0.0961048678
v  -0.0250726249 -0.0207131077 -0.0954797864
v  -0.0261625294 -0.0215301123 -0.0754732639
v  -0.0259621479 -0.0213688146 -0.0964472592
v  -0.0243100561 -0.02025567 -0.0946780518
v  -0.0240976624 -0.0201978628 -0.0944807529
v  -0.02572955 -0.0211201236 -0.0752876922
v  -0.0239954591 -0.020170046 -0.0943858176
v  -0.0226676967 -0.0198086686 -0.0931524336
v  -0.0219291057 -0.0197630357 -0.0925309658
v  -0.0219291057 -0.0197630357 -0.0747172236
v  -0.0220699422 -0.0197646879 -0.0747007281
v  -0.0222105924 -0.0197696425 -0.0746877715
v  -0.022872977 -0.0198377408 -0.074662216
v  -0.0238619596 -0.0200828873 -0.0747268423
v  -0.0240013879 -0.0201439951 -0.0747575685
v  -0.0247958433 -0.0204921886 -0.0749326125
v  -0.0274740327 -0.0234709196 -0.0758475587
v  -0.0275456719 -0.0236904491 -0.0757924318
v  -0.027776828 -0.0244389977 -0.0986761376
v  -0.0277587119 -0.0243432838 -0.0756285042
v  -0.0277894512 -0.0244760439 -0.0986926779
v  -0.027882278 -0.0250148699 -0.075343132
v  0.016465215 -0.0197630357 -0.0897152349
v  0.0219291057 -0.0197630357 -0.0925309658
v  0.0219291057 -0.0197630357 -0.0747172236
v  -0.0194589477 -0.0197630357 -0.0749082863
v  -0.016465215 -0.0197630357 -0.0897152349
v  0.00840229914 -0.0197630357 -0.0872036293
v  0.00498627173 -0.0197630357 -0.0754028261
v  6.9388939e-18 -0.0197630357 -0.0863550007
v  3.16355764e-09 -0.0197630357 -0.0754271522
v  -0.00840229914 -0.0197630357 -0.0872036293
v  0.0194589477 -0.0197630357 -0.0749082863
v  0.016986113 -0.0197630357 -0.0750629604
v  0.00752366614 -0.0197630357 -0.0753708407
v  -0.00498627173 -0.0197630357 -0.0754028261
v  -0.00752366614 -0.0197630357 -0.0753708407
v  -0.016986113 -0.0197630357 -0.0750629604
v  0.0250984766 -0.0206721649 -0.0954883546
v  0.0261613242 -0.0215299036 -0.0754710361
v  0.0250806436 -0.0206573717 -0.0954684168
v  0.0240924079 -0.0202214196 -0.0944846645
v  0.0239879806 -0.0201753508 -0.0943807065
v  0.0260155648 -0.0213697609 -0.0754098073
v  0.0251290556 -0.0206875727 -0.075048849
v  0.027518684 -0.0237019192 -0.0983392298
v  0.0274740327 -0.0234709196 -0.0758475587
v  0.02736279 -0.0232184194 -0.0758676529
v  0.027239928 -0.0229710527 -0.0758600011
v  0.0261506941 -0.021545101 -0.0966646075
v  0.0263650473 -0.0217229333 -0.0969042331
v  0.026730869 -0.0222370867 -0.0973516703
v  0.0272001233 -0.0228966121 -0.0979256108
v  0.0273458343 -0.0232649632 -0.0981148034
v  0.0259658154 -0.0213917233 -0.0964579359
v  0.0266864281 -0.0221068244 -0.0756916255
v  0.0279291067 -0.0257630348 -0.0749291554
v  0.0278511085 -0.0247987285 -0.0754445866
v  0.0279291067 -0.0257630348 -0.09888044
v  0.0276106037 -0.023834154 -0.0757801011
v  0.0279261526 -0.0255748071 -0.098876439
v  0.0275554247 -0.0236873962 -0.0758073553
v  0.0277346317 -0.0242478233 -0.0986196175
v  0.0277644638 -0.0244545117 -0.0986596197
v  0.0247958433 -0.0204921886 -0.0749326125
v  0.0240013879 -0.0201439951 -0.0747575685
v  0.0235751774 -0.0199932475 -0.0939697772
v  0.0238619596 -0.0200828873 -0.0747268423
v  0.022872977 -0.0198377408 -0.074662216
v  0.0220695082 -0.0197646786 -0.0747007728
v  0.0222105924 -0.0197696425 -0.0746877715
v  0.0103898402 -0.0405734293 -0.089732714
v  0.00260565034 -0.0418962762 -0.0884728357
v  -2.23567009e-09 -0.0420200005 -0.0883549973
v  0.00711648632 -0.0413503051 -0.0889928192
v  0.00697095133 -0.0413709916 -0.0889731124
v  0.00654073292 -0.0414321534 -0.0889148638
v  0.00361221167 -0.0418484844 -0.0885183513
v  0.00349927088 -0.0418538451 -0.0885132477
v  -0.00422401959 -0.0417852812 -0.0885785446
v  -0.00696568657 -0.0413540453 -0.0889892504
v  -0.00719147315 -0.0413185321 -0.089023076
v  -0.00762294512 -0.0412506685 -0.0890877098
v  -0.010382588 -0.0405585431 -0.0897468925
v  0.0105135497 -0.0405440703 -0.089760676
v  -0.000802036724 -0.0420115553 -0.0883630365
v  -0.0032106624 -0.0418522879 -0.0885147229
v  -0.00349650742 -0.0418333858 -0.0885327235
v  0.00249925978 -0.0434780493 -0.0899486542
v  0.01095293 -0.041839771 -0.0902592987
v  0.00631636847 -0.0433119573 -0.0903883129
v  0.00647624535 -0.0425400957 -0.0894527063
v  0.0107526751 -0.0429209173 -0.091240406
v  0.0025688454 -0.0428454168 -0.08905074
v  -1.74034265e-09 -0.0429016389 -0.0889729857
v  -1.27990862e-09 -0.0435083136 -0.089862451
v  0.00813694671 -0.0383855589 -0.167417362
v  0.00410472555 -0.0385003798 -0.168043584
v  0.00407922361 -0.0393205769 -0.167638212
v  0.0240389351 -0.0371407531 -0.160212427
v  0.0112156197 -0.0428854302 -0.0913737416
v  1.50864338e-07 -0.0385388173 -0.168255106
v  0.0114242742 -0.0418049693 -0.0903968215
v  0.0189385973 -0.0410432182 -0.0935039222
v  0.0152531238 -0.0414660648 -0.0917552561
v  0.0149773508 -0.0425397456 -0.0926911682
v  0.018600665 -0.042108167 -0.0943879113
v  0.0230700523 -0.0414348841 -0.0971617252
v  0.019711379 -0.0419558175 -0.0950016081
v  0.0200677197 -0.0408940278 -0.0941361412
v  0.0234796684 -0.0403842852 -0.0963606834
v  0.0266439989 -0.0398276672 -0.0989193693
v  0.0261890739 -0.0408651419 -0.0996473357
v  0.029059371 -0.0402609855 -0.102456965
v  0.0321892835 -0.0394996777 -0.106315084
v  0.0297084581 -0.0401125997 -0.103178583
v  0.0295508094 -0.0392387062 -0.101809733
v  0.0302072167 -0.0390943028 -0.102551699
v  0.0327116773 -0.0384991542 -0.105775006
v  0.0343349166 -0.0388998725 -0.109682649
v  0.0366742164 -0.037364006 -0.112918369
v  0.0348697379 -0.037919458 -0.109232314
v  0.0363951549 -0.0382318161 -0.113874435
v  0.0361398086 -0.0383210704 -0.113279097
v  0.03692903 -0.0372785479 -0.113529146
v  0.0377498902 -0.0377014354 -0.117621228
v  0.0392102189 -0.0363211557 -0.121309005
v  0.0382680967 -0.036775697 -0.11736165
v  0.0397482924 -0.0359168313 -0.12536025
v  0.039813932 -0.0358318649 -0.126317024
v  0.0398366861 -0.0355270132 -0.130339518
v  0.0394423343 -0.0363353677 -0.130365118
v  0.0393747315 -0.036678642 -0.126406223
v  0.0392988212 -0.0367727354 -0.125465766
v  0.0387206785 -0.0372145772 -0.121488094
v  0.0386601873 -0.0352450684 -0.138275757
v  0.0394526087 -0.0353214517 -0.134329751
v  0.0379616991 -0.0359993502 -0.1395991
v  0.0383430086 -0.0359969661 -0.138191685
v  0.0391012952 -0.0360953473 -0.134299234
v  0.0382683538 -0.0352522247 -0.139702111
v  0.0366699323 -0.0361006483 -0.143306687
v  0.0352576897 -0.0355765559 -0.147076353
v  0.0369515568 -0.035359364 -0.143458158
v  0.0349986702 -0.0363194942 -0.146880388
v  0.0329462104 -0.0366297998 -0.150307938
v  0.0331831798 -0.0358801 -0.150544792
v  0.0300539229 -0.0363435447 -0.154623419
v  0.0325825065 -0.0359699577 -0.151416883
v  0.0298454389 -0.0371060669 -0.154340535
v  0.0323513262 -0.0367220081 -0.15117
v  0.0270203836 -0.037515115 -0.157244772
v  0.0272052865 -0.0367409103 -0.157559305
v  0.0238789245 -0.0379264578 -0.159870982
v  0.0231699906 -0.0380122475 -0.160391808
v  0.0233245324 -0.0372242145 -0.160738334
v  0.0197476912 -0.0383888073 -0.162591755
v  0.0161182918 -0.0387196057 -0.164430365
v  0.0198766235 -0.0375908315 -0.162958696
v  0.016221473 -0.0379132479 -0.164812878
v  0.0122894039 -0.0389924049 -0.165898442
v  0.0123668397 -0.0381794535 -0.166292265
v  0.00808645971 -0.0392033011 -0.167015851
v  1.12685214e-07 -0.039359834 -0.167848423
v  -0.0069561298 -0.0432692841 -0.0904930159
v  -0.00712743448 -0.0424624532 -0.0895497724
v  -0.0109529262 -0.041839771 -0.0902592987
v  -0.0107526723 -0.0429209173 -0.091240406
v  -0.0031668942 -0.0428160988 -0.0890908167
v  -0.00308180088 -0.0434622206 -0.089992933
v  -0.0126953134 -0.0427616835 -0.0918413773
v  -0.0382088758 -0.0374897495 -0.119247712
v  -0.00153335708 -0.0385334417 -0.168225661
v  -0.00556761352 -0.0392863564 -0.167455897
v  -0.0015237804 -0.0393543169 -0.167819202
v  -0.0056023607 -0.0384668522 -0.16786018
v  -0.0069044847 -0.0384289809 -0.16765371
v  -0.0108802859 -0.0382620506 -0.1667445
v  -0.0068616746 -0.0392476767 -0.167250693
v  -0.0108124502 -0.0390769653 -0.166347489
v  -0.0184788331 -0.0377222002 -0.163723812
v  -0.0147424191 -0.0380243175 -0.165434852
v  -0.0193932429 -0.0376373939 -0.163231507
v  -0.0227184035 -0.038065508 -0.160711199
v  -0.0192677975 -0.0384365991 -0.162862197
v  -0.0183599144 -0.0385236368 -0.163350269
v  -0.0146492757 -0.0388334692 -0.165047437
v  -0.0261029638 -0.0368855223 -0.158547074
v  -0.0228694919 -0.0372760445 -0.161060795
v  -0.029082749 -0.0364824869 -0.155693203
v  -0.0294619147 -0.0364286304 -0.155284762
v  -0.0320659541 -0.0360471681 -0.152129084
v  -0.0259268451 -0.0376639627 -0.158222273
v  -0.0288824867 -0.0372490659 -0.155398637
v  -0.0292584691 -0.0371936299 -0.154994637
v  -0.0318396054 -0.0368013047 -0.15187408
v  -0.0362279639 -0.0354459211 -0.145121425
v  -0.0343237668 -0.035710901 -0.148737565
v  -0.0359567925 -0.0361871831 -0.144949257
v  -0.0340751633 -0.0364565253 -0.148521811
v  -0.0367337726 -0.0353840701 -0.143981099
v  -0.0378042161 -0.0360054672 -0.140124753
v  -0.0364554562 -0.036125198 -0.143823057
v  -0.0390933305 -0.0352644846 -0.136380151
v  -0.0381071344 -0.0352597162 -0.140234798
v  -0.0396890603 -0.0354063623 -0.132406116
v  -0.0398469903 -0.0357731618 -0.127010047
v  -0.0397997648 -0.0354840048 -0.131025538
v  -0.0394153446 -0.0366133079 -0.127087697
v  -0.0394132547 -0.0362858512 -0.131041214
v  -0.0393179879 -0.0361955985 -0.132402331
v  -0.0387607701 -0.0360253081 -0.136321604
v  -0.0394872725 -0.0361437276 -0.123006038
v  -0.0387165062 -0.0365770608 -0.119023092
v  -0.0390136465 -0.0370217785 -0.123153389
v  -0.0378627703 -0.0376515575 -0.117997527
v  -0.0383787416 -0.0367287658 -0.117746189
v  -0.0353978463 -0.0377654545 -0.110215828
v  -0.0370800756 -0.037226662 -0.113905035
v  -0.0365473703 -0.0381772891 -0.114241876
v  -0.0348617695 -0.0387398712 -0.110641532
v  -0.0328034349 -0.0393354408 -0.107204288
v  -0.0333303399 -0.0383401066 -0.106688306
v  -0.0303118899 -0.0390708596 -0.102673523
v  -0.0328028761 -0.038476035 -0.105906263
v  -0.0322797783 -0.0394758172 -0.106442861
v  -0.0298119988 -0.0400884971 -0.103297077
v  -0.0274995286 -0.0396624506 -0.0997094959
v  -0.0243699383 -0.0402361266 -0.0970274657
v  -0.019989267 -0.0419161879 -0.0951625481
v  -0.0233344901 -0.0413898863 -0.0973530635
v  -0.023947116 -0.0412833318 -0.0978093743
v  -0.0270332452 -0.0406958126 -0.100415148
v  -0.0237481203 -0.0403402895 -0.0965576768
v  -0.0203501582 -0.0408552252 -0.0943019167
v  -0.0167419706 -0.0413068645 -0.0924063027
v  -0.0129306251 -0.0416836292 -0.0908790678
v  -0.0164407454 -0.0423772931 -0.0933227539
v  -0.0169057716 -0.017589435 -0.0718930662
v  -0.0168959126 -0.0176908374 -0.072034955
v  -0.0159116704 -0.0176040735 -0.0720398128
v  -0.00495919539 -0.0179292485 -0.072638914
v  3.00554071e-09 -0.0179003105 -0.0726510733
v  2.53116261e-09 -0.0170396734 -0.0721129328
v  -0.00816761144 -0.0171646811 -0.0720837638
v  -0.00748078618 -0.0179659836 -0.0726229176
v  -0.00813556276 -0.0179867651 -0.0726121515
v  -0.0158571731 -0.0182318334 -0.0724851489
v  -0.0168402847 -0.0182630345 -0.0724689811
v  0.00748078618 -0.0179659836 -0.0726229176
v  0.00840913039 -0.0179954488 -0.0726076514
v  0.0084423041 -0.0171737783 -0.072082065
v  0.0168402847 -0.0182630345 -0.0724689811
v  0.00495919539 -0.0179292485 -0.072638914
v  0.0168959126 -0.0176908374 -0.072034955
v  0.0169057716 -0.017589435 -0.0718930662
v  -0.0212515164 -0.017970603 -0.0718133003
v  -0.0192848742 -0.0183957573 -0.0723975301
v  -0.0219315384 -0.0185812153 -0.0723217279
v  -0.0217230208 -0.0185636375 -0.0723265409
v  -0.0211559217 -0.018524589 -0.0723430514
v  -0.0222436842 -0.0180889294 -0.0717991218
v  -0.0222425088 -0.018094752 -0.0718050227
v  -0.0221402198 -0.0186016634 -0.0723189637
v  0.0221402198 -0.0186016634 -0.0723189637
v  0.0222425088 -0.018094752 -0.0718050227
v  0.0219308957 -0.0185811576 -0.0723217428
v  0.0222436842 -0.0180889294 -0.0717991218
v  0.0217230208 -0.0185636375 -0.0723265409
v  0.019934671 -0.0178306662 -0.0718387812
v  0.0198481642 -0.0184345432 -0.0723811239
v  0.0192848742 -0.0183957573 -0.0723975301
v  -0.0239403974 -0.0183457676 -0.0717883036
v  -0.0254694317 -0.0193070807 -0.0723805726
v  -0.0244440176 -0.019002432 -0.0723276809
v  -0.0238765348 -0.0188870188 -0.0723222196
v  -0.0230538938 -0.0187197141 -0.0723143071
v  -0.0255669113 -0.0186765119 -0.0718069747
v  -0.0260456819 -0.0187961273 -0.0718352795
v  -0.0260231663 -0.0189113636 -0.0719368979
v  -0.0259197149 -0.0194408596 -0.0724038035
v  0.0230538938 -0.0187197141 -0.0723143071
v  0.0243413989 -0.0189815611 -0.07232669
v  0.0244004205 -0.0184290949 -0.0717863515
v  0.0244440176 -0.019002432 -0.0723276809
v  0.0260456819 -0.0187961273 -0.0718352795
v  0.0260231663 -0.0189113636 -0.0719368979
v  0.0259197149 -0.0194408596 -0.0724038035
v  -0.028578911 -0.0194207374 -0.0719230995
v  -0.0283701774 -0.0203074757 -0.0725876987
v  -0.0274181608 -0.0200999044 -0.0725900382
v  -0.0273538139 -0.0200633928 -0.0725813508
v  -0.0294020288 -0.0213909093 -0.0728369504
v  -0.02835075 -0.0206290632 -0.0727160126
v  -0.0283009578 -0.0206008106 -0.0727092847
v  -0.0303596295 -0.0198476985 -0.071900934
v  -0.030321002 -0.0199914128 -0.0720112771
v  -0.0301216561 -0.0207330678 -0.0725807175
v  -0.0300056785 -0.0211645532 -0.0726989359
v  -0.0298403203 -0.0217797589 -0.0728675053
v  -0.0311110765 -0.022963006 -0.0723819435
v  -0.0296651572 -0.0248022806 -0.0723816529
v  -0.0296868663 -0.0247282851 -0.0724020824
v  -0.0298938937 -0.0238702595 -0.072609067
v  -0.029999353 -0.023113979 -0.072751753
v  -0.0304654315 -0.0224864595 -0.0726645291
v  -0.0300158989 -0.022154659 -0.0728612766
v  -0.0287601426 -0.0269988887 -0.0716380775
v  -0.0291747637 -0.0261589512 -0.0719518065
v  -0.031909693 -0.0235524643 -0.0712991804
v  -0.0296312794 -0.0249177497 -0.0723497793
v  -0.0316111185 -0.0233320873 -0.0717039928
v  -0.031113293 -0.0229646433 -0.0723789334
v  -0.0261398666 -0.030296633 -0.0700527504
v  -0.0258089472 -0.0305859149 -0.0698812678
v  -0.0272762813 -0.0291334633 -0.0706823394
v  -0.0279490277 -0.0282822158 -0.0710917115
v  -0.0284047741 -0.0276787989 -0.0712991804
v  -0.028246358 -0.0278117862 -0.0712919906
v  -0.028357828 -0.0276354216 -0.0713670775
v  -0.0321492814 -0.023729302 -0.0701198429
v  -0.0320269354 -0.0236389991 -0.0707220733
v  0.031113293 -0.0229646433 -0.0723789334
v  0.0311110765 -0.022963006 -0.0723819435
v  0.0302317031 -0.024108978 -0.0723819435
v  0.0296651572 -0.0248022806 -0.0723816529
v  0.0296868663 -0.0247282851 -0.0724020824
v  0.029888453 -0.0238367282 -0.0726104006
v  0.0299362466 -0.0236253552 -0.0726597905
v  0.0300263949 -0.0225505587 -0.0728275478
v  0.0304654315 -0.0224864595 -0.0726645291
v  0.0300158989 -0.022154659 -0.0728612766
v  0.0279490277 -0.0282822158 -0.0710917115
v  0.0272762813 -0.0291334633 -0.0706823394
v  0.028246358 -0.0278117862 -0.0712919906
v  0.0261398666 -0.030296633 -0.0700527504
v  0.0258089472 -0.0305859149 -0.0698812678
v  0.0296312794 -0.0249177497 -0.0723497793
v  0.0310077481 -0.024727853 -0.0712991804
v  0.028357828 -0.0276354216 -0.0713670775
v  0.0284047741 -0.0276787989 -0.0712991804
v  0.0287601426 -0.0269988887 -0.0716380775
v  0.0291747637 -0.0261589512 -0.0719518065
v  0.0316111185 -0.0233320873 -0.0717039928
v  0.0321492814 -0.023729302 -0.0701198429
v  0.0320269354 -0.0236389991 -0.0707220733
v  0.031909693 -0.0235524643 -0.0712991804
v  0.028578911 -0.0194207374 -0.0719230995
v  0.0301216561 -0.0207330678 -0.0725807175
v  0.0288884863 -0.0209932327 -0.0727833137
v  0.0300056785 -0.0211645532 -0.0726989359
v  0.0298403203 -0.0217797589 -0.0728675053
v  0.0264267027 -0.0196386073 -0.0724619254
v  0.0273762587 -0.0200967565 -0.0725864097
v  0.0283701774 -0.0203074757 -0.0725876987
v  0.0278033614 -0.0203028284 -0.0726424009
v  0.0282960162 -0.0206162762 -0.072706379
v  0.0303596295 -0.0198476985 -0.071900934
v  0.030321002 -0.0199914128 -0.0720112771
v  -0.0311134588 -0.0224795695 -0.0725190192
v  -0.0325152352 -0.0229697339 -0.0702084824
v  -0.0321028233 -0.0235373545 -0.0706455335
v  -0.0326893702 -0.0225312319 -0.0703921318
v  -0.0321480781 -0.0231069475 -0.0713437721
v  -0.0326787047 -0.0224437285 -0.0704179183
v  -0.0321480781 -0.0223247055 -0.0716920048
v  -0.032633882 -0.0220758766 -0.0705263466
v  -0.0321480781 -0.0214694627 -0.0716504082
v  -0.0325764343 -0.0216043983 -0.0706653073
v  -0.0317398831 -0.0199979637 -0.0709856153
v  -0.0321003087 -0.0205381569 -0.0708968192
v  -0.0321480781 -0.0207247101 -0.0712278932
v  -0.0324690118 -0.0210907571 -0.0708059892
v  -0.032523863 -0.0211729649 -0.0707924739
v  -0.0310791302 -0.019606296 -0.0709545091
v  -0.0311134588 -0.0201513339 -0.0718436688
v  -0.0311134588 -0.0212350618 -0.0724584833
v  -0.0299324673 -0.021965282 -0.0728713274
v  0.0325152352 -0.0229697339 -0.0702084824
v  0.0321003087 -0.0205381569 -0.0708968192
v  0.0321480781 -0.0207247101 -0.0712278932
v  0.0324690118 -0.0210907571 -0.0708059892
v  0.0310791302 -0.019606296 -0.0709545091
v  0.0311134588 -0.0201513339 -0.0718436688
v  0.0317398831 -0.0199979637 -0.0709856153
v  0.032523863 -0.0211729649 -0.0707924739
v  0.0321480781 -0.0214694627 -0.0716504082
v  0.0325764343 -0.0216043983 -0.0706653073
v  0.0321480781 -0.0223247055 -0.0716920048
v  0.032633882 -0.0220758766 -0.0705263466
v  0.0321480781 -0.0231069475 -0.0713437721
v  0.0326787047 -0.0224437285 -0.0704179183
v  0.0321028233 -0.0235373545 -0.0706455335
v  0.0326893702 -0.0225312319 -0.0703921318
v  0.0299324673 -0.021965282 -0.0728713274
v  0.0311134588 -0.0212350618 -0.0724584833
v  0.0311134588 -0.0224795695 -0.0725190192
v  -0.0328606404 -0.0207321923 -0.0694780424
v  -5.72803067e-08 0.0396176837 -0.0397696644
v  -7.06880243e-08 0.0399176776 -0.0390458219
v  -0.00410619937 0.039706111 -0.0390753299
v  -0.0320979208 -0.0195849147 -0.0697016045
v  -0.0330342427 -0.0220450703 -0.0690373853
v  -0.033143416 -0.0183221679 -0.0663713738
v  -0.0333543718 -0.0180516187 -0.0657625273
v  -0.0341796242 -0.0168708935 -0.0636865944
v  -0.0350497961 -0.0188273769 -0.0626665279
v  -0.0342188813 -0.0202476252 -0.0649224892
v  -0.034014307 -0.0205747001 -0.0655770227
v  -0.0354207382 -0.0147649571 -0.0607204251
v  -0.0365618467 -0.0124549549 -0.0577906445
v  -0.0374476947 -0.0102895126 -0.0552615523
v  -0.0390144177 -0.00840233639 -0.0511472933
v  -0.0381472521 -0.0116288429 -0.0542067997
v  -0.0373212956 -0.0139797973 -0.0567263998
v  -0.0362420827 -0.0164993554 -0.0596602336
v  -0.038376797 -0.00730995182 -0.0521966852
v  -0.0387988836 -0.00543305045 -0.0505371355
v  -0.0392115079 -0.00260084681 -0.048420161
v  -0.0393750481 0.000360361475 -0.0466541648
v  -0.0399456285 -0.00021016931 -0.0455923751
v  -0.0397959426 -0.00335122808 -0.0473671295
v  -0.0394090712 -0.00638133846 -0.0494885519
v  -0.039287176 0.0031456307 -0.045356188
v  -0.0389228538 0.00623789476 -0.0442602523
v  -0.0398575328 0.00272314274 -0.0442769788
v  -0.0395040661 0.00596057996 -0.0431518517
v  -0.0382518135 0.0094451895 -0.0434229448
v  -0.0366083868 0.0144576356 -0.0425138511
v  -0.0378048681 0.0110473419 -0.0430922322
v  -0.03722113 0.0144955218 -0.0413203873
v  -0.0384123586 0.0109668355 -0.0419281125
v  -0.0388507955 0.00930248294 -0.0422774777
v  -0.0350583307 0.0178406909 -0.0420665108
v  -0.0331374481 0.021150941 -0.0417192467
v  -0.0325016864 0.022101758 -0.0416327901
v  -0.0330862328 0.0223675221 -0.0403913222
v  -0.0337277912 0.0213895887 -0.0404836424
v  -0.0356639326 0.0179832112 -0.0408509932
v  -0.0273454301 0.0281544961 -0.0411811732
v  -0.0300827157 0.0252523478 -0.0413799472
v  -0.0278729815 0.0285930801 -0.0399008542
v  -0.030642746 0.0256077908 -0.0401184186
v  -0.0242951643 0.0307932869 -0.0410151407
v  -0.0234752931 0.0314153321 -0.04097699
v  -0.0205448177 0.034232527 -0.0395270325
v  -0.0239482541 0.0319475979 -0.0396770015
v  -0.0247803368 0.0313075148 -0.0397188589
v  -0.0165646989 0.0355016962 -0.0407188684
v  -0.0201247428 0.0336345658 -0.0408403277
v  -0.0128038516 0.0370074473 -0.0406084508
v  -0.0118407318 0.0373232365 -0.0405826867
v  -0.0121106887 0.0380382352 -0.0392467082
v  -0.0130927283 0.0377119258 -0.0392743833
v  -0.0169236772 0.0361573696 -0.0393941142
v  -0.00814784691 0.0390780233 -0.0391482115
v  -0.00795843825 0.0383289717 -0.0404898897
v  -0.0040064333 0.0389364809 -0.0404196493
v  -4.53044322e-08 0.039140489 -0.0403911397
v  -0.00406469172 0.0394093655 -0.039798528
v  -0.00806996971 0.0387899503 -0.0398696922
v  -0.0120007899 0.0377642363 -0.0399644524
v  -0.0129753808 0.0374422409 -0.0399908759
v  -0.0167789143 0.0359075814 -0.0401045308
v  -0.0203763023 0.0340061747 -0.0402300283
v  -0.0237591881 0.0317479484 -0.0403714664
v  -0.0245865155 0.0311152153 -0.0404109657
v  -0.0276625939 0.0284317639 -0.0405828729
v  -0.0304195285 0.0254809093 -0.0407887213
v  -0.0328531899 0.0222784001 -0.0410493128
v  -0.0334924087 0.0213120338 -0.041138079
v  -0.0354223624 0.0179472715 -0.0414934009
v  -0.0369767286 0.014505988 -0.0419498719
v  -0.0381703936 0.0110311154 -0.0425407514
v  -0.0386125818 0.00939552858 -0.0428795516
v  -0.0392744653 0.00611712178 -0.043733567
v  -0.0396353416 0.00294984644 -0.044843819
v  -0.0397281572 8.94464974e-05 -0.0461520068
v  -0.0395809896 -0.00296172197 -0.0479263254
v  -0.0391952321 -0.00589170307 -0.0500519387
v  -0.0387995839 -0.00783908088 -0.0517174043
v  -0.0379278772 -0.0109381536 -0.0547939688
v  -0.0370958038 -0.0131926127 -0.0573331006
v  -0.0360143967 -0.0156024154 -0.0602834374
v  -0.034829136 -0.0178116448 -0.0632875711
v  -0.0340325795 -0.0190937389 -0.0654495358
v  -0.0338336937 -0.0193872042 -0.0660799593
v  0.00400631642 0.0389364921 -0.0404196456
v  0.0330342427 -0.0220450703 -0.0690373853
v  0.0328606404 -0.0207321923 -0.0694780424
v  0.0320979208 -0.0195849147 -0.0697016045
v  0.0333543718 -0.0180516187 -0.0657625273
v  0.033143416 -0.0183221679 -0.0663713738
v  0.0341796242 -0.0168708935 -0.0636865944
v  0.034014307 -0.0205747001 -0.0655770227
v  0.0342188813 -0.0202476252 -0.0649224892
v  0.0350497961 -0.0188273769 -0.0626665279
v  0.0362420827 -0.0164993554 -0.0596602336
v  0.0354207382 -0.0147649571 -0.0607204251
v  0.0365618467 -0.0124549549 -0.0577906445
v  0.0374476947 -0.0102895126 -0.0552615523
v  0.0373212956 -0.0139797973 -0.0567263998
v  0.0381472521 -0.0116288429 -0.0542067997
v  0.0390144177 -0.00840233639 -0.0511472933
v  0.0394090712 -0.00638133846 -0.0494885519
v  0.0392115079 -0.00260084681 -0.048420161
v  0.0387988836 -0.00543305045 -0.0505371355
v  0.038376797 -0.00730995182 -0.0521966852
v  0.0397959426 -0.00335122808 -0.0473671295
v  0.0399456285 -0.00021016931 -0.0455923751
v  0.0398575328 0.00272314274 -0.0442769788
v  0.0393750481 0.000360361475 -0.0466541648
v  0.039287176 0.0031456307 -0.045356188
v  0.0395040661 0.00596057996 -0.0431518517
v  0.0388507955 0.00930248294 -0.0422774777
v  0.0389228538 0.00623789476 -0.0442602523
v  0.0382518135 0.0094451895 -0.0434229448
v  0.0378048681 0.0110473419 -0.0430922322
v  0.0384123586 0.0109668355 -0.0419281125
v  0.0366083868 0.0144576356 -0.0425138511
v  0.0356639326 0.0179832112 -0.0408509932
v  0.03722113 0.0144955218 -0.0413203873
v  0.0350583307 0.0178406909 -0.0420665108
v  0.0331374481 0.021150941 -0.0417192467
v  0.0337277912 0.0213895887 -0.0404836424
v  0.030642746 0.0256077908 -0.0401184186
v  0.0330862328 0.0223675221 -0.0403913222
v  0.0325016864 0.022101758 -0.0416327901
v  0.0300827157 0.0252523478 -0.0413799472
v  0.0278729815 0.0285930801 -0.0399008542
v  0.0247803368 0.0313075148 -0.0397188589
v  0.0273454301 0.0281544961 -0.0411811732
v  0.0242951643 0.0307932869 -0.0410151407
v  0.0234752931 0.0314153321 -0.04097699
v  0.0201247428 0.0336345658 -0.0408403277
v  0.0239482541 0.0319475979 -0.0396770015
v  0.0205448177 0.034232527 -0.0395270325
v  0.0169236772 0.0361573696 -0.0393941142
v  0.0165646989 0.0355016962 -0.0407188684
v  0.0128038516 0.0370074473 -0.0406084508
v  0.0130927283 0.0377119258 -0.0392743833
v  0.00814772956 0.0390780456 -0.0391482078
v  0.0121105732 0.0380382724 -0.0392467044
v  0.0118406191 0.03732327 -0.0405826829
v  0.00795832369 0.0383289941 -0.040489886
v  0.00410607969 0.0397061259 -0.0390753262
v  0.0338336937 -0.0193872042 -0.0660799593
v  0.0340325795 -0.0190937389 -0.0654495358
v  0.034829136 -0.0178116448 -0.0632875711
v  0.0360143967 -0.0156024154 -0.0602834374
v  0.0370958038 -0.0131926127 -0.0573331006
v  0.0379278772 -0.0109381536 -0.0547939688
v  0.0387995839 -0.00783908088 -0.0517174043
v  0.0391952321 -0.00589170307 -0.0500519387
v  0.0395809896 -0.00296172197 -0.0479263254
v  0.0397281572 8.94464974e-05 -0.0461520068
v  0.0396353416 0.00294984644 -0.044843819
v  0.0392744653 0.00611712178 -0.043733567
v  0.0386125818 0.00939552858 -0.0428795516
v  0.0381703936 0.0110311154 -0.0425407514
v  0.0369767286 0.014505988 -0.0419498719
v  0.0354223624 0.0179472715 -0.0414934009
v  0.0334924087 0.0213120338 -0.041138079
v  0.0328531899 0.0222784001 -0.0410493128
v  0.0304195285 0.0254809093 -0.0407887213
v  0.0276625939 0.0284317639 -0.0405828729
v  0.0245865155 0.0311152153 -0.0404109657
v  0.0237591881 0.0317479484 -0.0403714664
v  0.0203763023 0.0340061747 -0.0402300283
v  0.0167789143 0.0359075814 -0.0401045308
v  0.0129753808 0.0374422409 -0.0399908759
v  0.0120006753 0.0377642736 -0.0399644487
v  0.0080698533 0.0387899764 -0.0398696885
v  0.00406457344 0.0394093767 -0.039798528
v  -0.0278679039 -0.0274340212 -0.0727601722
v  -0.0258066244 -0.0305878688 -0.0698854476
v  -0.0260724202 -0.0303502716 -0.0701711997
v  -0.0269374717 -0.029352501 -0.0712160319
v  -0.0273986775 -0.0285948794 -0.0718867257
v  -0.0258077849 -0.0305868909 -0.069883354
v  -0.0261055492 -0.0303227846 -0.0701119378
v  -0.0270934217 -0.0292304344 -0.0709457919
v  -0.0276415627 -0.0284122471 -0.0714772046
v  -0.0282415412 -0.0271692276 -0.0721598044
v  -0.0285058599 -0.0263594985 -0.0725290179
v  -0.0280449688 -0.0266735647 -0.0732429922
v  -0.0287318751 -0.0251849312 -0.0729556382
v  -0.0281370021 -0.0255663451 -0.0738205165
v  -0.0287599303 -0.0249777585 -0.0730113462
v  -0.0281445477 -0.0253400188 -0.0738960579
v  -0.0277773961 -0.0232164003 -0.0743954182
v  -0.028814435 -0.0241964068 -0.0731930584
v  -0.0281013008 -0.0246021803 -0.0741623044
v  -0.0287991725 -0.0235337578 -0.0732882246
v  -0.0279956125 -0.0239746217 -0.0743199065
v  -0.0287022907 -0.0227374602 -0.073308818
v  -0.028631676 -0.0225818697 -0.0733182952
v  -0.0276964158 -0.0230379608 -0.0744088367
v  -0.0285563134 -0.0224285144 -0.0733146891
v  -0.0276099686 -0.0228620544 -0.074403733
v  -0.0273640342 -0.0224838369 -0.0744090751
v  -0.0274310466 -0.0213163439 -0.0733083934
v  -0.0282347817 -0.0220686197 -0.0733395889
v  -0.0267230161 -0.0217022356 -0.074317798
v  -0.0260619037 -0.0210980251 -0.0741675422
v  -0.0266321693 -0.020727016 -0.0732173696
v  -0.025437057 -0.0200641658 -0.0730618164
v  -0.0252421331 -0.0202465076 -0.0735004097
v  -0.0250472073 -0.0204288512 -0.0739390031
v  -0.0240724515 -0.0198168997 -0.0733842179
v  -0.0229213722 -0.0195437577 -0.0733588189
v  -0.0221553855 -0.0194602069 -0.0733685866
v  -0.0219845865 -0.0194514934 -0.0733736008
v  -0.0218521543 -0.0195515789 -0.0738245398
v  -0.0217837337 -0.0191533808 -0.0730308369
v  -0.0218139086 -0.0194464847 -0.0733808726
v  -0.0193913635 -0.0195994359 -0.0739334747
v  -0.0193311498 -0.0191264823 -0.0730649754
v  -0.0168778747 -0.0190611687 -0.0731376335
v  -0.0169285219 -0.0195821133 -0.0740385205
v  -0.00497508515 -0.0195371788 -0.0742608905
v  5.42375922e-09 -0.0195331853 -0.074275516
v  -0.00496558286 -0.0188936163 -0.0732909068
v  4.91139573e-09 -0.0188788548 -0.0733003467
v  -0.00750604039 -0.0195422247 -0.0742413327
v  -0.00749100978 -0.0189122986 -0.0732780918
v  0.00497508515 -0.0195371788 -0.0742608905
v  0.00496558286 -0.0188936163 -0.0732909068
v  0.00750604039 -0.0195422247 -0.0742413327
v  0.00749100978 -0.0189122986 -0.0732780918
v  0.0169285219 -0.0195821133 -0.0740385205
v  0.0169031974 -0.019321641 -0.0735880807
v  0.0168778747 -0.0190611687 -0.0731376335
v  0.019359896 -0.0193991456 -0.0734796152
v  0.0218139086 -0.0194464847 -0.0733808726
v  0.0219840612 -0.019451471 -0.0733736232
v  0.0221553855 -0.0194602069 -0.0733685866
v  0.0229213722 -0.0195437577 -0.0733588189
v  0.0240724515 -0.0198168997 -0.0733842179
v  0.0250842292 -0.020351911 -0.0739611089
v  0.0252273511 -0.0202822946 -0.073478967
v  0.0254569929 -0.0200032089 -0.0731223598
v  0.0269962642 -0.0209788736 -0.0732626468
v  0.0270592179 -0.0220817439 -0.0743780136
v  0.0258646198 -0.0202750098 -0.0731158555
v  0.0254128519 -0.0206402 -0.0740164742
v  0.0263654478 -0.0213553384 -0.0742391124
v  0.0278477054 -0.0216830019 -0.0733366385
v  0.0285563134 -0.0224285144 -0.0733146891
v  0.0276099686 -0.0228620544 -0.074403733
v  0.028631676 -0.0225818697 -0.0733182952
v  0.0276964158 -0.0230379608 -0.0744088367
v  0.0287022907 -0.0227374602 -0.073308818
v  0.0277773961 -0.0232164003 -0.0743954182
v  0.028815724 -0.0239788219 -0.0732309073
v  0.0278784204 -0.023523936 -0.0743829533
v  0.028752299 -0.023059614 -0.0733149126
v  0.0280737802 -0.0243963376 -0.0742218122
v  0.0287599303 -0.0249777585 -0.0730113462
v  0.0281445477 -0.0253400188 -0.0738960579
v  0.0287318751 -0.0251849312 -0.0729556382
v  0.0281370021 -0.0255663451 -0.0738205165
v  0.0258077849 -0.0305868909 -0.069883354
v  0.0258066244 -0.0305878688 -0.0698854476
v  0.0261055492 -0.0303227846 -0.0701119378
v  0.0260724202 -0.0303502716 -0.0701711997
v  0.0270934217 -0.0292304344 -0.0709457919
v  0.0269374717 -0.029352501 -0.0712160319
v  0.0276415627 -0.0284122471 -0.0714772046
v  0.0273986775 -0.0285948794 -0.0718867257
v  0.0282415412 -0.0271692276 -0.0721598044
v  0.0285058599 -0.0263594985 -0.0725290179
v  0.0278679039 -0.0274340212 -0.0727601722
v  0.0280449688 -0.0266735647 -0.0732429922
v  -0.0320744812 -0.00999999978 -0.158757567
v  -0.0303785298 -0.00999999978 -0.162113786
v  -0.036729373 -0.00999999978 -0.155060455
v  0.00474559236 -0.00999999978 -0.173526302
v  -0.00474559236 -0.00999999978 -0.173526302
v  -0.0023918571 -0.00999999978 -0.172490209
v  0.0439210162 -0.00999999978 -0.1235983
v  0.0444079004 -0.00999999978 -0.118935809
v  0.0454000011 -0.00999999978 -0.128375009
v  0.0378559493 -0.00999999978 -0.105597831
v  0.036729373 -0.00999999978 -0.101689547
v  0.0414749645 -0.00999999978 -0.109909154
v  -0.0414749645 -0.00999999978 -0.109909154
v  -0.036729373 -0.00999999978 -0.101689547
v  -0.0378559493 -0.00999999978 -0.105597831
v  -0.0286015254 -0.00999999978 -0.162047327
v  -0.0247932449 -0.00999999978 -0.164942309
v  -0.0227000006 -0.00999999978 -0.167692557
v  -0.0206942856 -0.00999999978 -0.167408571
v  -0.0163527038 -0.00999999978 -0.169417202
v  -0.0140293716 -0.00999999978 -0.171552971
v  -0.0118194018 -0.00999999978 -0.170944646
v  -0.0071475287 -0.00999999978 -0.171973005
v  0.0227000006 -0.00999999978 -0.167692557
v  0.0140293716 -0.00999999978 -0.171552971
v  0.0163527038 -0.00999999978 -0.169417202
v  0.0247932449 -0.00999999978 -0.0918077007
v  0.0227000006 -0.00999999978 -0.0890574455
v  0.0303785298 -0.00999999978 -0.0946362242
v  -0.0418673158 -0.00999999978 -0.142481744
v  -0.0414749645 -0.00999999978 -0.146840855
v  -0.0444079004 -0.00999999978 -0.137814194
v  0.0023918571 -0.00999999978 -0.172490209
v  0.0071475287 -0.00999999978 -0.171973005
v  0.0118194018 -0.00999999978 -0.170944646
v  0.0431470945 -0.00999999978 -0.118877605
v  0.0418673158 -0.00999999978 -0.114268258
v  0.0400966816 -0.00999999978 -0.1098243
v  0.0351713933 -0.00999999978 -0.101638399
v  0.0320744812 -0.00999999978 -0.0979924351
v  0.0286015254 -0.00999999978 -0.0947026759
v  -0.0454000011 -0.00999999978 -0.128375009
v  -0.0444079004 -0.00999999978 -0.118935809
v  -0.0439210162 -0.00999999978 -0.1235983
v  -0.0400966816 -0.00999999978 -0.146925703
v  -0.0378559493 -0.00999999978 -0.151152179
v  -0.0351713933 -0.00999999978 -0.155111611
v  0.0206942856 -0.00999999978 -0.167408571
v  0.0247932449 -0.00999999978 -0.164942309
v  0.0303785298 -0.00999999978 -0.162113786
v  0.0444079004 -0.00999999978 -0.137814194
v  0.0439210162 -0.00999999978 -0.13315171
v  0.0441799983 -0.00999999978 -0.128375009
v  0.0206942856 -0.00999999978 -0.0893414393
v  0.0163527038 -0.00999999978 -0.0873328075
v  0.0140293716 -0.00999999978 -0.0851970315
v  0.0118194018 -0.00999999978 -0.085805364
v  0.00474559236 -0.00999999978 -0.083223708
v  -0.0303785298 -0.00999999978 -0.0946362242
v  -0.0320744812 -0.00999999978 -0.0979924351
v  -0.0351713933 -0.00999999978 -0.101638399
v  -0.0400966816 -0.00999999978 -0.1098243
v  -0.0418673158 -0.00999999978 -0.114268258
v  -0.0431470945 -0.00999999978 -0.118877605
v  -0.0441799983 -0.00999999978 -0.128375009
v  -0.0439210162 -0.00999999978 -0.13315171
v  -0.0431470945 -0.00999999978 -0.137872398
v  0.0414749645 -0.00999999978 -0.146840855
v  0.036729373 -0.00999999978 -0.155060455
v  0.0378559493 -0.00999999978 -0.151152179
v  0.0400966816 -0.00999999978 -0.146925703
v  0.0418673158 -0.00999999978 -0.142481744
v  0.0431470945 -0.00999999978 -0.137872398
v  -0.0227000006 -0.00999999978 -0.0890574455
v  -0.0140293716 -0.00999999978 -0.0851970315
v  -0.0163527038 -0.00999999978 -0.0873328075
v  -0.0206942856 -0.00999999978 -0.0893414393
v  -0.0247932449 -0.00999999978 -0.0918077007
v  -0.0286015254 -0.00999999978 -0.0947026759
v  0.0286015254 -0.00999999978 -0.162047327
v  0.0320744812 -0.00999999978 -0.158757567
v  0.0351713933 -0.00999999978 -0.155111611
v  0.0071475287 -0.00999999978 -0.084777005
v  0.0023918571 -0.00999999978 -0.0842597932
v  -0.00474559236 -0.00999999978 -0.083223708
v  -0.0023918571 -0.00999999978 -0.0842597932
v  -0.0071475287 -0.00999999978 -0.084777005
v  -0.0118194018 -0.00999999978 -0.085805364
v  0.0437221862 -0.00980000012 -0.123619922
v  0.0416777879 -0.00980000012 -0.114332117
v  0.0429517739 -0.00980000012 -0.118920602
v  0.0376845784 -0.00980000012 -0.10570094
v  0.0399151668 -0.00980000012 -0.109908275
v  0.0319292806 -0.00980000012 -0.0981299803
v  0.0350121744 -0.00980000012 -0.101759434
v  0.0246810075 -0.00980000012 -0.0919732377
v  0.0284720492 -0.00980000012 -0.0948551148
v  0.0162786767 -0.00980000012 -0.0875186026
v  0.0206006039 -0.00980000012 -0.0895181373
v  0.00711517222 -0.00980000012 -0.0849743709
v  0.0117658963 -0.00980000012 -0.0859980732
v  -0.00238102931 -0.00980000012 -0.0844594985
v  0.00238102931 -0.00980000012 -0.0844594985
v  -0.0117658963 -0.00980000012 -0.0859980732
v  -0.00711517222 -0.00980000012 -0.0849743709
v  -0.0206006039 -0.00980000012 -0.0895181373
v  -0.0162786767 -0.00980000012 -0.0875186026
v  -0.0284720492 -0.00980000012 -0.0948551148
v  -0.0246810075 -0.00980000012 -0.0919732377
v  -0.0350121744 -0.00980000012 -0.101759434
v  -0.0319292806 -0.00980000012 -0.0981299803
v  -0.0399151668 -0.00980000012 -0.109908275
v  -0.0376845784 -0.00980000012 -0.10570094
v  -0.0429517739 -0.00980000012 -0.118920602
v  -0.0416777879 -0.00980000012 -0.114332117
v  -0.0439799987 -0.00980000012 -0.128375009
v  -0.0437221862 -0.00980000012 -0.123619922
v  -0.0429517739 -0.00980000012 -0.137829408
v  -0.0437221862 -0.00980000012 -0.133130088
v  -0.0399151668 -0.00980000012 -0.146841735
v  -0.0416777879 -0.00980000012 -0.142417893
v  -0.0350121744 -0.00980000012 -0.154990569
v  -0.0376845784 -0.00980000012 -0.151049063
v  -0.0284720492 -0.00980000012 -0.161894888
v  -0.0319292806 -0.00980000012 -0.15862003
v  -0.0206006039 -0.00980000012 -0.167231873
v  -0.0246810075 -0.00980000012 -0.164776772
v  -0.0117658963 -0.00980000012 -0.170751929
v  -0.0162786767 -0.00980000012 -0.1692314
v  -0.00238102931 -0.00980000012 -0.172290504
v  -0.00711517222 -0.00980000012 -0.171775639
v  0.00711517222 -0.00980000012 -0.171775639
v  0.00238102931 -0.00980000012 -0.172290504
v  0.0162786767 -0.00980000012 -0.1692314
v  0.0117658963 -0.00980000012 -0.170751929
v  0.0246810075 -0.00980000012 -0.164776772
v  0.0206006039 -0.00980000012 -0.167231873
v  0.0319292806 -0.00980000012 -0.15862003
v  0.0284720492 -0.00980000012 -0.161894888
v  0.0376845784 -0.00980000012 -0.151049063
v  0.0350121744 -0.00980000012 -0.154990569
v  0.0416777879 -0.00980000012 -0.142417893
v  0.0399151668 -0.00980000012 -0.146841735
v  0.0439799987 -0.00980000012 -0.128375009
v  0.0437221862 -0.00980000012 -0.133130088
v  0.0429517739 -0.00980000012 -0.137829408
v  -0.0437221862 0.00475507462 -0.0151749998
v  -0.0416777879 0.0140428813 -0.0151749998
v  -0.0429517739 0.00945440028 -0.0151749998
v  -0.0376845784 0.0226740595 -0.0151749998
v  -0.0399151668 0.0184667222 -0.0151749998
v  -0.0319292806 0.0302450228 -0.0151749998
v  -0.0350121744 0.0266155619 -0.0151749998
v  -0.0246810075 0.0364017636 -0.0151749998
v  -0.0284720492 0.0335198864 -0.0151749998
v  -0.0162786767 0.0408563949 -0.0151749998
v  -0.0206006039 0.0388568603 -0.0151749998
v  -0.00711517222 0.0434006304 -0.0151749998
v  -0.0117658963 0.042376928 -0.0151749998
v  0.00238102931 0.043915499 -0.0151749998
v  -0.00238102931 0.043915499 -0.0151749998
v  0.0117658963 0.042376928 -0.0151749998
v  0.00711517222 0.0434006304 -0.0151749998
v  0.0206006039 0.0388568603 -0.0151749998
v  0.0162786767 0.0408563949 -0.0151749998
v  0.0284720492 0.0335198864 -0.0151749998
v  0.0246810075 0.0364017636 -0.0151749998
v  0.0350121744 0.0266155619 -0.0151749998
v  0.0319292806 0.0302450228 -0.0151749998
v  0.0399151668 0.0184667222 -0.0151749998
v  0.0376845784 0.0226740595 -0.0151749998
v  0.0429517739 0.00945440028 -0.0151749998
v  0.0416777879 0.0140428813 -0.0151749998
v  0.0439799987 -5.38599672e-18 -0.0151749998
v  0.0437221862 0.00475507462 -0.0151749998
v  0.0429517739 -0.00945440028 -0.0151749998
v  0.0437221862 -0.00475507462 -0.0151749998
v  0.0399151668 -0.0184667222 -0.0151749998
v  0.0416777879 -0.0140428813 -0.0151749998
v  0.0350121744 -0.0266155619 -0.0151749998
v  0.0376845784 -0.0226740595 -0.0151749998
v  0.0284720492 -0.0335198864 -0.0151749998
v  0.0319292806 -0.0302450228 -0.0151749998
v  0.0206006039 -0.0388568603 -0.0151749998
v  0.0246810075 -0.0364017636 -0.0151749998
v  0.0117658963 -0.042376928 -0.0151749998
v  0.0162786767 -0.0408563949 -0.0151749998
v  0.00238102931 -0.043915499 -0.0151749998
v  0.00711517222 -0.0434006304 -0.0151749998
v  -0.00711517222 -0.0434006304 -0.0151749998
v  -0.00238102931 -0.043915499 -0.0151749998
v  -0.0162786767 -0.0408563949 -0.0151749998
v  -0.0117658963 -0.042376928 -0.0151749998
v  -0.0246810075 -0.0364017636 -0.0151749998
v  -0.0206006039 -0.0388568603 -0.0151749998
v  -0.0319292806 -0.0302450228 -0.0151749998
v  -0.0284720492 -0.0335198864 -0.0151749998
v  -0.0376845784 -0.0226740595 -0.0151749998
v  -0.0350121744 -0.0266155619 -0.0151749998
v  -0.0416777879 -0.0140428813 -0.0151749998
v  -0.0399151668 -0.0184667222 -0.0151749998
v  -0.0439799987 0 -0.0151749998
v  -0.0437221862 -0.00475507462 -0.0151749998
v  -0.0429517739 -0.00945440028 -0.0151749998
v  0.0440800004 -0.00997320469 -0.128375009
v  0.0438215993 -0.00997320469 -0.133140892
v  0.0430494323 -0.00997320469 -0.13785091
v  0.0417725518 -0.00997320469 -0.142449811
v  0.040005926 -0.00997320469 -0.146883711
v  0.0377702639 -0.00997320469 -0.151100621
v  0.0350917839 -0.00997320469 -0.155051082
v  0.0320018828 -0.00997320469 -0.158688799
v  0.0285367873 -0.00997320469 -0.161971107
v  0.0247371253 -0.00997320469 -0.164859533
v  0.0206474438 -0.00997320469 -0.167320222
v  0.0163156893 -0.00997320469 -0.169324294
v  0.0117926495 -0.00997320469 -0.170848295
v  0.00713135023 -0.00997320469 -0.171874315
v  0.00238644308 -0.00997320469 -0.172390357
v  -0.00238644308 -0.00997320469 -0.172390357
v  -0.00713135023 -0.00997320469 -0.171874315
v  -0.0117926495 -0.00997320469 -0.170848295
v  -0.0163156893 -0.00997320469 -0.169324294
v  -0.0206474438 -0.00997320469 -0.167320222
v  -0.0247371253 -0.00997320469 -0.164859533
v  -0.0285367873 -0.00997320469 -0.161971107
v  -0.0320018828 -0.00997320469 -0.158688799
v  -0.0350917839 -0.00997320469 -0.155051082
v  -0.0377702639 -0.00997320469 -0.151100621
v  -0.040005926 -0.00997320469 -0.146883711
v  -0.0417725518 -0.00997320469 -0.142449811
v  -0.0430494323 -0.00997320469 -0.13785091
v  -0.0438215993 -0.00997320469 -0.133140892
v  -0.0440800004 -0.00997320469 -0.128375009
v  -0.0438215993 -0.00997320469 -0.123609111
v  -0.0430494323 -0.00997320469 -0.1188991
v  -0.0417725518 -0.00997320469 -0.114300191
v  -0.040005926 -0.00997320469 -0.109866291
v  -0.0377702639 -0.00997320469 -0.105649382
v  -0.0350917839 -0.00997320469 -0.10169892
v  -0.0320018828 -0.00997320469 -0.098061204
v  -0.0285367873 -0.00997320469 -0.0947788954
v  -0.0247371253 -0.00997320469 -0.0918904692
v  -0.0206474438 -0.00997320469 -0.0894297883
v  -0.0163156893 -0.00997320469 -0.0874257088
v  -0.0117926495 -0.00997320469 -0.0859017149
v  -0.00713135023 -0.00997320469 -0.084875688
v  -0.00238644308 -0.00997320469 -0.0843596458
v  0.00238644308 -0.00997320469 -0.0843596458
v  0.00713135023 -0.00997320469 -0.084875688
v  0.0117926495 -0.00997320469 -0.0859017149
v  0.0163156893 -0.00997320469 -0.0874257088
v  0.0206474438 -0.00997320469 -0.0894297883
v  0.0247371253 -0.00997320469 -0.0918904692
v  0.0285367873 -0.00997320469 -0.0947788954
v  0.0320018828 -0.00997320469 -0.098061204
v  0.0350917839 -0.00997320469 -0.10169892
v  0.0377702639 -0.00997320469 -0.105649382
v  0.040005926 -0.00997320469 -0.109866291
v  0.0417725518 -0.00997320469 -0.114300191
v  0.0430494323 -0.00997320469 -0.1188991
v  0.0438215993 -0.00997320469 -0.123609111
v  0.0440067947 -0.00989999995 -0.128375009
v  0.0437488258 -0.00989999995 -0.133132979
v  0.0429779403 -0.00989999995 -0.13783516
v  0.0417031795 -0.00989999995 -0.142426446
v  0.0399394855 -0.00989999995 -0.146852985
v  0.0377075374 -0.00989999995 -0.151062876
v  0.0350335054 -0.00989999995 -0.155006781
v  0.0319487341 -0.00989999995 -0.158638462
v  0.028489396 -0.00989999995 -0.161915317
v  0.0246960446 -0.00989999995 -0.164798945
v  0.0206131544 -0.00989999995 -0.167255536
v  0.0162885934 -0.00989999995 -0.1692563
v  0.0117730647 -0.00989999995 -0.170777753
v  0.00711950706 -0.00989999995 -0.171802074
v  0.00238247984 -0.00989999995 -0.172317266
v  -0.00238247984 -0.00989999995 -0.172317266
v  -0.00711950706 -0.00989999995 -0.171802074
v  -0.0117730647 -0.00989999995 -0.170777753
v  -0.0162885934 -0.00989999995 -0.1692563
v  -0.0206131544 -0.00989999995 -0.167255536
v  -0.0246960446 -0.00989999995 -0.164798945
v  -0.028489396 -0.00989999995 -0.161915317
v  -0.0319487341 -0.00989999995 -0.158638462
v  -0.0350335054 -0.00989999995 -0.155006781
v  -0.0377075374 -0.00989999995 -0.151062876
v  -0.0399394855 -0.00989999995 -0.146852985
v  -0.0417031795 -0.00989999995 -0.142426446
v  -0.0429779403 -0.00989999995 -0.13783516
v  -0.0437488258 -0.00989999995 -0.133132979
v  -0.0440067947 -0.00989999995 -0.128375009
v  -0.0437488258 -0.00989999995 -0.123617031
v  -0.0429779403 -0.00989999995 -0.118914843
v  -0.0417031795 -0.00989999995 -0.114323564
v  -0.0399394855 -0.00989999995 -0.109897025
v  -0.0377075374 -0.00989999995 -0.105687127
v  -0.0350335054 -0.00989999995 -0.101743221
v  -0.0319487341 -0.00989999995 -0.0981115475
v  -0.028489396 -0.00989999995 -0.0948346928
v  -0.0246960446 -0.00989999995 -0.0919510573
v  -0.0206131544 -0.00989999995 -0.0894944668
v  -0.0162885934 -0.00989999995 -0.0874937102
v  -0.0117730647 -0.00989999995 -0.0859722495
v  -0.00711950706 -0.00989999995 -0.0849479288
v  -0.00238247984 -0.00989999995 -0.0844327435
v  0.00238247984 -0.00989999995 -0.0844327435
v  0.00711950706 -0.00989999995 -0.0849479288
v  0.0117730647 -0.00989999995 -0.0859722495
v  0.0162885934 -0.00989999995 -0.0874937102
v  0.0206131544 -0.00989999995 -0.0894944668
v  0.0246960446 -0.00989999995 -0.0919510573
v  0.028489396 -0.00989999995 -0.0948346928
v  0.0319487341 -0.00989999995 -0.0981115475
v  0.0350335054 -0.00989999995 -0.101743221
v  0.0377075374 -0.00989999995 -0.105687127
v  0.0399394855 -0.00989999995 -0.109897025
v  0.0417031795 -0.00989999995 -0.114323564
v  0.0429779403 -0.00989999995 -0.118914843
v  0.0437488258 -0.00989999995 -0.123617031
v  -0.0440800004 1.07964863e-17 -0.0153482053
v  -0.0438215993 -0.00476588635 -0.0153482053
v  -0.0430494323 -0.00947589707 -0.0153482053
v  -0.0417725518 -0.0140748117 -0.0153482053
v  -0.040005926 -0.0185087118 -0.0153482053
v  -0.0377702639 -0.0227256138 -0.0153482053
v  -0.0350917839 -0.0266760793 -0.0153482053
v  -0.0320018828 -0.0303137917 -0.0153482053
v  -0.0285367873 -0.0335961021 -0.0153482053
v  -0.0247371253 -0.0364845321 -0.0153482053
v  -0.0206474438 -0.0389452092 -0.0153482053
v  -0.0163156893 -0.0409492925 -0.0153482053
v  -0.0117926495 -0.0424732827 -0.0153482053
v  -0.00713135023 -0.0434993133 -0.0153482053
v  -0.00238644308 -0.0440153517 -0.0153482053
v  0.00238644308 -0.0440153517 -0.0153482053
v  0.00713135023 -0.0434993133 -0.0153482053
v  0.0117926495 -0.0424732827 -0.0153482053
v  0.0163156893 -0.0409492925 -0.0153482053
v  0.0206474438 -0.0389452092 -0.0153482053
v  0.0247371253 -0.0364845321 -0.0153482053
v  0.0285367873 -0.0335961021 -0.0153482053
v  0.0320018828 -0.0303137917 -0.0153482053
v  0.0350917839 -0.0266760793 -0.0153482053
v  0.0377702639 -0.0227256138 -0.0153482053
v  0.040005926 -0.0185087118 -0.0153482053
v  0.0417725518 -0.0140748117 -0.0153482053
v  0.0430494323 -0.00947589707 -0.0153482053
v  0.0438215993 -0.00476588635 -0.0153482053
v  0.0440800004 -5.39824313e-18 -0.0153482053
v  0.0438215993 0.00476588635 -0.0153482053
v  0.0430494323 0.00947589707 -0.0153482053
v  0.0417725518 0.0140748117 -0.0153482053
v  0.040005926 0.0185087118 -0.0153482053
v  0.0377702639 0.0227256138 -0.0153482053
v  0.0350917839 0.0266760793 -0.0153482053
v  0.0320018828 0.0303137917 -0.0153482053
v  0.0285367873 0.0335961021 -0.0153482053
v  0.0247371253 0.0364845321 -0.0153482053
v  0.0206474438 0.0389452092 -0.0153482053
v  0.0163156893 0.0409492925 -0.0153482053
v  0.0117926495 0.0424732827 -0.0153482053
v  0.00713135023 0.0434993133 -0.0153482053
v  0.00238644308 0.0440153517 -0.0153482053
v  -0.00238644308 0.0440153517 -0.0153482053
v  -0.00713135023 0.0434993133 -0.0153482053
v  -0.0117926495 0.0424732827 -0.0153482053
v  -0.0163156893 0.0409492925 -0.0153482053
v  -0.0206474438 0.0389452092 -0.0153482053
v  -0.0247371253 0.0364845321 -0.0153482053
v  -0.0285367873 0.0335961021 -0.0153482053
v  -0.0320018828 0.0303137917 -0.0153482053
v  -0.0350917839 0.0266760793 -0.0153482053
v  -0.0377702639 0.0227256138 -0.0153482053
v  -0.040005926 0.0185087118 -0.0153482053
v  -0.0417725518 0.0140748117 -0.0153482053
v  -0.0430494323 0.00947589707 -0.0153482053
v  -0.0438215993 0.00476588635 -0.0153482053
v  -0.0440067947 1.07785563e-17 -0.0152750006
v  -0.0437488258 -0.0047579715 -0.0152750006
v  -0.0429779403 -0.00946016051 -0.0152750006
v  -0.0417031795 -0.0140514374 -0.0152750006
v  -0.0399394855 -0.0184779745 -0.0152750006
v  -0.0377075374 -0.0226878729 -0.0152750006
v  -0.0350335054 -0.0266317781 -0.0152750006
v  -0.0319487341 -0.0302634481 -0.0152750006
v  -0.028489396 -0.0335403085 -0.0152750006
v  -0.0246960446 -0.0364239402 -0.0152750006
v  -0.0206131544 -0.0388805345 -0.0152750006
v  -0.0162885934 -0.0408812873 -0.0152750006
v  -0.0117730647 -0.042402748 -0.0152750006
v  -0.00711950706 -0.0434270725 -0.0152750006
v  -0.00238247984 -0.043942254 -0.0152750006
v  0.00238247984 -0.043942254 -0.0152750006
v  0.00711950706 -0.0434270725 -0.0152750006
v  0.0117730647 -0.042402748 -0.0152750006
v  0.0162885934 -0.0408812873 -0.0152750006
v  0.0206131544 -0.0388805345 -0.0152750006
v  0.0246960446 -0.0364239402 -0.0152750006
v  0.028489396 -0.0335403085 -0.0152750006
v  0.0319487341 -0.0302634481 -0.0152750006
v  0.0350335054 -0.0266317781 -0.0152750006
v  0.0377075374 -0.0226878729 -0.0152750006
v  0.0399394855 -0.0184779745 -0.0152750006
v  0.0417031795 -0.0140514374 -0.0152750006
v  0.0429779403 -0.00946016051 -0.0152750006
v  0.0437488258 -0.0047579715 -0.0152750006
v  0.0440067947 -5.38927815e-18 -0.0152750006
v  0.0437488258 0.0047579715 -0.0152750006
v  0.0429779403 0.00946016051 -0.0152750006
v  0.0417031795 0.0140514374 -0.0152750006
v  0.0399394855 0.0184779745 -0.0152750006
v  0.0377075374 0.0226878729 -0.0152750006
v  0.0350335054 0.0266317781 -0.0152750006
v  0.0319487341 0.0302634481 -0.0152750006
v  0.028489396 0.0335403085 -0.0152750006
v  0.0246960446 0.0364239402 -0.0152750006
v  0.0206131544 0.0388805345 -0.0152750006
v  0.0162885934 0.0408812873 -0.0152750006
v  0.0117730647 0.042402748 -0.0152750006
v  0.00711950706 0.0434270725 -0.0152750006
v  0.00238247984 0.043942254 -0.0152750006
v  -0.00238247984 0.043942254 -0.0152750006
v  -0.00711950706 0.0434270725 -0.0152750006
v  -0.0117730647 0.042402748 -0.0152750006
v  -0.0162885934 0.0408812873 -0.0152750006
v  -0.0206131544 0.0388805345 -0.0152750006
v  -0.0246960446 0.0364239402 -0.0152750006
v  -0.028489396 0.0335403085 -0.0152750006
v  -0.0319487341 0.0302634481 -0.0152750006
v  -0.0350335054 0.0266317781 -0.0152750006
v  -0.0377075374 0.0226878729 -0.0152750006
v  -0.0399394855 0.0184779745 -0.0152750006
v  -0.0417031795 0.0140514374 -0.0152750006
v  -0.0429779403 0.00946016051 -0.0152750006
v  -0.0437488258 0.0047579715 -0.0152750006
v  1.1021821e-17 0.0183000006 -0.0833749995
v  1.1021821e-17 -0.00675000018 -0.0833749995
v  -0.00740675675 0.0183000006 -0.083988741
v  -0.00740675675 -0.00675000018 -0.083988741
v  -0.0146114761 0.0183000006 -0.0858132243
v  -0.0146114761 -0.00675000018 -0.0858132243
v  -0.0214176327 0.0183000006 -0.0887986794
v  -0.0214176327 -0.00675000018 -0.0887986794
v  -0.0276395716 0.0183000006 -0.0928636789
v  -0.0276395716 -0.00675000018 -0.0928636789
v  -0.033107575 0.0183000006 -0.0978973284
v  -0.033107575 -0.00675000018 -0.0978973284
v  -0.0376724899 0.0183000006 -0.103762329
v  -0.0376724899 -0.00675000018 -0.103762329
v  -0.0412097983 0.0183000006 -0.110298708
v  -0.0412097983 -0.00675000018 -0.110298708
v  -0.0436230116 0.0183000006 -0.117328152
v  -0.0436230116 -0.00675000018 -0.117328152
v  -0.0448463038 0.0183000006 -0.124658927
v  -0.0448463038 -0.00675000018 -0.124658927
v  -0.0448463038 0.0183000006 -0.132091075
v  -0.0448463038 -0.00675000018 -0.132091075
v  -0.0436230116 0.0183000006 -0.13942185
v  -0.0436230116 -0.00675000018 -0.13942185
v  -0.0412097983 0.0183000006 -0.146451294
v  -0.0412097983 -0.00675000018 -0.146451294
v  -0.0376724899 0.0183000006 -0.152987674
v  -0.0376724899 -0.00675000018 -0.152987674
v  -0.033107575 0.0183000006 -0.158852682
v  -0.033107575 -0.00675000018 -0.158852682
v  -0.0276395716 0.0183000006 -0.163886324
v  -0.0276395716 -0.00675000018 -0.163886324
v  -0.0214176327 0.0183000006 -0.167951331
v  -0.0214176327 -0.00675000018 -0.167951331
v  -0.0146114761 0.0183000006 -0.170936778
v  -0.0146114761 -0.00675000018 -0.170936778
v  -0.00740675675 0.0183000006 -0.172761261
v  -0.00740675675 -0.00675000018 -0.172761261
v  -5.51091051e-18 0.0183000006 -0.17337501
v  -5.51091051e-18 -0.00675000018 -0.17337501
v  0.00740675675 0.0183000006 -0.172761261
v  0.00740675675 -0.00675000018 -0.172761261
v  0.0146114761 0.0183000006 -0.170936778
v  0.0146114761 -0.00675000018 -0.170936778
v  0.0214176327 0.0183000006 -0.167951331
v  0.0214176327 -0.00675000018 -0.167951331
v  0.0276395716 0.0183000006 -0.163886324
v  0.0276395716 -0.00675000018 -0.163886324
v  0.033107575 0.0183000006 -0.158852682
v  0.033107575 -0.00675000018 -0.158852682
v  0.0376724899 0.0183000006 -0.152987674
v  0.0376724899 -0.00675000018 -0.152987674
v  0.0412097983 0.0183000006 -0.146451294
v  0.0412097983 -0.00675000018 -0.146451294
v  0.0436230116 0.0183000006 -0.13942185
v  0.0436230116 -0.00675000018 -0.13942185
v  0.0448463038 0.0183000006 -0.132091075
v  0.0448463038 -0.00675000018 -0.132091075
v  0.0448463038 0.0183000006 -0.124658927
v  0.0448463038 -0.00675000018 -0.124658927
v  0.0436230116 0.0183000006 -0.117328152
v  0.0436230116 -0.00675000018 -0.117328152
v  0.0412097983 0.0183000006 -0.110298708
v  0.0412097983 -0.00675000018 -0.110298708
v  0.0376724899 0.0183000006 -0.103762329
v  0.0376724899 -0.00675000018 -0.103762329
v  0.033107575 0.0183000006 -0.0978973284
v  0.033107575 -0.00675000018 -0.0978973284
v  0.0276395716 0.0183000006 -0.0928636789
v  0.0276395716 -0.00675000018 -0.0928636789
v  0.0214176327 0.0183000006 -0.0887986794
v  0.0214176327 -0.00675000018 -0.0887986794
v  0.0146114761 0.0183000006 -0.0858132243
v  0.0146114761 -0.00675000018 -0.0858132243
v  0.00740675675 0.0183000006 -0.083988741
v  0.00740675675 -0.00675000018 -0.083988741
v  -0.0439623035 0.0197999999 -0.139507771
v  -0.0440107733 0.0197999999 -0.139520049
v  -0.0451951064 0.0197999999 -0.132119983
v  -0.0452449359 0.0197999999 -0.132124111
v  -0.0451951064 0.0197999999 -0.124630027
v  -0.0452449359 0.0197999999 -0.124625899
v  -0.0439623035 0.0197999999 -0.117242232
v  -0.0440107733 0.0197999999 -0.117229961
v  -0.0415303186 0.0197999999 -0.110158108
v  -0.0415761098 0.0197999999 -0.110138029
v  -0.0379654989 0.0197999999 -0.103570901
v  -0.03800736 0.0197999999 -0.10354355
v  -0.0333650783 0.0197999999 -0.0976602808
v  -0.0334018655 0.0197999999 -0.0976264179
v  -0.0278545469 0.0197999999 -0.0925874785
v  -0.0278852563 0.0197999999 -0.0925480202
v  -0.0215842146 0.0197999999 -0.0884908661
v  -0.0216080118 0.0197999999 -0.0884468928
v  -0.0147251207 0.0197999999 -0.0854821876
v  -0.0147413556 0.0197999999 -0.0854348987
v  -0.00746436464 0.0197999999 -0.0836435109
v  -0.00747259427 0.0197999999 -0.0835941955
v  -5.55377335e-18 0.0197999999 -0.083025001
v  7.52316385e-37 0.0197999999 -0.0829750001
v  0.00746436464 0.0197999999 -0.0836435109
v  0.00747259427 0.0197999999 -0.0835941955
v  0.0147251207 0.0197999999 -0.0854821876
v  0.0147413556 0.0197999999 -0.0854348987
v  0.0215842146 0.0197999999 -0.0884908661
v  0.0216080118 0.0197999999 -0.0884468928
v  0.0278545469 0.0197999999 -0.0925874785
v  0.0278852563 0.0197999999 -0.0925480202
v  0.0333650783 0.0197999999 -0.0976602808
v  0.0334018655 0.0197999999 -0.0976264179
v  0.0379654989 0.0197999999 -0.103570901
v  0.03800736 0.0197999999 -0.10354355
v  0.0415303186 0.0197999999 -0.110158108
v  0.0415761098 0.0197999999 -0.110138029
v  0.0439623035 0.0197999999 -0.117242232
v  0.0440107733 0.0197999999 -0.117229961
v  0.0451951064 0.0197999999 -0.124630027
v  0.0452449359 0.0197999999 -0.124625899
v  0.0451951064 0.0197999999 -0.132119983
v  0.0452449359 0.0197999999 -0.132124111
v  0.0439623035 0.0197999999 -0.139507771
v  0.0440107733 0.0197999999 -0.139520049
v  0.0415303186 0.0197999999 -0.146591887
v  0.0415761098 0.0197999999 -0.146611974
v  0.0379654989 0.0197999999 -0.153179109
v  0.03800736 0.0197999999 -0.153206453
v  0.0333650783 0.0197999999 -0.159089729
v  0.0334018655 0.0197999999 -0.159123585
v  0.0278545469 0.0197999999 -0.164162531
v  0.0278852563 0.0197999999 -0.16420199
v  0.0215842146 0.0197999999 -0.168259144
v  0.0216080118 0.0197999999 -0.168303117
v  0.0147251207 0.0197999999 -0.171267822
v  0.0147413556 0.0197999999 -0.171315104
v  0.00746436464 0.0197999999 -0.173106492
v  0.00747259427 0.0197999999 -0.173155814
v  3.76158192e-37 0.0197999999 -0.173725009
v  -5.55989656e-18 0.0197999999 -0.173775002
v  -0.00746436464 0.0197999999 -0.173106492
v  -0.00747259427 0.0197999999 -0.173155814
v  -0.0147251207 0.0197999999 -0.171267822
v  -0.0147413556 0.0197999999 -0.171315104
v  -0.0215842146 0.0197999999 -0.168259144
v  -0.0216080118 0.0197999999 -0.168303117
v  -0.0278545469 0.0197999999 -0.164162531
v  -0.0278852563 0.0197999999 -0.16420199
v  -0.0333650783 0.0197999999 -0.159089729
v  -0.0334018655 0.0197999999 -0.159123585
v  -0.0379654989 0.0197999999 -0.153179109
v  -0.03800736 0.0197999999 -0.153206453
v  -0.0415303186 0.0197999999 -0.146591887
v  -0.0415761098 0.0197999999 -0.146611974
v  0.0372957662 -0.00999999978 -0.104008459
v  0.03800736 -0.00999999978 -0.10354355
v  0.032776501 -0.00999999978 -0.0982021019
v  0.0334018655 -0.00999999978 -0.0976264179
v  0.0273631755 -0.00999999978 -0.0932187885
v  0.0278852563 -0.00999999978 -0.0925480202
v  0.0212034564 -0.00999999978 -0.0891944468
v  0.0216080118 -0.00999999978 -0.0884468928
v  0.0144653609 -0.00999999978 -0.0862388387
v  0.0147413556 -0.00999999978 -0.0854348987
v  0.00733268913 -0.00999999978 -0.0844326019
v  0.00747259427 -0.00999999978 -0.0835941955
v  0 -0.00999999978 -0.0838249996
v  -5.55989656e-18 -0.00999999978 -0.0829750001
v  -0.00733268913 -0.00999999978 -0.0844326019
v  -0.00747259427 -0.00999999978 -0.0835941955
v  -0.0144653609 -0.00999999978 -0.0862388387
v  -0.0147413556 -0.00999999978 -0.0854348987
v  -0.0212034564 -0.00999999978 -0.0891944468
v  -0.0216080118 -0.00999999978 -0.0884468928
v  -0.0273631755 -0.00999999978 -0.0932187885
v  -0.0278852563 -0.00999999978 -0.0925480202
v  -0.032776501 -0.00999999978 -0.0982021019
v  -0.0334018655 -0.00999999978 -0.0976264179
v  -0.0372957662 -0.00999999978 -0.104008459
v  -0.03800736 -0.00999999978 -0.10354355
v  -0.040797703 -0.00999999978 -0.110479467
v  -0.0415761098 -0.00999999978 -0.110138029
v  -0.0431867801 -0.00999999978 -0.117438622
v  -0.0440107733 -0.00999999978 -0.117229961
v  -0.0443978384 -0.00999999978 -0.124696091
v  -0.0452449359 -0.00999999978 -0.124625899
v  -0.0443978384 -0.00999999978 -0.132053912
v  -0.0452449359 -0.00999999978 -0.132124111
v  -0.0431867801 -0.00999999978 -0.139311388
v  -0.0440107733 -0.00999999978 -0.139520049
v  -0.040797703 -0.00999999978 -0.146270543
v  -0.0415761098 -0.00999999978 -0.146611974
v  -0.0372957662 -0.00999999978 -0.152741551
v  -0.03800736 -0.00999999978 -0.153206453
v  -0.032776501 -0.00999999978 -0.158547908
v  -0.0334018655 -0.00999999978 -0.159123585
v  -0.0273631755 -0.00999999978 -0.163531214
v  -0.0278852563 -0.00999999978 -0.16420199
v  -0.0212034564 -0.00999999978 -0.167555556
v  -0.0216080118 -0.00999999978 -0.168303117
v  -0.0144653609 -0.00999999978 -0.170511171
v  -0.0147413556 -0.00999999978 -0.171315104
v  -0.00733268913 -0.00999999978 -0.172317401
v  -0.00747259427 -0.00999999978 -0.173155814
v  -5.45580167e-18 -0.00999999978 -0.17292501
v  3.76158192e-37 -0.00999999978 -0.173775002
v  0.00733268913 -0.00999999978 -0.172317401
v  0.00747259427 -0.00999999978 -0.173155814
v  0.0144653609 -0.00999999978 -0.170511171
v  0.0147413556 -0.00999999978 -0.171315104
v  0.0212034564 -0.00999999978 -0.167555556
v  0.0216080118 -0.00999999978 -0.168303117
v  0.0273631755 -0.00999999978 -0.163531214
v  0.0278852563 -0.00999999978 -0.16420199
v  0.032776501 -0.00999999978 -0.158547908
v  0.0334018655 -0.00999999978 -0.159123585
v  0.0372957662 -0.00999999978 -0.152741551
v  0.03800736 -0.00999999978 -0.153206453
v  0.040797703 -0.00999999978 -0.146270543
v  0.0415761098 -0.00999999978 -0.146611974
v  0.0431867801 -0.00999999978 -0.139311388
v  0.0440107733 -0.00999999978 -0.139520049
v  0.0443978384 -0.00999999978 -0.132053912
v  0.0452449359 -0.00999999978 -0.132124111
v  0.0443978384 -0.00999999978 -0.124696091
v  0.0452449359 -0.00999999978 -0.124625899
v  0.0431867801 -0.00999999978 -0.117438622
v  0.0440107733 -0.00999999978 -0.117229961
v  0.040797703 -0.00999999978 -0.110479467
v  0.0415761098 -0.00999999978 -0.110138029
v  7.52316385e-37 -0.00939999986 -0.0823749974
v  -0.00757135125 0.0192000009 -0.083002381
v  -0.00757135125 -0.00939999986 -0.083002381
v  -0.0149361752 0.0192000009 -0.0848674029
v  -0.0149361752 -0.00939999986 -0.0848674029
v  -0.0218935795 0.0192000009 -0.0879192054
v  -0.0218935795 -0.00939999986 -0.0879192054
v  -0.0282537844 0.0192000009 -0.0920745358
v  -0.0282537844 -0.00939999986 -0.0920745358
v  -0.0338433012 0.0192000009 -0.0972200483
v  -0.0338433012 -0.00939999986 -0.0972200483
v  -0.0385096595 0.0192000009 -0.103215382
v  -0.0385096595 -0.00939999986 -0.103215382
v  -0.0421255715 0.0192000009 -0.10989701
v  -0.0421255715 -0.00939999986 -0.10989701
v  -0.0445924141 0.0192000009 -0.11708267
v  -0.0445924141 -0.00939999986 -0.11708267
v  -0.045842886 0.0192000009 -0.124576353
v  -0.045842886 -0.00939999986 -0.124576353
v  -0.045842886 0.0192000009 -0.132173657
v  -0.045842886 -0.00939999986 -0.132173657
v  -0.0445924141 0.0192000009 -0.139667332
v  -0.0445924141 -0.00939999986 -0.139667332
v  -0.0421255715 0.0192000009 -0.146853
v  -0.0421255715 -0.00939999986 -0.146853
v  -0.0385096595 0.0192000009 -0.153534621
v  -0.0385096595 -0.00939999986 -0.153534621
v  -0.0338433012 0.0192000009 -0.159529954
v  -0.0338433012 -0.00939999986 -0.159529954
v  -0.0282537844 0.0192000009 -0.164675474
v  -0.0282537844 -0.00939999986 -0.164675474
v  -0.0218935795 0.0192000009 -0.168830797
v  -0.0218935795 -0.00939999986 -0.168830797
v  -0.0149361752 0.0192000009 -0.1718826
v  -0.0149361752 -0.00939999986 -0.1718826
v  -0.00757135125 0.0192000009 -0.173747629
v  -0.00757135125 -0.00939999986 -0.173747629
v  -5.63337542e-18 0.0192000009 -0.174375013
v  -5.63337542e-18 -0.00939999986 -0.174375013
v  0.00757135125 0.0192000009 -0.173747629
v  0.00757135125 -0.00939999986 -0.173747629
v  0.0149361752 0.0192000009 -0.1718826
v  0.0149361752 -0.00939999986 -0.1718826
v  0.0218935795 0.0192000009 -0.168830797
v  0.0218935795 -0.00939999986 -0.168830797
v  0.0282537844 0.0192000009 -0.164675474
v  0.0282537844 -0.00939999986 -0.164675474
v  0.0338433012 0.0192000009 -0.159529954
v  0.0338433012 -0.00939999986 -0.159529954
v  0.0385096595 0.0192000009 -0.153534621
v  0.0385096595 -0.00939999986 -0.153534621
v  0.0421255715 0.0192000009 -0.146853
v  0.0421255715 -0.00939999986 -0.146853
v  0.0445924141 0.0192000009 -0.139667332
v  0.0445924141 -0.00939999986 -0.139667332
v  0.045842886 0.0192000009 -0.132173657
v  0.045842886 -0.00939999986 -0.132173657
v  0.045842886 0.0192000009 -0.124576353
v  0.045842886 -0.00939999986 -0.124576353
v  0.0445924141 0.0192000009 -0.11708267
v  0.0445924141 -0.00939999986 -0.11708267
v  0.0421255715 0.0192000009 -0.10989701
v  0.0421255715 -0.00939999986 -0.10989701
v  0.0385096595 0.0192000009 -0.103215382
v  0.0385096595 -0.00939999986 -0.103215382
v  0.0338433012 0.0192000009 -0.0972200483
v  0.0338433012 -0.00939999986 -0.0972200483
v  0.0282537844 0.0192000009 -0.0920745358
v  0.0282537844 -0.00939999986 -0.0920745358
v  0.0218935795 0.0192000009 -0.0879192054
v  0.0218935795 -0.00939999986 -0.0879192054
v  0.0149361752 0.0192000009 -0.0848674029
v  0.0149361752 -0.00939999986 -0.0848674029
v  0.00757135125 0.0192000009 -0.083002381
v  0.00757135125 -0.00939999986 -0.083002381
v  7.52316385e-37 0.0192000009 -0.0823749974
v  5.04041265e-18 0.0197999999 -0.173775002
v  5.10702592e-18 0.0192000009 -0.174375013
v  0 -0.00939999986 -0.174375013
v  5.04041265e-18 -0.00999999978 -0.0829750001
v  5.10702592e-18 -0.00939999986 -0.0823749974
v  1.08503705e-17 -0.00899999961 -0.0840749964
v  1.08503705e-17 -0.0097500002 -0.0840749964
v  -0.0072915405 -0.00899999961 -0.0846791938
v  -0.0072915405 -0.0097500002 -0.0846791938
v  -0.0143841868 -0.00899999961 -0.0864752978
v  -0.0143841868 -0.0097500002 -0.0864752978
v  -0.0210844688 -0.00899999961 -0.0894143134
v  -0.0210844688 -0.0097500002 -0.0894143134
v  -0.0272096228 -0.00899999961 -0.0934160724
v  -0.0272096228 -0.0097500002 -0.0934160724
v  -0.0325925685 -0.00899999961 -0.0983714238
v  -0.0325925685 -0.0097500002 -0.0983714238
v  -0.0370864756 -0.00899999961 -0.104145199
v  -0.0370864756 -0.0097500002 -0.104145199
v  -0.0405687578 -0.00899999961 -0.110579893
v  -0.0405687578 -0.0097500002 -0.110579893
v  -0.0429444313 -0.00899999961 -0.117499992
v  -0.0429444313 -0.0097500002 -0.117499992
v  -0.0441486947 -0.00899999961 -0.124716736
v  -0.0441486947 -0.0097500002 -0.124716736
v  -0.0441486947 -0.00899999961 -0.132033274
v  -0.0441486947 -0.0097500002 -0.132033274
v  -0.0429444313 -0.00899999961 -0.13925001
v  -0.0429444313 -0.0097500002 -0.13925001
v  -0.0405687578 -0.00899999961 -0.14617011
v  -0.0405687578 -0.0097500002 -0.14617011
v  -0.0370864756 -0.00899999961 -0.152604803
v  -0.0370864756 -0.0097500002 -0.152604803
v  -0.0325925685 -0.00899999961 -0.158378586
v  -0.0325925685 -0.0097500002 -0.158378586
v  -0.0272096228 -0.00899999961 -0.163333938
v  -0.0272096228 -0.0097500002 -0.163333938
v  -0.0210844688 -0.00899999961 -0.167335689
v  -0.0210844688 -0.0097500002 -0.167335689
v  -0.0143841868 -0.00899999961 -0.170274705
v  -0.0143841868 -0.0097500002 -0.170274705
v  -0.0072915405 -0.00899999961 -0.172070816
v  -0.0072915405 -0.0097500002 -0.172070816
v  -5.42518523e-18 -0.00899999961 -0.172675014
v  -5.42518523e-18 -0.0097500002 -0.172675014
v  0.0072915405 -0.00899999961 -0.172070816
v  0.0072915405 -0.0097500002 -0.172070816
v  0.0143841868 -0.00899999961 -0.170274705
v  0.0143841868 -0.0097500002 -0.170274705
v  0.0210844688 -0.00899999961 -0.167335689
v  0.0210844688 -0.0097500002 -0.167335689
v  0.0272096228 -0.00899999961 -0.163333938
v  0.0272096228 -0.0097500002 -0.163333938
v  0.0325925685 -0.00899999961 -0.158378586
v  0.0325925685 -0.0097500002 -0.158378586
v  0.0370864756 -0.00899999961 -0.152604803
v  0.0370864756 -0.0097500002 -0.152604803
v  0.0405687578 -0.00899999961 -0.14617011
v  0.0405687578 -0.0097500002 -0.14617011
v  0.0429444313 -0.00899999961 -0.13925001
v  0.0429444313 -0.0097500002 -0.13925001
v  0.0441486947 -0.00899999961 -0.132033274
v  0.0441486947 -0.0097500002 -0.132033274
v  0.0441486947 -0.00899999961 -0.124716736
v  0.0441486947 -0.0097500002 -0.124716736
v  0.0429444313 -0.00899999961 -0.117499992
v  0.0429444313 -0.0097500002 -0.117499992
v  0.0405687578 -0.00899999961 -0.110579893
v  0.0405687578 -0.0097500002 -0.110579893
v  0.0370864756 -0.00899999961 -0.104145199
v  0.0370864756 -0.0097500002 -0.104145199
v  0.0325925685 -0.00899999961 -0.0983714238
v  0.0325925685 -0.0097500002 -0.0983714238
v  0.0272096228 -0.00899999961 -0.0934160724
v  0.0272096228 -0.0097500002 -0.0934160724
v  0.0210844688 -0.00899999961 -0.0894143134
v  0.0210844688 -0.0097500002 -0.0894143134
v  0.0143841868 -0.00899999961 -0.0864752978
v  0.0143841868 -0.0097500002 -0.0864752978
v  0.0072915405 -0.00899999961 -0.0846791938
v  0.0072915405 -0.0097500002 -0.0846791938
v  0.0410573184 -0.00899999961 -0.119526468
v  0.0389713384 -0.00899999961 -0.112715028
v  0.0357642248 -0.00899999961 -0.106354095
v  0.0315282382 -0.00899999961 -0.100626662
v  0.0263852403 -0.00899999961 -0.0956974998
v  0.0204831883 -0.00899999961 -0.0917084068
v  0.0139918709 -0.00899999961 -0.0887741446
v  0.00709803449 -0.00899999961 -0.0869791284
v  0 -0.00899999961 -0.0863749981
v  3.76158192e-37 -0.00899999961 -0.0840749964
v  -0.00709803449 -0.00899999961 -0.0869791284
v  -0.0139918709 -0.00899999961 -0.0887741446
v  -0.0204831883 -0.00899999961 -0.0917084068
v  -0.0263852403 -0.00899999961 -0.0956974998
v  -0.0315282382 -0.00899999961 -0.100626662
v  -0.0357642248 -0.00899999961 -0.106354095
v  -0.0389713384 -0.00899999961 -0.112715028
v  -0.0410573184 -0.00899999961 -0.119526468
v  -0.0419621579 -0.00899999961 -0.126592472
v  -0.0416598171 -0.00899999961 -0.133709759
v  -0.0401590019 -0.00899999961 -0.140673563
v  -0.0375028849 -0.00899999961 -0.147283569
v  -0.033767879 -0.00899999961 -0.153349593
v  -0.0290614329 -0.00899999961 -0.158697158
v  -0.0235189404 -0.00899999961 -0.163172409
v  -0.0172998533 -0.00899999961 -0.1666466
v  -0.0105830785 -0.00899999961 -0.169019789
v  -0.00356184877 -0.00899999961 -0.170223698
v  -5.14351658e-18 -0.00899999961 -0.170375004
v  -1.62755561e-17 -0.00899999961 -0.172675014
v  0.00356184877 -0.00899999961 -0.170223698
v  0.0105830785 -0.00899999961 -0.169019789
v  0.0172998533 -0.00899999961 -0.1666466
v  0.0235189404 -0.00899999961 -0.163172409
v  0.0290614329 -0.00899999961 -0.158697158
v  0.033767879 -0.00899999961 -0.153349593
v  0.0375028849 -0.00899999961 -0.147283569
v  0.0401590019 -0.00899999961 -0.140673563
v  0.0416598171 -0.00899999961 -0.133709759
v  0.0419621579 -0.00899999961 -0.126592472
v  -0.00728331041 -0.00749999983 -0.0847285092
v  -5.41906202e-18 -0.00749999983 -0.0841249973
v  0.00358729064 -0.00749999983 -0.0862273872
v  0.00728331041 -0.00749999983 -0.0847285092
v  0.0106586721 -0.00749999983 -0.0874398947
v  0.0143679511 -0.00749999983 -0.0865225866
v  0.017423423 -0.00749999983 -0.0898300335
v  0.0210606717 -0.00749999983 -0.0894582868
v  0.0236869343 -0.00749999983 -0.0933290422
v  0.0271789134 -0.00749999983 -0.0934555307
v  0.0292690136 -0.00749999983 -0.097836256
v  0.0325557813 -0.00749999983 -0.0984052867
v  0.0340090804 -0.00749999983 -0.103222013
v  0.0370446183 -0.00749999983 -0.104172543
v  0.037770763 -0.00749999983 -0.109331384
v  0.0405229703 -0.00749999983 -0.11059998
v  0.040445853 -0.00749999983 -0.115988597
v  0.0428959616 -0.00749999983 -0.117512263
v  0.0419573896 -0.00749999983 -0.123002149
v  0.0440988652 -0.00749999983 -0.124720864
v  0.0422618873 -0.00749999983 -0.130170271
v  0.0440988652 -0.00749999983 -0.132029146
v  0.0413505882 -0.00749999983 -0.137286738
v  0.0428959616 -0.00749999983 -0.139237747
v  0.039249707 -0.00749999983 -0.14414683
v  0.0405229703 -0.00749999983 -0.146150023
v  0.0360196829 -0.00749999983 -0.150553212
v  0.0370446183 -0.00749999983 -0.15257746
v  0.0317534395 -0.00749999983 -0.15632154
v  0.0325557813 -0.00749999983 -0.158344716
v  0.0265737064 -0.00749999983 -0.161285922
v  0.0271789134 -0.00749999983 -0.163294479
v  0.0206294954 -0.00749999983 -0.165303499
v  0.0210606717 -0.00749999983 -0.167291716
v  0.014091813 -0.00749999983 -0.168258727
v  0.0143679511 -0.00749999983 -0.170227423
v  0.00714873476 -0.00749999983 -0.170066565
v  0.00728331041 -0.00749999983 -0.172021493
v  3.76158192e-37 -0.00749999983 -0.170675009
v  1.0838124e-17 -0.00749999983 -0.172625005
v  -0.00714873476 -0.00749999983 -0.170066565
v  -0.00728331041 -0.00749999983 -0.172021493
v  -0.014091813 -0.00749999983 -0.168258727
v  -0.0143679511 -0.00749999983 -0.170227423
v  -0.0206294954 -0.00749999983 -0.165303499
v  -0.0210606717 -0.00749999983 -0.167291716
v  -0.0265737064 -0.00749999983 -0.161285922
v  -0.0271789134 -0.00749999983 -0.163294479
v  -0.0317534395 -0.00749999983 -0.15632154
v  -0.0325557813 -0.00749999983 -0.158344716
v  -0.0360196829 -0.00749999983 -0.150553212
v  -0.0370446183 -0.00749999983 -0.15257746
v  -0.039249707 -0.00749999983 -0.14414683
v  -0.0405229703 -0.00749999983 -0.146150023
v  -0.0413505882 -0.00749999983 -0.137286738
v  -0.0428959616 -0.00749999983 -0.139237747
v  -0.0422618873 -0.00749999983 -0.130170271
v  -0.0440988652 -0.00749999983 -0.132029146
v  -0.0419573896 -0.00749999983 -0.123002149
v  -0.0440988652 -0.00749999983 -0.124720864
v  -0.040445853 -0.00749999983 -0.115988597
v  -0.0428959616 -0.00749999983 -0.117512263
v  -0.037770763 -0.00749999983 -0.109331384
v  -0.0405229703 -0.00749999983 -0.11059998
v  -0.0340090804 -0.00749999983 -0.103222013
v  -0.0370446183 -0.00749999983 -0.104172543
v  -0.0292690136 -0.00749999983 -0.097836256
v  -0.0325557813 -0.00749999983 -0.0984052867
v  -0.0236869343 -0.00749999983 -0.0933290422
v  -0.0271789134 -0.00749999983 -0.0934555307
v  -0.017423423 -0.00749999983 -0.0898300335
v  -0.0210606717 -0.00749999983 -0.0894582868
v  -0.0106586721 -0.00749999983 -0.0874398947
v  -0.0143679511 -0.00749999983 -0.0865225866
v  -0.00358729064 -0.00749999983 -0.0862273872
v  -0.00707246363 -0.00779999979 -0.0871282592
v  -0.00356184877 -0.00779999979 -0.0865263045
v  1.02870332e-17 -0.00899999961 -0.0863749981
v  -0.0105830785 -0.00779999979 -0.087730214
v  -0.0139414659 -0.00779999979 -0.0889168084
v  -0.0172998533 -0.00779999979 -0.0901034027
v  -0.0204093959 -0.00779999979 -0.0918404981
v  -0.0235189404 -0.00779999979 -0.0935775936
v  -0.0262901876 -0.00779999979 -0.095815219
v  -0.0290614329 -0.00779999979 -0.0980528444
v  -0.0314146578 -0.00779999979 -0.100726627
v  -0.033767879 -0.00779999979 -0.103400409
v  -0.0356353819 -0.00779999979 -0.106433421
v  -0.0375028849 -0.00779999979 -0.109466441
v  -0.0388309434 -0.00779999979 -0.112771444
v  -0.0401590019 -0.00779999979 -0.11607644
v  -0.0409094095 -0.00779999979 -0.119558349
v  -0.0416598171 -0.00779999979 -0.123040251
v  -0.0418109857 -0.00779999979 -0.126598895
v  -0.0419621579 -0.00779999979 -0.13015753
v  -0.0415097401 -0.00779999979 -0.133690536
v  -0.0410573184 -0.00779999979 -0.137223542
v  -0.0400143303 -0.00779999979 -0.140629262
v  -0.0389713384 -0.00779999979 -0.144034982
v  -0.0373677798 -0.00779999979 -0.147215441
v  -0.0357642248 -0.00779999979 -0.150395915
v  -0.0336462297 -0.00779999979 -0.153259635
v  -0.0263852403 -0.00779999979 -0.16105251
v  -0.0289567392 -0.00779999979 -0.158587933
v  -0.0315282382 -0.00779999979 -0.15612334
v  -0.0204831883 -0.00779999979 -0.165041596
v  -0.0234342143 -0.00779999979 -0.16304706
v  -0.0139918709 -0.00779999979 -0.167975858
v  -0.0172375292 -0.00779999979 -0.166508734
v  -0.00709803449 -0.00779999979 -0.169770882
v  -0.0105449529 -0.00779999979 -0.16887337
v  0.00354901724 -0.00779999979 -0.170072943
v  -1.54305497e-17 -0.00899999961 -0.170375004
v  -5.14351658e-18 -0.00779999979 -0.170375004
v  -0.00354901724 -0.00779999979 -0.170072943
v  0.0172375292 -0.00779999979 -0.166508734
v  0.0139918709 -0.00779999979 -0.167975858
v  0.0105449529 -0.00779999979 -0.16887337
v  0.00709803449 -0.00779999979 -0.169770882
v  0.0289567392 -0.00779999979 -0.158587933
v  0.0263852403 -0.00779999979 -0.16105251
v  0.0234342143 -0.00779999979 -0.16304706
v  0.0204831883 -0.00779999979 -0.165041596
v  0.0373677798 -0.00779999979 -0.147215441
v  0.0357642248 -0.00779999979 -0.150395915
v  0.0336462297 -0.00779999979 -0.153259635
v  0.0315282382 -0.00779999979 -0.15612334
v  0.0415097401 -0.00779999979 -0.133690536
v  0.0410573184 -0.00779999979 -0.137223542
v  0.0400143303 -0.00779999979 -0.140629262
v  0.0389713384 -0.00779999979 -0.144034982
v  0.0409094095 -0.00779999979 -0.119558349
v  0.0416598171 -0.00779999979 -0.123040251
v  0.0418109857 -0.00779999979 -0.126598895
v  0.0419621579 -0.00779999979 -0.13015753
v  0.0375028849 -0.00779999979 -0.109466441
v  0.0388309434 -0.00779999979 -0.112771444
v  0.0401590019 -0.00779999979 -0.11607644
v  0.033767879 -0.00779999979 -0.103400409
v  0.0356353819 -0.00779999979 -0.106433421
v  0.0290614329 -0.00779999979 -0.0980528444
v  0.0314146578 -0.00779999979 -0.100726627
v  0.0235189404 -0.00779999979 -0.0935775936
v  0.0262901876 -0.00779999979 -0.095815219
v  0.0172998533 -0.00779999979 -0.0901034027
v  0.0204093959 -0.00779999979 -0.0918404981
v  0.0105830785 -0.00779999979 -0.087730214
v  0.0139414659 -0.00779999979 -0.0889168084
v  9.54097912e-18 -0.00779999979 -0.0865263045
v  0.00356184877 -0.00779999979 -0.0865263045
v  0.00707246363 -0.00779999979 -0.0871282592
v  4.91828812e-18 -0.0097500002 -0.172675014
v  4.94604375e-18 -0.00999999978 -0.17292501
v  3.76158192e-37 -0.0097500002 -0.0840749964
v  0 -0.00779999979 -0.170375004
v  4.91273691e-18 -0.00749999983 -0.0841249973
v  4.99600381e-18 -0.00675000018 -0.0833749995
v  3.76158192e-37 -0.00749999983 -0.172625005
v  3.76158192e-37 -0.00675000018 -0.17337501
v  4.99600381e-18 0.0183000006 -0.0833749995
v  5.03486145e-18 0.0197999999 -0.083025001
v  3.76158192e-37 0.0183000006 -0.17337501
v  0.0399999991 0.00337499985 -0.128374994
v  0.0394544527 -0.022725001 -0.134958789
v  0.0394544527 0.00337499985 -0.134958789
v  0.0378326885 -0.022725001 -0.14136298
v  0.0378326885 0.00337499985 -0.14136298
v  0.0351789482 -0.022725001 -0.147412896
v  0.0351789482 0.00337499985 -0.147412896
v  0.0315656215 -0.022725001 -0.152943507
v  0.0315656215 0.00337499985 -0.152943507
v  0.0270912629 -0.022725001 -0.157803953
v  0.0270912629 0.00337499985 -0.157803953
v  0.0218779258 -0.022725001 -0.161861658
v  0.0218779258 0.00337499985 -0.161861658
v  0.0160678178 -0.022725001 -0.165005937
v  0.0160678178 0.00337499985 -0.165005937
v  0.00981941912 -0.022725001 -0.167151004
v  0.00981941912 0.00337499985 -0.167151004
v  0.00330317393 -0.022725001 -0.168238387
v  0.00330317393 0.00337499985 -0.168238387
v  -0.00330317393 -0.022725001 -0.168238387
v  -0.00330317393 0.00337499985 -0.168238387
v  -0.00981941912 -0.022725001 -0.167151004
v  -0.00981941912 0.00337499985 -0.167151004
v  -0.0160678178 -0.022725001 -0.165005937
v  -0.0160678178 0.00337499985 -0.165005937
v  -0.0218779258 -0.022725001 -0.161861658
v  -0.0218779258 0.00337499985 -0.161861658
v  -0.0270912629 -0.022725001 -0.157803953
v  -0.0270912629 0.00337499985 -0.157803953
v  -0.0315656215 -0.022725001 -0.152943507
v  -0.0315656215 0.00337499985 -0.152943507
v  -0.0351789482 -0.022725001 -0.147412896
v  -0.0351789482 0.00337499985 -0.147412896
v  -0.0378326885 -0.022725001 -0.14136298
v  -0.0378326885 0.00337499985 -0.14136298
v  -0.0394544527 -0.022725001 -0.134958789
v  -0.0394544527 0.00337499985 -0.134958789
v  -0.0399999991 -0.022725001 -0.128374994
v  -0.0399999991 0.00337499985 -0.128374994
v  -0.0394544527 -0.022725001 -0.121791214
v  -0.0394544527 0.00337499985 -0.121791214
v  -0.0378326885 -0.022725001 -0.115387022
v  -0.0378326885 0.00337499985 -0.115387022
v  -0.0351789482 -0.022725001 -0.109337106
v  -0.0351789482 0.00337499985 -0.109337106
v  -0.0315656215 -0.022725001 -0.103806488
v  -0.0315656215 0.00337499985 -0.103806488
v  -0.0270912629 -0.022725001 -0.0989460424
v  -0.0270912629 0.00337499985 -0.0989460424
v  -0.0218779258 -0.022725001 -0.094888337
v  -0.0218779258 0.00337499985 -0.094888337
v  -0.0160678178 -0.022725001 -0.0917440653
v  -0.0160678178 0.00337499985 -0.0917440653
v  -0.00981941912 -0.022725001 -0.089598991
v  -0.00981941912 0.00337499985 -0.089598991
v  -0.00330317393 -0.022725001 -0.088511616
v  -0.00330317393 0.00337499985 -0.088511616
v  0.00330317393 -0.022725001 -0.088511616
v  0.00330317393 0.00337499985 -0.088511616
v  0.00981941912 -0.022725001 -0.089598991
v  0.00981941912 0.00337499985 -0.089598991
v  0.0160678178 -0.022725001 -0.0917440653
v  0.0160678178 0.00337499985 -0.0917440653
v  0.0218779258 -0.022725001 -0.094888337
v  0.0218779258 0.00337499985 -0.094888337
v  0.0270912629 -0.022725001 -0.0989460424
v  0.0270912629 0.00337499985 -0.0989460424
v  0.0315656215 -0.022725001 -0.103806488
v  0.0315656215 0.00337499985 -0.103806488
v  0.0351789482 -0.022725001 -0.109337106
v  0.0351789482 0.00337499985 -0.109337106
v  0.0378326885 -0.022725001 -0.115387022
v  0.0378326885 0.00337499985 -0.115387022
v  0.0394544527 -0.022725001 -0.121791214
v  0.0394544527 0.00337499985 -0.121791214
v  0.0399999991 -0.022725001 -0.128374994
v  -0.0379999988 -0.0247249994 -0.128374994
v  -0.0374817289 -0.0247249994 -0.134629592
v  7.52316385e-37 -0.0247249994 -0.128374994
v  -0.0374817289 -0.0247249994 -0.122120403
v  -0.0299873389 -0.0247249994 -0.105034918
v  -0.033420004 -0.0247249994 -0.110289
v  -0.0359410569 -0.0247249994 -0.116036423
v  -0.0152644264 -0.0247249994 -0.0935756117
v  -0.0207840297 -0.0247249994 -0.0965626761
v  -0.0257366989 -0.0247249994 -0.100417495
v  0.00313801505 -0.0247249994 -0.0905047879
v  -0.00313801505 -0.0247249994 -0.0905047879
v  -0.00932844821 -0.0247249994 -0.0915377885
v  0.0207840297 -0.0247249994 -0.0965626761
v  0.0152644264 -0.0247249994 -0.0935756117
v  0.00932844821 -0.0247249994 -0.0915377885
v  0.033420004 -0.0247249994 -0.110289
v  0.0299873389 -0.0247249994 -0.105034918
v  0.0257366989 -0.0247249994 -0.100417495
v  0.0379999988 -0.0247249994 -0.128374994
v  0.0374817289 -0.0247249994 -0.122120403
v  0.0359410569 -0.0247249994 -0.116036423
v  0.033420004 -0.0247249994 -0.146460995
v  0.0359410569 -0.0247249994 -0.140713573
v  0.0374817289 -0.0247249994 -0.134629592
v  0.0207840297 -0.0247249994 -0.160187319
v  0.0257366989 -0.0247249994 -0.156332508
v  0.0299873389 -0.0247249994 -0.151715085
v  0.00313801505 -0.0247249994 -0.166245207
v  0.00932844821 -0.0247249994 -0.165212214
v  0.0152644264 -0.0247249994 -0.163174391
v  -0.0152644264 -0.0247249994 -0.163174391
v  -0.00932844821 -0.0247249994 -0.165212214
v  -0.00313801505 -0.0247249994 -0.166245207
v  -0.0299873389 -0.0247249994 -0.151715085
v  -0.0257366989 -0.0247249994 -0.156332508
v  -0.0207840297 -0.0247249994 -0.160187319
v  -0.0359410569 -0.0247249994 -0.140713573
v  -0.033420004 -0.0247249994 -0.146460995
v  -0.0379999988 0.00537500018 -0.128374994
v  -0.0374817289 0.00537500018 -0.122120403
v  7.52316385e-37 0.00537500018 -0.128374994
v  -0.0374817289 0.00537500018 -0.134629592
v  -0.0299873389 0.00537500018 -0.151715085
v  -0.033420004 0.00537500018 -0.146460995
v  -0.0359410569 0.00537500018 -0.140713573
v  -0.0152644264 0.00537500018 -0.163174391
v  -0.0207840297 0.00537500018 -0.160187319
v  -0.0257366989 0.00537500018 -0.156332508
v  0.00313801505 0.00537500018 -0.166245207
v  -0.00313801505 0.00537500018 -0.166245207
v  -0.00932844821 0.00537500018 -0.165212214
v  0.0207840297 0.00537500018 -0.160187319
v  0.0152644264 0.00537500018 -0.163174391
v  0.00932844821 0.00537500018 -0.165212214
v  0.033420004 0.00537500018 -0.146460995
v  0.0299873389 0.00537500018 -0.151715085
v  0.0257366989 0.00537500018 -0.156332508
v  0.0379999988 0.00537500018 -0.128374994
v  0.0374817289 0.00537500018 -0.134629592
v  0.0359410569 0.00537500018 -0.140713573
v  0.033420004 0.00537500018 -0.110289
v  0.0359410569 0.00537500018 -0.116036423
v  0.0374817289 0.00537500018 -0.122120403
v  0.0207840297 0.00537500018 -0.0965626761
v  0.0257366989 0.00537500018 -0.100417495
v  0.0299873389 0.00537500018 -0.105034918
v  0.00313801505 0.00537500018 -0.0905047879
v  0.00932844821 0.00537500018 -0.0915377885
v  0.0152644264 0.00537500018 -0.0935756117
v  -0.0152644264 0.00537500018 -0.0935756117
v  -0.00932844821 0.00537500018 -0.0915377885
v  -0.00313801505 0.00537500018 -0.0905047879
v  -0.0299873389 0.00537500018 -0.105034918
v  -0.0257366989 0.00537500018 -0.100417495
v  -0.0207840297 0.00537500018 -0.0965626761
v  -0.0359410569 0.00537500018 -0.116036423
v  -0.033420004 0.00537500018 -0.110289
v  0.0392844453 -0.00753208948 -0.0281000007
v  0.0375089161 -0.0138953691 -0.0019999994
v  0.0375089161 -0.0138953691 -0.0281000007
v  0.0347102396 -0.0198796187 -0.0019999994
v  0.0347102396 -0.0198796187 -0.0281000007
v  0.0309647582 -0.0253216028 -0.0019999994
v  0.0309647582 -0.0253216028 -0.0281000007
v  0.0263746418 -0.0300728846 -0.0019999994
v  0.0263746418 -0.0300728846 -0.0281000007
v  0.0210650917 -0.0340038501 -0.0019999994
v  0.0210650917 -0.0340038501 -0.0281000007
v  0.0151809407 -0.0370072834 -0.0019999994
v  0.0151809407 -0.0370072834 -0.0281000007
v  0.00888269581 -0.0390012525 -0.0019999994
v  0.00888269581 -0.0390012525 -0.0281000007
v  0.00234215101 -0.0399313681 -0.0019999994
v  0.00234215101 -0.0399313681 -0.0281000007
v  -0.00426228018 -0.0397722647 -0.0019999994
v  -0.00426228018 -0.0397722647 -0.0281000007
v  -0.0107504483 -0.0385282747 -0.0019999994
v  -0.0107504483 -0.0385282747 -0.0281000007
v  -0.0169453714 -0.036233332 -0.0019999994
v  -0.0169453714 -0.036233332 -0.0281000007
v  -0.0226780698 -0.03295004 -0.0019999994
v  -0.0226780698 -0.03295004 -0.0281000007
v  -0.0277921669 -0.0287679601 -0.0019999994
v  -0.0277921669 -0.0287679601 -0.0281000007
v  -0.0321481675 -0.023801161 -0.0019999994
v  -0.0321481675 -0.023801161 -0.0281000007
v  -0.0356272534 -0.0181851294 -0.0019999994
v  -0.0356272534 -0.0181851294 -0.0281000007
v  -0.0381345153 -0.012073054 -0.0019999994
v  -0.0381345153 -0.012073054 -0.0281000007
v  -0.0396015681 -0.00563165825 -0.0019999994
v  -0.0396015681 -0.00563165825 -0.0281000007
v  -0.0399883986 0.000963354658 -0.0019999994
v  -0.0399883986 0.000963354658 -0.0281000007
v  -0.0392844453 0.00753208948 -0.0019999994
v  -0.0392844453 0.00753208948 -0.0281000007
v  -0.0375089161 0.0138953691 -0.0019999994
v  -0.0375089161 0.0138953691 -0.0281000007
v  -0.0347102396 0.0198796187 -0.0019999994
v  -0.0347102396 0.0198796187 -0.0281000007
v  -0.0309647582 0.0253216028 -0.0019999994
v  -0.0309647582 0.0253216028 -0.0281000007
v  -0.0263746418 0.0300728846 -0.0019999994
v  -0.0263746418 0.0300728846 -0.0281000007
v  -0.0210650917 0.0340038501 -0.0019999994
v  -0.0210650917 0.0340038501 -0.0281000007
v  -0.0151809407 0.0370072834 -0.0019999994
v  -0.0151809407 0.0370072834 -0.0281000007
v  -0.00888269581 0.0390012525 -0.0019999994
v  -0.00888269581 0.0390012525 -0.0281000007
v  -0.00234215101 0.0399313681 -0.0019999994
v  -0.00234215101 0.0399313681 -0.0281000007
v  0.00426228018 0.0397722647 -0.0019999994
v  0.00426228018 0.0397722647 -0.0281000007
v  0.0107504483 0.0385282747 -0.0019999994
v  0.0107504483 0.0385282747 -0.0281000007
v  0.0169453714 0.036233332 -0.0019999994
v  0.0169453714 0.036233332 -0.0281000007
v  0.0226780698 0.03295004 -0.0019999994
v  0.0226780698 0.03295004 -0.0281000007
v  0.0277921669 0.0287679601 -0.0019999994
v  0.0277921669 0.0287679601 -0.0281000007
v  0.0321481675 0.023801161 -0.0019999994
v  0.0321481675 0.023801161 -0.0281000007
v  0.0356272534 0.0181851294 -0.0019999994
v  0.0356272534 0.0181851294 -0.0281000007
v  0.0381345153 0.012073054 -0.0019999994
v  0.0381345153 0.012073054 -0.0281000007
v  0.0396015681 0.00563165825 -0.0019999994
v  0.0396015681 0.00563165825 -0.0281000007
v  0.0399883986 -0.000963354658 -0.0019999994
v  0.0399883986 -0.000963354658 -0.0281000007
v  0.0392844453 -0.00753208948 -0.0019999994
v  -0.0373202227 0.00715548499 -8.40425507e-10
v  -0.0379889756 0.000915187004 -8.40425507e-10
v  0 -3.85185989e-34 -8.40425507e-10
v  -0.0356334671 0.0132006006 -8.40425507e-10
v  -0.0250559095 0.0285692383 -8.40425507e-10
v  -0.0294165239 0.0240555257 -8.40425507e-10
v  -0.0329747312 0.0188856386 -8.40425507e-10
v  -0.00843856018 0.0370511897 -8.40425507e-10
v  -0.0144218942 0.0351569168 -8.40425507e-10
v  -0.0200118367 0.0323036574 -8.40425507e-10
v  0.0102129253 0.0366018601 -8.40425507e-10
v  0.00404916611 0.0377836488 -8.40425507e-10
v  -0.00222504372 0.0379347987 -8.40425507e-10
v  0.0264025591 0.0273295585 -8.40425507e-10
v  0.0215441659 0.0313025378 -8.40425507e-10
v  0.0160981026 0.0344216637 -8.40425507e-10
v  0.0362277925 0.0114694014 -8.40425507e-10
v  0.0338458903 0.0172758736 -8.40425507e-10
v  0.0305407606 0.0226111021 -8.40425507e-10
v  0.0373202227 -0.00715548499 -8.40425507e-10
v  0.0379889756 -0.000915187004 -8.40425507e-10
v  0.0376214944 0.00535007473 -8.40425507e-10
v  0.0294165239 -0.0240555257 -8.40425507e-10
v  0.0329747312 -0.0188856386 -8.40425507e-10
v  0.0356334671 -0.0132006006 -8.40425507e-10
v  0.0144218942 -0.0351569168 -8.40425507e-10
v  0.0200118367 -0.0323036574 -8.40425507e-10
v  0.0250559095 -0.0285692383 -8.40425507e-10
v  -0.00404916611 -0.0377836488 -8.40425507e-10
v  0.00222504372 -0.0379347987 -8.40425507e-10
v  0.00843856018 -0.0370511897 -8.40425507e-10
v  -0.0215441659 -0.0313025378 -8.40425507e-10
v  -0.0160981026 -0.0344216637 -8.40425507e-10
v  -0.0102129253 -0.0366018601 -8.40425507e-10
v  -0.0338458903 -0.0172758736 -8.40425507e-10
v  -0.0305407606 -0.0226111021 -8.40425507e-10
v  -0.0264025591 -0.0273295585 -8.40425507e-10
v  -0.0376214944 -0.00535007473 -8.40425507e-10
v  -0.0362277925 -0.0114694014 -8.40425507e-10
v  -0.0373202227 0.00715548499 -0.0300999992
v  -0.0356334671 0.0132006006 -0.0300999992
v  3.76158192e-37 -3.85185989e-34 -0.0300999992
v  -0.0379889756 0.000915187004 -0.0300999992
v  -0.0338458903 -0.0172758736 -0.0300999992
v  -0.0362277925 -0.0114694014 -0.0300999992
v  -0.0376214944 -0.00535007473 -0.0300999992
v  -0.0215441659 -0.0313025378 -0.0300999992
v  -0.0264025591 -0.0273295585 -0.0300999992
v  -0.0305407606 -0.0226111021 -0.0300999992
v  -0.00404916611 -0.0377836488 -0.0300999992
v  -0.0102129253 -0.0366018601 -0.0300999992
v  -0.0160981026 -0.0344216637 -0.0300999992
v  0.0144218942 -0.0351569168 -0.0300999992
v  0.00843856018 -0.0370511897 -0.0300999992
v  0.00222504372 -0.0379347987 -0.0300999992
v  0.0294165239 -0.0240555257 -0.0300999992
v  0.0250559095 -0.0285692383 -0.0300999992
v  0.0200118367 -0.0323036574 -0.0300999992
v  0.0373202227 -0.00715548499 -0.0300999992
v  0.0356334671 -0.0132006006 -0.0300999992
v  0.0329747312 -0.0188856386 -0.0300999992
v  0.0362277925 0.0114694014 -0.0300999992
v  0.0376214944 0.00535007473 -0.0300999992
v  0.0379889756 -0.000915187004 -0.0300999992
v  0.0264025591 0.0273295585 -0.0300999992
v  0.0305407606 0.0226111021 -0.0300999992
v  0.0338458903 0.0172758736 -0.0300999992
v  0.0102129253 0.0366018601 -0.0300999992
v  0.0160981026 0.0344216637 -0.0300999992
v  0.0215441659 0.0313025378 -0.0300999992
v  -0.00843856018 0.0370511897 -0.0300999992
v  -0.00222504372 0.0379347987 -0.0300999992
v  0.00404916611 0.0377836488 -0.0300999992
v  -0.0250559095 0.0285692383 -0.0300999992
v  -0.0200118367 0.0323036574 -0.0300999992
v  -0.0144218942 0.0351569168 -0.0300999992
v  -0.0329747312 0.0188856386 -0.0300999992
v  -0.0294165239 0.0240555257 -0.0300999992

# 0 UV coordinates

# 8568 vertex normals
vn 0.928913236 0.328703463 -0.170511648
vn 0.966383398 0.0117727555 0.25683555
vn 0.96629864 0.0177511778 0.256810844
vn 0.908161044 0.0171792973 0.418268323
vn 0.908286512 0.00423699012 0.418327183
vn 0.823020279 0.0208794698 0.567628086
vn 0.823071659 -0.0175606329 0.567665935
vn 0.038117107 0.577417493 -0.815558791
vn 0.579421997 -3.59275036e-05 0.815027714
vn 0.579418898 -3.60509439e-05 0.815029919
vn 0.0528690033 0.688269734 0.723525822
vn 0.0491442196 0.318314075 0.946710646
vn 0.0982302874 -0.994265735 0.0422661677
vn -0.00362702133 -0.987969756 -0.154604822
vn 0.802518129 -0.108060412 -0.586760283
vn 0.634410322 -0.761633992 -0.132050112
vn 0.850169599 -0.26312843 -0.456042826
vn 0.904156804 0.00912654959 -0.427103281
vn 0.965624034 0.0132648041 -0.259604067
vn 0.965647101 0.011235781 -0.25961408
vn 0.996084213 0.0200541001 -0.0861049369
vn 0.328490704 -0.944466233 0.00879691914
vn 0.988480747 0.151193336 0.00681367936
vn 0.439657629 0.356938243 -0.824194312
vn 0.0521025769 0.964497447 -0.258901417
vn 0.0519304425 0.584712923 -0.809576452
vn 0.997277677 0.0735157952 0.00571332034
vn 0.995756686 -0.0919003785 0.00478381664
vn 0.966360807 -0.257078946 0.00756321149
vn 0.824568808 -0.565524936 0.016364878
vn 0.59443301 -0.804130375 0.00486780796
vn 0.127538487 -0.991793573 -0.00891631749
vn 0.0511262938 -0.998659313 -0.00810785592
vn 0.0510942712 -0.998660922 -0.00810787734
vn 0.29312256 -0.955268025 -0.0392709523
vn 0.200020567 -0.979784429 0.00377643923
vn 0.200021446 -0.97978425 0.0037764411
vn 0.384162247 -0.922649801 -0.0337147266
vn 0.293341458 -0.955990911 0.00567576243
vn 0.431887567 -0.90187943 0.00930887461
vn 0.43156594 -0.902079284 -0.00194235449
vn 0.451056868 -0.892265677 -0.0202407409
vn 0.514929831 -0.857229531 0.00220416253
vn 0.514929295 -0.857229829 0.0022042999
vn 0.514930785 -0.857228935 0.002204302
vn 0.670690298 -0.741721272 0.00490242941
vn 0.668647826 -0.743546665 0.00696411123
vn 0.668646932 -0.74354738 0.00696452241
vn 0.766723037 -0.641780436 -0.0159260742
vn 0.719625473 -0.694324076 0.00729779713
vn 0.719630778 -0.694318533 0.00729776546
vn 0.824575663 -0.565570593 -0.0143141635
vn 0.875209689 -0.483560354 -0.0133205215
vn 0.937145054 -0.348847449 0.00803736877
vn 0.937150121 -0.348833919 0.00803720113
vn 0.90879935 -0.417187512 -0.00618667481
vn 0.986666203 -0.16260457 0.00704116607
vn 0.986667395 -0.162597388 0.00704107573
vn 0.999738574 -0.0215840563 0.00754638435
vn 0.985541463 0.169353232 -0.00524396356
vn 0.949438751 0.313910633 0.00512063876
vn 0.968694746 0.248217657 -0.0042949724
vn 0.970129907 0.242575347 -0.00228269282
vn 0.98554337 0.169365287 0.00443552202
vn 0.949438512 0.313911259 0.00512063457
vn 0.939411759 0.342761785 -0.00446502818
vn 0.914886773 0.403679669 0.00499086501
vn 0.914887667 0.403677613 0.00499087572
vn 0.90118432 0.433431625 0.0019550412
vn 0.914855301 0.403679997 -0.00906864274
vn 0.834320843 0.551277161 0.00150684465
vn 0.834322274 0.551275015 0.00150685199
vn 0.855299115 0.51811862 -0.00406685099
vn 0.871801317 0.489834189 0.00498829549
vn 0.871801496 0.489833951 0.00498829642
vn 0.740879714 0.671635985 -0.00151936512
vn 0.792791545 0.609485328 0.00304217287
vn 0.801347256 0.598191559 0.00307123037
vn 0.792788208 0.60949105 -0.00273676915
vn 0.792786896 0.609492779 -0.00273710233
vn 0.662331104 0.74920249 0.00361776748
vn 0.66233331 0.749200583 0.00361727411
vn 0.673524797 0.739163637 -0.0011900207
vn 0.731040716 0.682326078 0.0032541079
vn 0.731042027 0.682324708 0.00325411069
vn 0.662333429 0.749200463 0.0036177705
vn 0.599847317 0.800113916 -0.000976761105
vn 0.606468737 0.795099378 -0.00354716345
vn 0.464981735 0.885302126 0.00566684594
vn 0.46498546 0.885300159 0.00566642964
vn 0.520231366 0.854022324 -0.00227048271
vn 0.547684789 0.836666763 0.00548710674
vn 0.547683954 0.836667299 0.00548710627
vn 0.464981884 0.885302067 0.00566684594
vn 0.434887469 0.900482297 -0.00213843328
vn 0.377314806 0.926066577 0.00585238077
vn 0.377315849 0.92606616 0.00585238123
vn 0.34437871 0.938828468 -0.00210980373
vn 0.307866126 0.951425314 0.00288331322
vn 0.249299467 0.968426406 -0.000210543716
vn 0.307867706 0.951424837 0.00288329716
vn 0.307866484 0.951425195 0.00288329669
vn 0.142941296 0.989727557 0.00266394042
vn 0.142931417 0.989728987 0.00266402215
vn 0.150728062 0.98857522 0.000198141395
vn 0.237228796 0.971447468 0.00351691106
vn 0.237224907 0.971448421 0.0035169106
vn 0.0367848054 0.997460008 -0.0609952994
vn 0.142935649 0.989728391 0.00266394019
vn 0.057910379 0.998321354 0.000920062885
vn 0.0476485603 0.998852372 0.0048531238
vn 0.0834892467 0.30177021 -0.949717999
vn 0.0249851737 0.302802265 -0.952725828
vn 0.0304787811 0.379144847 -0.924835265
vn 0.0213042945 0.351973981 -0.935767293
vn -3.16412807e-05 0.379321396 -0.925264955
vn 0.0519463457 0.584771633 -0.809533
vn 0.0404596776 0.823046386 -0.566531241
vn 0.0154219735 0.863555372 -0.504018128
vn 0.00949710328 0.823683858 -0.566969752
vn 0.045470953 0.741558075 -0.669345975
vn 0.00666937139 0.549973667 -0.835155368
vn 0.0975754112 0.547162831 -0.831319392
vn 0.0374704786 0.362668872 -0.931164443
vn 0.081059888 0.361602932 -0.928801715
vn 0.100217171 0.337306857 -0.93604517
vn 0.121846944 0.348499715 -0.929355323
vn 0.170347869 0.345772147 -0.922725976
vn 0.28592968 0.342988819 -0.894764125
vn 0.0414546058 0.964980543 -0.259025335
vn 0.0416090116 0.961749017 -0.270753533
vn 0.149580762 0.951931059 -0.267306775
vn 0.134485334 0.856140792 -0.498935521
vn 0.137158126 0.851881862 -0.505455256
vn 0.112424269 0.737683952 -0.665720046
vn 0.118004911 0.724137425 -0.679484963
vn 0.0677542835 0.527520537 -0.84683615
vn 0.438999951 0.340086609 -0.831637025
vn 0.890504539 0.280432969 -0.358272225
vn 0.822794557 0.351103514 -0.446917742
vn 0.822838485 0.34343785 -0.452755183
vn 0.745381892 0.403615147 -0.530566335
vn 0.745629907 0.395385295 -0.536382854
vn 0.66299212 0.444867462 -0.6021083
vn 0.663481414 0.436655223 -0.607556283
vn 0.57958436 0.476201922 -0.661296964
vn 0.580280066 0.468625575 -0.666081905
vn 0.49802947 0.499522805 -0.708832562
vn 0.498817772 0.493220776 -0.712680936
vn 0.420078278 0.516917169 -0.745875895
vn 0.420766771 0.512562275 -0.748488665
vn 0.346559405 0.53042841 -0.773655176
vn 0.346876711 0.528759003 -0.774655044
vn 0.277616799 0.541973472 -0.793217301
vn 0.27719748 0.543874919 -0.792061627
vn 0.212922454 0.553387165 -0.805249453
vn 0.211276755 0.55998826 -0.801108778
vn 0.334349275 0.89059788 -0.30829528
vn 0.425631642 0.855782568 -0.294064492
vn 0.423865378 0.858033895 -0.290027589
vn 0.511131883 0.815024614 -0.272908568
vn 0.509309351 0.817586362 -0.268619597
vn 0.591738939 0.766732454 -0.24893038
vn 0.589980841 0.769475222 -0.244602695
vn 0.66685003 0.711150169 -0.222657681
vn 0.665246367 0.713949502 -0.218456656
vn 0.735889971 0.648545325 -0.194563225
vn 0.734502673 0.651283562 -0.190618828
vn 0.798282444 0.579218984 -0.165077284
vn 0.797147632 0.581786275 -0.161494091
vn 0.853425205 0.503534079 -0.134606391
vn 0.852553308 0.505836368 -0.131462663
vn 0.902135134 0.428699642 -0.0486704558
vn 0.855568945 0.513631999 -0.0646837056
vn 0.85618335 0.512338996 -0.0667744353
vn 0.801733971 0.591984212 -0.0823246613
vn 0.802584052 0.590473533 -0.0848518983
vn 0.74071002 0.66437155 -0.0997952148
vn 0.741815805 0.662685633 -0.102747746
vn 0.672924161 0.730410695 -0.116933025
vn 0.674292028 0.728602052 -0.120288305
vn 0.59876436 0.789712965 -0.133546457
vn 0.60038507 0.787842035 -0.137268767
vn 0.518624544 0.841847241 -0.149404943
vn 0.520470619 0.839979708 -0.1534421
vn 0.432959914 0.886326313 -0.16422978
vn 0.434983552 0.884530425 -0.168508872
vn 0.276506662 0.943432689 -0.182972312
vn 0.34265852 0.906493962 -0.246685594
vn 0.248699471 0.934178233 -0.255850822
vn 0.899938226 0.423426181 -0.104026057
vn 0.907400846 0.41416207 -0.0713686198
vn 0.939222097 0.33928442 -0.0524205603
vn 0.939904988 0.337744087 -0.0500755347
vn 0.968697011 0.246689528 -0.0277552549
vn 0.969019949 0.245599523 -0.0261004157
vn 0.988574445 0.150690511 -0.00358907972
vn 0.988674819 0.150051102 -0.00259726378
vn 0.99842298 0.0525375009 0.0197832473
vn 0.968613327 0.248572409 -0.000177756636
vn 0.968593538 0.248649374 -0.000278573338
vn 0.939476252 0.342539579 -0.00713811303
vn 0.939410806 0.342714399 -0.0073638903
vn 0.90167731 0.432181746 -0.0140361842
vn 0.901523709 0.432488918 -0.0144348899
vn 0.855822265 0.516848624 -0.0208751019
vn 0.855530322 0.517306805 -0.0214839745
vn 0.802462101 0.596061885 -0.0276541654
vn 0.801975489 0.59667635 -0.0285065509
vn 0.742059231 0.669452548 -0.0343714803
vn 0.741321981 0.670210421 -0.0354918204
vn 0.674989581 0.736686468 -0.041013997
vn 0.673950791 0.737557411 -0.0424187444
vn 0.601568401 0.797404647 -0.0475533605
vn 0.600186944 0.798342049 -0.0492508784
vn 0.522098303 0.851177871 -0.0539410487
vn 0.520348489 0.852120459 -0.0559303835
vn 0.436929643 0.897485375 -0.0601040125
vn 0.434808642 0.898360312 -0.0623717383
vn 0.346541464 0.935714185 -0.0659390539
vn 0.344072789 0.936443865 -0.0684603304
vn 0.251606137 0.965198696 -0.0713151023
vn 0.248841882 0.965708971 -0.07405366
vn 0.153051421 0.985285521 -0.076077044
vn 0.668652534 -0.743542433 0.00696450612
vn 0.596647084 -0.802499056 0.00274063693
vn 0.597463965 -0.801120341 0.0352561213
vn 0.502284586 -0.863940239 0.0362961181
vn 0.503457129 -0.85771203 0.104216211
vn 0.393371582 -0.912901044 0.108951852
vn 0.393176973 -0.914475083 0.0956410393
vn 0.275739998 -0.956161737 0.0986009315
vn 0.274295241 -0.960940421 0.0368182473
vn 0.148551986 -0.98822099 0.0367640257
vn 0.147912592 -0.988981783 -0.00607603136
vn 0.999738514 -0.0215858687 0.00754640345
vn 0.998698473 -0.0508986972 -0.00327462843
vn 0.998592675 -0.0487301238 0.0209295806
vn 0.988430202 -0.149101213 0.0278299619
vn 0.987553239 -0.144939095 0.0610842556
vn 0.966218889 -0.244617417 0.0811376795
vn 0.995757043 -0.0918968469 0.00478377519
vn 0.988517225 -0.151105806 0.000836532505
vn 0.988489568 -0.148795128 0.0273555722
vn 0.968262851 -0.247630969 0.0338519961
vn 0.967140317 -0.242307276 0.0769853145
vn 0.935375929 -0.340581924 0.0952668712
vn 0.928038776 -0.325152695 0.181713253
vn 0.87650913 -0.423510164 0.228846967
vn 0.861745 -0.401149511 0.310603648
vn 0.777740657 -0.498222232 0.383267581
vn 0.78724581 -0.51294297 0.342247725
vn 0.635182202 -0.644712865 0.425310403
vn 0.966361701 -0.257075518 0.00756316818
vn 0.938867867 -0.344241351 0.004999795
vn 0.93909651 -0.341737002 0.0362433754
vn 0.89980197 -0.434335053 0.0413460992
vn 0.898780584 -0.428001165 0.0949128345
vn 0.847067058 -0.520281374 0.108557574
vn 0.838729858 -0.500593841 0.214331627
vn 0.764742613 -0.594165325 0.249271393
vn 0.754453123 -0.574150264 0.318044037
vn 0.6504215 -0.665494561 0.366154164
vn 0.661331296 -0.690443337 0.293136418
vn 0.491723567 -0.802884281 0.337023318
vn 0.986663461 -0.162621304 0.00704041077
vn 0.968407094 -0.24935694 0.00296815997
vn 0.968500376 -0.246866822 0.0326163769
vn 0.938524783 -0.343058497 0.0384975076
vn 0.937341273 -0.336992323 0.0884729996
vn 0.895410359 -0.432785958 0.104578108
vn 0.886858821 -0.414451987 0.204232574
vn 0.823729515 -0.511024892 0.245607883
vn 0.810162306 -0.48839587 0.324201375
vn 0.715313435 -0.583365381 0.38472268
vn 0.726748645 -0.604355872 0.326481789
vn 0.563415587 -0.728708982 0.38928926
vn 0.82457006 -0.565523148 0.0163648594
vn 0.799714565 -0.600352645 0.00577467354
vn 0.800333023 -0.598544538 0.0348060243
vn 0.736089528 -0.675863743 0.0371538699
vn 0.736342728 -0.671520591 0.0828220472
vn 0.658649504 -0.747198641 0.088741079
vn 0.656481564 -0.734048605 0.173794746
vn 0.555839598 -0.809599102 0.188657433
vn 0.555129468 -0.805828512 0.20608671
vn 0.434763283 -0.87294513 0.22124128
vn 0.436199844 -0.889491916 0.13613905
vn 0.279763192 -0.949337423 0.143146619
vn 0.279421389 -0.95887506 0.0498231985
vn 0.766731918 -0.641762078 0.0162371043
vn 0.738831401 -0.673688769 0.0164817981
vn 0.739121974 -0.67289412 0.0302040931
vn 0.671379268 -0.740439355 0.0316136964
vn 0.679189324 -0.732466638 0.0468449704
vn 0.582847953 -0.81107533 0.0494479276
vn 0.583037436 -0.800025821 0.141513422
vn 0.476546913 -0.866131783 0.15072751
vn 0.476545274 -0.866100013 0.150915012
vn 0.35604009 -0.920890093 0.15873535
vn 0.355360836 -0.931055546 0.0827902555
vn 0.212736368 -0.973409593 0.0849526376
vn 0.212438971 -0.975863814 0.0505910218
vn 0.149505422 -0.98858434 -0.0186850559
vn 0.149481311 -0.98856163 -0.0200317297
vn 0.127542228 -0.991793036 -0.00891639851
vn 0.3843382 -0.923157275 0.00805093069
vn 0.341781318 -0.939745903 0.00795025937
vn 0.34152016 -0.939870894 -0.00258162851
vn 0.236724392 -0.971571207 -0.00331164687
vn 0.236917466 -0.971525133 0.00300872163
vn 0.115968429 -0.993250251 0.00229231711
vn 0.113601521 -0.990112603 -0.0822902396
vn 0.0464248694 -0.99884063 -0.0127322683
vn 0.0464248732 -0.99884063 -0.0127320532
vn 0.0501615666 -0.998559654 -0.0190380905
vn 0.0467376225 -0.9985919 -0.0250957292
vn 0.0467376336 -0.9985919 -0.0250949599
vn 0.293343127 -0.955990374 0.00567556405
vn 0.247460157 -0.968882084 0.00556210848
vn 0.247078598 -0.968917966 -0.0122521622
vn 0.142802417 -0.989667177 -0.0128970249
vn 0.142631039 -0.98957628 -0.0198779125
vn 0.0411647707 -0.998943985 -0.0204058345
vn 0.041089423 -0.998840094 -0.0251017008
vn 0.996084273 0.0200540982 -0.0861040577
vn 0.998625517 0.00413408829 -0.0522498377
vn 0.998629272 0.00385626964 -0.0521987006
vn 0.998547733 0.00537342485 -0.0536058806
vn 0.998688281 -0.0087354891 -0.0504518002
vn 0.998643279 -0.00756441336 -0.0515205637
vn 0.998540938 -0.0273824111 -0.0465418063
vn 0.998527706 -0.0266999751 -0.0472183824
vn 0.997764766 -0.053745456 -0.0397105813
vn 0.997764707 -0.0537284762 -0.0397350416
vn 0.995859981 -0.0859029144 -0.0297247209
vn 0.99587059 -0.0860504583 -0.0289333705
vn 0.992537081 -0.120819077 -0.0165204499
vn 0.992663324 -0.119969837 -0.0150578991
vn 0.98818022 -0.15329282 -0.0010516498
vn 0.988673985 -0.150077865 0.000578062434
vn 0.984937191 -0.172491908 0.0120512834
vn 0.985972285 -0.16637966 0.0132818874
vn 0.984433472 -0.174743459 0.0188527629
vn 0.987311602 -0.157655492 0.0189874489
vn 0.98693192 -0.159617752 0.0220800955
vn 0.96564889 0.0112357968 -0.259607285
vn 0.988249302 -0.00170780136 -0.152841046
vn 0.988570392 -0.0199132133 -0.149438992
vn 0.98846817 -0.019128602 -0.150215849
vn 0.987851977 -0.070992969 -0.138233304
vn 0.987879753 -0.0714181885 -0.137815416
vn 0.984070837 -0.12882103 -0.122513987
vn 0.984076023 -0.129825175 -0.121407747
vn 0.977146387 -0.184948444 -0.104781054
vn 0.977139115 -0.18602325 -0.102929443
vn 0.965065777 -0.249124512 -0.0811481252
vn 0.965232253 -0.249308586 -0.0785618499
vn 0.945453167 -0.322034091 -0.0491152965
vn 0.946302593 -0.319980413 -0.0460865609
vn 0.919946194 -0.391891122 -0.0109717613
vn 0.922336578 -0.386301756 -0.00813425798
vn 0.899965107 -0.435419261 0.0217466522
vn 0.904378772 -0.426065296 0.0238191895
vn 0.89490515 -0.4445737 0.0387171656
vn 0.907099247 -0.419077724 0.0393036306
vn 0.906967402 -0.419318855 0.0397728495
vn 0.924098313 -0.379750788 0.0427974053
vn 0.924875855 -0.379036665 0.0305921528
vn 0.904155433 0.00912651978 -0.427106202
vn 0.9377864 -0.00520224497 -0.34717378
vn 0.939587712 -0.0616090223 -0.336718321
vn 0.939758241 -0.0621475466 -0.336143076
vn 0.935046315 -0.177006379 -0.307176024
vn 0.935589314 -0.180230215 -0.303627521
vn 0.916733921 -0.298673511 -0.265316874
vn 0.916944325 -0.302206039 -0.260546744
vn 0.889847159 -0.398394942 -0.222381532
vn 0.890182436 -0.400449008 -0.217292055
vn 0.849026561 -0.500628829 -0.168892413
vn 0.850174308 -0.500302315 -0.164015889
vn 0.790415347 -0.604141772 -0.101273194
vn 0.79317528 -0.601210177 -0.0970533639
vn 0.724580109 -0.688596427 -0.0286119133
vn 0.729629934 -0.683371544 -0.0253680777
vn 0.678201735 -0.734335601 0.028170554
vn 0.685535312 -0.727401793 0.030463621
vn 0.665115058 -0.744639814 0.0559775531
vn 0.683705628 -0.7275002 0.0573592447
vn 0.68673408 -0.725279093 0.0486472622
vn 0.714571595 -0.697532177 0.0532570109
vn 0.714648962 -0.697527826 0.0522668287
vn 0.814833939 0.0040476732 -0.579680324
vn 0.711966991 -0.663949132 -0.228636399
vn 0.558068156 -0.828918517 -0.0381319597
vn 0.814832151 0.00404763315 -0.579682827
vn 0.796734869 0.000160290205 -0.60432899
vn 0.814830661 -0.00515576778 -0.579676151
vn 0.759863555 -0.479017586 -0.439487785
vn 0.81624496 -0.424465626 -0.391883999
vn 0.817387342 -0.429736525 -0.383672357
vn 0.644361556 -0.657610118 -0.390316635
vn 0.707423985 -0.607392848 -0.361421078
vn 0.709605038 -0.60977447 -0.353037894
vn 0.771580517 -0.550004065 -0.319623321
vn 0.77300185 -0.552306235 -0.312131315
vn 0.814829648 -0.00515579246 -0.579677522
vn 0.745780468 -0.012312891 -0.666077971
vn 0.70111692 0.0123973181 -0.712938547
vn 0.709474444 -0.664580464 -0.234475628
vn 0.642726958 -0.72256124 -0.25457269
vn 0.639599681 -0.723195553 -0.260577142
vn 0.574645996 -0.770033717 -0.27718237
vn 0.570944428 -0.770590603 -0.283218294
vn 0.451215714 -0.891136169 0.0477563851
vn 0.43574512 -0.89895159 0.0448582657
vn 0.431309879 -0.900048852 0.0623205043
vn 0.419712186 -0.905595601 0.0611416325
vn 0.43914488 -0.897946358 0.0290532503
vn 0.433841676 -0.900569141 0.027507659
vn 0.630561292 -0.764107943 -0.136130497
vn 0.561921299 -0.814359426 -0.145131379
vn 0.557850599 -0.816463888 -0.148961127
vn 0.494141906 -0.855258346 -0.156066984
vn 0.489996165 -0.856988907 -0.159605011
vn 0.502920628 -0.863875628 0.0281027984
vn 0.509111345 -0.860180438 0.0299196709
vn 0.488303304 -0.87057972 0.0604222231
vn 0.502533019 -0.862349272 0.0617603846
vn 0.506984353 -0.860706449 0.0463814363
vn 0.385016799 -0.921772182 0.0458055697
vn 0.373723507 -0.926514208 0.0436133556
vn 0.369572669 -0.927098095 0.0624914393
vn 0.360343009 -0.930790782 0.0614932738
vn 0.378014594 -0.925371349 0.0281572044
vn 0.373576999 -0.927209973 0.0268671159
vn 0.940621257 0.203694105 -0.271551728
vn 0.976650774 0.12799488 -0.172541425
vn 0.973610938 0.123389848 -0.191980869
vn 0.996361077 0.0472541712 -0.0709343776
vn 0.997179329 0.0516709909 -0.0544376783
vn 0.996325731 -0.050872419 0.0688987821
vn 0.997220635 -0.0569020212 0.0480953604
vn 0.966890275 -0.195543647 0.1639691
vn 0.971569896 -0.213935569 0.101407886
vn 0.901484251 -0.387515575 0.192763522
vn 0.905201495 -0.413676202 0.0973769873
vn 0.791733265 -0.592000306 0.15064542
vn 0.78970933 -0.610646963 0.0589015894
vn 0.979313195 0.124703661 -0.15935716
vn 0.997539103 0.0421919711 -0.0559966341
vn 0.997545958 0.0422268026 -0.0558478273
vn 0.996361792 -0.0451986492 0.0722512528
vn 0.997013271 -0.0485660881 0.0600485839
vn 0.967964888 -0.167418987 0.187122628
vn 0.974038005 -0.183188796 0.133010611
vn 0.910920918 -0.333924681 0.242316768
vn 0.920318663 -0.361743957 0.148845091
vn 0.818403006 -0.529360175 0.223594069
vn 0.822061241 -0.558775723 0.109476276
vn 0.692070842 -0.70687902 0.146150559
vn 0.690401137 -0.719453037 0.0757201687
vn 0.605093122 -0.795486033 0.0326231979
vn 0.605804324 -0.794213235 0.0471850298
vn 0.661851704 -0.685678422 0.302980781
vn 0.789738357 -0.561179399 0.247772023
vn 0.76941067 -0.519866645 0.371141404
vn 0.876149356 -0.391131133 0.281742215
vn 0.851425231 -0.355470568 0.385636806
vn 0.940707564 -0.227730587 0.251412213
vn 0.942021072 -0.229564145 0.244737789
vn 0.980491042 -0.133853197 0.143946797
vn 0.983029127 -0.139114723 0.119585887
vn 0.99771142 -0.0451755896 0.0503100157
vn 0.997672915 -0.0450038053 0.0512198023
vn 0.998708785 0.0505620092 0.00492328731
vn 0.998740733 0.0499910936 0.00422396464
vn 0.988406301 0.145458668 -0.0435293764
vn 0.988527775 0.14416571 -0.0450448059
vn 0.966737986 0.238061041 -0.0935126245
vn 0.967010021 0.236036375 -0.0958040431
vn 0.934081495 0.326706231 -0.144065335
vn 0.934558749 0.323999554 -0.147051811
vn 0.891177356 0.409986198 -0.19420141
vn 0.891897917 0.406699419 -0.197771862
vn 0.839029849 0.486816615 -0.242978454
vn 0.840006828 0.48309508 -0.246997431
vn 0.778800249 0.556451499 -0.28953743
vn 0.780015647 0.552477062 -0.293844551
vn 0.711705446 0.618470728 -0.333120584
vn 0.713105917 0.614455521 -0.337526798
vn 0.638940811 0.672737002 -0.373067766
vn 0.64043504 0.668917775 -0.377348632
vn 0.561617494 0.719350696 -0.408803612
vn 0.563073993 0.71598649 -0.41268751
vn 0.480737388 0.758591473 -0.439807415
vn 0.481979311 0.755970478 -0.442949831
vn 0.397172958 0.790882707 -0.465572923
vn 0.397971243 0.789329052 -0.467523843
vn 0.311667472 0.816758156 -0.485561043
vn 0.311729014 0.816646814 -0.485708743
vn 0.985543847 0.169362456 0.00443563797
vn 0.988527954 0.15096876 0.00457228301
vn 0.988484263 0.151168719 0.00684706494
vn 0.998576164 0.0515008718 0.0139041794
vn 0.998427868 0.0522914082 0.020183716
vn 0.998038828 -0.0463321768 0.0420933254
vn 0.99770391 -0.0448926687 0.0507104322
vn 0.985231578 -0.141866565 0.0958783478
vn 0.983759522 -0.138310283 0.11440061
vn 0.955648541 -0.232869521 0.180298761
vn 0.949546218 -0.223582014 0.219938666
vn 0.893553376 -0.321212858 0.313663363
vn 0.895095527 -0.323225766 0.307130456
vn 0.780042231 -0.456549525 0.42789799
vn 0.809538841 -0.502433181 0.303657293
vn 0.688728154 -0.621653914 0.373095125
vn 0.706989527 -0.664850533 0.24112156
vn 0.618278682 -0.738812327 0.268119007
vn 0.578243375 -0.783303857 0.228187725
vn 0.535728574 -0.810670495 0.236237705
vn 0.493949622 -0.847902238 0.192550108
vn 0.494894087 -0.860417902 0.121494345
vn 0.456502885 -0.874644876 0.163099423
vn 0.580689013 -0.800657272 0.14747262
vn 0.53980881 -0.819309294 0.193232372
vn 0.671156824 -0.722013533 0.168062449
vn 0.677210033 -0.131519586 -0.723940074
vn 0.701118827 0.0123973349 -0.712936699
vn 0.671582341 0.0017455538 -0.740927875
vn 0.701160371 -0.00629042787 -0.71297586
vn 0.598468125 -0.00743185403 -0.801112175
vn 0.567462385 0.0088603003 -0.823351622
vn 0.552932084 -0.832225859 -0.0408200249
vn 0.4862656 -0.872754216 -0.0429630019
vn 0.48149994 -0.875273824 -0.0453164876
vn 0.421930462 -0.905410051 -0.0469822399
vn 0.417627156 -0.907295525 -0.0490136854
vn 0.358537734 -0.932151735 -0.0504368432
vn 0.430318445 -0.887415469 -0.165286958
vn 0.426203161 -0.888792574 -0.168518931
vn 0.507714987 -0.808706641 -0.297016948
vn 0.567464113 0.00886031147 -0.823350489
vn 0.518981993 -0.00961705949 -0.854731083
vn 0.567405403 -0.0161314216 -0.823280573
vn 0.418043554 -0.00242473348 -0.908423722
vn 0.433507055 -0.0023530717 -0.901147127
vn 0.418033153 0.00470844284 -0.908419549
vn 0.299522191 -0.953044534 0.0446380489
vn 0.293206692 -0.955128968 0.041934792
vn 0.289567679 -0.955083013 0.0629842803
vn 0.283480972 -0.957011104 0.0613867454
vn 0.297810227 -0.954227924 0.0275350083
vn 0.294985592 -0.955158949 0.0255911816
vn 0.331376046 -0.942504108 -0.0433124788
vn 0.305952102 -0.950481474 -0.0545738377
vn 0.36958012 -0.912932515 -0.173103288
vn 0.527166367 -0.848288894 0.0500150174
vn 0.528537869 -0.848549962 0.0247106943
vn 0.452213258 -0.891513765 0.0265768096
vn 0.438070506 -0.89839536 0.031305667
vn 0.386177897 -0.922299385 0.0151831424
vn 0.315575927 -0.948765278 0.0160088968
vn 0.300524652 -0.953726888 0.00948584266
vn 0.22663039 -0.973926365 0.0103023872
vn 0.225945473 -0.973208189 0.042596031
vn 0.222961158 -0.973923683 0.041964069
vn 0.220296681 -0.973436475 0.0623762533
vn 0.216208294 -0.974384844 0.0618719049
vn 0.227841288 -0.973350704 0.0260155573
vn 0.225525111 -0.97390765 0.0253431574
vn 0.258331954 -0.964465559 -0.0554143377
vn 0.418032825 0.00470844144 -0.908419728
vn 0.343788385 -0.014508266 -0.938935041
vn 0.256536573 0.0018897783 -0.966532648
vn 0.256542981 0.00188944896 -0.966530979
vn 0.248802662 0.00186835311 -0.968552411
vn 0.256539196 -0.00142653275 -0.966532767
vn 0.138903528 -0.989406824 0.0421899334
vn 0.138476044 -0.98947078 0.042094864
vn 0.136870593 -0.988627076 0.0623133853
vn 0.256538332 -0.00142653496 -0.966533005
vn 0.150993511 -0.0143799363 -0.988430142
vn 0.0864048004 0.00519085163 -0.996246576
vn 0.674707651 -0.128363699 -0.726837218
vn 0.604083002 -0.139051661 -0.784696341
vn 0.600973189 -0.135438845 -0.787710309
vn 0.52480799 -0.144561455 -0.838855505
vn 0.521096408 -0.140495852 -0.841854751
vn 0.43971926 -0.148060635 -0.885847092
vn 0.435455382 -0.143560573 -0.888689458
vn 0.349315435 -0.149567679 -0.924990952
vn 0.344556063 -0.14462617 -0.927558303
vn 0.254288703 -0.149076715 -0.955569685
vn 0.249130994 -0.143698916 -0.957749665
vn 0.155602917 -0.146608993 -0.976879478
vn 0.150172621 -0.140803128 -0.978581965
vn 0.628636062 -0.546376586 -0.553434134
vn 0.563269258 -0.581117392 -0.587392807
vn 0.557870209 -0.572750926 -0.600614011
vn 0.489647925 -0.602210164 -0.630545616
vn 0.482835054 -0.592911839 -0.644457757
vn 0.411596984 -0.617423236 -0.670355499
vn 0.403320909 -0.607093334 -0.684667766
vn 0.328922004 -0.626811326 -0.706341207
vn 0.319197983 -0.615348279 -0.720735192
vn 0.241608366 -0.630279124 -0.737816811
vn 0.230530411 -0.617594838 -0.75195235
vn 0.149922058 -0.62764585 -0.763926744
vn 0.137686744 -0.613697767 -0.777442873
vn 0.370854735 -0.865966499 -0.335512698
vn 0.30999583 -0.886559963 -0.343386143
vn 0.304687023 -0.886296093 -0.34877643
vn 0.24354732 -0.902549505 -0.355090201
vn 0.238003537 -0.902000368 -0.360207736
vn 0.176128224 -0.914190114 -0.365014136
vn 0.170420244 -0.913336813 -0.369828045
vn 0.107448749 -0.921544254 -0.373109877
vn 0.101648897 -0.920374334 -0.377595782
vn 0.0863526687 0.00519132195 -0.996251106
vn 0.0200706683 0.00512089953 -0.999785423
vn 0.0863853469 -0.0233135503 -0.995988965
vn 0.0428552181 -0.142300755 -0.988895297
vn 0.0426200517 -0.142037347 -0.988943338
vn 0.0426203348 -0.142027587 -0.988944709
vn 0.743902147 -0.121937521 -0.657069862
vn 0.741989493 -0.119250208 -0.659720421
vn 0.737395465 -0.022601638 -0.675083041
vn 0.669787407 -0.0250990484 -0.742128611
vn 0.673270106 -0.0281229205 -0.738861561
vn 0.596341848 -0.0307183433 -0.80214262
vn 0.599769473 -0.0334234871 -0.799474478
vn 0.517080069 -0.0358813033 -0.855184615
vn 0.520237029 -0.038197346 -0.853167295
vn 0.43235597 -0.0404153243 -0.900796831
vn 0.435016364 -0.0422685817 -0.899429917
vn 0.342626512 -0.0441549234 -0.938433468
vn 0.344583154 -0.0454762168 -0.937653661
vn 0.248552158 -0.0469525531 -0.967479885
vn 0.249614269 -0.047662355 -0.967171669
vn 0.151033312 -0.0486691333 -0.987329841
vn 0.151046723 -0.0486781895 -0.987327337
vn 0.0541541763 -0.04917432 -0.99732101
vn 0.0197387002 -0.0233949404 -0.999531448
vn 0.00401428482 -0.987968326 -0.154604346
vn 0.207350194 -0.949963212 -0.233614624
vn 0.150071412 -0.96007359 -0.236087412
vn 0.148465201 -0.959762514 -0.238356814
vn 0.0908015072 -0.966511369 -0.240022704
vn 0.0892071426 -0.966153681 -0.242051929
vn 0.0395879894 -0.969261825 -0.242825732
vn 0.0006073197 -0.948291242 -0.317400843
vn 0.000607249036 -0.948291659 -0.317399681
vn 0.0671333373 -0.923083246 -0.378695697
vn 0.0118024033 -0.859835386 -0.510434866
vn 0.0118024768 -0.85983485 -0.510435879
vn 0.504063427 -0.727400124 -0.46562767
vn 0.438422114 -0.757173002 -0.484226257
vn 0.432577014 -0.753958106 -0.494392842
vn 0.365568191 -0.778530538 -0.510147154
vn 0.35879162 -0.774917126 -0.520357609
vn 0.290075213 -0.794624925 -0.533317566
vn 0.282420665 -0.790532768 -0.54341197
vn 0.211724266 -0.805491328 -0.553494871
vn 0.203277886 -0.800845027 -0.563316345
vn 0.130458161 -0.810994029 -0.570323944
vn 0.121341906 -0.805729449 -0.579720736
vn 0.0707026199 -0.809717119 -0.582545519
vn 0.0182854217 -0.698158801 -0.715709388
vn 0.0182851069 -0.698162258 -0.71570605
vn 0.0723490492 -0.618024528 -0.782822609
vn 0.0204112809 -0.414517283 -0.90981251
vn 0.0204115603 -0.414512634 -0.909814596
vn 0.734150171 -0.314246297 -0.601890981
vn 0.672572613 -0.343438298 -0.655512214
vn 0.667637229 -0.334454745 -0.665131986
vn 0.60125643 -0.359669626 -0.713532388
vn 0.595044374 -0.349528432 -0.723707139
vn 0.523967505 -0.370942593 -0.766720057
vn 0.516450882 -0.359612733 -0.777146816
vn 0.440779537 -0.377334416 -0.814452052
vn 0.431984156 -0.364769906 -0.824822783
vn 0.351922274 -0.378847212 -0.855935454
vn 0.341960013 -0.365030408 -0.865919232
vn 0.257881612 -0.375484735 -0.890229344
vn 0.246943682 -0.360417664 -0.899509847
vn 0.159499392 -0.367276758 -0.916333854
vn 0.147850931 -0.350984991 -0.924634874
vn 0.0602925085 -0.354282022 -0.933192968
vn 0.0428659841 -0.14201501 -0.988935888
vn 0.0603481308 -0.99787426 0.0245974846
vn 0.114329189 -0.991591513 -0.0606222153
vn 0.0696804449 -0.995709896 -0.0608808026
vn 0.0685229301 -0.995762587 -0.0613308363
vn 0.00212238287 -0.998106122 -0.0614794195
vn 0.0662008524 -0.997121036 -0.0369734317
vn 0.059742149 -0.996631861 0.0561765321
vn 0.0596871488 -0.996276021 0.0622220412
vn 0.057662867 -0.996394753 0.0622292385
vn 0.0608146526 -0.99784261 0.0247334354
vn 0.100497201 -0.994631648 0.0246620681
vn 0.115881614 -0.99144882 -0.0600058995
vn 0.160385966 -0.985252202 -0.0596190766
vn 0.0182400122 -0.998249054 0.0562679321
vn -0.00677108159 -0.999165416 0.0402813032
vn -0.0063638608 -0.999676228 0.0246357117
vn 0.047002092 -0.998084009 0.0402381457
vn 0.00123078108 -0.99931246 -0.0370552614
vn 0.250396937 -0.94977212 -0.187707916
vn 0.197865039 -0.96162945 -0.190048054
vn 0.256011814 -0.954328835 -0.153994754
vn 0.134666085 -0.97823596 -0.157858863
vn 0.133500382 -0.978179693 -0.159191981
vn 0.0812386274 -0.983752251 -0.160099417
vn 0.0801803395 -0.983656645 -0.161216438
vn -0.00328673935 -0.986828625 -0.161735743
vn 0.00401431555 -0.987968206 -0.154604897
vn 0.139336944 -0.990214705 0.00774990441
vn 0.139849603 -0.990143418 0.00761936884
vn 0.0985322222 -0.995103061 0.00783015322
vn 0.0228452794 -0.999473274 0.0230490398
vn 0.0109940246 -0.99903363 0.0425548106
vn 0.0589264482 -0.997357428 0.0424950272
vn 0.0582940057 -0.996352494 0.0623176508
vn 0.0960462689 -0.993435085 0.062144164
vn 0.101348355 -0.994539082 0.0249095391
vn 0.141029581 -0.989694655 0.0248018783
vn 0.162351102 -0.984978259 -0.0588209033
vn 0.207221508 -0.976555347 -0.0582997687
vn 0.254058629 -0.949261606 -0.18535541
vn 0.307222068 -0.933998644 -0.1823764
vn 0.375863701 -0.865970016 -0.329882473
vn 0.43696636 -0.840511739 -0.320312947
vn 0.508957386 -0.730299294 -0.455659181
vn 0.573563874 -0.694728553 -0.434023947
vn 0.632725239 -0.553902984 -0.541156352
vn 0.695313036 -0.513348877 -0.503003657
vn 0.737895787 -0.322103977 -0.593092561
vn 0.794475794 -0.288690716 -0.534290135
vn 0.803879321 -0.110255584 -0.58448422
vn 0.855932891 -0.0947451666 -0.508332849
vn 0.85212189 -0.00915003847 -0.523263335
vn 0.904184699 0.004227506 -0.427120775
vn 0.355410069 -0.932159483 0.0690100342
vn 0.997927248 0.040662121 -0.0498778597
vn 0.997558057 -0.0453581847 0.0531089008
vn 0.99699086 -0.0425614826 0.0647904426
vn 0.96812439 -0.146283537 0.203313321
vn 0.974526346 -0.159111202 0.158057034
vn 0.915564656 -0.288830638 0.27985397
vn 0.928774595 -0.314657032 0.195879191
vn 0.8359828 -0.465818375 0.290079325
vn 0.84805572 -0.500617683 0.173733816
vn 0.725039601 -0.649328232 0.229543895
vn 0.727342069 -0.677893221 0.106931143
vn 0.595152438 -0.792934418 0.130570248
vn 0.591881514 -0.804891467 0.04273149
vn 0.463640034 -0.88453716 0.0513024405
vn 0.437642336 -0.898907781 0.0208324809
vn 0.354052126 -0.934925973 0.023674557
vn 0.290695518 -0.956690431 -0.0154759707
vn 0.293034494 -0.953417659 0.0715926513
vn 0.34306702 -0.938194573 0.0457819365
vn 0.342707664 -0.921037555 0.185043886
vn 0.908800244 -0.417174339 0.00690654572
vn 0.900447488 -0.434940249 0.00461471919
vn 0.900864601 -0.432442129 0.0379041061
vn 0.852740109 -0.520634413 0.0421203524
vn 0.85207808 -0.514533699 0.0960104913
vn 0.791069865 -0.602287412 0.107043602
vn 0.784242988 -0.583100379 0.2120305
vn 0.700235844 -0.672301769 0.240166783
vn 0.693957567 -0.657177925 0.294176906
vn 0.582362294 -0.74287343 0.330141306
vn 0.590666234 -0.768270195 0.246727258
vn 0.420116127 -0.864963651 0.274481893
vn 0.425432652 -0.89585495 0.128261358
vn 0.278064549 -0.950920999 0.135754675
vn 0.27798 -0.959398091 0.0477752164
vn 0.21063599 -0.977422655 0.0166549403
vn 0.210590586 -0.977471054 0.0142102595
vn 0.181802735 -0.983306706 0.00746346917
vn 0.181225479 -0.98253268 0.0422714725
vn 0.179769307 -0.982813716 0.0419553332
vn 0.177642629 -0.982118964 0.0623333715
vn 0.174709976 -0.982668579 0.0619590878
vn 0.184251547 -0.982547283 0.0255389903
vn 0.875192344 -0.483509928 0.0160172209
vn 0.854159653 -0.519751549 0.0164183546
vn 0.854417622 -0.518237174 0.0374265872
vn 0.797974527 -0.601314962 0.0407056138
vn 0.797779322 -0.595914364 0.091837883
vn 0.728067815 -0.678135276 0.10024856
vn 0.723529875 -0.661274672 0.198041201
vn 0.630530119 -0.74452424 0.219352216
vn 0.627704978 -0.735319674 0.255521923
vn 0.510481417 -0.81293577 0.280257225
vn 0.515202045 -0.835163891 0.192530915
vn 0.349164546 -0.913704813 0.207912669
vn 0.350621551 -0.932468355 0.0869902372
vn 0.218690231 -0.971601844 0.0903571397
vn 0.2181537 -0.975832045 0.0126789501
vn 0.155260444 -0.987781405 0.0134928431
vn 0.139866367 -0.9901281 0.00914837699
vn 0.0971216187 -0.995228469 0.00936476141
vn 0.097113654 -0.995239556 0.00819886476
vn 0.0425997898 -0.999057055 0.00838431064
vn 0.0247764606 -0.99969244 -0.00105448638
vn 0.856808066 -0.0964244455 -0.506539524
vn 0.848386288 -0.257507622 -0.462526202
vn 0.797160089 -0.295436233 -0.526548386
vn 0.75793153 -0.473003 -0.449230373
vn 0.698235691 -0.520101726 -0.491895378
vn 0.641327918 -0.655117214 -0.399399519
vn 0.577511013 -0.697389185 -0.424416453
vn 0.503508627 -0.809122622 -0.302984565
vn 0.441606849 -0.840286076 -0.314487964
vn 0.365566134 -0.913987875 -0.176032975
vn 0.311079711 -0.933232248 -0.179741487
vn 0.255482435 -0.965153575 -0.0566327535
vn 0.209618613 -0.97610271 -0.0573018156
vn 0.182484493 -0.982890189 0.0250260103
vn 0.142310485 -0.989501894 0.0251738708
vn 0.134879082 -0.988917232 0.0620510168
vn 0.0972790569 -0.99330461 0.0623116381
vn 0.0983864814 -0.994248807 0.0423017405
vn 0.0585818067 -0.997381151 0.0424146056
vn 0.0585296974 -0.997001767 0.0506138317
vn 0.0228452813 -0.999473274 0.0230481643
vn 0.997277856 0.0735137463 0.0057133385
vn 0.998747528 0.0499207117 -0.00335738063
vn 0.99857682 0.051479727 0.0139345136
vn 0.998590946 -0.0487519912 0.0209624469
vn 0.998064756 -0.0461110845 0.0417191647
vn 0.987263918 -0.146068409 0.0630395934
vn 0.98565793 -0.1411549 0.0924862847
vn 0.962551355 -0.235583141 0.134147331
vn 0.962882459 -0.22788471 0.144658059
vn 0.921903014 -0.332179099 0.199378669
vn 0.908835888 -0.31283924 0.275950938
vn 0.837662399 -0.410809845 0.359940231
vn 0.843387365 -0.418673187 0.336764812
vn 0.707397103 -0.55335778 0.439754993
vn 0.736480176 -0.605486393 0.301634103
vn 0.652109623 -0.679151058 0.336907834
vn 0.615780652 -0.731409311 0.293009549
vn 0.575534284 -0.759301543 0.303679943
vn 0.534619033 -0.806384385 0.252837449
vn 0.499073833 -0.826972783 0.258923441
vn 0.450814396 -0.870438337 0.197745994
vn 0.415073037 -0.891923606 0.1794063
vn 0.415797234 -0.900368869 0.128252059
vn 0.349147767 -0.934705436 0.0664953291
vn 0.455278248 -0.88826704 0.0608555675
vn 0.463712037 -0.884400189 0.0529857464
vn 0.540012181 -0.834937632 0.106141634
vn 0.630911648 -0.77000165 0.0951204672
vn 0.630267859 -0.745375276 0.217205167
vn 0.76236558 -0.622020721 0.178574577
vn 0.750596642 -0.584233046 0.308668822
vn 0.865510166 -0.442941278 0.233870059
vn 0.84684211 -0.407942683 0.341234803
vn 0.932682753 -0.275166541 0.233208537
vn 0.916811347 -0.251251131 0.310370445
vn 0.97644645 -0.133454546 0.169535175
vn 0.978246689 -0.136850402 0.155901983
vn 0.997636497 -0.0450523198 0.0518813282
vn 0.997679353 -0.0452653207 0.0508627482
vn 0.998705626 0.0468111522 -0.0198931843
vn 0.998730958 0.0457665324 -0.0210212246
vn 0.985917926 0.138066128 -0.0943585113
vn 0.986007571 0.135840699 -0.0966246128
vn 0.958966672 0.226268023 -0.170838401
vn 0.959172547 0.222888812 -0.174093619
vn 0.918427765 0.309003711 -0.246996239
vn 0.918804824 0.304600984 -0.251029849
vn 0.865782022 0.384302706 -0.320519686
vn 0.866373837 0.379093438 -0.32509163
vn 0.803177893 0.450852275 -0.389406621
vn 0.804000974 0.445132703 -0.394257873
vn 0.733090758 0.508086026 -0.452135503
vn 0.734122097 0.502214253 -0.456996232
vn 0.657975197 0.556135356 -0.507722497
vn 0.659144521 0.550512791 -0.512312591
vn 0.580007195 0.595676363 -0.55566299
vn 0.581192017 0.590743721 -0.559676409
vn 0.500924647 0.627763689 -0.595808089
vn 0.50194633 0.624005139 -0.598888516
vn 0.421992004 0.65366739 -0.628205121
vn 0.422607839 0.651631236 -0.62990427
vn 0.344008327 0.674772561 -0.652947366
vn 0.343897909 0.675105333 -0.652661502
vn 0.267369896 0.692521214 -0.6700207
vn 0.266105354 0.69603467 -0.666876078
vn 0.0858902037 0.0395828672 0.995517969
vn 0.0640842915 0.500017941 0.863640666
vn 0.0744359419 0.49988395 0.8628878
vn 0.074446626 0.499882162 0.862887919
vn 0.04215011 0.781987131 0.621867716
vn -0.0279890504 0.922381938 0.38526383
vn 0.251017779 0.183150589 0.950497746
vn 0.235500753 0.397515237 0.886860192
vn 0.237950519 0.397396564 0.886259317
vn 0.42007333 0.177161753 0.890029252
vn 0.248649642 0.283766389 0.926093936
vn 0.471086949 0.172417566 0.865071833
vn 0.235800385 0.416015714 0.87825346
vn 0.235800952 0.416015685 0.878253281
vn -0.0113583822 0.938367486 -0.345452547
vn 0.047857333 0.998568177 0.0239011236
vn 0.0437106714 0.998004794 -0.045561038
vn 0.0454016328 0.997929454 -0.0455571041
vn 0.0209009182 0.964564323 -0.263018638
vn 0.0498838574 0.963650882 -0.262466431
vn 0.034551423 0.923385739 -0.382315218
vn 0.0237390175 0.802491724 -0.59619081
vn 0.0237390269 0.802491546 -0.596191049
vn -0.135352373 0.667004824 -0.732655644
vn 0.425312608 0.0841335505 0.901127458
vn 0.425309896 0.0841355473 0.90112859
vn 0.425312221 0.0841355622 0.901127458
vn 0.57895112 0.480578065 0.658680737
vn 0.610024333 0.289823502 0.737477183
vn 0.528088987 0.306167871 0.792075276
vn 0.671471953 0.311983883 0.672154367
vn 0.680268109 0.0302705355 0.732338011
vn 0.712118864 -0.0425786711 0.700766563
vn 0.712119699 -0.042579513 0.700765669
vn 0.578386486 -0.0597400256 0.813572526
vn 0.53487879 0.0687275678 0.842128932
vn 0.611517072 0.0709097162 0.788047433
vn 0.608632326 0.249460161 0.75321734
vn 0.66003859 0.239103049 0.712164879
vn 0.654914498 0.449326724 0.607612133
vn 0.598417521 0.619724393 0.507777691
vn 0.0271698814 0.688977599 0.724273205
vn 0.0467063114 0.903944492 0.425091624
vn 0.105755076 0.900150001 0.422546804
vn 0.0722073093 0.970928252 0.228220031
vn 0.133764192 0.964902878 0.225985825
vn 0.0742376894 0.997053146 -0.0193339176
vn 0.119057044 0.992701232 -0.0192285087
vn 0.0626570284 0.975627124 -0.210299209
vn 0.110471115 0.971696973 -0.208808899
vn 0.0879781246 0.951855779 -0.29365024
vn 0.159574583 0.943639338 -0.289966851
vn 0.137178406 0.893360198 -0.427889764
vn 0.209314615 0.774329841 0.597160518
vn 0.180335611 0.856089294 0.484345049
vn 0.260811031 0.841386676 0.473335028
vn 0.187652484 0.947097003 0.26037246
vn 0.256555498 0.932340145 0.254796207
vn 0.155859008 0.987568676 0.0203981642
vn 0.214279339 0.976563752 0.020190293
vn 0.130212292 0.979408622 -0.154284
vn 0.194563001 0.969067991 -0.151830211
vn 0.166617006 0.960990727 -0.220761493
vn 0.253473461 0.943049788 -0.215425819
vn 0.225905716 0.914736867 -0.334997088
vn 0.0381411016 0.672706783 -0.738925457
vn 0.0351765677 0.558556497 -0.828720272
vn 0.712551892 -0.0244775824 0.70119226
vn 0.74568373 0.0340267792 0.665430665
vn 0.740448713 0.26239413 0.618777037
vn 0.743648767 0.286194384 0.604217947
vn 0.676988065 0.555892646 0.48235932
vn 0.674702466 0.574044645 0.46394974
vn 0.550387919 0.780180454 0.297307223
vn 0.908288538 0.00423717545 0.418322772
vn 0.85303539 -0.0204939451 0.52145046
vn 0.855562866 0.179974407 0.485408515
vn 0.857639074 0.193405092 0.476497352
vn 0.815898538 0.418240398 0.399229974
vn 0.814673662 0.432231814 0.386629611
vn 0.748596251 0.588419735 0.305558294
vn 0.723656118 0.653813422 0.221019849
vn 0.718052685 0.647303939 0.255730271
vn 0.622802496 0.766444206 0.157099947
vn 0.620570004 0.77088666 0.143619627
vn 0.542791486 0.837175429 0.0671919063
vn 0.45360139 0.176320478 0.873588502
vn 0.439709604 0.375830948 0.815724552
vn 0.528333068 0.359140366 0.769338906
vn 0.493250996 0.545313001 0.67774421
vn 0.574425161 0.516647935 0.634909987
vn 0.515868545 0.67900759 0.522329688
vn 0.595712066 0.639350891 0.486166149
vn 0.46998781 0.83045727 0.299085587
vn 0.55376631 0.78436029 0.27950266
vn 0.400254518 0.911739826 0.0923405141
vn 0.492022514 0.866153896 0.0877001286
vn 0.349493712 0.934163511 -0.0720605105
vn 0.45621103 0.887317717 -0.0673704147
vn 0.413748473 0.901653469 -0.125829935
vn 0.545374036 0.830340445 -0.114463679
vn 0.996148884 -0.0139623974 0.0865589306
vn 0.966298342 0.0177511461 0.256811947
vn 0.937785685 -0.0128847454 0.346975476
vn 0.93930608 0.113169514 0.323877662
vn 0.940234482 0.120189369 0.318612009
vn 0.921312273 0.273357898 0.276512563
vn 0.920863867 0.282534778 0.268670559
vn 0.885704994 0.406818897 0.223662749
vn 0.884025812 0.414756715 0.215581208
vn 0.852089822 0.490663618 0.182187244
vn 0.850267649 0.496913731 0.173555851
vn 0.809974134 0.570735931 0.134916306
vn 0.809016526 0.574103475 0.126085222
vn 0.749137044 0.658525229 0.0716812015
vn 0.750306368 0.658064246 0.0631807894
vn 0.680218518 0.7330091 0.00062697049
vn 0.685171187 0.728348792 -0.00696029933
vn 0.634184062 0.771196842 -0.055371251
vn 0.966385305 0.0117729101 0.256828398
vn 0.968645632 0.0123253586 0.248140484
vn 0.968450248 0.0835355595 0.234789222
vn 0.968956292 0.0884606838 0.230864435
vn 0.958515048 0.200445175 0.202658892
vn 0.958272994 0.207302317 0.196821436
vn 0.938253522 0.302849442 0.167220145
vn 0.937259018 0.309163183 0.161132589
vn 0.919278383 0.367883563 0.139960557
vn 0.918251634 0.372782677 0.133592665
vn 0.894423366 0.433951229 0.108134925
vn 0.894007683 0.436336458 0.101787537
vn 0.854788899 0.515172899 0.0627127439
vn 0.855808616 0.51417923 0.0566689707
vn 0.804244399 0.594253182 0.00735969981
vn 0.808031142 0.589136362 0.00201410218
vn 0.766395748 0.641158402 -0.0394132547
vn 0.773920357 0.631772101 -0.0437186696
vn 0.755295873 0.652063966 -0.0658846498
vn 0.904906094 0.423695296 -0.040338777
vn 0.893237889 0.44782719 -0.0397097282
vn 0.903380632 0.428162903 -0.024083335
vn 0.899784505 0.435788035 -0.0218324549
vn 0.921685338 0.38787806 0.00683899503
vn 0.919915557 0.391993791 0.00980671775
vn 0.943954051 0.327548891 0.0407732613
vn 0.943429947 0.328608423 0.0442311317
vn 0.959567726 0.273558974 0.0662966445
vn 0.959668636 0.272244334 0.0701367632
vn 0.968421221 0.235101327 0.0829921812
vn 0.968841672 0.231849298 0.0871301368
vn 0.975378633 0.197762877 0.0976033211
vn 0.975844622 0.193307936 0.101780713
vn 0.984016299 0.133156985 0.11824166
vn 0.984149158 0.128429383 0.122296229
vn 0.988583803 0.0590244681 0.138629749
vn 0.988376737 0.0556366071 0.141477853
vn 0.98877871 0.0224014129 0.147698596
vn 0.988810956 0.148867399 -0.00955890864
vn 0.987997115 0.15417856 -0.00952295866
vn 0.989347279 0.145524442 -0.00381817902
vn 0.989125073 0.147035614 -0.00348697812
vn 0.991801381 0.127631977 0.00633280491
vn 0.991681874 0.128531083 0.00684166187
vn 0.994121909 0.107115373 0.0157469269
vn 0.994067073 0.107495159 0.016596403
vn 0.995322645 0.0942301378 0.0212951992
vn 0.995329499 0.0938277841 0.0227045529
vn 0.995658338 0.089961268 0.0239043273
vn 0.995746672 0.0884139612 0.0259132627
vn 0.996078134 0.0842326432 0.0270780157
vn 0.996222198 0.0816922337 0.0294577051
vn 0.997529566 0.0610987693 0.0346659347
vn 0.997610569 0.0582567416 0.0371394642
vn 0.998574138 0.0313991718 0.0431714766
vn 0.998554528 0.0291010048 0.0451882072
vn 0.998648465 0.0239194892 0.0461427681
vn 0.996241629 0.00295178941 0.086567305
vn 0.366568446 0.0849023238 0.926509142
vn 0.343799829 0.458352566 0.819581926
vn 0.438012213 0.442178011 0.782702982
vn 0.402382553 0.610663354 0.682040036
vn 0.487439126 0.585483372 0.647774875
vn 0.431056887 0.732888997 0.52636838
vn 0.51298964 0.699540854 0.497477949
vn 0.392980188 0.870920718 0.295065522
vn 0.473680973 0.834904134 0.2802881
vn 0.32758835 0.941622078 0.0776769593
vn 0.410301447 0.908863366 0.0749674886
vn 0.281555414 0.955407083 -0.0890158266
vn 0.375011593 0.923113585 -0.0850152746
vn 0.336197078 0.930490077 -0.145463809
vn 0.453231186 0.88089478 -0.136403367
vn 0.443266243 0.880743206 -0.166752636
vn 0.518781245 0.834724724 -0.184663653
vn 0.1538205 0.145340398 0.977351248
vn 0.144233808 0.338089347 0.929995835
vn 0.266692728 0.331423938 0.905004501
vn 0.242279336 0.550197899 0.79911387
vn 0.339907974 0.536008477 0.772759616
vn 0.308505625 0.674215615 0.671012342
vn 0.395741463 0.653426707 0.645307839
vn 0.345745146 0.780657768 0.520609081
vn 0.428378612 0.7537058 0.498416841
vn 0.320093662 0.903016269 0.286533922
vn 0.397028744 0.875455499 0.275582641
vn 0.263051957 0.96289742 0.0602682047
vn 0.337093085 0.939632237 0.0588170886
vn 0.223514155 0.968681931 -0.108151577
vn 0.305871099 0.946296096 -0.104721196
vn 0.270973384 0.947965384 -0.167137966
vn 0.375934988 0.912783563 -0.159684196
vn 0.349448681 0.90374279 -0.247254103
vn 0.514534175 0.827843666 -0.223449007
vn 0.823020637 0.0208794959 0.567627609
vn 0.802769184 0.00675320532 0.596251667
vn 0.801817 0.218742207 0.556094766
vn 0.80450815 0.236795425 0.544696748
vn 0.749973595 0.488423198 0.446074396
vn 0.74821943 0.504650831 0.4306916
vn 0.632868826 0.718573511 0.288321346
vn 0.635937572 0.722292662 0.271802694
vn 0.532643914 0.831888914 0.155728415
vn 0.512868345 0.856694162 0.0551468208
vn 0.543283761 0.837805152 0.0540855527
vn 0.430071861 0.901001215 -0.0568773784
vn 0.552282572 0.832075655 -0.0513230413
vn 0.507522285 0.854961574 -0.10706012
vn 0.654997706 0.749970973 -0.0923123211
vn 0.624459982 0.762993634 -0.167004153
vn 0.761241257 0.641450942 -0.095144324
vn 0.750814736 0.63842386 -0.169387922
vn 0.917529225 0.383906603 -0.103710413
vn 0.93681258 0.341984808 -0.073678866
vn 0.990112901 0.136645138 -0.0316943824
vn 0.992418587 -0.121886939 0.0157775208
vn 0.992509663 0.120144285 -0.022133166
vn 0.991243243 0.114929006 -0.0650244132
vn 0.944641113 0.301017404 -0.130543768
vn 0.937292695 0.287063658 -0.19767867
vn 0.908161581 0.0171793383 0.41826719
vn 0.901603878 0.0143525265 0.432324439
vn 0.901510894 0.145077363 0.40771389
vn 0.90297544 0.15488261 0.400807649
vn 0.873416603 0.346255362 0.342418909
vn 0.872640014 0.357848108 0.332331389
vn 0.821338952 0.502555728 0.269888997
vn 0.818919599 0.511755407 0.259763449
vn 0.773426831 0.596986055 0.213116437
vn 0.770779848 0.604140997 0.202267379
vn 0.716821134 0.680764377 0.150755852
vn 0.715208173 0.684841573 0.139532372
vn 0.642406821 0.762919307 0.0725786686
vn 0.643350959 0.763077915 0.0617378727
vn 0.566350102 0.824113071 -0.00922951847
vn 0.595211387 0.800897777 -0.0654684007
vn 0.643946409 0.762572646 -0.0617735758
vn 0.621423244 0.778550863 -0.0877026767
vn 0.780185938 0.62182641 -0.0681308582
vn 0.76950109 0.631360471 -0.0961876959
vn 0.898231626 0.435026526 -0.0627041087
vn 0.923324406 0.381422877 -0.0445937887
vn 0.988528311 0.150543362 -0.0121860122
vn 0.990856528 0.134692058 -0.0078349486
vn 0.990448058 -0.135911614 0.0232532248
vn 0.990756631 -0.135045886 0.0128004728
vn 0.93572849 -0.35064593 0.0382044129
vn 0.0182464384 0.577741086 -0.816016138
vn 0.0334100313 0.479732275 -0.876778603
vn 0.0327034295 0.4769952 -0.878297269
vn 0.0308979172 0.479771227 -0.876849413
vn 0.041491773 0.937620163 -0.345176518
vn 0.0427545235 0.893951476 -0.446119726
vn 0.0319261774 0.894279957 -0.446367681
vn 0.030545814 0.792068601 -0.609667361
vn 0.032082133 0.793951452 -0.607134104
vn 0.0300876852 0.685778856 -0.727187812
vn 0.0920608342 0.683127582 -0.724473298
vn 0.08412797 0.635779142 -0.767272651
vn 0.163132578 0.628970206 -0.760121226
vn 0.145530224 0.573294699 -0.806321383
vn 0.186968029 0.598069966 -0.779330015
vn 0.144531026 0.500205338 -0.853759587
vn 0.193500832 0.530477405 -0.825318813
vn 0.0381411575 0.672707379 -0.738924921
vn 0.0241729822 0.621329427 -0.783176482
vn 0.0908385664 0.618723094 -0.780339718
vn 0.076551646 0.557114899 -0.826899529
vn 0.104923561 0.5765661 -0.810285509
vn 0.0705123171 0.47601223 -0.876607299
vn 0.107804894 0.502678514 -0.857725143
vn 0.0653396323 0.400894642 -0.91379112
vn 0.0186393894 0.373113453 -0.927598476
vn 0.0186388977 0.373111933 -0.927599072
vn 0.0524860583 0.40119642 -0.914487064
vn 0.0419948921 0.372847855 -0.926941693
vn 0.0089398874 0.322401106 -0.946560919
vn 0.0247035865 0.302401811 -0.952860355
vn 0.0247035306 0.302401662 -0.952860415
vn 0.192249849 0.461049587 -0.866298616
vn 0.136486873 0.36410296 -0.92130363
vn 0.184418812 0.395198464 -0.899893284
vn 0.137775958 0.31871441 -0.937784016
vn 0.17665033 0.344649076 -0.921960771
vn 0.162502497 0.322100252 -0.9326545
vn 0.279025048 0.313289344 -0.907741606
vn 0.29416272 0.331878215 -0.896284103
vn 0.365985274 0.352639526 -0.861220181
vn 0.140542358 0.428335339 -0.892623484
vn 0.10504064 0.430232078 -0.89658618
vn 0.0754079521 0.366431803 -0.927384138
vn 0.0900205448 0.321135759 -0.94274497
vn 0.0891969502 0.320481151 -0.943045974
vn 0.0824836344 0.306694984 -0.948227108
vn 0.165065378 0.303386599 -0.938461483
vn 0.182136953 0.330622792 -0.92602092
vn 0.22758849 0.348835021 -0.909130156
vn 0.781127572 0.398126245 -0.480973154
vn 0.813989699 0.432725757 -0.387516677
vn 0.76177299 0.458050877 -0.458139002
vn 0.791232049 0.492711574 -0.362197697
vn 0.723106384 0.531259835 -0.441452295
vn 0.742870212 0.555693805 -0.373293787
vn 0.554175496 0.695679665 -0.457076907
vn 0.56997788 0.720583677 -0.394822001
vn 0.356066465 0.820099413 -0.447943747
vn 0.365038484 0.837667704 -0.406275481
vn 0.22535266 0.875812888 -0.426811397
vn 0.238098055 0.905933321 -0.350134403
vn 0.168094948 0.889288127 -0.425336033
vn 0.203664497 0.946571708 -0.250045508
vn 0.124357849 0.959030509 -0.254549861
vn 0.14946796 0.972354114 -0.179406688
vn 0.0932826474 0.978977978 -0.181384861
vn 0.163521692 0.986539721 -0.000123379912
vn 0.112123176 0.993694305 -0.000146277089
vn 0.193035558 0.951154172 0.24092111
vn 0.127949744 0.961135328 0.244638085
vn 0.181105748 0.874334574 0.450266361
vn 0.103063054 0.883535862 0.456883281
vn 0.129732758 0.784009874 0.607040286
vn 0.132536963 0.776502132 0.616018176
vn 0.0491469055 0.318255961 0.946730018
vn 0.035738837 0.503471076 0.863272607
vn 0.157548562 0.498524249 0.852438867
vn 0.139551356 0.643445849 0.752663791
vn 0.237312943 0.633020282 0.736863554
vn 0.21448797 0.733098447 0.645415843
vn 0.301965147 0.717420101 0.627794087
vn 0.26165396 0.82180506 0.506136
vn 0.343735754 0.801133037 0.489930153
vn 0.251641452 0.928036988 0.274634272
vn 0.324552208 0.90749073 0.26669541
vn 0.20599921 0.977697432 0.0408910401
vn 0.271944046 0.961471915 0.0402262434
vn 0.173452303 0.976246774 -0.129832909
vn 0.246321172 0.96084398 -0.126904458
vn 0.215112031 0.95754832 -0.191906169
vn 0.310245723 0.932356358 -0.185631886
vn 0.270599544 0.904253066 -0.330306351
vn 0.357601136 0.898572087 -0.254341483
vn 0.345288277 0.883594632 -0.316285551
vn 0.532921314 0.797498703 -0.282826185
vn 0.526968241 0.790751696 -0.311474234
vn 0.786339223 0.574187577 -0.227989525
vn 0.752955317 0.534950018 -0.383258075
vn 0.85888046 0.459142298 -0.226964116
vn 0.840379357 0.434223562 -0.324364692
vn 0.885667145 0.38867262 -0.254022241
vn 0.869358957 0.366138279 -0.331900299
vn 0.395339251 0.35665825 -0.846464276
vn 0.473557413 0.438737154 -0.763710082
vn 0.394779086 0.409150988 -0.822645068
vn 0.476886511 0.502164245 -0.721394718
vn 0.395060748 0.473354965 -0.787313223
vn 0.469084263 0.566733778 -0.677327693
vn 0.385877401 0.539347231 -0.748467207
vn 0.447674304 0.630354583 -0.634224594
vn 0.361904323 0.604591548 -0.709573328
vn 0.387356967 0.651184499 -0.652620316
vn 0.246174723 0.686542153 -0.684147537
vn 0.261419147 0.730160534 -0.631288826
vn 0.143639624 0.748874009 -0.64695859
vn 0.151040986 0.785342097 -0.600353539
vn 0.128278717 0.787774742 -0.602457941
vn 0.0746445879 0.855998576 -0.511560977
vn 0.0865228549 0.920761049 -0.380411416
vn 0.46815002 0.385377228 -0.795185506
vn 0.557812631 0.362189084 -0.74676913
vn 0.598894894 0.399141401 -0.694270134
vn 0.0580914766 0.921185195 0.384763867
vn 0.0428671278 0.97643131 0.211528555
vn 0.0783390179 0.974380374 0.210822061
vn 0.0414059721 0.998519003 -0.035289079
vn 0.0800877959 0.996166468 -0.0351890624
vn 0.0385645032 0.970281541 -0.238885999
vn 0.0773648918 0.968207538 -0.237884
vn 0.0577998534 0.939630508 -0.337273896
vn 0.120581478 0.934664369 -0.334458709
vn 0.0974643379 0.854481459 -0.510257006
vn 0.147790775 0.883406401 -0.444692045
vn 0.137432024 0.837505519 -0.528863847
vn 0.241539389 0.821110189 -0.517142951
vn 0.232423887 0.793133557 -0.562954962
vn 0.392884076 0.749507725 -0.532804191
vn 0.374624878 0.7110008 -0.595091641
vn 0.569654822 0.627084017 -0.531280518
vn 0.54310596 0.58981365 -0.597625077
vn 0.641249001 0.593096077 -0.486864209
vn 0.581614733 0.520647109 -0.625020742
vn 0.667741299 0.528553128 -0.524169028
vn 0.599863887 0.456765801 -0.656908154
vn 0.680081666 0.46822843 -0.564137459
vn 0.602140486 0.394418657 -0.694161892
vn 0.993530631 -0.113144845 0.00975483283
vn 0.994710565 0.0811616853 -0.0629579499
vn 0.994253218 0.078543067 -0.0727425218
vn 0.963959038 0.214194581 -0.157809004
vn 0.958416224 0.202263892 -0.201314956
vn 0.910071373 0.295755893 -0.290342063
vn 0.890225708 0.273115933 -0.364562511
vn 0.8290295 0.335018873 -0.447741419
vn 0.791684508 0.302988499 -0.530503154
vn 0.724520266 0.341403425 -0.598760486
vn 0.68497926 0.3099145 -0.659360647
vn 0.843356609 0.255843043 -0.472539872
vn 0.895040333 0.21237193 -0.392174661
vn 0.914159656 0.230231479 -0.33362487
vn 0.963364422 0.153472781 -0.219943464
vn 0.970211625 0.165085182 -0.177302971
vn 0.996040344 0.0609975085 -0.0646757931
vn 0.996426284 0.0636377633 -0.055541385
vn 0.996167064 -0.0751524791 0.0447581448
vn 0.996335447 -0.0844681039 0.0134487934
vn 0.956614494 -0.274971962 0.0963284224
vn 0.956304193 -0.29000321 0.0371541083
vn 0.858784854 -0.504664123 0.0883331299
vn 0.746758401 0.298995376 -0.594099045
vn 0.797330558 0.271253616 -0.539152563
vn 0.828780055 0.296366543 -0.474647731
vn 0.892977893 0.239036873 -0.381381571
vn 0.913439572 0.259960026 -0.313127667
vn 0.961772144 0.175215632 -0.21046105
vn 0.968150437 0.187523484 -0.165890634
vn 0.995427072 0.0686250404 -0.0664492846
vn 0.995702028 0.0704548135 -0.0601133406
vn 0.995269239 -0.0935836211 0.0261011105
vn 0.994876564 -0.10108678 -0.0014531872
vn 0.944341838 -0.322572827 0.0645392239
vn 0.0144521985 0.999609232 0.0239262022
vn 0.00823691674 0.961031079 -0.276317626
vn 0.0269609578 0.960745573 -0.276117802
vn 0.018583037 0.906337738 -0.422145277
vn 0.0572767518 0.905199289 -0.421110034
vn 0.0472371727 0.793536127 -0.60668695
vn 0.0891415104 0.814979672 -0.572592258
vn 0.0780301839 0.710006654 -0.699858427
vn 0.16534543 0.702243328 -0.692470372
vn 0.154194415 0.657786012 -0.737252772
vn 0.257067204 0.64234978 -0.722013295
vn 0.235684663 0.59109664 -0.771399736
vn 0.297160327 0.620321453 -0.725876749
vn 0.244787157 0.5239833 -0.815794528
vn 0.310344666 0.556375027 -0.770800292
vn 0.245566368 0.455408573 -0.855745375
vn 0.31279552 0.489517868 -0.813960195
vn 0.242005825 0.390219808 -0.888347745
vn 0.306306571 0.423775285 -0.852402925
vn 0.242192253 0.339784861 -0.908784449
vn 0.299287766 0.37034747 -0.879357457
vn 0.277262717 0.34270817 -0.89759481
vn 0.438778579 0.320341676 -0.839556158
vn 0.446893573 0.328121513 -0.832239389
vn 0.543823242 0.344264477 -0.765335381
vn 0.631697655 0.317558289 -0.707187951
vn 0.637622237 0.306110561 -0.706918836
vn 0.588117063 0.344252348 -0.731852889
vn 0.614039898 0.366464466 -0.699041367
vn 0.674720228 0.342914045 -0.653576732
vn 0.726276278 0.386638671 -0.56836015
vn 0.788561106 0.346048206 -0.50835228
vn 0.825674415 0.381050378 -0.416007668
vn 0.883955717 0.315082759 -0.345463634
vn 0.901468158 0.33743149 -0.271099985
vn 0.951297462 0.236714661 -0.197482497
vn 0.956808388 0.248956665 -0.1501275
vn 0.992086828 0.0969470814 -0.0797807798
vn 0.993418694 0.102772586 -0.0505675972
vn 0.993522227 -0.113271408 0.00911843777
vn 0.992373407 -0.123159416 0.0051805866
vn 0.944268227 -0.325621068 0.0482544079
vn 0.935724616 -0.350815713 0.0367125496
vn 0.858466744 -0.509014726 0.0627600402
vn 0.840236783 -0.540354669 0.044933591
vn 0.823320806 -0.566129565 0.0404989608
vn 0.822496176 -0.566453338 0.0512900874
vn 0.796169877 -0.603244066 0.0470118634
vn 0.794738948 -0.604790986 0.0511650443
vn 0.77691865 -0.627607286 0.0500649512
vn 0.793636262 -0.607711554 0.0287771504
vn 0.786927938 -0.616478682 0.026429167
vn 0.827633083 -0.56100589 -0.017200429
vn 0.823510706 -0.566931427 -0.020467056
vn 0.87440598 -0.479556471 -0.0737549067
vn 0.87255609 -0.482305437 -0.0776360035
vn 0.913529158 -0.387416929 -0.123986438
vn 0.912965 -0.387467682 -0.127920628
vn 0.939419448 -0.301797301 -0.162509829
vn 0.939345956 -0.300077468 -0.166080266
vn 0.955809534 -0.221883401 -0.192862302
vn 0.955765843 -0.219484419 -0.195801407
vn 0.966427624 -0.129091427 -0.222155526
vn 0.966221452 -0.12720491 -0.224131718
vn 0.968691051 -0.0416955948 -0.244743019
vn 0.968712389 -0.0417930856 -0.244641811
vn 0.967005134 0.0113952346 -0.254501998
vn 0.965624154 0.0132648079 -0.25960353
vn 0.594436646 -0.804127693 0.00486780703
vn 0.516798794 -0.856106758 0.000452456792
vn 0.517408848 -0.85544765 0.0223012641
vn 0.417265147 -0.908509314 0.0223740097
vn 0.418460786 -0.905866086 0.0655531809
vn 0.330008686 -0.941601276 0.06694258
vn 0.311432958 -0.949522913 0.0376267619
vn 0.195168614 -0.98004353 0.0377342403
vn 0.194133908 -0.980973959 0.00144735177
vn 0.0616486669 -0.998097718 0.000663181941
vn 0.0615697056 -0.998085439 -0.00588937057
vn 0.0303117931 -0.99922502 -0.0251107868
vn 0.042567499 -0.999093056 -0.00105382653
vn 0.904183984 0.00422748551 -0.427122325
vn 0.897807062 0.00796052814 -0.440317035
vn 0.901797712 -0.0792669579 -0.424826592
vn 0.902271211 -0.080397889 -0.423606932
vn 0.895463288 -0.220377982 -0.386754572
vn 0.896529138 -0.224833742 -0.381687462
vn 0.869588733 -0.366710246 -0.330664515
vn 0.870157182 -0.371176362 -0.324121326
vn 0.832957387 -0.48104459 -0.273455799
vn 0.833750606 -0.483259529 -0.267058372
vn 0.779907286 -0.591653645 -0.204182729
vn 0.781724215 -0.591123044 -0.198697746
vn 0.708425164 -0.695424139 -0.120495155
vn 0.711853862 -0.692639112 -0.116254665
vn 0.633653104 -0.772810221 -0.0353290439
vn 0.638949573 -0.768569231 -0.0323231369
vn 0.583521485 -0.811598897 0.0284582116
vn 0.590490222 -0.806466699 0.0305407979
vn 0.569099724 -0.820152581 0.0589510351
vn 0.585926056 -0.808111846 0.0603818409
vn 0.589964271 -0.806007862 0.0478900373
vn 0.614780605 -0.786970794 0.0521705821
vn 0.61535424 -0.787038326 0.0437016375
vn 0.755094349 -0.654702663 0.0345965475
vn 0.757041514 -0.647059679 0.0905644447
vn 0.883566558 -0.464990675 0.0556223877
vn 0.884450257 -0.446219951 0.136511996
vn 0.965814352 -0.250683844 0.0660320595
vn 0.963684201 -0.231633559 0.132885903
vn 0.997102618 -0.0688628331 0.0323149599
vn 0.99639672 -0.0608588345 0.0590745285
vn 0.99688518 0.0574714094 -0.0540092029
vn 0.99638623 0.0543040037 -0.0653115064
vn 0.971048474 0.146435872 -0.188736454
vn 0.963670492 0.135401934 -0.230229229
vn 0.921567678 0.196334928 -0.334911257
vn 0.933843613 0.208169147 -0.290863752
vn 0.875593305 0.282364637 -0.391926736
vn 0.888359666 0.236162022 -0.393757015
vn 0.779306531 0.32455036 -0.536048889
vn 0.77852422 0.314252675 -0.543272734
vn 0.688350379 0.364436984 -0.627183735
vn 0.687783599 0.353498101 -0.63402909
vn 0.596061766 0.392057359 -0.700714946
vn 0.595855713 0.381267488 -0.706817567
vn 0.507339537 0.410013825 -0.757954657
vn 0.507516205 0.400151849 -0.763089657
vn 0.424977869 0.421150923 -0.801265061
vn 0.425438225 0.41295132 -0.80527854
vn 0.350096524 0.428081751 -0.833173692
vn 0.350641102 0.422269434 -0.835906327
vn 0.282718241 0.433051467 -0.855883658
vn 0.283062518 0.430393606 -0.857109666
vn 0.222235233 0.437979013 -0.8710832
vn 0.222009093 0.439364791 -0.870442748
vn 0.167707741 0.444591492 -0.879893482
vn 0.166432932 0.451145738 -0.876793921
vn 0.118023038 0.454604954 -0.882839084
vn 0.0901453868 0.571085751 -0.815925777
vn 0.129898801 0.524022818 -0.841740072
vn 0.192123562 0.708425045 -0.679133654
vn 0.189117596 0.71620065 -0.671782076
vn 0.224833652 0.836847484 -0.499135375
vn 0.223778069 0.83863461 -0.496603847
vn 0.245707259 0.934084594 -0.259063572
vn 0.15149799 0.952210903 -0.265222162
vn 0.150076106 0.985514641 -0.0789815336
vn 0.0555525571 0.995243609 -0.0800255835
vn 0.0367848091 0.997460008 -0.060995467
vn -0.0419948921 0.372847855 -0.926941693
vn -0.0334100723 0.479732424 -0.876778543
vn -0.734465539 0.630943477 -0.249941275
vn -0.996018767 0.0231015645 0.0860982612
vn -0.938876629 0.121201076 0.322212607
vn -0.904132903 0.0115085905 0.427096277
vn -0.621866465 0.732736886 0.276367098
vn -0.0381170809 0.577417374 -0.815558851
vn -0.282723576 0.957327962 0.0599209443
vn -0.56604141 0.0713017955 0.821287513
vn -0.430040717 0.443761289 0.786219358
vn -0.273956299 0.18252942 0.944262147
vn -0.0491469055 0.318255961 0.946730018
vn -0.350691468 -0.927066207 0.13252832
vn -0.0985296443 -0.995100379 0.00819370802
vn -0.085956499 0.00499734096 -0.996286333
vn -0.131691039 -0.804653704 -0.578955829
vn -0.0859434977 0.00499732979 -0.996287465
vn -0.227988109 -0.632450104 -0.74028933
vn -0.795927405 -0.597063184 -0.100075461
vn -0.988562286 -0.0189868137 -0.149613366
vn -0.1496066 -0.988661945 -0.0128596658
vn -0.955648541 -0.232869521 0.180298761
vn -0.998686731 0.0464670993 -0.0215770565
vn -0.934937 0.324719369 -0.143003985
vn -0.917162538 0.307468832 -0.253526777
vn -0.85649085 0.266222209 -0.442209423
vn -0.771771908 0.31850037 -0.550386786
vn -0.679830134 0.357223779 -0.640485883
vn -0.587611556 0.384227306 -0.71209693
vn -0.0414546058 0.964980543 -0.259025335
vn -0.419150144 0.414343566 -0.807856798
vn -0.121454976 0.73690325 -0.664997935
vn -0.237199366 -0.971457005 -0.00279059261
vn -0.0367848054 0.997460008 -0.0609952994
vn -0.049426958 0.998765945 0.00485270377
vn -0.0580778457 0.998311043 0.00141377945
vn -0.124186456 0.992256999 0.00193992618
vn -0.150828987 0.988556445 -0.00260448502
vn -0.124177992 0.992258072 0.00194006646
vn -0.124194972 0.992255926 0.00193992688
vn -0.290065199 0.956988156 0.00599063095
vn -0.290066391 0.956987798 0.00599063141
vn -0.249389067 0.968400419 -0.00239271089
vn -0.196660593 0.98045367 0.00593672274
vn -0.196662098 0.980453372 0.00593672274
vn -0.381184667 0.924479365 0.00601425953
vn -0.381186217 0.92447871 0.00601426
vn -0.512071013 0.858937502 0.00311334711
vn -0.512073278 0.858936131 0.00311334827
vn -0.591760993 0.8061077 0.00304238498
vn -0.66618222 0.745783448 0.00287079159
vn -0.666182935 0.745782852 0.00287079229
vn -0.717313826 0.696748257 0.00164762896
vn -0.717314601 0.696747482 0.00164763047
vn -0.740972936 0.671525836 -0.00348566542
vn -0.764653385 0.644420683 0.00521404902
vn -0.764652133 0.644422174 0.00521404482
vn -0.801666856 0.597758412 -0.00389645877
vn -0.822747469 0.568383813 0.00514166523
vn -0.873642385 0.486540318 0.00524363155
vn -0.873641908 0.486541152 0.00524362782
vn -0.855307162 0.5181036 -0.00427749986
vn -0.822746754 0.568384886 0.00514165405
vn -0.822747469 0.568383873 0.00514165731
vn -0.907372475 0.42027086 -0.00689841388
vn -0.901331782 0.433124125 -0.00211487734
vn -0.907396436 0.420274943 -0.000799431175
vn -0.939339995 0.342982888 -0.00177519221
vn -0.935980737 0.352045238 0.00204862258
vn -0.93598175 0.352042556 0.00204863632
vn -0.986127496 0.165945083 0.00384374917
vn -0.986127496 0.165945187 0.00384374475
vn -0.968655646 0.248397633 -0.00221228832
vn -0.965504587 0.260371596 0.0027390141
vn -0.965504467 0.260372102 0.00273901084
vn -0.995446742 0.0952775106 0.00282409112
vn -0.999665976 0.0249806717 0.00662616594
vn -0.999666035 0.024977589 0.00662619853
vn -0.99870801 -0.0507792011 -0.00193214673
vn -0.997515023 -0.0700984299 0.00707209529
vn -0.970963657 -0.239210084 0.00284939166
vn -0.968324304 -0.249692857 -0.00124495011
vn -0.95045799 -0.310578197 0.0130689107
vn -0.986098766 -0.165972471 0.00789397676
vn -0.986101985 -0.165953428 0.00789450761
vn -0.988577247 -0.150518045 0.00770010985
vn -0.986131966 -0.165959477 -0.00107302458
vn -0.997514844 -0.0701008141 0.00707212323
vn -0.950457454 -0.310579896 0.0130689321
vn -0.938731849 -0.344648033 -0.000512246159
vn -0.916199446 -0.40045619 0.0146099404
vn -0.916197658 -0.400460243 0.0146099897
vn -0.900588214 -0.434552848 0.010230314
vn -0.916238606 -0.400498152 -0.0103964182
vn -0.836166084 -0.548396766 0.00934275798
vn -0.8361696 -0.548391342 0.0093427049
vn -0.853698075 -0.520768285 0.000102808066
vn -0.873395145 -0.486756951 0.0157665852
vn -0.873394907 -0.486757338 0.015766589
vn -0.79484421 -0.606794894 0.00475758035
vn -0.79974699 -0.600299001 0.00677136425
vn -0.794811308 -0.606764197 0.0105951466
vn -0.738638282 -0.674031258 0.00976434723
vn -0.733341992 -0.679847717 0.00407710019
vn -0.794809759 -0.606766164 0.0105951624
vn -0.664839149 -0.746935904 0.00869725179
vn -0.548706114 -0.835931957 0.0118048117
vn -0.608293593 -0.793651462 -0.00981308706
vn -0.596582234 -0.802551448 0.000907935027
vn -0.664840102 -0.74693507 0.00869705807
vn -0.664839566 -0.746935546 0.00869705994
vn -0.548706412 -0.835931778 0.0118048117
vn -0.516487718 -0.856255054 -0.00822966732
vn -0.46608296 -0.884688139 0.00967483222
vn -0.431253672 -0.902158856 -0.0113890143
vn -0.466083229 -0.88468796 0.00967502128
vn -0.466082275 -0.884688497 0.00967502035
vn -0.308446527 -0.951238334 -0.00251776096
vn -0.308445185 -0.951238811 -0.00251760008
vn -0.341177016 -0.939886272 -0.0145622268
vn -0.378473461 -0.925581336 0.00755320303
vn -0.378472865 -0.925581574 0.0075532021
vn -0.24729152 -0.968937159 -0.00276777823
vn -0.237172201 -0.971388221 -0.0124220736
vn -0.308448732 -0.951237619 -0.00251775561
vn -0.142884165 -0.989658296 -0.0126721393
vn -0.149715781 -0.988709509 -0.00621623173
vn -0.142898694 -0.989718735 -0.00606892211
vn -0.142904967 -0.989717782 -0.0060689128
vn -0.0464357957 -0.998853743 -0.0116166687
vn -0.047618065 -0.998784482 -0.0127315531
vn -0.0644721687 0.822007298 -0.565815687
vn 0.00106332393 0.74228102 -0.670087874
vn -0.00949708465 0.823683739 -0.566969931
vn -0.013363611 0.585450649 -0.810597897
vn -0.0424734168 0.549411356 -0.834471762
vn -0.0728798881 0.548378706 -0.833048224
vn -0.0906327292 0.52647388 -0.845346689
vn -0.101477958 0.52587986 -0.844483614
vn -0.118023038 0.454604954 -0.882839084
vn -0.170687169 0.450788528 -0.876159549
vn -0.20872952 0.553919077 -0.805981159
vn -0.268656105 0.695530295 -0.666379392
vn -0.187049508 0.70911938 -0.679825127
vn -0.225284413 0.83834368 -0.496413916
vn -0.133872926 0.852251887 -0.505712152
vn -0.16362673 0.444927573 -0.880491793
vn -0.215687215 0.559417784 -0.800331652
vn -0.144212812 0.567209184 -0.81084919
vn -0.194557682 0.715434968 -0.671044052
vn -0.109737858 0.7248137 -0.680149019
vn -0.138029963 0.85572952 -0.498672992
vn -0.0434677377 0.862919152 -0.50346905
vn -0.281152636 0.430660039 -0.857604325
vn -0.200199902 0.306990713 -0.930417478
vn -0.195244119 0.351501286 -0.91560173
vn -0.0519463457 0.584771633 -0.809533
vn 3.16412807e-05 0.379321396 -0.925264955
vn -0.0303907562 0.340175956 -0.939870596
vn -0.024964612 0.362846881 -0.931514323
vn -0.081059888 0.361602932 -0.928801715
vn -0.100217171 0.337306857 -0.93604517
vn -0.121846944 0.348499715 -0.929355323
vn -0.170347869 0.345772147 -0.922725976
vn -0.222958922 0.439260691 -0.87025249
vn -0.221314609 0.438079774 -0.871266842
vn -0.278528422 0.543650508 -0.791748762
vn -0.354362696 0.427312762 -0.831763685
vn -0.41753298 0.513424873 -0.749707341
vn -0.347735077 0.530175805 -0.773300648
vn -0.421079367 0.652135849 -0.630405426
vn -0.343771309 0.674833953 -0.653008699
vn -0.396682948 0.789797008 -0.467828274
vn -0.31175673 0.816733718 -0.485544801
vn -0.316757739 0.359664291 -0.877670825
vn -0.318551421 0.298116803 -0.899806321
vn -0.28592968 0.342988819 -0.894764125
vn -0.34630096 0.423032552 -0.837328553
vn -0.284584433 0.432787627 -0.855398476
vn -0.345665455 0.529017627 -0.775019825
vn -0.27633673 0.542188287 -0.793517411
vn -0.344145358 0.67504096 -0.652597606
vn -0.264955282 0.692992449 -0.67049247
vn -0.311635256 0.816672564 -0.485725611
vn -0.223416761 0.837117553 -0.499318689
vn -0.248781443 0.965925038 -0.0713907853
vn -0.251668006 0.964981794 -0.0739822984
vn -0.150013044 0.985748708 -0.076128915
vn -0.153121337 0.985049725 -0.0789356977
vn -0.0555525571 0.995243609 -0.0800255835
vn -0.0367848091 0.997460008 -0.060995467
vn -0.567830384 0.327104181 -0.755361855
vn -0.470337749 0.350702524 -0.809808731
vn -0.407952517 0.325516075 -0.853002965
vn -0.300883472 0.340137959 -0.890940666
vn -0.255538106 0.315453738 -0.913886845
vn -0.17629306 0.321304739 -0.930421412
vn -0.151226312 0.304091513 -0.940563083
vn -0.0857589468 0.306604534 -0.947965741
vn -0.514890134 0.407808006 -0.754042983
vn -0.57469064 0.47093907 -0.669288456
vn -0.502659142 0.497953475 -0.706665516
vn -0.577616334 0.592564702 -0.561450303
vn -0.503652751 0.626630723 -0.5946998
vn -0.560501039 0.717464566 -0.413622081
vn -0.482778758 0.757645905 -0.439200819
vn -0.508809149 0.816308022 -0.273412704
vn -0.426012993 0.857097626 -0.28964904
vn -0.432836115 0.885537982 -0.168746531
vn -0.344556957 0.921832681 -0.177496582
vn -0.344014794 0.936639607 -0.066030547
vn -0.346595973 0.935519397 -0.0683718324
vn -0.344386369 0.93882525 -0.00228049839
vn -0.290063113 0.956988752 0.00599072734
vn -0.604204237 0.388993502 -0.695428848
vn -0.657669842 0.439683557 -0.611676991
vn -0.585092306 0.473860949 -0.658120632
vn -0.655273378 0.552950263 -0.514648259
vn -0.58351171 0.593869448 -0.553925276
vn -0.637709081 0.670844257 -0.378543466
vn -0.564129651 0.717900276 -0.407893211
vn -0.589471579 0.768284261 -0.249524713
vn -0.511582077 0.816328347 -0.268126428
vn -0.518504441 0.841146111 -0.153708875
vn -0.435078412 0.885332108 -0.163993552
vn -0.434753358 0.898534954 -0.0602032244
vn -0.436977565 0.897314012 -0.0622746013
vn -0.434764355 0.900544167 0.000403120706
vn -0.44811371 0.893965662 -0.00441192603
vn -0.696185827 0.360573292 -0.620735228
vn -0.74025315 0.398972601 -0.541152596
vn -0.668729126 0.441785455 -0.598019242
vn -0.730395794 0.505135059 -0.459739685
vn -0.661787868 0.553698123 -0.505425751
vn -0.710492194 0.616722107 -0.338902265
vn -0.641619265 0.670831859 -0.371899664
vn -0.66477263 0.712889671 -0.223306149
vn -0.592212021 0.767944515 -0.244020775
vn -0.598660767 0.789104402 -0.137548298
vn -0.520571887 0.840691328 -0.149140805
vn -0.520296633 0.85227406 -0.0540405624
vn -0.522140145 0.851030231 -0.0558323748
vn -0.520114064 0.85409677 6.3782456e-05
vn -0.512069762 0.858938217 0.0031134889
vn -0.785933495 0.320147455 -0.528974652
vn -0.818455696 0.347286791 -0.457735896
vn -0.75069344 0.399950385 -0.525831759
vn -0.800780952 0.448322445 -0.39718616
vn -0.736776114 0.505147457 -0.449429572
vn -0.777719915 0.554932356 -0.29529947
vn -0.714288473 0.616214097 -0.331771165
vn -0.734098792 0.650373638 -0.195225716
vn -0.667301774 0.712223649 -0.217820525
vn -0.672845304 0.729892671 -0.120564744
vn -0.600478888 0.788456857 -0.133270055
vn -0.600139678 0.798474848 -0.0476469696
vn -0.601604402 0.797280133 -0.0491584614
vn -0.599810541 0.80014199 -0.000259206048
vn -0.59175998 0.806108475 0.00304238428
vn -0.985673845 0.137361839 -0.0978712514
vn -0.986256182 0.136491969 -0.0931059197
vn -0.988368273 0.145104736 -0.0455278493
vn -0.967185974 0.236543924 -0.0927267522
vn -0.966570258 0.237513766 -0.0965876803
vn -0.959859967 0.223917946 -0.168906927
vn -0.958285213 0.225175545 -0.176026821
vn -0.86824733 0.381070614 -0.317697614
vn -0.890563011 0.408990026 -0.199059516
vn -0.84087193 0.484332353 -0.241571143
vn -0.85233742 0.505219638 -0.135181621
vn -0.798595548 0.57997179 -0.160866097
vn -0.801709712 0.591626942 -0.0850826949
vn -0.741869569 0.663115084 -0.0995382816
vn -0.920072138 0.306073576 -0.244512126
vn -0.933712959 0.325947523 -0.148116127
vn -0.892519057 0.407664359 -0.192923516
vn -0.899938226 0.423426181 -0.104026057
vn -0.853647232 0.504136384 -0.130892918
vn -0.855566442 0.513343215 -0.0669685826
vn -0.802614331 0.590821922 -0.0820953697
vn -0.968684018 0.246888369 -0.0264083371
vn -0.969024181 0.245435491 -0.0274500195
vn -0.939227164 0.339558154 -0.0505234823
vn -0.93988657 0.33750841 -0.0519739203
vn -0.907400846 0.41416207 -0.0713686198
vn -0.902135134 0.428699642 -0.0486704558
vn -0.856193006 0.512615442 -0.0644901544
vn -0.968590736 0.248660222 -0.00018414075
vn -0.968615353 0.248564303 -0.000272436038
vn -0.939404011 0.342737406 -0.00715275155
vn -0.93948108 0.342521906 -0.00734971557
vn -0.901511133 0.432527333 -0.0140623013
vn -0.901686013 0.432151228 -0.0144094462
vn -0.855510831 0.517362356 -0.0209148619
vn -0.855835736 0.516802967 -0.0214450434
vn -0.801948428 0.596750319 -0.0277088899
vn -0.802480936 0.595999002 -0.0284527522
vn -0.74128741 0.670303524 -0.0344411395
vn -0.742083669 0.669370592 -0.0354231484
vn -0.721633136 -0.576894522 0.382672578
vn -0.774845362 -0.493985504 0.39445281
vn -0.793280005 -0.475478977 0.380297989
vn -0.83220017 -0.403692514 0.380098969
vn -0.861626804 -0.368905067 0.34858048
vn -0.886657476 -0.312658489 0.340709895
vn -0.922815025 -0.259444118 0.284782737
vn -0.93577075 -0.221259594 0.274549246
vn -0.970301926 -0.150218934 0.189600736
vn -0.974623621 -0.130317211 0.182006165
vn -0.996529758 -0.0459927917 0.0693769157
vn -0.996841252 -0.0419226699 0.0674537942
vn -0.996668398 0.048739206 -0.0653958842
vn -0.997293532 0.0410155505 -0.0610195957
vn -0.966263235 0.139007911 -0.216822833
vn -0.971442938 0.120397642 -0.204457939
vn -0.90181607 0.218416214 -0.372856736
vn -0.915818155 0.191250652 -0.353129327
vn -0.808665276 0.280066103 -0.517323375
vn -0.833437741 0.248303026 -0.493687242
vn -0.699512541 0.321320146 -0.638306797
vn -0.733534217 0.288990229 -0.61515218
vn -0.623684406 0.33264792 -0.707363486
vn -0.631697655 0.317558289 -0.707187951
vn -0.480114698 0.360168129 -0.799855471
vn -0.475244075 0.283353895 -0.832978785
vn -0.438999951 0.340086609 -0.831637025
vn -0.499875963 0.402293652 -0.766996622
vn -0.431182355 0.41972971 -0.798691928
vn -0.494104475 0.494784772 -0.714876771
vn -0.423238933 0.516061604 -0.744680643
vn -0.499145985 0.625158072 -0.600025535
vn -0.423469901 0.653177679 -0.62771982
vn -0.479873598 0.756942987 -0.443574816
vn -0.398411572 0.79043287 -0.465278506
vn -0.423423231 0.856744587 -0.294451177
vn -0.334349275 0.89059788 -0.30829528
vn -0.308138192 0.917804897 -0.250369787
vn -0.245873272 0.934861898 -0.256085068
vn -0.248624757 0.93337661 -0.258831739
vn -0.149666458 0.952474117 -0.265316904
vn -0.151483491 0.951655269 -0.26721707
vn -0.0517853051 0.961307883 -0.270565122
vn -0.0414546765 0.964979053 -0.2590307
vn -0.983388364 -0.139973849 0.115562111
vn -0.983393073 -0.137530997 0.118419923
vn -0.997696698 -0.0453534164 0.0504413769
vn -0.997693598 -0.0450957902 0.0507326722
vn -0.998750687 0.0460800864 -0.0193305407
vn -0.998721242 0.0503960215 0.00402212609
vn -0.988570094 0.144487113 -0.0430416912
vn -0.988557935 0.150816098 -0.00277412264
vn -0.988687515 0.14995122 -0.00341496803
vn -0.988479912 0.151197121 0.00684502861
vn -0.988484919 0.151165947 0.0068156207
vn -0.988631308 0.15033865 -0.00253867311
vn -0.986127198 0.165946931 0.00384373544
vn -0.787655234 -0.513611674 0.340297401
vn -0.800516427 -0.474773914 0.365736514
vn -0.845779479 -0.422110438 0.326312512
vn -0.85392642 -0.391218424 0.343158573
vn -0.899032772 -0.328571528 0.289449185
vn -0.903573692 -0.306402475 0.29945305
vn -0.944815278 -0.233662695 0.229621187
vn -0.946848631 -0.220008731 0.23467806
vn -0.979091048 -0.138575599 0.148921281
vn -0.979663312 -0.132352978 0.150806129
vn -0.997587144 -0.0455238782 0.0524157099
vn -0.997606933 -0.0449082442 0.0525701568
vn -0.997687995 0.0429755896 -0.0526473299
vn -0.997782528 0.0399742424 -0.0532177649
vn -0.977646112 0.129637569 -0.165535942
vn -0.978342891 0.123232603 -0.166309804
vn -0.936330259 0.210780278 -0.280815512
vn -0.93820715 0.201302737 -0.281504065
vn -0.890123963 0.266184092 -0.369899124
vn -0.890504539 0.280432969 -0.358272225
vn -0.827125609 0.347161025 -0.441975594
vn -0.863900542 0.382273227 -0.327937573
vn -0.806374788 0.447626084 -0.38651076
vn -0.838163376 0.485560477 -0.248421445
vn -0.781081617 0.553991914 -0.288104981
vn -0.796834707 0.581027925 -0.165713713
vn -0.736284375 0.649459541 -0.18996723
vn -0.740659177 0.663937867 -0.103007048
vn -0.674368501 0.729121149 -0.116659552
vn -0.673909366 0.737670124 -0.0410971232
vn -0.675019801 0.736583948 -0.0423366688
vn -0.673488379 0.739197671 -0.000468782906
vn -0.666182697 0.745783031 0.00287068705
vn -0.584148824 -0.747759283 0.315636247
vn -0.498749882 -0.825766742 0.263358831
vn -0.511874199 -0.818375945 0.261238605
vn -0.423959047 -0.88286835 0.201995552
vn -0.435406834 -0.87751925 0.200949743
vn -0.350627452 -0.925913513 0.140515402
vn -0.35606721 -0.923871398 0.14027746
vn -0.355641901 -0.929599345 0.0967673659
vn -0.393487066 -0.905886471 0.156644821
vn -0.436171442 -0.886606157 0.153896078
vn -0.474885583 -0.852931976 0.216773465
vn -0.514533341 -0.830900669 0.211800575
vn -0.550737262 -0.788894117 0.272643536
vn -0.589288831 -0.763393283 0.264517188
vn -0.620493293 -0.716371119 0.319061816
vn -0.32938084 -0.943449795 0.0375601128
vn -0.237809777 -0.970577598 0.0377583429
vn -0.0611032285 -0.997293949 -0.040879827
vn -0.041089423 -0.998840094 -0.0251017008
vn -0.0410894305 -0.998840094 -0.025101196
vn -0.728125036 -0.68033582 0.0835292041
vn -0.736050487 -0.669590116 0.0993919224
vn -0.791299164 -0.604358375 0.0927177444
vn -0.797349572 -0.594130039 0.106033742
vn -0.847379386 -0.522058427 0.0969703496
vn -0.851611197 -0.513032496 0.10749913
vn -0.895717263 -0.43417269 0.0958363488
vn -0.898367584 -0.426854253 0.103591427
vn -0.935615361 -0.34155333 0.0892477483
vn -0.937039256 -0.336206228 0.0944604874
vn -0.966366172 -0.245205149 0.0775293559
vn -0.966963768 -0.24184157 0.0805839524
vn -0.987328529 -0.146342963 0.0613690615
vn -0.987479806 -0.144725397 0.0627553836
vn -0.998049617 -0.0463847741 0.0417780019
vn -0.998053372 -0.0460706428 0.0420356542
vn -0.658649504 -0.747198641 0.088741079
vn -0.686367035 -0.726579845 0.0313368924
vn -0.735917509 -0.676393747 0.0302806199
vn -0.739214718 -0.672449708 0.037053898
vn -0.797863662 -0.60182631 0.0349089764
vn -0.800375283 -0.598124087 0.0405829474
vn -0.852680862 -0.521081567 0.0375416093
vn -0.854423523 -0.517877519 0.0419912674
vn -0.899779022 -0.434686929 0.0380135365
vn -0.90085113 -0.43216598 0.0412286371
vn -0.938522279 -0.343301535 0.0363310315
vn -0.939078152 -0.341551036 0.0384067446
vn -0.968267858 -0.247769877 0.032672409
vn -0.968486309 -0.2467632 0.0337957479
vn -0.988434494 -0.149156392 0.0273796432
vn -0.988483071 -0.148754925 0.0278064664
vn -0.998591363 -0.0487559289 0.020931378
vn -0.998592138 -0.0487273149 0.020960737
vn -0.236432657 -0.971569717 -0.0123252179
vn -0.247281432 -0.968938291 -0.00324077113
vn -0.328059614 -0.944653213 -0.00267877523
vn -0.341802269 -0.939730048 0.0088677872
vn -0.416746795 -0.908975661 0.0092396196
vn -0.432192504 -0.901503563 0.0223813057
vn -0.50175482 -0.864721537 0.0223322995
vn -0.51766777 -0.854817092 0.0361640304
vn -0.582382023 -0.812141538 0.0354582071
vn -0.597619772 -0.800274074 0.0491122454
vn -0.671558678 -0.739453495 0.047089681
vn -0.670629621 -0.741785467 0.00318637583
vn -0.733310819 -0.679822922 0.0097983256
vn -0.986398816 -0.162259951 0.0262493249
vn -0.966398299 0.0105725285 -0.256831855
vn -0.966386139 0.0115525173 -0.256835282
vn -0.858466744 -0.509014726 0.0627600402
vn -0.943966389 -0.328380615 0.0330702215
vn -0.935649812 -0.348886818 0.0532677956
vn -0.993427098 -0.114417978 0.00334189739
vn -0.992414474 -0.122382984 0.0116604986
vn -0.755791306 -0.65303266 0.0482475907
vn -0.833998084 -0.550379694 0.0391069762
vn -0.822815955 -0.56633997 0.0472541936
vn -0.935661674 -0.351771593 0.0281779673
vn -0.924178123 -0.379685432 0.0416386686
vn -0.992413342 -0.122424155 0.0113180159
vn -0.990619421 -0.135471016 0.0179112628
vn -0.908253491 0.00951198395 -0.418312252
vn -0.908257425 0.0095120715 -0.418303609
vn -0.908293784 0.00139195553 -0.41833055
vn -0.90829438 0.00139197207 -0.418329269
vn -0.714666665 -0.689197421 -0.119408883
vn -0.705221057 -0.699205458 -0.117366873
vn -0.78472203 -0.585925698 -0.202243552
vn -0.637033165 -0.758887887 -0.135195807
vn -0.627589643 -0.767099142 -0.133004308
vn -0.715147913 -0.659140468 -0.232588381
vn -0.705975831 -0.669655204 -0.230564564
vn -0.776390851 -0.544872999 -0.316750199
vn -0.82319206 0.00450570416 -0.567745149
vn -0.823190272 0.00450566225 -0.567747772
vn -0.823191106 0.00450585596 -0.56774652
vn -0.713027656 -0.0113508487 -0.701044023
vn -0.712718964 -0.0113566071 -0.701357722
vn -0.765572071 0.0129860239 -0.643219054
vn -0.564235568 -0.812207103 -0.148181617
vn -0.555238187 -0.818789601 -0.145925164
vn -0.645878851 -0.718230546 -0.258815378
vn -0.636143565 -0.727735281 -0.256364316
vn -0.713320255 -0.602236152 -0.358449161
vn -0.703411579 -0.615174413 -0.356051326
vn -0.763151348 -0.468474269 -0.445120007
vn -0.905966163 -0.422817677 0.0212263893
vn -0.784090281 -0.619956255 0.0292700287
vn -0.795741975 -0.605077028 0.0260096993
vn -0.675531507 -0.73668772 0.0307968687
vn -0.687548876 -0.725602686 0.0278803147
vn -0.581323147 -0.813091278 0.0307556242
vn -0.592163563 -0.805321872 0.028267229
vn -0.501224577 -0.864795089 0.0300566778
vn -0.510409117 -0.859476447 0.027978668
vn -0.432581007 -0.901124001 0.0291407332
vn -0.440111935 -0.89752394 0.0274269767
vn -0.372665614 -0.927536726 0.0282131564
vn -0.378714353 -0.925125062 0.026814634
vn -0.987510383 -0.156598717 0.0173232034
vn -0.892917395 -0.448282659 0.041728016
vn -0.907849729 -0.417693913 0.036615029
vn -0.774426162 -0.630428493 0.0531416573
vn -0.795724332 -0.603729129 0.0483105369
vn -0.66285193 -0.746443391 0.0587326214
vn -0.684624553 -0.726837873 0.05473499
vn -0.567302227 -0.82122606 0.0612857193
vn -0.586665154 -0.807741344 0.0581200235
vn -0.486965209 -0.871193409 0.062345434
vn -0.503085434 -0.862159967 0.0598768592
vn -0.418753117 -0.905933142 0.0626971945
vn -0.431705415 -0.899964154 0.0607861914
vn -0.359674931 -0.930966437 0.0627327859
vn -0.369847119 -0.927070618 0.0612630434
vn -0.496107966 -0.853583992 -0.158969283
vn -0.487781793 -0.85878402 -0.156712949
vn -0.577624559 -0.766184747 -0.281621844
vn -0.567685306 -0.774599433 -0.278799444
vn -0.648202002 -0.650128782 -0.396442622
vn -0.637186229 -0.662803829 -0.393299848
vn -0.701861739 -0.508695424 -0.498617142
vn -0.691413581 -0.524992645 -0.496316373
vn -0.739186704 -0.311626196 -0.597069621
vn -0.715719163 -0.697381139 0.0374918431
vn -0.61535424 -0.787038326 0.0437016375
vn -0.605804324 -0.794213235 0.0471850298
vn -0.386177897 -0.922299385 0.0151831424
vn -0.438070506 -0.89839536 0.031305667
vn -0.452213258 -0.891513765 0.0265768096
vn -0.528537869 -0.848549962 0.0247106943
vn -0.990562081 -0.13562727 0.0198002923
vn -0.904955745 -0.422922671 0.0468138047
vn -0.924509525 -0.379396141 0.0366152562
vn -0.793631196 -0.605967104 0.054345686
vn -0.823023736 -0.566258371 0.0445345379
vn -0.684468865 -0.726950824 0.0551806912
vn -0.715045512 -0.697493434 0.0470410623
vn -0.588230014 -0.806935608 0.0532954149
vn -0.615141273 -0.787019312 0.0469232053
vn -0.505761266 -0.861185074 0.05065386
vn -0.527417541 -0.848369956 0.0458162017
vn -0.434929192 -0.899178326 0.0481141992
vn -0.4513807 -0.891219556 0.0445324965
vn -0.37320599 -0.926607251 0.0460029878
vn -0.385119945 -0.921844125 0.0434285812
vn -0.594536424 -0.79785198 0.0997929871
vn -0.631653905 -0.7651456 0.124761894
vn -0.691747904 -0.713074982 0.114056595
vn -0.72784704 -0.671840668 0.137363583
vn -0.791822076 -0.598982632 0.119321398
vn -0.822216034 -0.552043378 0.138596222
vn -0.884834766 -0.452972293 0.109011427
vn -0.905087292 -0.407240331 0.122361585
vn -0.956907809 -0.280116528 0.0765649751
vn -0.965708137 -0.245811567 0.0835728049
vn -0.99524051 -0.0957129076 0.0183121823
vn -0.996389151 -0.0824587941 0.0202288982
vn -0.631577313 -0.754949152 0.176527202
vn -0.669839799 -0.713059485 0.207028538
vn -0.727043211 -0.659688413 0.190313891
vn -0.760471284 -0.6125108 0.215670794
vn -0.820772529 -0.539357066 0.18821907
vn -0.845939875 -0.491589963 0.20670031
vn -0.903546751 -0.395856738 0.164014354
vn -0.918572724 -0.35428372 0.17523469
vn -0.964778066 -0.237248823 0.113649994
vn -0.970686793 -0.208919004 0.118827619
vn -0.996300399 -0.0773125812 0.0375263579
vn -0.997002959 -0.0669269636 0.038805943
vn -0.540012181 -0.834937632 0.106141634
vn -0.540429175 -0.827350676 0.153059393
vn -0.580009162 -0.793003261 0.18637383
vn -0.57458806 -0.769324541 0.279263914
vn -0.66677779 -0.700578332 0.254160166
vn -0.702195942 -0.65126121 0.287714601
vn -0.756239653 -0.598524749 0.264328837
vn -0.784440696 -0.548390031 0.289691448
vn -0.84131366 -0.477989823 0.252422303
vn -0.860684514 -0.432196021 0.269125938
vn -0.914781868 -0.342921525 0.213492334
vn -0.925388634 -0.306754738 0.222614974
vn -0.968672872 -0.200962976 0.145899907
vn -0.972508132 -0.17841436 0.149653792
vn -0.99662739 -0.062698938 0.052940663
vn -0.997024417 -0.0552707911 0.0537348017
vn -0.995032012 -0.0994499847 0.00458350265
vn -0.993410707 -0.114581287 0.00251750951
vn -0.956746221 -0.28596139 0.0535050854
vn -0.944232166 -0.326103032 0.0456337146
vn -0.884408176 -0.460221618 0.0775775015
vn -0.858492911 -0.508830547 0.0638857782
vn -0.790893853 -0.606353521 0.0825972408
vn -0.756451786 -0.650809586 0.0650201216
vn -0.690401137 -0.719453037 0.0757201687
vn -0.605093122 -0.795486033 0.0326231979
vn -0.591881514 -0.804891467 0.04273149
vn -0.438797206 -0.897036076 0.0527571589
vn -0.712700903 -0.0135258352 -0.701337636
vn -0.579421401 -0.00145991798 -0.81502682
vn -0.579417169 -0.00145994627 -0.8150298
vn -0.305952102 -0.950481474 -0.0545738377
vn -0.348736405 -0.936547101 -0.0355302319
vn -0.431938738 -0.886115849 -0.168010667
vn -0.424380034 -0.890174806 -0.165802345
vn -0.510426104 -0.805306196 -0.301574469
vn -0.500545382 -0.812642455 -0.298440307
vn -0.581303179 -0.690053642 -0.431175828
vn -0.569477737 -0.702231705 -0.427277118
vn -0.636515319 -0.541778266 -0.548930347
vn -0.624562681 -0.558714747 -0.545673251
vn -0.67393595 -0.33182615 -0.660077095
vn -0.666103721 -0.346229613 -0.660629213
vn -0.677109301 -0.127964467 -0.724671006
vn -0.370879322 -0.911921561 -0.175634816
vn -0.364104003 -0.915054023 -0.17350623
vn -0.443993241 -0.837284923 -0.319098741
vn -0.43435806 -0.843599677 -0.31570974
vn -0.51255554 -0.72315073 -0.462968469
vn -0.500186563 -0.734681368 -0.458319426
vn -0.567052603 -0.568373442 -0.596156895
vn -0.553805649 -0.585680366 -0.591842771
vn -0.602629364 -0.347004443 -0.718627691
vn -0.593502581 -0.362342924 -0.718653142
vn -0.603974998 -0.135041833 -0.785479426
vn -0.601017296 -0.13947317 -0.786972284
vn -0.596553028 -0.0335289501 -0.801873028
vn -0.519144714 -0.0128380582 -0.854589939
vn -0.426825494 0.00141027453 -0.904332876
vn -0.426817924 0.00141123193 -0.904336512
vn -0.830114365 -0.557232141 -0.0200620312
vn -0.721437812 -0.692000926 -0.025734568
vn -0.732224524 -0.680477738 -0.0282375533
vn -0.63085258 -0.775216103 -0.0326338373
vn -0.641283274 -0.766504824 -0.035015747
vn -0.550613284 -0.833877623 -0.0383812077
vn -0.560011625 -0.827490807 -0.0405708291
vn -0.479660928 -0.876392007 -0.0431563817
vn -0.487812281 -0.871781528 -0.0451242737
vn -0.416211545 -0.90804559 -0.0471286252
vn -0.423123211 -0.904753327 -0.048868753
vn -0.33528176 -0.940740168 -0.0509318188
vn -0.293915272 -0.955433965 0.0275641419
vn -0.298631459 -0.954026043 0.0255642906
vn -0.282741159 -0.957117975 0.0631079078
vn -0.28986904 -0.95510304 0.0612709038
vn -0.29273361 -0.955147862 0.0447168946
vn -0.299614966 -0.953141451 0.0418603048
vn -0.300362617 -0.953687966 0.0161724277
vn -0.3103728 -0.950568736 0.00937125646
vn -0.259307086 0.00377594051 -0.96578753
vn -0.259314716 0.00377554609 -0.965785503
vn -0.259301662 0.00377551024 -0.96578902
vn -0.426820785 0.00441621849 -0.904325426
vn -0.343790501 -0.0145763541 -0.938933253
vn -0.344555289 -0.0441207141 -0.937728643
vn -0.316099644 -0.629757106 -0.709568143
vn -0.331798047 -0.612498641 -0.717464566
vn -0.279841423 -0.797169268 -0.5349859
vn -0.254317343 -0.143496573 -0.956415951
vn -0.236578792 -0.904156268 -0.355713218
vn -0.292447031 -0.788039744 -0.541726947
vn -0.201277405 -0.807321906 -0.554724038
vn -0.243958712 -0.615491629 -0.749435902
vn -0.135762677 -0.628965318 -0.765487492
vn -0.344560117 -0.149855718 -0.926726282
vn -0.342675745 -0.0455106273 -0.938350737
vn -0.249606818 -0.0469390936 -0.967208982
vn -0.248861372 -0.000773305306 -0.968538821
vn -0.259310216 -0.000744580582 -0.965793788
vn -0.155722424 -0.140680104 -0.977731884
vn -0.150072366 -0.146738186 -0.977725029
vn -0.151033297 -0.0486782901 -0.987329423
vn -0.340711594 -0.380557477 -0.859704375
vn -0.349277943 -0.144352779 -0.925833225
vn -0.249092147 -0.149289504 -0.956904233
vn -0.248565167 -0.047675781 -0.967441142
vn -0.151046738 -0.048669029 -0.987327814
vn -0.150993854 -0.0144622391 -0.988428891
vn -0.0859557316 0.00499721896 -0.996286452
vn -0.0671333373 -0.923083246 -0.378695697
vn -0.0182851069 -0.698162258 -0.71570605
vn -0.0182854217 -0.698158801 -0.715709388
vn -0.0707026199 -0.809717119 -0.582545519
vn -0.0118024768 -0.85983485 -0.510435879
vn -0.0118024033 -0.859835386 -0.510434866
vn -0.0197386816 -0.0233964678 -0.999531388
vn -0.0197387002 -0.0233949404 -0.999531448
vn -0.0541541763 -0.04917432 -0.99732101
vn -0.0426203348 -0.142027587 -0.988944709
vn -0.0426123701 -0.14230226 -0.988905609
vn -0.0428651981 -0.142035857 -0.988932967
vn -0.0428659841 -0.14201501 -0.988935888
vn -0.353068501 -0.363407582 -0.86213547
vn -0.245835602 -0.376727164 -0.893107772
vn -0.258928299 -0.359238148 -0.896606982
vn -0.146865696 -0.36801967 -0.918145955
vn -0.160471037 -0.350280046 -0.922796249
vn -0.0602925085 -0.354282022 -0.933192968
vn -0.0204115603 -0.414512634 -0.909814596
vn -0.0518407822 -0.996766448 -0.0613937341
vn -0.00123076024 -0.99931246 -0.0370546915
vn -0.00123078108 -0.99931246 -0.0370552614
vn -0.0377701111 -0.998983026 0.0246227179
vn 0.00677109277 -0.999165416 0.0402817428
vn 0.00677108159 -0.999165416 0.0402813032
vn -0.0277022757 -0.997672558 0.0623057708
vn -0.100991644 -0.922172904 -0.373360187
vn -0.108019315 -0.9197523 -0.377342701
vn -0.0889221579 -0.966675997 -0.240063265
vn -0.0910644606 -0.965990603 -0.242011249
vn -0.0800291896 -0.98384881 -0.160115138
vn -0.0813769475 -0.98356092 -0.161200762
vn -0.0684643015 -0.995793939 -0.060886126
vn -0.0697277859 -0.995679259 -0.0613256283
vn -0.0603328459 -0.997871816 0.0247340593
vn -0.0608259737 -0.997845292 0.0245968141
vn -0.0576551445 -0.996389568 0.0623198152
vn -0.0582969524 -0.996357977 0.0622270107
vn -0.0589289851 -0.997360706 0.0424139164
vn -0.000607249036 -0.948291659 -0.317399681
vn -0.0006073197 -0.948291242 -0.317400843
vn -0.0395879894 -0.969261825 -0.242825732
vn -0.00401428482 -0.987968326 -0.154604346
vn -0.00440721493 -0.986824393 -0.161735103
vn 0.00362700713 -0.987969697 -0.15460512
vn 0.00362702133 -0.987969756 -0.154604822
vn -0.0982299075 -0.994264245 0.0423023179
vn -0.0983884409 -0.994250119 0.0422656313
vn -0.0972888991 -0.993314564 0.0621369258
vn -0.0960210487 -0.993426561 0.0623188019
vn -0.101383381 -0.994541764 0.0246600248
vn -0.100450724 -0.994630098 0.0249115098
vn -0.115988612 -0.991399527 -0.0606102236
vn -0.114199661 -0.99164319 -0.0600181073
vn -0.134931415 -0.977988422 -0.159160838
vn -0.133214325 -0.978429675 -0.157890201
vn -0.150534704 -0.959458768 -0.238281727
vn -0.1479702 -0.96038121 -0.236162558
vn -0.177051038 -0.912250996 -0.369392782
vn -0.426825196 0.00141126616 -0.904333055
vn -0.433180898 0.00444650138 -0.90129602
vn -0.434959888 -0.0403568149 -0.899545014
vn -0.432455689 -0.0423279554 -0.900661111
vn -0.435485631 -0.148410782 -0.887877524
vn -0.439639002 -0.143229008 -0.886680901
vn -0.430602223 -0.379452705 -0.818900108
vn -0.442027062 -0.362762243 -0.820375323
vn -0.39976418 -0.621039271 -0.674165249
vn -0.414904922 -0.603603005 -0.680821061
vn -0.355691701 -0.781747699 -0.512204945
vn -0.368434519 -0.771774232 -0.518286169
vn -0.302862853 -0.888705194 -0.344205141
vn -0.311656982 -0.884191871 -0.34795785
vn -0.249543935 -0.950414479 -0.185580418
vn -0.254812896 -0.948641062 -0.187484652
vn -0.206853464 -0.976690352 -0.0573378876
vn -0.209927276 -0.975979388 -0.0582642742
vn -0.182308167 -0.982909501 0.0255470593
vn -0.184386089 -0.982535422 0.0250179525
vn -0.174601972 -0.982662022 0.0623655319
vn -0.177685782 -0.982136846 0.0619272515
vn -0.179735929 -0.982805848 0.0422809869
vn -0.181231901 -0.982545435 0.0419455655
vn -0.181802735 -0.983306706 0.00746346917
vn -0.139851004 -0.990142226 0.00774653256
vn -0.34348309 -0.936581373 0.0695322454
vn -0.343638331 -0.929653466 0.132880107
vn -0.424688548 -0.887556672 0.17855753
vn -0.43447575 -0.882986248 0.177668527
vn -0.499073833 -0.826972783 0.258923441
vn -0.581014633 -0.776471257 0.243955612
vn -0.573829472 -0.754588544 0.318301529
vn -0.651707172 -0.668207347 0.358854741
vn -0.659662366 -0.686258078 0.306423545
vn -0.684613347 -0.638340712 0.351888776
vn -0.520148039 -0.0357989632 -0.853325546
vn -0.517236531 -0.0382817723 -0.854985893
vn -0.521138966 -0.144957781 -0.841071606
vn -0.524705291 -0.14012152 -0.839672744
vn -0.514965355 -0.373386234 -0.771617413
vn -0.525296211 -0.35730058 -0.772269487
vn -0.478948057 -0.606370747 -0.634762406
vn -0.493265778 -0.588907063 -0.640216649
vn -0.42903775 -0.761006773 -0.486616164
vn -0.441703558 -0.750225723 -0.491995245
vn -0.368631393 -0.868685663 -0.33090198
vn -0.377895057 -0.863311887 -0.334496528
vn -0.306084275 -0.934823573 -0.180048168
vn -0.312089175 -0.932442963 -0.182072744
vn -0.254935682 -0.965365767 -0.0554686785
vn -0.258791894 -0.964274645 -0.0565792471
vn -0.225238562 -0.97395587 0.0260293558
vn -0.228060558 -0.973317444 0.025329588
vn -0.216023535 -0.97439003 0.0624331273
vn -0.220371097 -0.973455369 0.0618160963
vn -0.222876906 -0.973914444 0.0426210575
vn -0.225961775 -0.973232985 0.0419388972
vn -0.22663039 -0.973926365 0.0103023872
vn -0.210590586 -0.977471054 0.0142102595
vn -0.21063599 -0.977422655 0.0166549403
vn -0.218580201 -0.974509776 0.0505311042
vn -0.212438971 -0.975863814 0.0505910218
vn -0.212249994 -0.976519704 0.0368676744
vn -0.195146561 -0.980081379 0.0368549451
vn -0.19417575 -0.980962873 0.00275834091
vn -0.143154785 -0.989697278 0.00245545316
vn -0.142660052 -0.989594758 -0.0187155679
vn -0.0501615666 -0.998559654 -0.0190380905
vn -0.0464248732 -0.99884063 -0.0127320532
vn -0.2181537 -0.975832045 0.0126789501
vn -0.139914185 -0.990069091 0.0136818662
vn -0.148451477 -0.988877773 0.00910270493
vn -0.148170248 -0.988919973 0.00910421275
vn -0.148039922 -0.988980711 0.00117513258
vn -0.115938172 -0.993255973 0.000985162216
vn -0.115424268 -0.993114114 -0.0200405661
vn -0.0468085445 -0.99869591 -0.020382084
vn -0.0467376225 -0.9985919 -0.0250957292
vn -0.00264530559 -0.998411715 0.0562768541
vn -0.0228452794 -0.999473274 0.0230490398
vn -0.0228452813 -0.999473274 0.0230481643
vn -0.355347067 -0.932387471 0.066196762
vn -0.352074534 -0.933413506 0.0691574588
vn -0.415797234 -0.900368869 0.128252059
vn -0.414403856 -0.887465954 0.201677144
vn -0.538089514 -0.821977675 0.186580613
vn -0.529025316 -0.788111508 0.314662427
vn -0.659623444 -0.697495222 0.279995203
vn -0.648295581 -0.670812845 0.360170841
vn -0.714947104 -0.58273524 0.386355072
vn -0.725649357 -0.602198362 0.332851559
vn -0.744232476 -0.557304442 0.368143678
vn -0.0393110104 0.502676129 0.863580525
vn -0.0756982416 0.317784727 0.945136309
vn -0.0863395482 0.0395813249 0.995479167
vn -0.0863574073 -0.0343061909 0.995673358
vn -0.236686632 0.385719597 0.891739786
vn -0.236685991 0.385719627 0.891739905
vn -0.0746624842 0.502441585 0.861381412
vn -0.131544903 0.492128968 0.860526025
vn -0.130729824 0.50026685 0.855945528
vn -0.0186439827 0.689113855 0.724413216
vn -0.068435058 0.502886057 0.861639261
vn -0.0528691709 0.688268125 0.723527372
vn -0.0350578576 0.782144845 0.622109592
vn -0.0486417115 0.921651185 0.384958535
vn -0.0614713244 0.903293848 0.424595714
vn -0.0580914803 0.921185136 0.384763956
vn -0.00935258623 0.977235734 0.211950183
vn -0.047857333 0.998568177 0.0239011236
vn -0.439057529 0.174689651 0.881312668
vn -0.247041032 0.269559145 0.930756986
vn -0.366642445 0.0910810754 0.92589283
vn -0.330663264 0.537617743 0.775647461
vn -0.352234393 0.457122505 0.816682279
vn -0.294917107 0.718920767 0.629425764
vn -0.227318034 0.634388685 0.738835216
vn -0.251643181 0.549098909 0.79697305
vn -0.20235166 0.775386631 0.59818846
vn -0.221048251 0.732140481 0.644288719
vn -0.171627045 0.875751019 0.4512254
vn -0.0478573404 0.998568177 0.0239012837
vn -0.0131275747 0.998873055 -0.0456096455
vn -0.00661307015 0.938407779 -0.345466465
vn -0.0403774045 0.960333586 -0.275914937
vn -0.0414917842 0.937619865 -0.345177323
vn -0.00223154947 0.894641876 -0.446778446
vn -0.0237390175 0.802491724 -0.59619081
vn -0.411237568 0.179632306 0.893653095
vn -0.411239266 0.179632276 0.89365232
vn -0.452850819 0.0623307191 0.889404833
vn -0.417231202 0.0620913841 0.906676769
vn -0.567343473 -0.0218744501 0.823190689
vn -0.123086527 0.966217399 0.226436943
vn -0.189299196 0.854749799 0.483289391
vn -0.250914991 0.843524158 0.474877566
vn -0.315054208 0.672878087 0.669310033
vn -0.388967723 0.655277967 0.647545278
vn -0.446870178 0.374653906 0.812367857
vn -0.521834195 0.360528886 0.773115754
vn -0.531585813 0.00760618038 0.84697026
vn -0.566042006 0.0713018104 0.821287096
vn -0.0702064857 0.996910512 -0.0352196693
vn -0.137958631 0.959877193 0.244137585
vn -0.180958644 0.95332998 0.241693959
vn -0.270959973 0.819789827 0.504505038
vn -0.333730906 0.804009855 0.492129892
vn -0.408604264 0.609041214 0.679787755
vn -0.481241345 0.58754617 0.650535405
vn -0.533889949 0.305141926 0.788574636
vn -0.604959965 0.290956616 0.741193414
vn -0.605168641 -0.0214809161 0.795807421
vn -0.701082289 -0.0160284899 0.712900221
vn -0.0334289931 0.964269102 -0.262807131
vn -0.08316347 0.996348679 -0.0193160772
vn -0.105387442 0.994244635 -0.0192648564
vn -0.198966146 0.94501102 0.259550929
vn -0.243237883 0.93557924 0.255981982
vn -0.355098367 0.77796334 0.51834178
vn -0.418596059 0.757277846 0.501305938
vn -0.498896927 0.543529451 0.675038993
vn -0.569006443 0.518774748 0.638047397
vn -0.613151908 0.248614341 0.749823749
vn -0.679679573 0.234687015 0.694951594
vn -0.678442121 0.00653379923 0.734624803
vn -0.700826705 0.0314108469 0.71263963
vn -0.125286952 0.948199928 -0.291924804
vn -0.113867171 0.913481474 -0.390622348
vn -0.140296921 0.850407124 -0.507074475
vn -0.2266936 0.879088938 -0.419300199
vn -0.137178406 0.893360198 -0.427889764
vn -0.164904937 0.95345217 -0.252458513
vn -0.111105315 0.949749053 -0.292630076
vn -0.157875776 0.975484788 -0.153312162
vn -0.159110084 0.975291491 -0.153265893
vn -0.203617558 0.970552862 -0.128712788
vn -0.152995929 0.955260873 -0.253118306
vn -0.209166467 0.953184903 -0.218375787
vn -0.195081383 0.934858382 -0.296619415
vn -0.051170107 0.838750362 -0.542106509
vn -0.0589651726 0.922465324 -0.381550491
vn -0.0485502556 0.922925591 -0.381904751
vn -0.0826612264 0.974257827 -0.2097352
vn -0.0817116722 0.974331737 -0.209763899
vn -0.171066865 0.985049188 0.0203511659
vn -0.194534287 0.980686307 0.0202688556
vn -0.333466619 0.898717999 0.284791023
vn -0.382010847 0.881384969 0.277899683
vn -0.524397731 0.675174832 0.518792748
vn -0.587343156 0.64392513 0.490294218
vn -0.0449939594 0.620813429 -0.782666087
vn -0.0128400391 0.577789783 -0.816084623
vn -0.0381411575 0.672707379 -0.738924921
vn -0.0393491797 0.685550928 -0.72696054
vn -0.0298226383 0.67289716 -0.73913461
vn -0.0320668891 0.793006778 -0.608368278
vn 0.135352373 0.667004824 -0.732655644
vn -0.0237390269 0.802491546 -0.596191049
vn -0.0334100313 0.479732275 -0.876778603
vn -0.0212893505 0.558825135 -0.829012215
vn -0.097764872 0.556001842 -0.825411439
vn -0.0291732922 0.906161308 -0.421924919
vn -0.0527842008 0.969691992 -0.238560855
vn -0.0538880676 0.96963799 -0.238533586
vn -0.124418251 0.992229879 -0.000140847857
vn -0.146564752 0.989201069 -0.000130992456
vn -0.264100075 0.924934089 0.273401052
vn -0.310224861 0.91198945 0.268394917
vn -0.440149337 0.729569554 0.523447096
vn -0.503763139 0.703697681 0.50103116
vn -0.583863735 0.478754252 0.655665696
vn -0.654914498 0.449326724 0.607612133
vn -0.662414193 0.314834952 0.679769337
vn -0.737129092 0.288772792 0.610942662
vn -0.745677769 0.0339359157 0.66544199
vn -0.80615294 0.216972664 0.550490975
vn -0.700488567 -0.0441348404 0.712297618
vn -0.814838409 -0.00226224633 0.579683721
vn -0.814838469 -0.00226224074 0.579683661
vn -0.858616292 0.178535715 0.480523795
vn -0.854286194 0.195105061 0.481797814
vn -0.85656929 0.0224637687 0.515542865
vn -0.81398797 -0.0457342044 0.579078496
vn -0.904132545 0.0115085589 0.427097052
vn -0.90165478 0.0152027542 0.432189226
vn -0.900757432 0.156211361 0.40525803
vn -0.903541088 0.143936321 0.403603554
vn -0.683649778 0.55154115 0.477938592
vn -0.74221313 0.509408891 0.435456455
vn -0.755465388 0.48411113 0.441484332
vn -0.809992492 0.436739266 0.391370654
vn -0.820172608 0.41416654 0.394693553
vn -0.869249105 0.361901164 0.336798936
vn -0.344311595 0.882328331 -0.320852339
vn -0.225905716 0.914736867 -0.334997088
vn -0.258876473 0.947185457 -0.189268902
vn -0.201712251 0.954687238 -0.218825042
vn -0.255598634 0.960852802 -0.106916942
vn -0.208808452 0.96947664 -0.128507018
vn -0.348741174 0.934046507 0.0770502314
vn -0.313383609 0.947771728 0.0593249127
vn -0.484150589 0.823380888 0.296044081
vn -0.538763285 0.793394029 0.283301979
vn -0.564225793 0.771680534 0.293527514
vn -0.385592133 0.919546247 0.0758508965
vn -0.422261 0.901861191 0.0913344845
vn -0.266910195 0.957824171 -0.106451035
vn -0.315069288 0.945008457 -0.0876946896
vn -0.258118033 0.947382569 -0.189318165
vn -0.315402716 0.934633017 -0.164262712
vn -0.3045654 0.9294191 -0.208374843
vn -0.904073775 0.0162338577 0.427068025
vn -0.904073894 0.0162338689 0.427067697
vn -0.937766194 -0.0131503185 0.347018152
vn -0.965502143 0.0207072105 0.25957042
vn -0.965501964 0.02070719 0.259571165
vn -0.9656322 0.0126846908 0.259602785
vn -0.610271931 0.778775334 0.145179689
vn -0.695692003 0.680175245 0.231028765
vn -0.764695764 0.610968113 0.204837233
vn -0.825261354 0.49771446 0.266878247
vn -0.880963504 0.419663012 0.21860069
vn -0.923347414 0.270252317 0.272751153
vn -0.95700413 0.210019648 0.200087219
vn -0.969135165 0.0828744322 0.232182845
vn -0.988254488 0.0595627837 0.140731499
vn -0.988286495 -0.00419815397 0.152552322
vn -0.996018708 0.0231015496 0.0860992745
vn -0.529229641 0.846720815 0.0545875914
vn -0.631988049 0.759209633 0.155537203
vn -0.7063604 0.693583786 0.141408831
vn -0.778910995 0.590708017 0.210622281
vn -0.845792949 0.50358206 0.176179975
vn -0.888486028 0.402313024 0.220764115
vn -0.935405791 0.313346237 0.163799182
vn -0.959674597 0.197986886 0.199564055
vn -0.983453631 0.135109514 0.120682858
vn -0.98868233 0.0551553816 0.139517441
vn -0.998495162 0.0317763798 0.0446947888
vn -0.99874723 0.00327074178 0.0499328263
vn -0.996236265 0.00441535236 -0.0865669772
vn -0.998576581 0.00361896446 -0.0532142632
vn -0.998682499 -0.00704972027 -0.0508292355
vn -0.997727931 0.0571609214 0.035659261
vn -0.995884359 0.0860868171 0.0283433422
vn -0.976607323 0.190457046 0.0998211354
vn -0.967226684 0.239334732 0.0848021582
vn -0.921713054 0.362610668 0.137690112
vn -0.889900088 0.444206327 0.103723399
vn -0.815892816 0.562714279 0.132934541
vn -0.740188181 0.669328392 0.0641946942
vn -0.653516412 0.753504992 0.0717390776
vn -0.416556478 0.906468272 -0.069253318
vn -0.555153072 0.829077482 0.0666003972
vn -0.630694509 0.773509443 0.0625106692
vn -0.724675834 0.672807992 0.148910522
vn -0.802320659 0.582978189 0.128132924
vn -0.856100917 0.484573334 0.179666057
vn -0.915523529 0.378585935 0.135975555
vn -0.939929903 0.299022108 0.164674282
vn -0.974531889 0.200884983 0.0996634364
vn -0.984663188 0.126658097 0.119983718
vn -0.997399628 0.0623023584 0.0362275429
vn -0.998627901 0.0287598595 0.0437621921
vn -0.998603702 0.00563384639 -0.0525258183
vn -0.998272002 0.0201658159 -0.0551937595
vn -0.987402916 0.0204118602 -0.156903848
vn -0.996202946 -0.00929562096 -0.0865634382
vn -0.966396391 0.0105725126 -0.256838977
vn -0.402527094 0.904534757 -0.140672877
vn -0.464526355 0.883820832 -0.055461932
vn -0.587243676 0.807899058 -0.049436111
vn -0.566350102 0.824113071 -0.00922951847
vn -0.670681238 0.741710126 -0.00726337219
vn -0.757997274 0.648421884 0.0706340373
vn -0.849308491 0.52472645 0.0577692464
vn -0.898043454 0.426874012 0.106285311
vn -0.957872212 0.279092133 0.0677373558
vn -0.969904244 0.228013203 0.0854153633
vn -0.995435059 0.0921432748 0.0248736162
vn -0.996394336 0.0799993128 0.0282562785
vn -0.998559177 -0.0261724405 -0.0468464196
vn -0.99865067 -0.00920585822 -0.0511090383
vn -0.987827599 -0.0716137141 -0.138087228
vn -0.988481522 -0.0200429372 -0.150008395
vn -0.968711793 -0.0416774862 -0.244664058
vn -0.967048645 0.0106493561 -0.254368842
vn -0.966386318 0.011552521 -0.256834596
vn -0.937777996 -0.00506050279 -0.347198606
vn -0.939590394 -0.0622480065 -0.3365933
vn -0.96869272 -0.0418097228 -0.244716823
vn -0.966014981 -0.129976183 -0.223430514
vn -0.987901151 -0.0708136037 -0.137973621
vn -0.983890593 -0.130658507 -0.122014962
vn -0.998511076 -0.0278653577 -0.046895761
vn -0.997766614 -0.0537017733 -0.0397227444
vn -0.995943725 0.0864363313 0.0249973666
vn -0.995099068 0.0964279622 0.0218972396
vn -0.961162031 0.26727888 0.0687721521
vn -0.941311717 0.334960014 0.0416418463
vn -0.860471129 0.505759895 0.0616147742
vn -0.797966361 0.602699041 0.00189480453
vn -0.69286263 0.721069217 0.000753859233
vn -0.625467539 0.777684391 -0.0632250905
vn -0.538221717 0.839950442 -0.0692867041
vn -0.497471899 0.859275281 -0.119028106
vn -0.457645983 0.880663693 -0.1224401
vn -0.852026224 -0.00799227506 -0.523438096
vn -0.855944455 -0.0967196003 -0.507941365
vn -0.902245343 -0.07907518 -0.423910916
vn -0.894679964 -0.226849273 -0.384820908
vn -0.936018586 -0.175615877 -0.305005431
vn -0.915209532 -0.305333465 -0.262988478
vn -0.956514955 -0.21755673 -0.194289088
vn -0.937993109 -0.305283517 -0.164228305
vn -0.977576494 -0.183164895 -0.103898011
vn -0.964127243 -0.253186584 -0.0797193572
vn -0.995966673 -0.0847749561 -0.0293871891
vn -0.992220163 -0.12352021 -0.015552667
vn -0.994266152 0.105677247 0.0163437668
vn -0.991534889 0.129684523 0.00636109989
vn -0.923686206 0.383027107 0.0096949311
vn -0.897167027 0.440983713 -0.0249944814
vn -0.778269529 0.626757443 -0.0383618549
vn -0.749437094 0.658081055 -0.0726179928
vn -0.658159316 0.74819243 -0.0838711038
vn -0.897840023 0.0075774705 -0.440256536
vn -0.901803732 -0.0806050003 -0.424561977
vn -0.939747691 -0.0615163594 -0.336288661
vn -0.934565306 -0.181733742 -0.305876642
vn -0.966611505 -0.12639004 -0.222907469
vn -0.95500499 -0.223966941 -0.194433078
vn -0.984243095 -0.128054366 -0.121932961
vn -0.976669371 -0.187965468 -0.103855349
vn -0.997762978 -0.0537697785 -0.039722234
vn -0.995751798 -0.0872950554 -0.0292901359
vn -0.995526612 0.0918518305 0.0221365001
vn -0.993896246 0.109150842 0.0160091538
vn -0.945742369 0.322008163 0.0433838852
vn -0.917368352 0.397980064 0.00687182741
vn -0.813022912 0.582185447 0.00733905565
vn -0.760341048 0.64795959 -0.0450544879
vn -0.650312841 0.757728517 -0.0542286411
vn -0.613052547 0.784057915 -0.0970551595
vn -0.549262404 0.829227805 -0.103402682
vn -0.797653258 -0.00962969009 -0.603039443
vn -0.802537918 -0.110617518 -0.586256504
vn -0.856763601 -0.0944708362 -0.506982684
vn -0.847320855 -0.265534014 -0.459933788
vn -0.897227705 -0.218506321 -0.383715332
vn -0.867281795 -0.37509954 -0.327295899
vn -0.918357909 -0.295762658 -0.262950867
vn -0.887558877 -0.404986501 -0.219602391
vn -0.940661609 -0.296847939 -0.164429322
vn -0.910981894 -0.39283672 -0.125663325
vn -0.966068983 -0.245567694 -0.0800451413
vn -0.943891644 -0.326877803 -0.0471116267
vn -0.992929816 -0.117613442 -0.0160450507
vn -0.987631857 -0.156789914 0.000423294638
vn -0.991917253 0.126703963 0.0068016029
vn -0.988981426 0.147986308 -0.00396898203
vn -0.905230701 0.424395442 -0.0211156756
vn -0.890645146 0.452609122 -0.0435452089
vn -0.782329857 0.6197474 -0.062234655
vn -0.76950109 0.631360471 -0.0961876959
vn -0.658773601 0.747835815 -0.0822128356
vn -0.755848646 0.640176177 -0.137358174
vn -0.518781245 0.834724724 -0.184663653
vn -0.49983564 0.847163439 -0.180217877
vn -0.417601645 0.876733601 -0.238635838
vn -0.349448681 0.90374279 -0.247254103
vn -0.380759895 0.913652539 -0.142341018
vn -0.324073792 0.931768954 -0.163654536
vn -0.383890927 0.920669556 -0.0706778467
vn -0.335240602 0.938121915 -0.0868392438
vn -0.465939373 0.88300395 0.0566081069
vn -0.519541979 0.850099146 0.086066857
vn -0.532643914 0.831888914 0.155728415
vn -0.645777881 0.708812237 0.283824056
vn -0.732870877 0.633057773 0.249275267
vn -0.748596251 0.588419735 0.305558294
vn -0.814620256 0.51699996 0.262878001
vn -0.876511455 0.342596263 0.338164866
vn -0.91863507 0.2859734 0.272633225
vn -0.940555096 0.112288326 0.320542336
vn -0.968215168 0.0892095938 0.23366864
vn -0.968681276 0.013426221 0.247944087
vn -0.965630352 0.0126845427 0.25960958
vn -0.742870212 0.555693805 -0.373293787
vn -0.736444533 0.547517419 -0.397333771
vn -0.876998663 0.375996649 -0.299165249
vn -0.879251122 0.379103005 -0.288441241
vn -0.849007189 0.444961786 -0.284948856
vn -0.805313587 0.397096753 -0.440209299
vn -0.779117942 0.564753532 -0.27208209
vn -0.794508874 0.586841702 -0.15611665
vn -0.0186393894 0.373113453 -0.927598476
vn -0.0305784624 0.477030128 -0.878354847
vn -0.0960821733 0.474958032 -0.874747455
vn -0.0799770951 0.504089355 -0.859940469
vn -0.176243246 0.49750337 -0.849369586
vn -0.28542918 0.517729044 -0.806527615
vn -0.159044191 0.533989727 -0.830397427
vn -0.174808919 0.570323348 -0.80260396
vn -0.081362769 0.578017056 -0.811958373
vn -0.0946946815 0.63510406 -0.766600072
vn -0.0813814774 0.619262099 -0.780955493
vn -0.0964089558 0.70883286 -0.698756933
vn -0.0752781406 0.684107482 -0.7254861
vn -0.0866736174 0.791596174 -0.604866207
vn -0.0305776093 0.793982744 -0.60717082
vn -0.0320261456 0.906096339 -0.421857446
vn -0.0170717575 0.894559622 -0.446622431
vn -0.0276687201 0.964423656 -0.262909502
vn -0.019332232 0.960902572 -0.276210904
vn -0.0464987308 0.998295188 -0.0352789499
vn -0.0397994071 0.998168051 -0.0455696359
vn -0.0807989761 0.97031194 0.227961212
vn -0.069172509 0.975028872 0.211030349
vn -0.111427434 0.882815421 0.456312239
vn -0.0969552398 0.900917709 0.423021287
vn -0.129732758 0.784009874 0.607040286
vn -0.132536963 0.776502132 0.616018176
vn -0.139551356 0.643445849 0.752663791
vn -0.170673892 0.337107003 0.925866783
vn -0.241580561 0.33323738 0.911368012
vn -0.236737952 0.385491997 0.891824543
vn -0.236715406 0.385492772 0.891830206
vn 0.00388667849 0.302491844 -0.953144073
vn -0.041994784 0.372847557 -0.926941812
vn -0.0278656986 0.40158847 -0.915396214
vn -0.0909725279 0.400093198 -0.911948144
vn -0.0778670833 0.431308866 -0.898837805
vn -0.172061443 0.426180661 -0.888124406
vn -0.158800334 0.46386376 -0.871557713
vn -0.284767866 0.450328261 -0.846233845
vn -0.271531105 0.496065855 -0.824736059
vn -0.441726536 0.46221301 -0.76891923
vn -0.961055994 0.207474068 -0.182553858
vn -0.961749196 0.208963662 -0.177123249
vn -0.954152644 0.24249129 -0.175472811
vn -0.954428017 0.243100926 -0.173115864
vn -0.940842807 0.292945832 -0.170286626
vn -0.942371488 0.295870006 -0.156195119
vn -0.932214975 0.333010286 -0.141701788
vn -0.93599844 0.339698195 -0.0922608823
vn -0.92003113 0.383153409 -0.0820740238
vn -0.922641754 0.381894976 -0.0537440479
vn -0.901685774 0.429327428 -0.0513883494
vn -0.905825853 0.422023982 -0.037084572
vn -0.987831891 0.155191287 -0.0101912012
vn -0.989449203 0.144840896 -0.00336801703
vn -0.98431772 -0.17586565 0.0137825077
vn -0.989100218 -0.14724116 -0.000870465301
vn -0.917815149 -0.39691779 -0.00846226793
vn -0.947634101 -0.315710962 -0.0481270067
vn -0.86991334 -0.487469733 -0.0749937594
vn -0.915306687 -0.382438779 -0.126310304
vn -0.846210957 -0.506348014 -0.16594778
vn -0.892287731 -0.394155383 -0.220145658
vn -0.829869747 -0.488409132 -0.269764155
vn -0.872297525 -0.363036841 -0.32756871
vn -0.813246489 -0.434205145 -0.387422323
vn -0.851118743 -0.255264968 -0.458733767
vn -0.793181419 -0.298100233 -0.531036258
vn -0.803814232 -0.107722804 -0.585045755
vn -0.742019057 -0.122343302 -0.6591205
vn -0.737395465 -0.022601638 -0.675083041
vn -0.673121274 -0.0249860846 -0.739109933
vn -0.670854867 0.0121186497 -0.741489649
vn -0.712700069 -0.0135256033 -0.70133847
vn -0.330717176 0.769345522 -0.546565294
vn -0.415548623 0.798116326 -0.436267823
vn -0.351071358 0.661882579 -0.662314415
vn -0.412661821 0.697912931 -0.585344136
vn -0.387350321 0.65117228 -0.652636468
vn -0.610254884 0.554797888 -0.565498292
vn -0.6151824 0.560778201 -0.554146588
vn -0.802835405 0.420435607 -0.422716498
vn -0.793910801 0.411047101 -0.448046774
vn -0.903791487 0.288049638 -0.316525429
vn -0.897809267 0.281225473 -0.338896424
vn -0.967914581 0.160845086 -0.19305484
vn -0.81716013 0.324446559 -0.476428151
vn -0.641656101 0.431212813 -0.634297192
vn -0.646206737 0.435524285 -0.626686096
vn -0.429071069 0.516176701 -0.741255462
vn -0.436512411 0.525563121 -0.730233073
vn -0.266671062 0.564417124 -0.781229734
vn -0.277262092 0.583896935 -0.76301384
vn -0.154536933 0.60186094 -0.783506095
vn -0.171656415 0.655693591 -0.735255063
vn -0.147408858 0.630651653 -0.761937737
vn -0.17607367 0.744831622 -0.643602312
vn -0.134888023 0.705583453 -0.695670366
vn -0.0247035306 0.302401662 -0.952860415
vn -0.0319775604 0.322257847 -0.946111679
vn -0.0900205448 0.321135759 -0.94274497
vn -0.0754079521 0.366431803 -0.927384138
vn -0.164453641 0.362567872 -0.917332828
vn -0.155382261 0.397173196 -0.904494226
vn -0.277745247 0.386399776 -0.879518509
vn -0.269328505 0.428667873 -0.862383902
vn -0.437306464 0.400553375 -0.805183232
vn -0.430529684 0.449530721 -0.782666147
vn -0.598894894 0.399141401 -0.694270134
vn -0.648641288 0.321693152 -0.689766645
vn -0.214932784 0.73888737 -0.638630807
vn -0.279765308 0.78279084 -0.555850625
vn -0.232249662 0.646768093 -0.726464808
vn -0.273249716 0.681033731 -0.679358244
vn -0.251688391 0.629470766 -0.735132277
vn -0.41893214 0.58793509 -0.691974103
vn -0.416308254 0.584071219 -0.696812928
vn -0.635228276 0.49355641 -0.594043016
vn -0.635200799 0.493527353 -0.594096541
vn -0.814304113 0.369834065 -0.447360665
vn -0.80173564 0.357984304 -0.478609651
vn -0.90683943 0.25278756 -0.337254584
vn -0.996670187 0.0559989288 -0.059267927
vn -0.964465857 0.179980651 -0.193423182
vn -0.965977311 0.182898864 -0.182854638
vn -0.891354501 0.323914707 -0.317122042
vn -0.895239115 0.328866333 -0.300655723
vn -0.774530053 0.472467661 -0.420568079
vn -0.780061781 0.478967786 -0.402608395
vn -0.574795425 0.634444177 -0.516808331
vn -0.598254561 0.668872595 -0.441249311
vn -0.524455905 0.650512695 -0.549344361
vn -0.588818312 0.751893044 -0.296563357
vn -0.500635862 0.759371459 -0.415594399
vn -0.532921314 0.797498703 -0.282826185
vn -0.38213104 0.870207071 -0.310991257
vn -0.322299778 0.851495147 -0.413616836
vn -0.257314503 0.868839741 -0.422973663
vn -0.206501946 0.827712536 -0.521774709
vn -0.161098346 0.834624112 -0.526735187
vn -0.126673207 0.787930369 -0.602594137
vn -0.128278717 0.787774742 -0.602457941
vn -0.0746445879 0.855998576 -0.511560977
vn -0.0899845511 0.937553763 -0.335999578
vn -0.0760663897 0.938572526 -0.336594075
vn -0.117657475 0.976494014 -0.180599362
vn -0.116838433 0.976587176 -0.180627555
vn -0.223671287 0.973813117 0.0407322682
vn -0.249928951 0.967418015 0.0404702984
vn -0.406953782 0.865278244 0.292715132
vn -0.45839873 0.842379093 0.283316106
vn -0.606117785 0.61553663 0.503722072
vn -0.667435348 0.578825533 0.468498707
vn -0.746331036 0.260271013 0.61257571
vn -0.799723506 0.238916531 0.550782382
vn -0.803154707 0.0114749428 0.595659971
vn -0.814684868 0.0194388572 0.579578042
vn -0.996292472 0.0626506507 -0.0589593723
vn -0.996208191 0.06207183 -0.0609620064
vn -0.995690465 0.0703718886 -0.0604007617
vn -0.995425105 0.0686129481 -0.0664911121
vn -0.994607091 0.0805157274 -0.0653751045
vn -0.99432373 0.0789117143 -0.0713673458
vn -0.992653489 0.098996453 -0.0695610493
vn -0.993083715 0.100894131 -0.0600425974
vn -0.991735816 0.116259933 -0.0542562976
vn -0.992443681 0.119424649 -0.0281655863
vn -0.990392685 0.13607417 -0.0246212613
vn -0.990812421 0.134872869 -0.0100049758
vn -0.988820016 0.148812607 -0.00947304815
vn -0.988869786 0.148511112 -0.00900069531
vn -0.983871162 -0.177665114 0.0208011642
vn -0.986404002 -0.163924992 0.0116488235
vn -0.897771239 -0.439783067 0.0244470537
vn -0.924038291 -0.382152498 -0.0106168147
vn -0.820463598 -0.57142818 -0.0175888129
vn -0.876686275 -0.474951357 -0.0764358044
vn -0.787256837 -0.608742058 -0.0982841775
vn -0.852711737 -0.494960338 -0.167023689
vn -0.776596904 -0.597177386 -0.200689778
vn -0.83659786 -0.476194352 -0.270819038
vn -0.767913461 -0.557714462 -0.315061122
vn -0.820171297 -0.42025739 -0.388204515
vn -0.754393101 -0.483800799 -0.443652779
vn -0.79831171 -0.28619796 -0.529895365
vn -0.732698083 -0.324894667 -0.597994089
vn -0.743817091 -0.118870415 -0.657727897
vn -0.674746335 -0.131944746 -0.726159751
vn -0.67004478 -0.0282422975 -0.741783202
vn -0.599648535 -0.0306168105 -0.799677551
vn -0.597454965 0.00871444959 -0.801855087
vn -0.579401612 0.0085908249 -0.814996898
vn -0.059742149 -0.996631861 0.0561767742
vn -0.0598584861 -0.997301996 0.0424928926
vn -0.0585813113 -0.997377753 0.0424958095
vn -0.0585296974 -0.997001767 0.0506138317
vn -0.0309734866 -0.999484718 0.00842057168
vn -0.042567499 -0.999093056 -0.00105385412
vn -0.042567499 -0.999093056 -0.00105382653
vn -0.0204112809 -0.414517283 -0.90981251
vn -0.0723490492 -0.618024528 -0.782822609
vn -0.151685983 -0.612418771 -0.775844455
vn -0.119954333 -0.812087059 -0.571074069
vn -0.213543981 -0.799046934 -0.562070251
vn -0.169387206 -0.915290415 -0.365446895
vn -0.244836345 -0.900419414 -0.359583199
vn -0.207350194 -0.949963212 -0.233614624
vn -0.235335961 -0.953471601 -0.188438103
vn -0.188473269 -0.969536245 -0.156452253
vn -0.160154909 -0.985336423 -0.0588431768
vn -0.162543848 -0.984899819 -0.0595971756
vn -0.140931144 -0.989699185 0.025178194
vn -0.142385259 -0.989500642 0.0247974861
vn -0.134822085 -0.988907456 0.0623299107
vn -0.136893123 -0.9886415 0.0620345026
vn -0.138468459 -0.98946768 0.0421920344
vn -0.138904989 -0.989410758 0.0420926586
vn -0.13933824 -0.99021554 0.00762206595
vn -0.0971111581 -0.995242715 0.00783714652
vn -0.0970062762 -0.995265841 -0.00597123196
vn -0.0401335768 -0.999177277 -0.00583633455
vn -0.0613232888 -0.997802913 -0.0250750501
vn -0.0304787811 0.379144847 -0.924835265
vn -0.0249851737 0.302802265 -0.952725828
vn -0.0801321864 0.30185765 -0.949979365
vn -0.0891969502 0.320481151 -0.943045974
vn -0.159720942 0.317660928 -0.934655428
vn -0.154319882 0.345943004 -0.925477624
vn -0.272685409 0.336965114 -0.901164353
vn -0.268186092 0.373875856 -0.887858689
vn -0.432778925 0.350101829 -0.830741286
vn -0.430607408 0.3935256 -0.812228322
vn -0.595618248 0.350643367 -0.722694993
vn -0.57678926 0.379157484 -0.723570168
vn -0.708144546 0.328182667 -0.625161946
vn -0.692098081 0.357356548 -0.627133608
vn -0.816633999 0.286413103 -0.501075268
vn -0.804988801 0.314011097 -0.50337863
vn -0.907298744 0.223519638 -0.356157273
vn -0.900695205 0.246505201 -0.357747644
vn -0.96860677 0.142498836 -0.203703195
vn -0.966151416 0.157852694 -0.204043984
vn -0.996943116 0.0502240509 -0.0598499328
vn -0.996657729 0.0559193753 -0.0595518276
vn -0.996788323 -0.047307387 0.0646142066
vn -0.996577263 -0.0522865094 0.064030163
vn -0.972580969 -0.154757947 0.173598051
vn -0.970170379 -0.172341466 0.170492977
vn -0.927998245 -0.267247796 0.259610981
vn -0.920846879 -0.297829896 0.251671046
vn -0.868868768 -0.379377812 0.318024427
vn -0.854915321 -0.421287298 0.302715659
vn -0.80076158 -0.487179607 0.348478019
vn -0.778919756 -0.537035108 0.323847681
vn -0.727687538 -0.587836921 0.353438288
vn -0.698018312 -0.641217649 0.318763882
vn -0.608014643 -0.711467326 0.352324277
vn -0.621946156 -0.751831055 0.218936324
vn -0.491642118 -0.836002827 0.24369514
vn -0.494721234 -0.854423583 0.158780426
vn -0.456613451 -0.880850434 0.124926746
vn -0.454738557 -0.889388025 0.0469232127
vn -0.464011103 -0.883772016 0.0603387989
vn -0.462057889 -0.886625469 0.0199444909
vn -0.354052126 -0.934925973 0.023674557
vn -0.290695518 -0.956690431 -0.0154759707
vn -0.292605877 -0.955060065 0.0473501794
vn -0.27798 -0.959398091 0.0477752164
vn -0.278290391 -0.956358969 0.0890615955
vn -0.279864579 -0.955903172 0.0890224501
vn -0.279833168 -0.956350982 0.0841792077
vn -0.275498122 -0.957603276 0.084241949
vn -0.275739998 -0.956161737 0.0986009315
vn -0.294259101 -0.953351498 0.0673234537
vn -0.392492443 -0.917382002 0.0660298392
vn -0.418872356 -0.901596963 0.108022697
vn -0.476443142 -0.872845531 0.105558656
vn -0.502949297 -0.851424754 0.148721039
vn -0.556847811 -0.818025172 0.144067213
vn -0.581347644 -0.792276025 0.185293287
vn -0.632674336 -0.753751099 0.177714586
vn -0.653679013 -0.725713253 0.214578778
vn -0.703217387 -0.681315005 0.203212127
vn -0.71998924 -0.653272152 0.234202981
vn -0.768051445 -0.602116764 0.218064934
vn -0.780511081 -0.576157033 0.24258101
vn -0.826816082 -0.517392933 0.220634818
vn -0.835354507 -0.495122612 0.238823086
vn -0.878949344 -0.428133667 0.210118115
vn -0.884239078 -0.410543412 0.222655281
vn -0.923501313 -0.335185021 0.186537772
vn -0.926339567 -0.322652847 0.194397002
vn -0.962882459 -0.22788471 0.144658059
vn -0.962551355 -0.235583141 0.134147331
vn -0.985425711 -0.142406359 0.0930406079
vn -0.985456228 -0.140673831 0.0953249186
vn -0.997690797 -0.0450831726 0.0507995002
vn -0.997685552 -0.0448221229 0.0511321016
vn -0.99872905 0.050139498 0.00512870355
vn -0.998413444 0.0525919013 0.0201164633
vn -0.998436809 0.0522493124 0.0198489148
vn -0.998575568 0.0515044741 0.0139327571
vn -0.998577356 0.0514771529 0.0139058381
vn -0.998747766 0.0499026701 -0.00355652091
vn -0.99544698 0.0952752754 0.00282411091
vn 0 0 1
vn 9.25467775e-16 -2.03710616e-16 1
vn 1.28394006e-15 0 1
vn 1.06430399e-15 1.24813534e-16 1
vn 1.2372102e-15 2.72330225e-16 1
vn 1.01291556e-15 3.49280389e-16 1
vn 6.63638985e-16 -8.97575006e-17 1
vn 4.3975254e-18 8.50839881e-18 1
vn 3.85102577e-16 7.45102326e-16 1
vn 7.56347906e-16 7.56347906e-16 1
vn 8.14576921e-16 9.58993762e-16 1
vn 5.77561591e-16 9.10039917e-16 1
vn 5.94653181e-16 1.12163552e-15 1
vn 3.60556594e-16 1.03041219e-15 1
vn 3.37962228e-16 1.21722954e-15 1
vn 1.17594577e-16 1.08713015e-15 1
vn 6.71214318e-17 1.23798302e-15 1
vn -1.21967345e-16 1.08249148e-15 1
vn -1.99249704e-16 1.21536935e-15 1
vn -3.62212041e-16 1.03514319e-15 1
vn -4.5246536e-16 1.13560288e-15 1
vn -5.8494936e-16 9.40084493e-16 1
vn -6.89223615e-16 1.01652848e-15 1
vn -7.98371063e-16 7.98371063e-16 1
vn -8.83575801e-16 8.36967655e-16 1
vn -9.66756502e-16 6.01708489e-16 1
vn 8.36604714e-17 3.69939284e-16 1
vn -1.15588107e-15 9.45307629e-18 1
vn -1.14271913e-15 1.28753362e-16 1
vn -1.15701429e-15 1.25832501e-16 1
vn -1.15701429e-15 -1.30364035e-16 1
vn -1.14320702e-15 -1.24330871e-16 1
vn -1.11392128e-15 -3.89777643e-16 1
vn -7.98530583e-17 3.53103234e-16 1
vn -1.13761581e-18 5.03043768e-18 1
vn -8.50065802e-16 -9.31743548e-16 1
vn -8.69604046e-16 -8.764837e-16 1
vn -8.02199599e-16 -7.59884004e-16 1
vn -6.60797825e-16 -1.04250962e-15 1
vn -6.19137462e-16 -9.13159221e-16 1
vn -4.21558081e-16 -1.2047446e-15 1
vn -4.02256794e-16 -1.00958884e-15 1
vn -1.4136702e-16 -1.29811664e-15 1
vn -3.21571956e-16 2.64435216e-16 1
vn -5.39531574e-18 4.43667875e-18 1
vn 4.29574136e-16 -1.27131482e-15 1
vn 4.48829841e-16 -1.28268285e-15 1
vn -4.15513495e-16 1.50456702e-16 1
vn 1.71450338e-17 -1.81426417e-17 1
vn 9.28497294e-16 -9.82523173e-16 1
vn 9.96586567e-16 -9.96586567e-16 1
vn 6.39439889e-16 -7.5280662e-16 1
vn 1.22637972e-15 -7.70585947e-16 1
vn -4.97509143e-16 -7.41582308e-17 1
vn -1.03289133e-17 -1.53961794e-18 1
vn 1.36854107e-15 -2.3636502e-16 1
vn 1.54883246e-15 -1.74511286e-16 1
vn -0.906289518 -0.0664107054 -0.417407423
vn 0.086203903 -0.0683495104 -0.993930221
vn 0.8125301 -0.0752236918 -0.578045189
vn 0.906289399 -0.0664119944 0.417407393
vn -0.0862062126 -0.0683464408 0.993930221
vn -0.812529981 -0.0752254725 0.57804507
vn -0.996284664 0 0.0861212462
vn -0.993869543 0.0362134576 0.104459859
vn -0.993561447 0.0738858432 0.0858868584
vn -0.964715779 -0.045361802 0.259356409
vn -0.964713931 -0.0453626961 0.259363204
vn -0.964714885 -0.0453626961 0.259359568
vn -0.950063944 0.0456767678 0.308694214
vn -0.953438699 0.158905655 0.256327242
vn -0.902073622 -0.0684287623 0.426122814
vn -0.902073503 -0.0684289038 0.426123142
vn -0.902073026 -0.0684289038 0.426124156
vn -0.864760697 0.0540226288 0.499269903
vn -0.874935746 0.252323627 0.413304061
vn -0.812531888 -0.0752234086 0.578042686
vn -0.812531769 -0.0752254725 0.578042626
vn -0.81253171 -0.0752253234 0.578042746
vn -0.739845991 0.0941167176 0.666160643
vn -0.699955165 -0.0588840321 0.711755157
vn -0.699956119 -0.0588827841 0.711754382
vn -0.699955761 -0.0588827841 0.71175468
vn -0.586479247 0.0666305423 0.807218969
vn -0.567445636 -0.0118988911 0.823324859
vn -0.567446232 -0.0118979774 0.823324502
vn -0.567439079 -0.0118979774 0.823329449
vn -0.417999685 0.0135036781 0.908346772
vn -0.406655937 0.0198893081 0.913364887
vn -0.417206347 0.0630908459 0.906619251
vn -0.417204708 0.0630877987 0.906620204
vn -0.25635618 -0.0375430696 0.965852976
vn -0.256362557 -0.0375430696 0.965851307
vn -0.207843438 -0.0256300978 0.977826238
vn -0.253208816 0.160579145 0.953991413
vn -0.253209442 0.160580412 0.953991055
vn -0.0861519054 -0.0683464408 0.993934929
vn -0.0862051919 -0.0683488548 0.993930101
vn -5.89231991e-41 0.104423255 0.994532943
vn 0.0857618153 -0.0674500838 0.99402988
vn 0.0857488438 -0.0674494952 0.994031012
vn 0.0857610554 -0.0674494952 0.994029999
vn 0.255847394 0.162760258 0.952917218
vn 0.207459688 0.0659074634 0.976020813
vn 0.259022027 -0.0467084534 0.964741349
vn 0.259021401 -0.0467083007 0.964741528
vn 0.259025931 -0.0467083007 0.964740336
vn 0.42544806 0.0802581161 0.901416957
vn 0.406334996 0.0444159955 0.912644029
vn 0.426811844 -0.00803015381 0.904304802
vn 0.42680952 -0.00802881364 0.904305935
vn 0.426812172 -0.00802881364 0.904304624
vn 0.579397976 0.00898135733 0.814995289
vn 0.587634206 0.0226818118 0.808808744
vn 0.578688443 0.0501979552 0.814002395
vn 0.578691602 0.0501948074 0.814000309
vn 0.712120354 -0.0425563306 0.700766385
vn 0.712119579 -0.0425563306 0.700767219
vn 0.74314338 0.00188558956 0.66912961
vn 0.706362247 0.13374044 0.695101321
vn 0.821345866 -0.067054458 0.566475689
vn 0.821347296 -0.067054458 0.566473544
vn 0.865951836 -0.0130301714 0.499957621
vn 0.797921777 0.245908499 0.550317943
vn 0.906291008 -0.0664191991 0.417402774
vn 0.906290352 -0.0664119944 0.417405367
vn 0.906289816 -0.0664124563 0.41740647
vn 0.946397364 0.0988635644 0.307502866
vn 0.965600014 -0.0419474319 0.256626338
vn 0.965600193 -0.041949477 0.256625205
vn 0.965601563 -0.041949477 0.256620109
vn 0.965599597 -0.0419504195 0.256627232
vn 0.992711306 0.0603145845 0.104338124
vn 0.99624598 -6.14964961e-07 0.0865673721
vn 0.99624598 0 0.086567685
vn 0.996284664 0 -0.0861213803
vn 0.993869603 0.0362131335 -0.104459859
vn 0.993561447 0.0738855824 -0.0858868584
vn 0.964715779 -0.0453626066 -0.259356409
vn 0.964713871 -0.0453635007 -0.259363204
vn 0.964715004 -0.0453635007 -0.259359121
vn 0.950063884 0.0456771925 -0.308694452
vn 0.95343864 0.158904612 -0.256328076
vn 0.902073622 -0.0684287623 -0.426122814
vn 0.902075112 -0.0684275851 -0.426119953
vn 0.902072728 -0.0684275851 -0.42612499
vn 0.864760518 0.0540232025 -0.499270231
vn 0.874935448 0.25232482 -0.413303941
vn 0.812532008 -0.075221628 -0.578042746
vn 0.812532783 -0.0752236918 -0.578041434
vn 0.812531948 -0.0752217546 -0.578042865
vn 0.739846468 0.0941193029 -0.666159689
vn 0.699953973 -0.0588876829 -0.711756051
vn 0.699956 -0.0588849857 -0.711754262
vn 0.69995755 -0.0588849857 -0.711752772
vn 0.58647871 0.0666310638 -0.807219326
vn 0.567444503 -0.0119007491 -0.823325634
vn 0.567446232 -0.0118979774 -0.823324502
vn 0.567439079 -0.0118979774 -0.823329449
vn 0.418006659 0.0135025503 -0.908343613
vn 0.406656563 0.019891778 -0.91336453
vn 0.417205095 0.0630855858 -0.906620145
vn 0.417204797 0.0630849972 -0.906620324
vn 0.25635615 -0.0375460647 -0.965852916
vn 0.256362528 -0.0375460647 -0.965851188
vn 0.207843423 -0.0256331321 -0.977826178
vn 0.253210217 0.160581991 -0.953990579
vn 0.253209442 0.160580412 -0.953991055
vn 0.0861518905 -0.0683495104 -0.993934691
vn 0.0862067416 -0.0683519915 -0.993929803
vn -5.89231991e-41 0.104423255 -0.994532943
vn -0.0857618153 -0.0674500838 -0.99402988
vn -0.0857488438 -0.0674494952 -0.994031012
vn -0.0857610554 -0.0674494952 -0.994029999
vn -0.255852252 0.162767053 -0.952914715
vn -0.207459733 0.0659044459 -0.976021051
vn -0.259020507 -0.0467080809 -0.964741826
vn -0.259033531 -0.0467112884 -0.964738131
vn -0.259025872 -0.0467112884 -0.964740217
vn -0.425448149 0.0802553371 -0.901417196
vn -0.406335682 0.0444143191 -0.91264379
vn -0.426811844 -0.00803015381 -0.904304802
vn -0.426804602 -0.00802600663 -0.904308259
vn -0.426812172 -0.00802600663 -0.904304683
vn -0.579399645 0.00898408331 -0.814994097
vn -0.587633729 0.0226809792 -0.808809102
vn -0.578687251 0.0501990952 -0.81400311
vn -0.578691602 0.0501948074 -0.814000309
vn -0.712120354 -0.0425563306 -0.700766385
vn -0.712119579 -0.0425563306 -0.700767219
vn -0.743144035 0.00188663031 -0.669128835
vn -0.706361115 0.133746848 -0.695101261
vn -0.706714809 0.133249059 -0.694837272
vn -0.821346819 -0.0670527071 -0.566474497
vn -0.821345925 -0.0670527071 -0.566475749
vn -0.865951657 -0.0130273299 -0.499957979
vn -0.79792285 0.245906487 -0.550317287
vn -0.906289935 -0.0664127693 -0.417406112
vn -0.906293333 -0.0664107054 -0.417399049
vn -0.90628916 -0.0664141998 -0.417407572
vn -0.946397305 0.0988632292 -0.307503104
vn -0.965599954 -0.0419482291 -0.256626338
vn -0.965600073 -0.041949477 -0.256625652
vn -0.965601563 -0.041949477 -0.256620109
vn -0.965599597 -0.0419504195 -0.256627232
vn -0.992711306 0.0603145845 -0.104338124
vn -0.99624604 -1.26280213e-06 -0.0865671784
vn -0.99624598 0 -0.0865678191
vn 0 1 8.42594351e-35
vn -0.116260178 0.977275014 0.177248597
vn -0.124657758 0.962587655 0.240593895
vn -0.1463397 0.923840582 0.353699386
vn -0.225009724 0.972155809 -0.0654500797
vn -0.417429626 0.901634753 -0.113169171
vn -0.482630849 0.875629544 -0.0184475649
vn -0.659564793 0.72218138 0.208394632
vn -0.517221332 0.758521795 0.396392226
vn -0.31611681 0.821053207 0.475333393
vn -0.03568957 0.845558167 0.532689095
vn -0.106359087 0.845317066 0.523571193
vn -0.106360093 0.845316947 0.523571134
vn -0.248688325 0.834155917 0.492278367
vn -0.175216496 0.849922597 0.496921331
vn -0.412494272 0.803856194 0.428559959
vn -0.412502855 0.803852618 0.428558499
vn -0.46911487 0.784503698 0.405567735
vn -0.452591777 0.831330001 0.322569519
vn -0.450330615 0.790778935 0.414573342
vn -0.601863801 0.74296844 0.292844534
vn -0.593915343 0.733098984 0.331406802
vn -0.546007514 0.764892817 0.341781825
vn -0.484878361 0.839845598 0.244033501
vn -0.531242013 0.782460153 0.324866235
vn -0.587164044 0.777231812 0.226161778
vn -0.586571395 0.778133988 0.224591926
vn -0.584673524 0.779482722 0.22486344
vn -0.659566998 0.722178698 0.208397076
vn -0.591563523 0.80069977 0.0945120826
vn -0.591565728 0.800697863 0.0945143923
vn -0.608208895 0.782252371 0.134770826
vn -0.515087605 0.857042372 0.012773307
vn -0.535185933 0.844047368 0.0340599082
vn -0.374461889 0.926143706 -0.0451238155
vn -0.39471814 0.91802603 -0.0377599895
vn -0.409473568 0.911783338 -0.0313460641
vn -0.442069203 0.89608413 -0.0401005484
vn -0.442076564 0.896080494 -0.0401003025
vn -0.417427689 0.901635647 -0.113169439
vn -0.324328542 0.944638252 -0.0496953391
vn -0.305689722 0.950098693 -0.0621790178
vn -0.225009739 0.972155809 -0.0654500797
vn -0.256486446 0.964655101 -0.0604584701
vn -0.251657754 0.965774119 -0.0628390461
vn -0.282858044 0.957049191 -0.0636248812
vn -0.282862395 0.957047939 -0.0636247993
vn -0.167397127 0.983768284 -0.0646384507
vn -0.167397246 0.983768284 -0.0646384433
vn -0.111725062 0.991609931 -0.0650175735
vn -0.111724794 0.991609931 -0.065017581
vn -0.0469273403 0.996816099 -0.0644634068
vn -0.0469400994 0.996815503 -0.064463377
vn -0.0764771625 0.995052099 -0.0634235591
vn -0.0156027609 0.997824907 -0.0640468448
vn -0.159856141 0.985928774 -0.0488925278
vn -0.189062119 0.979912043 -0.0634656921
vn -0.191381961 0.979501069 -0.0628535151
vn -0.195671931 0.979563475 -0.0465608165
vn -0.257580578 0.965170264 -0.045810163
vn -0.254213214 0.966005027 -0.0470099486
vn -0.326009214 0.944253683 -0.0458588414
vn -0.320997953 0.945884883 -0.0475611463
vn -0.452171177 0.890815616 -0.0445959829
vn -0.330302 0.942629695 -0.0484758317
vn -0.208015397 0.978118479 0.00372244837
vn -0.148695678 0.988876641 0.00354193943
vn -0.137019441 0.989509583 -0.0457869098
vn -0.0825198516 0.995522738 -0.0460976958
vn -0.0807010531 0.9947505 -0.0629184842
vn -0.0919061229 0.99391216 -0.0607610084
vn -0.088079147 0.996101737 0.00483775605
vn -0.024658259 0.999625325 -0.0118822241
vn -0.143821567 0.987668455 -0.0618575625
vn -0.134755969 0.988782525 -0.0644203424
vn -0.138098747 0.989336789 -0.0462757908
vn -0.193977565 0.979936779 -0.0457889922
vn -0.210198328 0.977655828 0.00240044622
vn -0.27621305 0.961092651 0.00269260886
vn -0.271484911 0.962442338 0.000804120267
vn -0.348273516 0.937392056 0.00128616323
vn -0.341369689 0.939928234 -0.00130145822
vn -0.430512935 0.902584255 -0.000508671044
vn -0.420501292 0.907283008 -0.00402695639
vn -0.494029939 0.869439363 -0.00310162781
vn -0.447088987 0.89446646 -0.00641521858
vn -0.147176281 0.989100337 0.00443143444
vn -0.0889927596 0.99602288 0.00431924965
vn -0.0819524005 0.995581388 -0.0458419286
vn -0.0230986178 0.998674214 -0.0460029915
vn -0.10026557 0.994886756 -0.0121328272
vn -0.0155521641 0.997878373 -0.0632211715
vn -0.0459621027 0.997205734 -0.0588911548
vn -0.0845820829 0.995191991 -0.0493834876
vn -0.0241169054 0.997644603 -0.0642153174
vn -0.0246122237 0.998470128 -0.0495144203
vn -0.100962967 0.994819939 -0.0118246917
vn -0.282371759 0.938925326 0.196686089
vn -0.167764306 0.854999959 0.490744561
vn -0.139201 0.927350104 0.347339779
vn -0.240237534 0.908435702 0.342097193
vn -0.208294198 0.948631763 0.238141447
vn -0.217414826 0.955559969 0.199087635
vn -0.0583487786 0.955259085 0.289957702
vn -0.176975384 0.977549613 0.114352643
vn -0.104900345 0.987805426 0.115049362
vn -0.106307149 0.98747009 0.116626166
vn -0.0330407917 0.992584944 0.116976023
vn -0.0866717994 0.978451967 0.18740277
vn -0.0867118761 0.978438318 0.187455297
vn -0.0268030949 0.994226336 0.10390155
vn -0.0581274442 0.955381811 0.28959766
vn -0.0317208357 0.981645226 0.188059628
vn -0.0309836455 0.983546019 0.177981183
vn -0.0377155021 0.981466949 0.187883288
vn -0.0378088765 0.981437027 0.188020825
vn -0.0607486516 0.863183916 0.501221657
vn -0.0454708673 0.913416088 0.404479176
vn -0.0412517376 0.933425486 0.356391877
vn -0.0868903026 0.911062658 0.403007269
vn -0.0872329921 0.910877287 0.403352112
vn -0.587645233 0.793985128 0.155758426
vn -0.597976506 0.787366033 0.14992936
vn -0.539196193 0.827802598 0.154952601
vn -0.535654604 0.828405201 0.163764879
vn -0.447667271 0.877851129 0.170209914
vn -0.443863839 0.878336072 0.177512422
vn -0.362153441 0.914113939 0.182320118
vn -0.358325362 0.914397299 0.188362718
vn -0.274650156 0.942143679 0.192178518
vn -0.332708418 0.884471297 0.327132523
vn -0.231100172 0.91344136 0.334988922
vn -0.276334077 0.832587004 0.480039954
vn -0.291804463 0.859314203 0.420034826
vn -0.568704844 0.777055085 0.269740999
vn -0.580369532 0.769884646 0.265422046
vn -0.511714101 0.813500464 0.276343286
vn -0.509156227 0.811162114 0.287708163
vn -0.420027941 0.856674075 0.299476266
vn -0.416597039 0.854709983 0.309705943
vn -0.321422577 0.891443193 0.31940037
vn -0.369295329 0.823554873 0.43055585
vn -0.369060397 0.822633743 0.432513773
vn -0.230818257 0.97101444 0.0620799251
vn -0.161982387 0.984814167 0.0624721833
vn -0.163647696 0.984442413 0.0639735386
vn -0.0971443579 0.993195415 0.0642324314
vn -0.0981112421 0.993035853 0.0652221739
vn -0.0244048666 0.997564018 0.0653485283
vn -0.0569641814 0.992960513 0.103848234
vn -0.0568988211 0.992972374 0.103770889
vn -0.023218235 0.998984694 0.038607683
vn -0.0212763585 0.999762237 0.00477296626
vn -0.0856715143 0.995580018 0.0384818465
vn -0.0856600106 0.99558121 0.0384758152
vn -0.0346200652 0.956426144 0.289914608
vn -0.0311862826 0.968868852 0.245602489
vn -0.127398103 0.961299121 0.244282052
vn -0.114286423 0.977944553 0.174822822
vn -0.193035081 0.965751171 0.173384324
vn -0.174710214 0.978212416 0.112146594
vn -0.246859699 0.962659061 0.111120649
vn -0.255970955 0.963170052 0.0823547319
vn -0.307369411 0.948078573 0.0816767961
vn -0.310899138 0.947208226 0.078347221
vn -0.384575397 0.919857979 0.0772209316
vn -0.388723761 0.918465018 0.0729097426
vn -0.470365524 0.879576683 0.0714222789
vn -0.475137115 0.877444506 0.0658472329
vn -0.542653561 0.837477207 0.0644904301
vn -0.547910094 0.83462888 0.0564724132
vn 0.418223649 0.908343911 -0.00052082818
vn 0.45118016 0.891515493 -0.0404548682
vn 0.234243751 0.970025539 -0.0646551922
vn 0.00843921117 0.997910857 -0.0640523881
vn 0.0238599423 0.997634649 -0.0644656643
vn 0.0683049932 0.996250391 -0.0531003103
vn 0.0840566233 0.995238006 -0.0493537635
vn 0.0336948112 0.997507513 -0.0619952343
vn 0.0336935073 0.997507572 -0.0619953983
vn 0.0979658812 0.993403137 -0.0596059114
vn 0.0709561706 0.995402753 -0.0643320978
vn 0.0709519982 0.995403051 -0.0643321723
vn 0.208583578 0.976295292 -0.0577956773
vn 0.224620774 0.973041117 -0.0523114577
vn 0.191438004 0.979492128 -0.0628226101
vn 0.158814698 0.985143125 -0.0653521493
vn 0.158815637 0.985143006 -0.0653521419
vn 0.263686121 0.962915659 -0.0571232811
vn 0.330260873 0.943036616 -0.0401214659
vn 0.319523335 0.946192741 -0.0512266196
vn 0.306156397 0.950013101 -0.0611831769
vn 0.386606693 0.918833494 -0.0792479813
vn 0.354782939 0.933775544 -0.0468217209
vn 0.384266317 0.922262609 -0.0420837551
vn 0.453665286 0.891147852 0.00657986524
vn 0.46575582 0.884646058 -0.0217447076
vn 0.465687484 0.884679854 -0.0218344647
vn 0.526204824 0.845783591 0.0880824998
vn 0.544445753 0.836401343 0.0633376688
vn 0.530634344 0.847189486 0.0264046043
vn 0.597144067 0.787631094 0.151842639
vn 0.652750611 0.727007866 0.213016838
vn 0.544762909 0.789880753 0.281641155
vn 0.582193732 0.774424493 0.247622967
vn 0.578789294 0.784299791 0.223331138
vn 0.603537619 0.765162706 0.224206194
vn 0.603529453 0.765168726 0.224207461
vn 0.490018487 0.775029063 0.399013549
vn 0.65992713 0.651975214 0.37339592
vn 0.51200372 0.805009305 0.299686879
vn 0.53259635 0.773691356 0.343136728
vn 0.515995324 0.770396352 0.374484003
vn 0.49001804 0.775029302 0.399013638
vn 0.4498173 0.809340417 0.377667189
vn 0.433943063 0.790899158 0.431476414
vn 0.286605239 0.832925797 0.473383605
vn 0.32826817 0.823423207 0.462832838
vn 0.368467569 0.820568562 0.436919779
vn 0.356986105 0.829985619 0.428584605
vn 0.433934748 0.790902913 0.431477934
vn 0.28659898 0.832927525 0.473384321
vn 0.268544376 0.845118046 0.462233067
vn 0.223750323 0.835111976 0.502517462
vn 0.107496336 0.850013733 0.515675485
vn 0.107503355 0.850013018 0.515675187
vn 0.168569744 0.847838163 0.502747118
vn 0.147857234 0.863861382 0.481540978
vn 0.223747939 0.835112453 0.5025177
vn 0.0133093093 0.846023381 0.532979608
vn 0.2840994 0.876684725 0.388215691
vn 0.530636847 0.847187817 0.0264073759
vn 0.471413404 0.881906569 -0.00319814659
vn 0.423094124 0.906077802 -0.00379094668
vn 0.397068918 0.916821599 -0.0421238691
vn 0.417135805 0.90848738 -0.0254631042
vn 0.38660571 0.918833733 -0.0792499334
vn 0.305481553 0.948456228 -0.0843314976
vn 0.321726084 0.945642292 -0.0474656522
vn 0.318397641 0.94684267 -0.0459550023
vn 0.343138039 0.939284265 -0.00117683632
vn 0.339338243 0.940663576 0.00126976077
vn 0.271045715 0.960373163 -0.0649434999
vn 0.248258099 0.966489196 -0.0653190687
vn 0.254586071 0.965909064 -0.046963647
vn 0.252172023 0.966594636 -0.0458706506
vn 0.272649705 0.962112963 0.00085675274
vn 0.269735545 0.962930739 0.00266303751
vn 0.188936338 0.979818881 -0.0652531907
vn 0.194013149 0.979929507 -0.0457932428
vn 0.191876322 0.980312765 -0.046586711
vn 0.208634466 0.977986693 0.00369575084
vn 0.205528691 0.978648186 0.00238154316
vn 0.0811826959 0.995631695 -0.0461184569
vn 0.0882601216 0.996086001 0.0047826455
vn 0.0871979818 0.996181846 0.0042704409
vn 0.0228620134 0.99899292 0.0386074036
vn 0.124635294 0.990114093 -0.0643438846
vn 0.0798271373 0.994730771 -0.0643300489
vn 0.081805937 0.995592475 -0.0458631665
vn 0.0244744141 0.998640597 -0.046021577
vn 0.0323657393 0.998247862 -0.0495349281
vn 0.0322951451 0.998251677 -0.0495034941
vn 0.024383802 0.999632061 -0.0118818125
vn 0.0251251068 0.999673188 0.0047225696
vn 0.0560071878 0.998356104 -0.0121750403
vn 0.055445984 0.998391151 -0.0118675046
vn 0.32222563 0.887982905 0.328111291
vn 0.235878512 0.9123227 0.334706753
vn 0.231416687 0.910538375 0.342587531
vn 0.143819585 0.926744759 0.347073615
vn 0.139257133 0.924893975 0.35380584
vn 0.173771486 0.97813046 0.114299141
vn 0.105072595 0.987798154 0.114954382
vn 0.113704748 0.977595091 0.177141488
vn 0.206384569 0.949060321 0.23809655
vn 0.125561222 0.962502897 0.240463197
vn 0.124243207 0.961735666 0.244188622
vn 0.0354051478 0.968769312 0.245422989
vn 0.061730504 0.980292737 0.187657803
vn 0.0375105403 0.981446564 0.188030735
vn 0.0368391015 0.983371973 0.177826896
vn 0.0313010365 0.981666744 0.188017651
vn 0.0312765241 0.981658876 0.188062832
vn 0.0595939234 0.8642959 0.499440879
vn 0.0540297069 0.859509289 0.508256435
vn 0.0449043214 0.913598716 0.404129863
vn 0.0449353866 0.913439035 0.404487252
vn 0.0616686642 0.980270267 0.18779555
vn 0.034144178 0.956440926 0.289922208
vn 0.0391965732 0.933583558 0.356209636
vn 0.0910094008 0.952916741 0.289252371
vn 0.0912892818 0.953002453 0.28888157
vn 0.602743626 0.783091545 0.153192103
vn 0.599848211 0.785889685 0.150198221
vn 0.523202538 0.837690234 0.156633869
vn 0.539656699 0.825822353 0.163670704
vn 0.434679627 0.88414681 0.171283498
vn 0.447517842 0.876507223 0.177377805
vn 0.351674855 0.918067217 0.182968169
vn 0.361626774 0.91313076 0.188197583
vn 0.277883768 0.941211998 0.192095324
vn 0.244530469 0.963255465 0.111102499
vn 0.174729943 0.978215218 0.112091362
vn 0.104233876 0.987703264 0.116522841
vn 0.114771456 0.977908254 0.174708381
vn 0.191264227 0.966115892 0.173314899
vn 0.215783656 0.955930173 0.199085295
vn 0.274189144 0.941285491 0.19698213
vn 0.326328665 0.889759719 0.319119483
vn 0.42105943 0.852682352 0.309259981
vn 0.407605499 0.862079382 0.301125944
vn 0.513426542 0.8086133 0.287293822
vn 0.497520357 0.821433723 0.278783321
vn 0.580196023 0.769857466 0.26587972
vn 0.659925282 0.651976764 0.373396397
vn 0.16093038 0.984894037 0.0639147982
vn 0.0970626846 0.99320811 0.0641597584
vn 0.0964358151 0.993205547 0.0651376843
vn 0.0243614558 0.997570992 0.0652583763
vn 0.043861188 0.998292208 0.0385863632
vn 0.0438652672 0.998292208 0.0385807604
vn 0.026447542 0.994235754 0.103903025
vn 0.0272398368 0.992775142 0.116856754
vn 0.035408631 0.993951797 0.103952028
vn 0.0354580618 0.993958235 0.103873618
vn 0.602187276 0.789963484 0.115448043
vn 0.552221656 0.831195116 0.0645440221
vn 0.460475206 0.885185599 0.0664010569
vn 0.473661125 0.877800345 0.0714964718
vn 0.377651751 0.923047006 0.0732354373
vn 0.387167811 0.918769121 0.0772292167
vn 0.302547246 0.949895024 0.0785150379
vn 0.309408516 0.947418451 0.0816372037
vn 0.253916293 0.963711977 0.0823754743
vn 0.228631794 0.971533537 0.0620494187
vn 0.161743537 0.984856129 0.0624291189
vn 0.145582005 0.989339948 0.00350558455
vn 0.147534102 0.989047229 0.00438586809
vn 0.135651305 0.98967433 -0.0462978706
vn 0.136922702 0.989522278 -0.0458026826
vn 0.133833662 0.989015341 -0.0627469569
vn 0.124641784 0.990113258 -0.0643438324
vn 0.999890029 0.00127989054 0.0147763779
vn 0.770772815 0.00124722184 0.637108862
vn 0.743093431 0.00674838014 -0.669153631
vn 0.674913406 -0.0212673638 -0.737590432
vn 0.697373927 -0.0129110599 -0.716591179
vn 0.697352886 -0.0129172951 -0.716611564
vn 0.714087367 -0.00797345303 -0.700011134
vn 0.728325486 -0.0044502411 -0.685216904
vn 0.75550139 0 -0.655147016
vn 0.728281319 0.0163914487 -0.685082257
vn 0.728275537 0.0163952801 -0.685088277
vn 0.712678671 0.0299608819 -0.700850546
vn 0.712677062 0.0299623441 -0.700852096
vn 0.692499995 0.0550651066 -0.719313264
vn 0.783354998 -0.0778035894 -0.616685987
vn 0.681392729 0.0358245112 -0.731040716
vn 0.722253561 -0.0293970741 -0.691003323
vn 0.65118897 0.00802479032 -0.758873224
vn 0.545405328 -0.00859684963 -0.838128328
vn 0.588762164 -0.00120027724 -0.808305442
vn 0.588765562 -0.00119993405 -0.808302939
vn 0.628600419 0.000534252147 -0.77772826
vn 0.628613293 0.000534317805 -0.777717829
vn 0.707106888 0.000531311322 -0.707106471
vn 0.643833756 -0.0357256196 -0.764330924
vn 0.674917638 -0.0212653894 -0.737586558
vn 0.45782274 -0.0338660181 -0.88839823
vn 0.53202641 0.00466641644 -0.846714914
vn 0.458077818 0.00468339073 -0.888899744
vn 0.330267549 -0.00831883773 -0.943850696
vn 0.297404438 0.00415985379 -0.954742551
vn 0.297400624 0.00415985379 -0.954743743
vn 0.111963198 -0.00469684787 -0.993701279
vn 0.100488588 5.32872861e-17 -0.994938195
vn -0.100488588 -5.50212618e-17 -0.994938195
vn -0.111963198 -0.00469684787 -0.993701279
vn -0.297400624 0.00415985379 -0.954743743
vn -0.297404438 0.00415985379 -0.954742551
vn -0.330267549 -0.00831883773 -0.943850696
vn -0.458077818 0.00468339073 -0.888899744
vn -0.633081555 0.000346739835 -0.774084985
vn -0.594647169 -0.00061920454 -0.803986549
vn -0.594651818 -0.000618740509 -0.803983092
vn -0.552651525 -0.0070448597 -0.833382666
vn -0.531989157 -0.0127218962 -0.846655607
vn -0.526183188 -0.011198746 -0.850297511
vn -0.4580805 0.00468339073 -0.888898373
vn -0.714178801 0.0286865383 -0.699375212
vn -0.629065514 0.00672252942 -0.777323246
vn -0.629344702 0.00657752436 -0.777098417
vn -0.703699768 -0.0122697707 -0.710391521
vn -0.741593122 -0.0641100705 -0.667779565
vn -0.680958569 0.0333117358 -0.731563866
vn -0.781353772 -0.0743264556 -0.619646549
vn -0.693205118 0.054177817 -0.718701184
vn -0.714172006 0.0286927968 -0.699381888
vn -0.730091453 0.0153094102 -0.683177948
vn -0.730097532 0.0153053068 -0.683171511
vn -0.744796634 0.00603865646 -0.667264163
vn -0.730083883 -0.00403462676 -0.683345616
vn -0.714703679 -0.00779976323 -0.699383914
vn -0.714690387 -0.00780301401 -0.699397385
vn -0.698165476 -0.0126671391 -0.715824306
vn -0.698184311 -0.0126615735 -0.715806127
vn -0.676928043 -0.0204653777 -0.735764623
vn -0.676918745 -0.0204687789 -0.735773087
vn -0.707093835 -0.00610612007 -0.707093418
vn -0.633075953 0.000346848508 -0.774089634
vn -0.633107841 0.000346848508 -0.774063528
vn -0.267139703 -0.148064241 -0.952214956
vn -0.33585906 0.0283724237 -0.941484869
vn -0.33086738 0.0419752002 -0.942743242
vn -0.422662467 -0.0552078895 -0.904604077
vn -0.409920663 0.0149168056 -0.911999226
vn -0.409922898 0.0149161918 -0.911998212
vn -0.429414868 0.0149249099 -0.902984023
vn -0.415519476 0.0297681708 -0.909097016
vn -0.48623997 -0.0180302765 -0.873639286
vn -0.482323706 -0.0120398235 -0.875910342
vn -0.54435873 -0.0129538719 -0.838752508
vn -0.50896132 0.049102813 -0.859387755
vn -0.620385587 -0.0666714534 -0.78145802
vn -0.57649219 0.0169013068 -0.81692785
vn -0.629421234 0.00672252895 -0.777035177
vn -0.846723139 0.00137226016 -0.532032013
vn -0.89710784 -0.0227770302 -0.441224188
vn -0.75587821 0 -0.65471226
vn -0.753549933 0.00125313189 -0.657389462
vn -0.789822876 0.00125516497 -0.613333762
vn -0.848177254 -0.00541297439 -0.529684842
vn -0.943882525 0.00136186788 -0.330278605
vn -0.9724226 -0.0230473727 -0.2320842
vn -0.944365919 -0.00542707322 -0.328851908
vn -0.92326808 -0.00151910435 -0.384153336
vn -0.898647964 0.00138010934 -0.438668311
vn -0.993711233 0.00139002432 -0.111964278
vn -0.99968189 -0.0248624384 -0.00424550287
vn -0.997696102 -0.0133914305 -0.0665071309
vn -0.991617441 -0.00341397896 -0.129163489
vn -0.973232985 0.00136934652 -0.229816705
vn -0.980065167 0.00108903006 0.198673427
vn -0.980065048 0.00108903006 0.198673964
vn -0.993693471 -0.00614685891 0.111962274
vn -0.995148003 -0.0039031019 0.0983118936
vn -0.999995589 0.00139841344 -0.0026274058
vn -0.905307591 0.00132525305 0.424754471
vn -0.943869472 -0.00541166589 0.330274343
vn -0.94326055 -0.00574038271 0.332003802
vn -0.963918149 -0.000922976178 0.266197145
vn -0.78472805 0.00139831367 0.619838655
vn -0.822923779 -0.0024664111 0.568146467
vn -0.846707046 -0.00631034514 0.53202188
vn -0.857633412 -0.00311781769 0.514252126
vn -0.905308366 0.00132525305 0.424752891
vn -0.784731686 0.00139831367 0.619834065
vn -0.707100093 -0.00442408025 0.707099676
vn -0.716543734 -0.00697029894 0.697507322
vn -0.451570153 0.00115258107 0.892234862
vn -0.540048122 -0.00631270185 0.841610491
vn -0.590618551 -0.0173949879 0.806763351
vn -0.532029927 -0.00292100594 0.846720517
vn -0.64152962 0.00112296105 0.767097414
vn -0.641536713 0.00112296105 0.767091513
vn -0.330273479 -0.00614404865 0.943865299
vn -0.357345194 -0.00218940689 0.933969796
vn -0.451572239 0.00115258107 0.892233789
vn -0.0513129905 -2.47926039e-07 0.998682618
vn -0.152723819 -0.0105599416 0.988212466
vn -0.111964203 -0.00205070106 0.993710101
vn -0.256415695 0.000899991544 0.966566205
vn -0.256411403 0.000899991544 0.966567338
vn 0.222375065 0.00131621549 0.974960327
vn 0.222366557 0.00131621549 0.974962234
vn 0.156090006 -0.00217884197 0.987740457
vn 0.0890672132 -0.00790937338 0.99599421
vn 0.111963712 -0.0035930234 0.993705809
vn 0.0191444233 9.24990147e-08 0.999816716
vn 0.528407335 -0.00467022974 0.848978162
vn 0.532024503 -0.00537903048 0.846711874
vn 0.473064542 -0.00090981985 0.881027281
vn 0.415532142 0.00114453805 0.909577787
vn 0.330279499 0.00113971671 0.943882465
vn 0.414116681 -0.0196464788 0.910011768
vn 0.320140362 -0.00392155536 0.947362006
vn 0.707106471 0.00124164857 0.707106054
vn 0.76934278 -0.0209523328 0.638492525
vn 0.731446505 -0.0114933345 0.681801975
vn 0.690775216 -0.00280389702 0.723064125
vn 0.613012195 0.00128541107 0.790072381
vn 0.613012135 0.00128541107 0.790072441
vn 0.938492298 -0.00368701317 0.345280468
vn 0.943864882 -0.00625013141 0.330272734
vn 0.968434691 0.000967415515 0.249265552
vn 0.913722634 -0.000368657144 0.406338304
vn 0.884430587 0.00070537487 0.466671169
vn 0.846723735 0.0007033539 0.532032371
vn 0.883759141 -0.0174326375 0.467617273
vn 0.831807733 -0.00246010092 0.55505842
vn 0.999890029 0.00127989054 0.0147752399
vn 0.996577144 -0.00357143767 0.0825910866
vn 0.993689179 -0.00680818502 0.111961797
vn 0.988623559 -0.00154495274 0.150403187
vn 0.968434453 0.000967415515 0.249266401
vn 0.996222079 -0.00269104261 -0.0868003964
vn 0.993691683 -0.00642980868 -0.111962073
vn 0.982275486 0.000715643342 -0.187441662
vn 0.947607279 -0.00669019017 -0.319367647
vn 0.943873644 -0.0045423368 -0.330275506
vn 0.967278302 -0.000401255063 -0.253717303
vn 0.982275546 0.000715643342 -0.187441275
vn 0.792289019 0.00119447859 -0.610144794
vn 0.753222167 0.00119222805 -0.65776509
vn 0.757433355 -0.00104348839 -0.652911663
vn 0.829006255 -0.00317121809 -0.559230328
vn 0.862418592 -0.00906274188 -0.506114662
vn 0.846720278 -0.00294224801 -0.532030225
vn 0.910383105 0.00110961171 -0.413764894
vn 0.910382628 0.00110961171 -0.413765937
vn 0.605425298 -0.00158167281 -0.795900583
vn 0.605427027 -0.00158167223 -0.795899272
vn 0.646270573 -0.0374374613 -0.762189448
vn 0.601552486 -0.00823112112 -0.798790872
vn 0.533521056 0.0178600494 -0.845598221
vn 0.550895691 -0.016591616 -0.834409177
vn 0.519445837 -0.0122566093 -0.854415476
vn 0.465928584 0.0154817924 -0.884686887
vn 0.436567694 -0.00834471546 -0.899632692
vn 0.436569154 -0.00834471546 -0.899631977
vn 0.463063627 -0.0157414693 -0.886185229
vn 0.431747675 -0.0197615959 -0.901777923
vn 0.36403057 0.0345636085 -0.930745482
vn 0.370531023 -0.0114652524 -0.928749323
vn 0.334961146 -0.0487207845 -0.940971494
vn 0.300781548 0.0351411477 -0.953045428
vn -0.116801448 -0.505206704 0.855057657
vn -0.0112768477 -0.404702783 0.914378762
vn -0.0258554481 -0.640381634 0.767621517
vn -0.0356623083 -0.332477003 0.942436874
vn -0.507237613 -0.341934025 0.791069627
vn -0.165714934 -0.892227948 0.420080721
vn -0.142948583 -0.889369607 0.434266448
vn -0.114612132 -0.903883696 0.4121387
vn -0.121506646 -0.899112403 0.42051518
vn -0.14294906 -0.889369547 0.434266418
vn -0.0596962571 -0.886367142 0.459118366
vn -0.0976208672 -0.884617209 0.455985218
vn -0.0976203009 -0.884617269 0.455985248
vn -0.126812622 -0.934040844 0.333895624
vn -0.0174770914 -0.850766718 0.525252879
vn -0.0124779716 -0.842217326 0.538993716
vn -0.0197075978 -0.783083737 0.621603966
vn -0.0197049789 -0.783148289 0.621522725
vn -0.0563376136 -0.473222673 0.879139543
vn -0.0563372038 -0.473222673 0.879139602
vn -0.120879568 -0.44646138 0.886600435
vn -0.120878637 -0.446461409 0.886600554
vn -0.199056327 -0.441506505 0.874899209
vn -0.199055657 -0.441506535 0.874899328
vn -0.302181125 -0.408077627 0.861486614
vn -0.274914265 -0.420013607 0.864876151
vn -0.274909794 -0.420013994 0.864877343
vn -0.373367995 -0.413968503 0.830196619
vn -0.373199672 -0.359622836 0.85521543
vn -0.443282753 -0.348370135 0.825916886
vn -0.458501756 -0.384258419 0.801324904
vn -0.458519012 -0.384255588 0.801316381
vn -0.543835402 -0.322350055 0.774811864
vn -0.546122432 -0.319031328 0.774576843
vn -0.537255466 -0.325281203 0.778170109
vn -0.546045125 -0.328166395 0.770805776
vn -0.546049714 -0.328169793 0.770801067
vn -0.565615535 -0.399472088 0.72145766
vn -0.554553509 -0.368398905 0.7461586
vn -0.56485182 -0.345564604 0.749351382
vn -0.553072035 -0.339750618 0.760710776
vn -0.553071976 -0.339750588 0.760710776
vn -0.565614641 -0.399471402 0.721458733
vn -0.56749469 -0.400221288 0.719564259
vn -0.541159868 -0.44983232 0.710490584
vn -0.586642742 -0.475758433 0.655365705
vn -0.556187868 -0.472166896 0.683895826
vn -0.556189239 -0.472168028 0.683893919
vn -0.521690607 -0.538715065 0.661532283
vn -0.40159297 -0.627762794 0.666810989
vn -0.348342896 -0.736635149 0.579677403
vn -0.322747856 -0.694122553 0.643449843
vn -0.302778989 -0.655502915 0.691838741
vn -0.427669853 -0.631137311 0.647119939
vn -0.401592702 -0.627762437 0.666811526
vn -0.302904785 -0.816981435 0.490703613
vn -0.193495601 -0.89895153 0.392995715
vn -0.325832874 -0.835899949 0.441706032
vn -0.230999619 -0.806552649 0.544161677
vn -0.259462893 -0.865033448 0.429413676
vn -0.239066437 -0.86003679 0.450759321
vn -0.228995025 -0.900432467 0.369841427
vn -0.227912217 -0.898813486 0.374420047
vn -0.227059335 -0.901084661 0.369446248
vn -0.064573586 -0.330836862 0.941476107
vn -0.0197909586 -0.30077225 0.953490615
vn -0.147992522 -0.426724851 0.892190635
vn -0.026195528 -0.331411093 0.943122745
vn -0.0146213742 -0.297760099 0.954528749
vn -0.0421659388 -0.297540933 0.953777432
vn -0.0648237094 -0.348398119 0.935102463
vn -0.0760480538 -0.348115951 0.934361815
vn -0.0356965996 -0.431192994 0.901553333
vn -0.00288534933 -0.317623049 0.948212683
vn -0.0601952001 -0.317186743 0.94645077
vn -0.0550409555 -0.305262893 0.950676084
vn -0.0806370229 -0.304751396 0.94901228
vn -0.113325179 -0.366377354 0.9235394
vn -0.127127454 -0.365751326 0.921989441
vn -0.164963648 -0.332074076 0.928716183
vn -0.150938958 -0.310148567 0.938629448
vn -0.103405938 -0.311763763 0.944516063
vn -0.131850287 -0.368285567 0.920315862
vn -0.0650180653 -0.369717926 0.926866412
vn -0.0901281238 -0.438795716 0.894055486
vn -0.0902905092 -0.436462253 0.895180643
vn -0.167338192 -0.318251193 0.933120608
vn -0.192620039 -0.358520329 0.913433492
vn -0.124306411 -0.361038059 0.924229085
vn -0.152980462 -0.420452893 0.894324541
vn -0.149015501 -0.442346722 0.884377599
vn -0.174109295 -0.385872722 0.905973613
vn -0.130276963 -0.316118032 0.939732552
vn -0.103903607 -0.31708011 0.942689896
vn -0.100067243 -0.309830666 0.945511222
vn -0.0506669059 -0.310776085 0.949131727
vn -0.081125699 -0.388502032 0.917869687
vn -0.00667868182 -0.389152437 0.921149194
vn -0.0158531237 -0.425999224 0.904584646
vn -0.0152692217 -0.431419343 0.902022302
vn -0.372542024 -0.358801275 0.855847001
vn -0.375039786 -0.361447453 0.853639781
vn -0.448475391 -0.351404399 0.821817994
vn -0.494360656 -0.537498415 0.683156669
vn -0.460865647 -0.504705787 0.729982793
vn -0.470849901 -0.501712143 0.725661993
vn -0.411744118 -0.442918956 0.796422958
vn -0.439148992 -0.40429458 0.80230546
vn -0.413566202 -0.380710572 0.827056527
vn -0.433306128 -0.348476768 0.831149638
vn -0.431051791 -0.346498281 0.833146632
vn -0.443083555 -0.322927505 0.836298227
vn -0.472615868 -0.348259181 0.809536755
vn -0.444694519 -0.318961203 0.836965084
vn -0.234746575 -0.615361452 0.752478778
vn -0.201613218 -0.596417904 0.776941299
vn -0.228356674 -0.660028458 0.715692401
vn -0.19344531 -0.641038895 0.742730081
vn -0.221777558 -0.723236918 0.654020727
vn -0.191336766 -0.697328568 0.690741003
vn -0.227885216 -0.807133079 0.544614077
vn -0.180497855 -0.775380194 0.605149627
vn -0.212784082 -0.865053415 0.454318762
vn -0.449895352 -0.564181626 0.692310095
vn -0.38384518 -0.489940584 0.782701135
vn -0.354249537 -0.49621433 0.792640269
vn -0.298777342 -0.429529816 0.852194965
vn -0.324239671 -0.396131903 0.859039068
vn -0.299603194 -0.368534744 0.88001138
vn -0.31793654 -0.34072721 0.884771883
vn -0.317286521 -0.340029627 0.885273457
vn -0.328287929 -0.320266604 0.888626099
vn -0.35931915 -0.353031069 0.863862753
vn -0.276004672 -0.360686511 0.890913367
vn -0.320837468 -0.41933611 0.849247038
vn -0.288214475 -0.337347716 0.89617461
vn -0.399953067 -0.615556955 0.679063439
vn -0.414385617 -0.553678453 0.722305119
vn -0.347455382 -0.570788026 0.743959546
vn -0.279052347 -0.477767646 0.832987309
vn -0.259415299 -0.480532199 0.837730587
vn -0.209747523 -0.409534842 0.887855411
vn -0.232565373 -0.381064653 0.894820154
vn -0.210241005 -0.351124793 0.912419915
vn -0.226203263 -0.328051239 0.917177439
vn -0.227057829 -0.32916069 0.916568577
vn -0.235824525 -0.314253032 0.919582427
vn -0.267187685 -0.35486424 0.895925283
vn -0.193481013 -0.35920766 0.912981331
vn -0.230995119 -0.420272529 0.877503395
vn -0.229056597 -0.404882997 0.885213435
vn -0.0197075605 -0.783079326 0.621609509
vn -0.0153217679 -0.776387632 0.630069435
vn -0.0194688924 -0.707085133 0.706860363
vn -0.0258586295 -0.640418589 0.767590582
vn -0.0258554667 -0.640380859 0.767622173
vn -0.00482248049 -0.687852025 0.725834906
vn -0.0194692984 -0.707073689 0.706871808
vn -0.0194692947 -0.706934035 0.707011461
vn -0.0249915756 -0.526706994 0.84967947
vn -0.0250116661 -0.526795983 0.84962368
vn -0.0132149868 -0.564376056 0.825412035
vn -0.0268797688 -0.585743845 0.810050368
vn -0.03154587 -0.613964081 0.788703322
vn 0.00264122547 -0.585864842 0.81040448
vn 0.00253697368 -0.585952818 0.810341179
vn -0.104303293 -0.870012701 0.481870055
vn -0.127898067 -0.867856205 0.480070502
vn -0.11186026 -0.81193763 0.572926283
vn -0.0250118487 -0.526796162 0.849623561
vn -0.0159749202 -0.515367627 0.856820285
vn -0.0202846881 -0.465735197 0.884691596
vn -0.0111996904 -0.404456824 0.914488494
vn -0.0112763662 -0.404702097 0.91437906
vn -0.0221295599 -0.467598945 0.883663714
vn -0.0202849451 -0.465735257 0.884691596
vn -0.0202325005 -0.465545982 0.884792387
vn -0.0196775366 -0.300463825 0.953590214
vn -0.0197907276 -0.300772041 0.953490674
vn -0.00801236648 -0.332684845 0.943004012
vn -0.0209961943 -0.346730083 0.937729895
vn -0.0210517943 -0.346883893 0.937671781
vn -0.0174336378 -0.842184305 0.538907886
vn -0.0497322679 -0.856077254 0.514449656
vn -0.0449861251 -0.775824487 0.629343033
vn -0.0563681461 -0.789463401 0.611203849
vn -0.0489440374 -0.687064826 0.724945843
vn -0.0656484365 -0.698880017 0.712219775
vn -0.053598024 -0.613336504 0.788001001
vn -0.0645419955 -0.621736944 0.780562282
vn -0.0519131236 -0.563556969 0.824444413
vn -0.0661489666 -0.574817955 0.815603197
vn -0.0491278134 -0.514740229 0.855937481
vn -0.0415042639 -0.508492649 0.86006546
vn -0.0609171875 -0.466795355 0.882264793
vn -0.0580483973 -0.848023355 0.526770115
vn -0.0845972076 -0.846632779 0.525410533
vn -0.0750556514 -0.788655341 0.610237181
vn -0.100128457 -0.812817872 0.57384783
vn -0.0826273039 -0.698022366 0.711292803
vn -0.113481671 -0.717329383 0.687430322
vn -0.0940645933 -0.62014991 0.778823435
vn -0.110444434 -0.631806433 0.767217517
vn -0.0943534523 -0.573363483 0.813849986
vn -0.112764351 -0.586864829 0.801794112
vn -0.091756396 -0.525724649 0.845691621
vn -0.172953844 -0.51964432 0.836693943
vn -0.197142631 -0.539276183 0.818728268
vn -0.144659728 -0.544548452 0.826160133
vn -0.167798668 -0.600574076 0.781763613
vn -0.143235222 -0.584325194 0.798778892
vn -0.163868621 -0.644740045 0.746630669
vn -0.139684469 -0.629298925 0.764507115
vn -0.158874333 -0.701608241 0.694625616
vn -0.16885075 -0.711746812 0.681840062
vn -0.136654258 -0.780570328 0.609947205
vn -0.151578858 -0.840550721 0.520094514
vn -0.159742326 -0.839569628 0.519235253
vn -0.189463183 -0.904718637 0.381559849
vn -0.193497643 -0.898951173 0.392995507
vn -0.276195109 -0.774491847 0.56910342
vn -0.276189983 -0.774480283 0.569121599
vn -0.252693087 -0.717392623 0.649225712
vn -0.301791877 -0.749409854 0.589327216
vn -0.259526223 -0.654508352 0.710116208
vn -0.275244266 -0.661412179 0.697692275
vn -0.302292019 -0.60283035 0.73838681
vn -0.27359134 -0.55470562 0.785779536
vn -0.256922752 -0.557436109 0.789465427
vn -0.196584523 -0.45975107 0.866015851
vn -0.143836379 -0.464116395 0.874017775
vn -0.169527113 -0.437504232 0.883091509
vn -0.0886958912 -0.442304075 0.892468572
vn -0.111977942 -0.419407189 0.900865436
vn -0.0439003706 -0.421730965 0.905657649
vn -0.0653628334 -0.401703596 0.913434148
vn -0.00864642393 -0.402582884 0.915342689
vn -0.0209960714 -0.346729428 0.937730193
vn 0.0209858697 -0.346730322 0.937730074
vn 0.0628086179 -0.563256204 0.823891699
vn 0.0249938983 -0.526795805 0.849624336
vn 0.0268745068 -0.585742891 0.810051262
vn 0.331758201 -0.469309777 0.818342745
vn 0.0197882894 -0.300771743 0.953490853
vn 0.101811633 -0.874633312 0.473973572
vn 0.0544966832 -0.850368023 0.523358762
vn 0.274905562 -0.4200086 0.864881337
vn 0.45848605 -0.384249032 0.801338434
vn 0.401524186 -0.627803385 0.666814208
vn 0.127114981 -0.896825671 0.423728079
vn 0.172817573 -0.896365345 0.408244103
vn 0.194860652 -0.907627523 0.371808559
vn 0.160154268 -0.890874684 0.425079852
vn 0.140278131 -0.890776098 0.432249874
vn 0.140278861 -0.890776038 0.432249814
vn 0.228812248 -0.900494158 0.369804293
vn 0.228813186 -0.900495589 0.369800299
vn 0.226678878 -0.899023175 0.374665201
vn 0.236137509 -0.874037802 0.424613982
vn 0.255054444 -0.856882274 0.447995543
vn 0.259251803 -0.865117669 0.429371536
vn 0.28000614 -0.796528637 0.535853207
vn 0.302676558 -0.817090571 0.490662694
vn 0.322833151 -0.694100559 0.643430769
vn 0.322798908 -0.694034576 0.643519104
vn 0.347860932 -0.736908972 0.579618812
vn 0.39990744 -0.615582466 0.679067194
vn 0.521618962 -0.538765907 0.661547422
vn 0.494327575 -0.537518322 0.683164954
vn 0.494326353 -0.53751713 0.683166742
vn 0.557020843 -0.472305477 0.683121741
vn 0.55614686 -0.472192228 0.683911622
vn 0.568498969 -0.398294032 0.719840825
vn 0.541151762 -0.449836403 0.710494161
vn 0.556147337 -0.472192615 0.683911026
vn 0.55455631 -0.36839816 0.746156871
vn 0.568249464 -0.337845057 0.750302076
vn 0.536257923 -0.325981945 0.778564811
vn 0.546129107 -0.319032222 0.774571776
vn 0.543840826 -0.322350234 0.77480799
vn 0.445433974 -0.324941307 0.834267139
vn 0.507212102 -0.341930419 0.791087508
vn 0.507222176 -0.341928482 0.791081905
vn 0.458503276 -0.3842462 0.801329911
vn 0.372558832 -0.358819872 0.855831861
vn 0.373203963 -0.359625906 0.855212271
vn 0.274910003 -0.420008242 0.864880085
vn 0.302177727 -0.408073843 0.861489594
vn 0.298859358 -0.390584767 0.870704651
vn 0.37335968 -0.413961351 0.83020395
vn 0.373359919 -0.413961321 0.830203831
vn 0.239580587 -0.420285881 0.875191927
vn 0.22478801 -0.410188019 0.883864343
vn 0.199052542 -0.441499501 0.87490356
vn 0.120878957 -0.446455091 0.886603713
vn 0.120877445 -0.446455121 0.886603892
vn 0.162581623 -0.440221459 0.883047163
vn 0.136818483 -0.412823409 0.900476277
vn 0.199051857 -0.441499531 0.874903738
vn 0.0909784213 -0.439009458 0.893864453
vn 0.0895653218 -0.437257618 0.894865274
vn 0.05633571 -0.473214597 0.879144013
vn 0.0152698345 -0.431416243 0.902023733
vn 0.0287186131 -0.301143169 0.953146398
vn 0.0278784223 -0.473341554 0.880437732
vn 0.017210586 -0.43139872 0.901997209
vn 0.0168555472 -0.843162 0.537395298
vn 0.0168542489 -0.843162 0.537395358
vn 0.0114434101 -0.850840449 0.525299489
vn 0.101813972 -0.874633133 0.473973453
vn 0.103591271 -0.870441258 0.481249332
vn 0.100484312 -0.870686412 0.481464475
vn 0.00276627904 -0.346805692 0.937932909
vn 0.057548102 -0.332158238 0.941466451
vn 0.0159190409 -0.332677901 0.942906141
vn 0.00262195757 -0.346960068 0.937876225
vn 0.0262113102 -0.331423998 0.943117738
vn 0.0163439922 -0.300790697 0.9535501
vn 0.0125582274 -0.331502616 0.9433707
vn 0.0356989391 -0.431182325 0.90155828
vn 0.0971528813 -0.304321855 0.947601974
vn 0.0456442386 -0.305408001 0.951126993
vn 0.051656954 -0.297417313 0.953349113
vn 0.018676091 -0.29774639 0.95446229
vn 0.0165817272 -0.300480425 0.953643858
vn 0.161958247 -0.309665412 0.936950862
vn 0.101116456 -0.3118186 0.944745779
vn 0.102402776 -0.309759498 0.945284486
vn 0.057382632 -0.310685039 0.948779225
vn 0.0531976558 -0.317285836 0.94683671
vn 0.0214326531 -0.317585975 0.947987258
vn 0.0233916901 -0.389180839 0.920864344
vn 0.0718700439 -0.388687044 0.918562531
vn 0.0736734867 -0.369615287 0.926259577
vn 0.127849266 -0.36840719 0.920831501
vn 0.128136769 -0.360931724 0.92374742
vn 0.193040088 -0.358487964 0.913357496
vn 0.193057328 -0.359216273 0.913067639
vn 0.271311283 -0.354547352 0.894810796
vn 0.271909356 -0.360978276 0.892053783
vn 0.366343349 -0.352237821 0.861232281
vn 0.368044257 -0.36225915 0.856336236
vn 0.44485873 -0.351955444 0.823546052
vn 0.448423624 -0.350980014 0.822027564
vn 0.193508327 -0.899031758 0.392805874
vn 0.186975285 -0.900131047 0.39345181
vn 0.173465773 -0.87156862 0.458560497
vn 0.201058984 -0.833962023 0.51388967
vn 0.193587929 -0.813223064 0.548809528
vn 0.215368405 -0.770389497 0.60009706
vn 0.200973958 -0.727052093 0.656509519
vn 0.241436541 -0.454997987 0.857137799
vn 0.212787345 -0.486296058 0.847489059
vn 0.241977766 -0.533554554 0.810411215
vn 0.401524365 -0.627803683 0.66681391
vn 0.404817253 -0.628265917 0.664383113
vn 0.263566226 -0.663822591 0.699908853
vn 0.301765859 -0.749550998 0.589160979
vn 0.252961606 -0.717649162 0.648837507
vn 0.276137412 -0.774513245 0.569102228
vn 0.276139259 -0.774517417 0.569095671
vn 0.409451813 -0.57649368 0.707109809
vn 0.435103595 -0.547710955 0.714631081
vn 0.409456968 -0.51891011 0.750384748
vn 0.0149935707 -0.783143699 0.621659994
vn 0.014941413 -0.783213258 0.621573627
vn -0.00385452155 -0.70706284 0.707140207
vn -0.00402719015 -0.707202017 0.707000017
vn 0.0258526504 -0.640381157 0.767622054
vn 0.0258558933 -0.640418887 0.767590463
vn 0.0233937185 -0.564325631 0.825220764
vn 0.00639425544 -0.585854888 0.81039077
vn 0.00632344233 -0.58594358 0.810327172
vn 0.0824579224 -0.878524542 0.470526636
vn 0.0892878845 -0.874224305 0.477241606
vn 0.0791160017 -0.814399421 0.574886262
vn 0.211045191 -0.619065881 0.756450474
vn 0.218782589 -0.637478769 0.738752306
vn 0.144306511 -0.646952689 0.748750865
vn 0.161827952 -0.712816596 0.682425261
vn 0.0857714117 -0.719507933 0.689167321
vn 0.0961491168 -0.787702024 0.608507097
vn 0.0457796529 -0.790092051 0.611276329
vn 0.0493598022 -0.850551367 0.523570418
vn 0.054764118 -0.857166469 0.512119651
vn 0.105957918 -0.912432373 0.395272166
vn 0.134772614 -0.890564382 0.434432328
vn 0.120719165 -0.844001889 0.522577882
vn 0.143592939 -0.809269369 0.56961751
vn 0.136603862 -0.780845523 0.609606147
vn 0.17394951 -0.699983418 0.692650557
vn 0.21176067 -0.694493592 0.687630773
vn 0.201374233 -0.664324284 0.719806671
vn 0.280565053 -0.65046382 0.705818713
vn 0.302279443 -0.602895856 0.73833847
vn 0.290269464 -0.582816839 0.758991539
vn 0.0149899153 -0.526901484 0.849794149
vn 0.0150478948 -0.52681154 0.849848866
vn 0.0219252296 -0.465528697 0.884761155
vn 0.0218252316 -0.465719461 0.884663224
vn 0.0112365503 -0.404702067 0.914379537
vn 0.0105849104 -0.402623624 0.915304422
vn 0.00848138146 -0.404467463 0.914513052
vn 0.00819924194 -0.404714763 0.91440624
vn 0.0224049687 -0.515365601 0.856677473
vn 0.038391538 -0.51508081 0.8562814
vn 0.0473474748 -0.50840795 0.85981369
vn 0.553065717 -0.339751869 0.760714769
vn 0.562230349 -0.346317917 0.750973344
vn 0.459543377 -0.371546 0.806705296
vn 0.387162358 -0.356392235 0.850346923
vn 0.339146286 -0.363501102 0.867667437
vn 0.27867806 -0.345071435 0.896250129
vn 0.241997465 -0.348552704 0.905509949
vn 0.194747925 -0.330297619 0.923567414
vn 0.141011924 -0.333300292 0.932215929
vn 0.160283178 -0.363983363 0.91751045
vn 0.0857000127 -0.367446721 0.926087677
vn 0.122833706 -0.44068855 0.889216244
vn 0.079225339 -0.420821726 0.903677166
vn 0.125178173 -0.523716867 0.842645288
vn 0.0854069516 -0.506997168 0.857705951
vn 0.107781999 -0.572584093 0.812730253
vn 0.0544298291 -0.57536304 0.816085041
vn 0.0626196712 -0.613090158 0.787527323
vn 0.012012165 -0.614367008 0.788928986
vn 0.0258526336 -0.640381932 0.767621398
vn 0.0202548709 -0.465734839 0.88469249
vn 0.020794021 -0.467679918 0.883653283
vn 0.0609199181 -0.46686098 0.882229924
vn 0.0366662592 -0.402360052 0.91474694
vn 0.0737565309 -0.421004951 0.904054642
vn 0.0426129587 -0.348855048 0.936207414
vn 0.103137948 -0.34728083 0.932072222
vn 0.0873948857 -0.317578793 0.944195867
vn 0.154075757 -0.315065771 0.936479688
vn 0.15642412 -0.318738937 0.934845984
vn 0.216561913 -0.31553781 0.923870564
vn 0.246257722 -0.327768475 0.912099183
vn 0.301415533 -0.323007882 0.897114575
vn 0.344114184 -0.336970806 0.876376688
vn 0.41007039 -0.328114241 0.85098964
vn 0.46374777 -0.34064132 0.817864001
vn 0.540951371 -0.324424684 0.775964081
vn 0.546048999 -0.328167856 0.770802438
vn 0.0196136162 -0.783085525 0.621604681
vn 0.0198527128 -0.776640713 0.629630923
vn 0.0553304926 -0.775761783 0.628595471
vn 0.0498249941 -0.699705422 0.712691963
vn 0.109233111 -0.696477056 0.709216356
vn 0.0965575576 -0.632895112 0.768192947
vn 0.157922134 -0.627543509 0.762397349
vn 0.149404779 -0.602594852 0.783937275
vn 0.223749056 -0.593361616 0.773213029
vn 0.209390253 -0.564308226 0.798568666
vn 0.327977687 -0.544579089 0.771922469
vn 0.299849331 -0.506323338 0.808533907
vn 0.444230676 -0.475323796 0.759425044
vn 0.0193787944 -0.707086504 0.706861436
vn 0.0193745345 -0.687937558 0.725511193
vn 0.0638793558 -0.686691344 0.724137008
vn 0.0548180677 -0.622233272 0.780910194
vn 0.106964752 -0.619377196 0.777772725
vn 0.0983122662 -0.587944508 0.802904725
vn 0.160344005 -0.582722068 0.796696186
vn 0.135822102 -0.52293098 0.841484129
vn 0.184155107 -0.540787101 0.820753455
vn 0.131420851 -0.440186739 0.888236582
vn 0.183562413 -0.461004049 0.86820513
vn 0.140203089 -0.388047725 0.910912752
vn 0.192420915 -0.384551793 0.902825654
vn 0.250810623 -0.405464798 0.879029214
vn 0.276444763 -0.402509421 0.872676611
vn 0.347416997 -0.422061801 0.837356091
vn 0.384286046 -0.415517747 0.824420571
vn 0.466852963 -0.429858774 0.772832274
vn 0.56688863 -0.400454938 0.719911873
vn 0.565593839 -0.399480611 0.721469879
vn -0.470485717 -0.882407427 0.0005433677
vn -0.799692035 -0.600409627 0.000965772721
vn -0.999697626 -0.0245863218 0.000391369278
vn -0.793278873 0.608731031 -0.0124573847
vn 0.76216346 0.64738369 0.00111522235
vn 0.707101882 0.707101882 -0.00373359444
vn 0.681212008 0.732085466 -0.00102710724
vn 0.608172715 0.793804705 -2.46759774e-34
vn 0.615465581 0.788163662 0.000392008456
vn 0.607975841 0.793955445 0.000392018235
vn 0.531885386 0.846813202 -0.0023175634
vn 0.278781533 0.960335672 -0.00602611527
vn 0.36422959 0.931308806 -0.000849675736
vn 0.3642326 0.931307614 -0.000849526608
vn 0.44851616 0.893774629 0.000438613788
vn 0.448519617 0.8937729 0.00043863387
vn 0.532032192 0.846724033 0.000436584902
vn 0.452449709 0.891745031 -0.0089506479
vn 0.531884849 0.8468135 -0.00231760717
vn 0.0995677486 0.995025516 -0.00324097276
vn 0.188690573 0.982036591 0.000204575656
vn 0.18869175 0.982036352 0.000204604046
vn 0.330278963 0.943883359 0.000202418698
vn 0.191634804 0.98135066 -0.0150676724
vn 0.278784037 0.960334897 -0.00602588663
vn -0.17253615 0.985003173 -0.000115778566
vn -0.172535181 0.985003352 -0.000115801973
vn -0.08211983 0.996612966 -0.00435722061
vn -0.0821200162 0.996612906 -0.0043572085
vn 0.00907589402 0.999879658 -0.0125837084
vn -0.111964419 0.993712127 0.000470219878
vn 0.111964419 0.993712127 0.000472220185
vn 0.00905928481 0.999902368 -0.0106387017
vn 0.0995658487 0.995025694 -0.00324109779
vn -0.439833909 0.898078978 0.000523122842
vn -0.352751881 0.935716033 -0.00129428273
vn -0.352753639 0.935715318 -0.00129419542
vn -0.264802039 0.964275897 -0.00720304763
vn -0.330278754 0.943882704 -0.00116501504
vn -0.262861818 0.964833498 0.000105316052
vn -0.262868792 0.964831591 0.000105316052
vn -0.606014729 0.79545331 0.000420976576
vn -0.526473582 0.85018748 -0.00261545042
vn -0.526474476 0.850186944 -0.0026153801
vn -0.532031059 0.846722245 -0.00211317721
vn -0.439831406 0.89808023 0.000523116498
vn -0.439832836 0.898079515 0.000523116498
vn -0.846724093 0.532032192 2.16319058e-05
vn -0.880463541 0.473991036 -0.0107925246
vn -0.85480231 0.518927157 -0.00526068686
vn -0.840845346 0.541265249 -0.00332846306
vn -0.606229186 0.795289993 3.79167458e-34
vn -0.614074707 0.789247811 0.000420965021
vn -0.681212008 0.732085466 -0.00102710724
vn -0.707101882 0.707101882 -0.00373359444
vn -0.749939203 0.661506772 4.42362034e-34
vn -0.81238687 0.583118796 4.69445424e-34
vn -0.780586481 0.623609722 -0.042374704
vn -0.940068245 0.340967953 -0.00354450964
vn -0.916169047 0.400792003 -2.31687973e-05
vn -0.886083603 0.463525474 2.17097786e-05
vn -0.993712127 0.111964427 0.000387793174
vn -0.999566197 -0.0127070658 -0.0265693255
vn -0.99813205 0.0599211901 -0.0119112851
vn -0.990887463 0.134661183 -0.00289026764
vn -0.980248094 0.197771713 2.9055971e-05
vn -0.943883359 0.330278993 2.87935491e-05
vn -0.976367474 0.21491918 -0.0227230024
vn -0.961365402 0.275053114 -0.0110636353
vn -0.968181551 -0.25024879 -0.000178767325
vn -0.982363284 -0.186982065 0.000282416207
vn -0.993712187 -0.111964434 0.000281588291
vn -0.983032942 -0.18269226 -0.0164247584
vn -0.994806349 -0.101692237 -0.00435469858
vn -0.870684147 -0.491841495 -0.00101021281
vn -0.914309144 -0.405016363 0.000703988189
vn -0.943883121 -0.330278903 0.000701711513
vn -0.915120423 -0.402768254 -0.018230753
vn -0.948870182 -0.315643638 -0.0038001358
vn -0.846723735 -0.532031953 0.000962448539
vn -0.800400853 -0.599155545 -0.0192650501
vn -0.83777529 -0.545941234 -0.00898693409
vn -0.610942304 -0.79167515 -4.56240232e-05
vn -0.660907805 -0.750467062 0.000157354574
vn -0.707106769 -0.707106769 0.000157037401
vn -0.661379993 -0.749888957 -0.0155921914
vn -0.734444857 -0.678666711 -0.0014920095
vn -0.532032132 -0.846723974 0.000541991612
vn -0.470958859 -0.881984353 -0.0173609797
vn -0.558656275 -0.829396486 -0.00215650885
vn -0.330271512 -0.943862021 -0.00672819046
vn -0.316484541 -0.948554516 -0.00904771779
vn -0.377057165 -0.926189721 -0.000669952075
vn -0.111964434 -0.993712187 1.06813012e-07
vn -0.051750049 -0.998539686 -0.0155060096
vn -0.154082015 -0.988057256 -0.00127097417
vn -0.25456053 -0.967056453 0.000886322057
vn -0.254557371 -0.967057288 0.000886322057
vn 0.254561901 -0.967056096 0.000886212394
vn 0.154085621 -0.98805666 -0.00127068197
vn 0.111961566 -0.993686736 -0.00716000656
vn 0.0516439453 -0.998665571 1.06283792e-07
vn 0.470485717 -0.882407427 0.0005433677
vn 0.377057165 -0.926189721 -0.000669952075
vn 0.330270499 -0.94385916 -0.0071605579
vn 0.316394508 -0.948612809 -0.00531996367
vn 0.254560381 -0.967056453 0.000886212394
vn 0.611580729 -0.790803134 -0.0244829487
vn 0.558889627 -0.829178989 -0.0102291889
vn 0.470483959 -0.882408381 0.0005433677
vn 0.661801219 -0.748577297 -0.0406340398
vn 0.532032192 -0.846724093 0.000155322225
vn 0.660904467 -0.750470042 0.000157354574
vn 0.707089722 -0.707089722 -0.00695157284
vn 0.734444857 -0.678666711 -0.0014920095
vn 0.870684147 -0.491841495 -0.00101021281
vn 0.83777529 -0.545941234 -0.00898693409
vn 0.846706986 -0.532021463 -0.00636511063
vn 0.799693048 -0.600408256 0.000965772721
vn 0.799692035 -0.600409627 0.000965772721
vn 0.982363284 -0.186982065 0.000282416207
vn 0.968181551 -0.25024879 -0.000178767325
vn 0.948870182 -0.315643638 -0.0038001358
vn 0.94386524 -0.330272645 -0.00619320711
vn 0.914309978 -0.405014545 0.000703988189
vn 0.914309144 -0.405016363 0.000703988189
vn 0.982364178 -0.186977431 0.000282416207
vn 0.993695021 -0.111962497 -0.0058810222
vn 0.994806349 -0.101692237 -0.00435469858
vn 0.990887463 0.134661183 -0.00289026764
vn 0.99813205 0.0599211901 -0.0119112851
vn 0.993711352 0.111964338 -0.00132628519
vn 0.999697685 -0.0245837606 0.000391369278
vn 0.999697626 -0.0245863218 0.000391369278
vn 0.916169047 0.400792003 -2.31687973e-05
vn 0.940068245 0.340967953 -0.00354450964
vn 0.961365402 0.275053114 -0.0110636353
vn 0.943883359 0.330278963 -0.000124295431
vn 0.980248332 0.197770551 2.9055971e-05
vn 0.980248094 0.197771713 2.9055971e-05
vn 0.826093256 0.56353122 -0.00157260476
vn 0.777430236 0.628968179 0.00111490325
vn 0.761684597 0.646976531 -0.0354674496
vn 0.840845346 0.541265249 -0.00332846306
vn 0.85480231 0.518927157 -0.00526068686
vn 0.846718609 0.532028735 -0.00361166568
vn 0.886058867 0.46357277 2.17097731e-05
vn 0.886083603 0.463525474 2.17097786e-05
vn -0.665865958 0.746071398 1.18387534e-05
vn -0.645390749 0.763852596 3.97223051e-34
vn -0.853127658 0.521701276 -0.000964967534
vn -0.946881533 0.321581841 -0.000730955624
vn -0.751880288 0.659297824 0.00154221745
vn -0.84417361 0.53596127 0.010790918
vn -0.725745678 0.687921882 -0.0075299642
vn -0.920520186 0.390615731 0.00786733162
vn -0.728226006 0.68523109 -0.0120517258
vn -0.853125095 0.521705508 -0.000964992039
vn -0.923751771 0.382991016 -0.000733415654
vn -0.970792592 0.239882857 0.00423108647
vn -0.94693464 0.321424037 -0.00118539447
vn -0.995901763 0.090420723 0.00195638812
vn -0.948268831 0.317258567 -0.0115445228
vn -0.994190991 0.107630022 5.23612204e-34
vn 0.923181713 0.384362996 0.000810023514
vn 0.97338438 0.229123071 -0.00504605938
vn 0.973385096 0.229120031 -0.00504587917
vn 0.998265386 0.0588742606 -5.11575141e-34
vn 0.896575868 0.442201585 -0.0246878155
vn 0.99488771 0.0999049097 0.0147483582
vn 0.970468938 0.241157696 0.00574971689
vn 0.747314155 0.664410233 -0.00897688139
vn 0.890219033 0.455531985 0.000816912623
vn 0.890219986 0.455530137 0.000816922053
vn 0.747310221 0.664414644 -0.00897720829
vn 0.913848639 0.405307859 0.0246218275
vn 0.84417361 0.53596127 0.010790918
vn 0.751880288 0.659297824 0.00154221745
vn 0.665865958 0.746071398 1.18387534e-05
vn 0.645390749 0.763852596 -2.64815367e-34
vn 1 5.6427907e-40 -5.17593673e-34
vn 0.946542084 -0.322580427 8.03425719e-05
vn 0.946528018 -0.322621673 8.0369995e-05
vn 0.793356121 -0.608748317 0.00339427986
vn 0.86433959 -0.502781272 0.0113163926
vn 0.717434824 -0.696558356 -0.00968211703
vn 0.895534277 -0.444959939 0.00538523076
vn 0.852678478 -0.522436023 -8.02116483e-05
vn 0.85267961 -0.522434175 -8.00947528e-05
vn 0.519486725 -0.854453087 -0.00659290934
vn 0.687253118 -0.726416707 0.00138614979
vn 0.71115309 -0.703035831 0.00138761941
vn 0.711152375 -0.703036547 0.00138760661
vn 0.519487143 -0.854452848 -0.00659287628
vn 0.292743444 -0.955543876 -0.0351728015
vn 0.682196438 -0.730810642 0.0228869114
vn 0.281654119 -0.959260404 -0.0221465677
vn 0.0616661981 -0.998096824 -1.1435209e-34
vn 0.0119639942 -0.999926448 0.00199580519
vn 0.0353186838 -0.999375343 0.00123790186
vn 0.102252387 -0.994758368 -0.00042884209
vn 0.240525499 -0.970642149 0.00114419789
vn 0.399122626 -0.916816056 0.0122248074
vn 0.261440426 -0.965218663 0.00136002433
vn 0.401170582 -0.916002393 0.00133690971
vn 0.555650532 -0.831366241 0.00909440964
vn 0.915181816 -0.403036207 0.00202211062
vn 0.95073539 -0.310001999 0.0010038272
vn 0.94641459 -0.322952569 0.00100404094
vn 0.950701416 -0.310107321 0.000540558249
vn 0.946477234 -0.322770029 0.000596465077
vn 0.994174719 -0.107778311 -0.000704621605
vn 0.983766735 -0.179412961 0.00374562433
vn 0.998046875 -0.062469244 -5.23612204e-34
vn 0 -1 -8.42594351e-35
vn -0.637882888 -0.77013284 0.000869224838
vn -0.417723864 -0.908413827 -0.017061932
vn -0.417734355 -0.908408999 -0.0170604605
vn -0.732288718 -0.680071056 0.0354486816
vn -0.606024146 -0.795310438 0.0146982064
vn -0.915190041 -0.403015941 0.00232228613
vn -0.895292044 -0.445179135 0.0163607281
vn -0.653312743 -0.756744385 -0.0228108726
vn -0.815796256 -0.578334332 -0.00242131623
vn -0.815796196 -0.578334391 -0.00242132111
vn -0.92962718 -0.368498445 0.00147945923
vn -0.929627001 -0.368498892 0.00147945993
vn -0.637916625 -0.770104945 0.000872209144
vn -0.637914777 -0.770106435 0.000872182602
vn -0.739374936 -0.673293352 0.000853650214
vn -0.841454327 -0.540282607 0.00702361949
vn -0.996744752 -0.0806220621 5.11198983e-34
vn -0.970811427 -0.239752293 0.00663398253
vn -0.999802887 -0.0154258497 -0.0124970293
vn -0.936131418 -0.351645976 0.00175311964
vn -0.929578066 -0.3686212 0.00175337505
vn -0.936103106 -0.351723403 0.00128698931
vn -0.989816368 -0.142322555 -0.00279736356
vn -0.989817321 -0.14231585 -0.00279755192
vn -0.504025519 -0.863661468 0.00686662691
vn -0.401096225 -0.916034281 0.00173777423
vn -0.402161956 -0.915566921 0.00173775561
vn -0.40109694 -0.916033983 0.0017104639
vn -0.240653545 -0.970610619 -0.000934898795
vn -0.011700226 -0.999931574 -7.8240904e-35
vn -0.137656063 -0.990479589 0.000992700341
vn -0.0359932482 -0.999311149 0.00904133543
vn -0.102431476 -0.99473083 0.00428639492
vn -1 -5.6427907e-40 5.17593673e-34
vn 0.324348956 -0.70615828 -0.629395127
vn 0.324349523 -0.706157744 -0.629395425
vn -0.324349284 -0.70615828 -0.629394948
vn -0.324349135 -0.706157923 -0.629395425
vn 0.324347168 -0.706158817 -0.629395485
vn 0.210831165 -0.705311239 -0.676820695
vn 0.210830808 -0.705309629 -0.676822484
vn 0.210828766 -0.705310225 -0.676822543
vn 0.071236074 -0.705310047 -0.705310643
vn 0.07123629 -0.705309689 -0.705311
vn -0.0712361112 -0.705309689 -0.705311
vn -0.0712362528 -0.705310106 -0.705310643
vn -0.210828766 -0.705310225 -0.676822543
vn -0.210830808 -0.705309629 -0.676822484
vn -0.210831165 -0.705311239 -0.676820695
vn -0.324347168 -0.706158817 -0.629395485
vn 0.876324356 -0.285298824 -0.388149768
vn 0.886130512 -0.239717543 -0.396620959
vn 0.920749247 -0.153572664 -0.358658999
vn 0.870472074 -0.269620627 -0.411804706
vn 0.918586433 -0.149664432 -0.365786254
vn 0.908276558 -0.169626161 -0.382440448
vn 0.610991836 -0.602522969 -0.513473511
vn 0.752690673 -0.496037006 -0.432901829
vn 0.73253262 -0.503604531 -0.45801577
vn 0.484506369 -0.700180829 -0.524404764
vn 0.452529401 -0.692297995 -0.562085986
vn 0.623852372 -0.605461001 -0.494191438
vn 0.610302329 -0.60529089 -0.511032224
vn 0.626826108 -0.597876728 -0.499632299
vn 0.62683785 -0.5978719 -0.499623418
vn 0.910955667 -0.136596605 -0.389231473
vn 0.910951495 -0.136613667 -0.389235258
vn 0.926532626 -0.0652662963 -0.370509893
vn 0.922563732 -0.0441889726 -0.383305997
vn 0.925256133 -0.00602194062 -0.379295111
vn 0.732539058 -0.50360018 -0.458010256
vn 0.75450331 -0.48731932 -0.439595997
vn 0.733202994 -0.493547469 -0.467786551
vn 0.83868289 -0.374186248 -0.395721704
vn 0.818876088 -0.393562376 -0.417792559
vn 0.838731885 -0.372123092 -0.397559106
vn 0.818444371 -0.389913857 -0.42203787
vn 0.838788927 -0.347122848 -0.419450641
vn 0.890745461 -0.261672556 -0.371618122
vn -0.802574635 -0.466695964 -0.371576101
vn -0.638043046 -0.549481571 -0.539417326
vn -0.875022471 -0.277258098 -0.396816909
vn -0.876359463 -0.276178658 -0.394613057
vn -0.911661208 -0.168009102 -0.375029087
vn -0.911660314 -0.168011382 -0.37503016
vn -0.862634182 -0.243502766 -0.443360597
vn -0.90969348 -0.163865611 -0.381583273
vn -0.909307003 -0.164313003 -0.382311344
vn -0.925994754 -0.0615624823 -0.372483283
vn -0.904962838 -0.159234524 -0.394571394
vn -0.923540831 -0.0599836037 -0.378780007
vn -0.926135242 -0.0545237288 -0.3732301
vn -0.92525363 -0.00645920588 -0.379294068
vn -0.69512248 -0.560820103 -0.449761719
vn -0.695135236 -0.560813367 -0.449750334
vn -0.628872871 -0.595489562 -0.4999111
vn -0.68699795 -0.585183382 -0.430806547
vn -0.493200094 -0.646850646 -0.581668198
vn -0.536194563 -0.676184237 -0.505242825
vn -0.383677781 -0.707001925 -0.594087243
vn -0.880946219 -0.344051152 -0.324903995
vn -0.82000351 -0.358879924 -0.445869356
vn -0.820006669 -0.358875901 -0.445866704
vn -0.743982017 -0.501812339 -0.441220045
vn -0.743990123 -0.501806617 -0.441212893
vn -0.80488354 -0.451906323 -0.384633809
vn -0.745603442 -0.454033971 -0.487779289
vn -0.810737312 -0.394764513 -0.432279974
vn -0.810742199 -0.39476046 -0.432274491
vn 0.925272942 0 -0.379301995
vn -0.925272942 0 -0.379301995
vn 0.92393434 0.0537705757 -0.378753275
vn 0.93702662 0.0275321491 -0.348170996
vn 0.894720852 0.148192272 -0.421323746
vn 0.918892562 0.097381629 -0.38229996
vn 0.904097378 0.158563092 -0.396819443
vn 0.85051018 0.371908426 -0.37190935
vn 0.811367095 0.376400143 -0.447220743
vn 0.849802971 0.328145534 -0.412499011
vn 0.809335589 0.36336422 -0.461456746
vn 0.908744514 0.244753912 -0.338051587
vn 0.869237125 0.267592669 -0.415717393
vn 0.898382962 0.20762305 -0.387041003
vn 0.868029356 0.264588743 -0.420140266
vn 0.895703673 0.199535966 -0.397366732
vn 0.937519133 0.119264953 -0.326854348
vn -0.817584515 0.407157689 -0.407158673
vn -0.87573272 0.2654697 -0.403259248
vn -0.916293085 0.145196199 -0.373262644
vn -0.911780477 0.150880709 -0.381957352
vn -0.914175868 0.1415544 -0.37979573
vn -0.911558509 0.15063706 -0.382582694
vn -0.924800992 0.0451305397 -0.377764881
vn -0.924280167 0.0463116243 -0.378895015
vn -0.84253931 0.349754423 -0.409633219
vn -0.842547297 0.349743992 -0.409625709
vn -0.814831614 0.382680476 -0.435436606
vn -0.890350103 0.259215295 -0.374278128
vn -0.876621902 0.267684132 -0.399849027
vn -0.887582481 0.245843679 -0.389561504
vn -0.925890923 0.162952825 -0.340840757
vn -0.36744234 0.643760264 -0.671236813
vn -0.118069939 0.701032639 -0.703287065
vn -0.065432243 0.719678402 -0.691217482
vn 0.0129895769 0.69262898 -0.721177042
vn -0.367452741 0.643752694 -0.671238363
vn -0.311445266 0.68545109 -0.658147931
vn -0.246138573 0.670047343 -0.700323045
vn -0.192466781 0.68072468 -0.706802964
vn -0.192471072 0.680724084 -0.706802428
vn -0.246113166 0.678368449 -0.692274928
vn -0.192644238 0.707489491 -0.679960907
vn -0.118098266 0.687490165 -0.716526389
vn -0.0653351694 0.692486644 -0.718466163
vn -0.0653716102 0.692484915 -0.718464494
vn 0.1431095 0.685165763 -0.714190185
vn 0.212258428 0.704104185 -0.677630901
vn 0.268397868 0.676219642 -0.686068237
vn 0.21216616 0.686103225 -0.695879221
vn 0.26841864 0.672780156 -0.689433336
vn 0.211689487 0.655418754 -0.724992275
vn 0.268437833 0.666146398 -0.695837677
vn 0.327273339 0.681316197 -0.654752135
vn 0.385749519 0.647274196 -0.657444656
vn 0.327130884 0.663136601 -0.673227489
vn 0.385796696 0.637219548 -0.667167246
vn 0.402994871 0.642190397 -0.65206337
vn 0.492608517 0.625625134 -0.60492152
vn 0.47904548 0.62449193 -0.616867304
vn 0.492756039 0.619098485 -0.611480653
vn 0.478832573 0.611917019 -0.629505336
vn 0.58826983 0.580088854 -0.563414156
vn 0.579169989 0.580682576 -0.572162509
vn 0.588371575 0.576002538 -0.56748569
vn 0.57914871 0.579136193 -0.573749125
vn 0.588399589 0.574422181 -0.569056332
vn 0.578981578 0.570054829 -0.582938969
vn 0.672050893 0.529666305 -0.517495155
vn 0.666857421 0.531049013 -0.52276969
vn 0.672094584 0.527710855 -0.519432485
vn 0.66672194 0.52309382 -0.530899882
vn 0.743059576 0.476771414 -0.469629109
vn 0.741455853 0.475515157 -0.473422199
vn 0.743111968 0.474216908 -0.472125977
vn 0.74143815 0.474483073 -0.474484235
vn -0.741439998 0.474481642 -0.474482775
vn -0.758140922 0.450356215 -0.471594751
vn -0.758142471 0.450354964 -0.471593499
vn -0.74150008 0.45545435 -0.492685407
vn -0.707607806 0.516620517 -0.482073069
vn -0.666892171 0.508646846 -0.544548631
vn -0.629411578 0.552026272 -0.546907723
vn -0.666751862 0.529513419 -0.524459302
vn -0.6294806 0.565288663 -0.533106863
vn -0.579219759 0.559395492 -0.592942774
vn -0.539189637 0.586566925 -0.604329169
vn -0.579203725 0.567578554 -0.585130453
vn -0.539340436 0.593230247 -0.597653568
vn -0.579146087 0.574203193 -0.578688681
vn -0.539487362 0.610275567 -0.580101013
vn -0.479106635 0.604774237 -0.636164248
vn -0.437042415 0.630830407 -0.641129434
vn -0.47906068 0.615485311 -0.625842392
vn -0.437227339 0.65035522 -0.621184647
vn -0.367444456 0.642591894 -0.672354221
vn -0.37399441 0.639603853 -0.671591461
vn -0.311155558 0.65815872 -0.685572267
vn 0.0145216165 0.692614079 -0.72116214
vn 0.0129897762 0.692942381 -0.720875919
vn 0.0909345448 0.716822684 -0.691300333
vn 0.143070802 0.698755443 -0.700907707
vn 0.0908925757 0.69933331 -0.708993256
vn 0.0908960849 0.699333131 -0.708993018
vn -0.0254294984 0.974726558 -0.221949235
vn -0.325197756 0.241561621 -0.914272606
vn -0.126894727 0.953749359 -0.272506684
vn -0.0778150633 0.966575444 -0.244288176
vn -0.0778040662 0.966576457 -0.24428761
vn -0.227849662 0.769844174 -0.596174896
vn -0.195785403 0.678649485 -0.707886279
vn -0.140306503 0.944500804 -0.297039241
vn -0.181476071 0.437983185 -0.880475521
vn -0.181480035 0.437984318 -0.88047415
vn -0.226339892 0.454744101 -0.861381471
vn -0.271827728 0.26395601 -0.925438762
vn -0.271820575 0.263959616 -0.925439835
vn -0.0823537782 0.958947241 -0.271363199
vn -0.0631899312 0.520777285 -0.851350725
vn -0.0632284209 0.520803213 -0.851332009
vn -0.0703745559 0.96677047 -0.24576886
vn -0.100945726 0.816968441 -0.567778587
vn -0.124264002 0.775719464 -0.618722677
vn -0.128020689 0.568111539 -0.812932968
vn -0.181479037 0.437983096 -0.880474985
vn -0.0641546547 0.572804332 -0.817177653
vn -0.03721283 0.520748377 -0.852898777
vn -0.0351145528 0.825622261 -0.563129544
vn -0.0297116544 0.818199396 -0.574166298
vn -0.0198879782 0.971678555 -0.235468209
vn -0.0254278257 0.974726558 -0.221949384
vn -0.149945855 0.44180885 0.884489238
vn -0.645057917 0.139450103 0.751301527
vn -0.182773679 0.940806806 -0.285440654
vn -0.153960258 0.943284929 -0.294125438
vn -0.052097816 0.152496129 0.986929953
vn -0.252052277 0.675505579 -0.692937136
vn -0.34173426 0.240613922 -0.908472717
vn -0.288179517 0.245033428 -0.925695002
vn -0.286704898 0.244644701 -0.926255524
vn -0.436511427 0.241623223 -0.866646409
vn -0.438536853 0.235471979 -0.867316782
vn -0.343365401 0.245263785 -0.906612337
vn -0.182774067 0.940806627 -0.285440892
vn -0.188645467 0.937417805 -0.292678654
vn -0.238465101 0.932251394 -0.272106141
vn -0.347376525 0.907130778 -0.237577915
vn -0.306938797 0.913553238 -0.266850322
vn -0.304537296 0.918562651 -0.25199157
vn -0.271167427 0.923448682 -0.27149725
vn -0.274052113 0.924019992 -0.266612977
vn -0.26942572 0.925008595 -0.267897129
vn -0.238859624 0.928545654 -0.284163803
vn -0.436510772 0.241624162 -0.866646469
vn -0.496306419 0.23428975 -0.835935533
vn -0.498302251 0.236106664 -0.834235311
vn -0.553421736 0.228193462 -0.801031888
vn -0.555259049 0.234879941 -0.797821283
vn -0.634480953 0.221916482 -0.740396559
vn -0.636278987 0.224749565 -0.737995028
vn -0.347376674 0.907130718 -0.237577945
vn -0.361097902 0.899221241 -0.247000858
vn -0.397553444 0.892206669 -0.21428597
vn -0.451588094 0.872476518 -0.186689302
vn -0.428098291 0.878002524 -0.214110732
vn -0.431141049 0.878164649 -0.207229942
vn -0.42488423 0.880397975 -0.210648581
vn -0.40449208 0.884406984 -0.232831314
vn -0.634121358 0.229275391 -0.738459826
vn -0.708467066 0.215205997 -0.672131538
vn -0.709732652 0.222328901 -0.668467939
vn -0.750387371 0.213959098 -0.625412107
vn -0.751815736 0.215391323 -0.623201132
vn -0.789439619 0.20657292 -0.578024864
vn -0.790553927 0.208807468 -0.575694263
vn -0.788815022 0.213513583 -0.576353014
vn -0.844994307 0.199456871 -0.496187091
vn -0.50586617 0.84534198 -0.171745017
vn -0.488730282 0.85605371 -0.168269813
vn -0.461910427 0.862552404 -0.206499532
vn -0.891327679 0.197046369 -0.408298463
vn -0.892567813 0.191927016 -0.408027828
vn -0.845325291 0.205300853 -0.493230909
vn -0.565318286 0.816079557 -0.120122194
vn -0.550549746 0.820447445 -0.154145971
vn -0.533604085 0.835149825 -0.133384764
vn -0.506447613 0.842777312 -0.182310745
vn -0.506447673 0.842778385 -0.182305485
vn -0.891327679 0.197046399 -0.408298492
vn -0.9148103 0.190004617 -0.356399119
vn -0.915183365 0.190545335 -0.355150521
vn -0.935020208 0.183424011 -0.303467959
vn -0.597918928 0.79482305 -0.103678823
vn -0.576197386 0.810739219 -0.103433445
vn -0.565521598 0.814431429 -0.129948974
vn -0.961784244 0.176283628 -0.209511817
vn -0.961980581 0.175333157 -0.209407851
vn -0.934875071 0.186220527 -0.302209437
vn -0.961785018 0.176280633 -0.20951055
vn -0.979501843 0.166635737 -0.113175347
vn -0.979649127 0.165477931 -0.113598749
vn -0.985594511 0.160662323 -0.0528306179
vn -0.985640764 0.160191506 -0.0533946268
vn -0.9878304 0.155411556 0.00619026646
vn -0.698715985 0.713653266 0.0499491952
vn -0.696590006 0.717453241 0.00481384946
vn -0.689938724 0.723674774 0.0167148486
vn -0.685860991 0.727102876 -0.0302675422
vn -0.655939102 0.754726112 -0.0115034543
vn -0.643947482 0.761206865 -0.0767839998
vn -0.6209656 0.781728029 -0.0574717224
vn -0.615536511 0.78534019 -0.0659970716
vn -0.600876451 0.790928423 -0.115670964
vn -0.988318205 0.152257204 0.00669574738
vn -0.988318563 0.15225485 0.00669669639
vn -0.983752966 0.146947384 0.103134021
vn -0.97059077 0.136394769 0.198368356
vn -0.970218301 0.140181497 0.197548926
vn -0.984452426 0.142915398 0.102120325
vn -0.747259617 0.633283913 0.201381564
vn -0.757925153 0.632835388 0.158331394
vn -0.741610706 0.651240528 0.160932824
vn -0.751205981 0.653002203 0.0963206515
vn -0.738761246 0.665791094 0.104661398
vn -0.725878119 0.681044102 0.0963321924
vn -0.728484929 0.684090495 0.0364679806
vn -0.97059077 0.13639535 0.198367909
vn -0.95518589 0.136772364 0.26251322
vn -0.955574214 0.135369003 0.261826456
vn -0.935813427 0.136269718 0.325090349
vn -0.739480257 0.628765285 0.240464523
vn -0.739607453 0.629343212 0.238553867
vn -0.751517653 0.628905714 0.199245691
vn -0.900388122 0.131381929 0.41477707
vn -0.900319278 0.136419028 0.413297772
vn -0.936590075 0.13207987 0.324582785
vn -0.721010208 0.625141323 0.298902303
vn -0.721172631 0.625221908 0.298341453
vn -0.744823337 0.622395813 0.240544379
vn -0.691386998 0.628032923 0.357153624
vn -0.691632986 0.627543569 0.35753727
vn -0.722729504 0.623011768 0.299196154
vn -0.900388539 0.131385326 0.414775074
vn -0.854635119 0.138084248 0.500531256
vn -0.855750501 0.131918907 0.500288367
vn -0.821531773 0.137522951 0.553328991
vn -0.784790397 0.134257868 0.605044544
vn -0.785296321 0.1411331 0.602819324
vn -0.822412014 0.135678083 0.552476168
vn -0.640856564 0.636309445 0.429433525
vn -0.667131484 0.632689357 0.393242627
vn -0.667572916 0.632352769 0.393034786
vn -0.667410553 0.63224721 0.393480122
vn -0.691224217 0.628165662 0.357235193
vn -0.645064592 0.139460906 0.751293778
vn -0.1565433 0.943383217 -0.292442024
vn -0.251445055 0.675391197 -0.693269134
vn -0.299225599 0.671090662 -0.678307712
vn -0.300321817 0.66942215 -0.679470956
vn -0.381319165 0.66115433 -0.646119654
vn -0.382820398 0.658943236 -0.64748925
vn -0.432884008 0.65311563 -0.621330321
vn -0.434120834 0.652211249 -0.621417403
vn -0.481574774 0.645136118 -0.593199074
vn -0.483709663 0.642083645 -0.594771862
vn -0.550628185 0.631190717 -0.546266317
vn -0.553447425 0.627203524 -0.548007011
vn -0.613493741 0.615857542 -0.494312614
vn -0.617087841 0.610773206 -0.496143788
vn -0.650210559 0.604202032 -0.460615009
vn -0.652299821 0.60256201 -0.459808618
vn -0.682752669 0.595250964 -0.423703969
vn -0.687434018 0.588579595 -0.425450891
vn -0.731141031 0.577664793 -0.362954766
vn -0.736859679 0.569378376 -0.364480555
vn -0.773634493 0.559032381 -0.298282564
vn -0.780553877 0.548705459 -0.299429327
vn -0.79777205 0.543706656 -0.260658413
vn -0.80009234 0.541549742 -0.258023381
vn -0.815365493 0.535949171 -0.218946561
vn -0.823858082 0.522661865 -0.219276994
vn -0.844877839 0.514262855 -0.147360787
vn -0.854803503 0.497786045 -0.146696985
vn -0.868582189 0.490318775 -0.0717811137
vn -0.879611731 0.47053358 -0.0698667914
vn -0.883826852 0.46716693 -0.0245988853
vn -0.886670172 0.461978167 -0.0198042691
vn -0.888485789 0.45824635 0.0245624147
vn -0.898749948 0.437561601 0.0280773975
vn -0.895170987 0.43340981 0.104042597
vn -0.903595865 0.414463311 0.108326629
vn -0.892227292 0.412295848 0.184235081
vn -0.89726156 0.399510384 0.187917903
vn -0.88480562 0.399972349 0.239041999
vn -0.885632038 0.396774113 0.241301134
vn -0.86989969 0.39733839 0.292227179
vn -0.871831536 0.391394407 0.294482917
vn -0.841211855 0.39503026 0.369206846
vn -0.842202008 0.391428351 0.370782405
vn -0.802768826 0.397190541 0.444749236
vn -0.803305268 0.394791991 0.445914716
vn -0.773845732 0.399801493 0.491244882
vn -0.773753405 0.399299055 0.491798639
vn -0.740868151 0.403907686 0.536631107
vn -0.741152883 0.402084678 0.53760612
vn -0.681739867 0.410943836 0.605273426
vn -0.681918502 0.409170717 0.606272638
vn -0.614145994 0.418504447 0.669087946
vn -0.493027478 0.663677573 0.562544227
vn -0.53117007 0.658456683 0.533191502
vn -0.532681644 0.65625 0.534402668
vn -0.588786304 0.648548663 0.482405782
vn -0.589962423 0.647247732 0.482715905
vn -0.590228915 0.645898521 0.484195143
vn -0.639114022 0.638650239 0.428554654
vn -0.49288407 0.664012611 0.562274456
vn -0.493301421 0.66383028 0.562123716
vn -0.569282472 0.422442764 0.705308139
vn -0.614245057 0.416391999 0.670313895
vn -0.646119714 0.146835178 0.748978436
vn -0.720139623 0.136597008 0.680250108
vn -0.718804598 0.144112989 0.680111349
vn -0.784793258 0.134269968 0.605038106
vn -0.59621954 0.145718887 0.78948611
vn -0.597514272 0.143966794 0.788828373
vn -0.568927526 0.421972007 0.705876112
vn -0.521730542 0.427069902 0.738517821
vn -0.452929616 0.668208003 0.590214252
vn -0.438259631 0.430405915 0.789100289
vn -0.457773507 0.151648015 0.876040101
vn -0.456508607 0.145327926 0.877769709
vn -0.380776137 0.676600575 0.630254865
vn -0.380774111 0.676592529 0.630264699
vn -0.452174336 0.669384897 0.5894593
vn -0.260080606 0.149564072 0.953933239
vn -0.348907918 0.437731832 0.828645945
vn -0.348627508 0.435308456 0.830039382
vn -0.251184165 0.44126904 0.861503422
vn -0.545209646 0.149934173 0.824782491
vn -0.546561897 0.142624795 0.825183749
vn -0.521680832 0.424568713 0.739993572
vn -0.438442677 0.433000624 0.787577629
vn -0.380737007 0.677091777 0.629750788
vn -0.303296298 0.683428347 0.66403091
vn -0.303304106 0.683414042 0.664042115
vn -0.218394965 0.688575506 0.691496491
vn -0.130675808 0.691831172 0.710136235
vn -0.130674213 0.691828489 0.710139096
vn -0.218567133 0.688209593 0.691806316
vn -0.0503863432 0.443307996 0.894952118
vn -0.0502640232 0.443770677 0.894729614
vn -0.0522883832 0.153335616 0.986789823
vn -0.155903339 0.151281908 0.976118803
vn -0.155353636 0.153795123 0.975813687
vn -0.260084569 0.149567366 0.953931689
vn -0.456510663 0.14533098 0.877768159
vn -0.362154275 0.153074265 0.919463158
vn -0.363254756 0.147531435 0.919935048
vn -0.260983497 0.153853089 0.953004122
vn -0.25086534 0.439080983 0.862713456
vn -0.150225013 0.443195403 0.883747876
vn -0.130592704 0.691402555 0.710568845
vn -0.0437488779 0.693111122 0.719501913
vn -0.0438012108 0.69296205 0.719642282
vn 0.0142503697 0.573928535 -0.818781376
vn 0.112121738 0.963491678 -0.243130714
vn 0.112125605 0.96349144 -0.243129849
vn 0.312366992 0.447291404 -0.838067591
vn 0.282940745 0.244923055 -0.927338779
vn 0.218618542 0.276899576 -0.935698986
vn 0.239294991 0.676424682 -0.696554065
vn 0.198626652 0.419048131 -0.885971844
vn 0.198639736 0.419047624 -0.885969162
vn 0.141726121 0.430175513 -0.89155072
vn 0.209982589 0.599255204 -0.772528648
vn 0.087730296 0.514014482 -0.853283346
vn 0.13826859 0.811304629 -0.56803751
vn 0.11976546 0.76508826 -0.632689655
vn 0.191581696 0.762758255 -0.617653906
vn 0.144863427 0.944214702 -0.295758724
vn 0.0900315866 0.61691463 -0.78186357
vn 0.0877243951 0.51401329 -0.853284717
vn 0.0457542278 0.514051855 -0.856537938
vn 0.0435343646 0.814154208 -0.579014361
vn 0.0361897051 0.825590551 -0.563107908
vn 0.0245000422 0.971579075 -0.235444039
vn 0.0152538866 0.964349926 -0.264190346
vn 0.0544701926 0.973580718 -0.221751064
vn 0.0767313465 0.972656548 -0.219206661
vn 0.0633636862 0.95436734 -0.291835696
vn 0.112126172 0.963491738 -0.243128359
vn 0.268153489 0.674169302 -0.68817836
vn 0.632062376 0.773421407 -0.0481299534
vn 0.0187583901 0.443791091 0.895933926
vn 0.0195072647 0.152671307 0.988084495
vn 0.0761614442 0.692827463 0.717070103
vn 0.0760880932 0.692528605 0.717366517
vn 0.0194368921 0.152788073 0.988067806
vn 0.090560168 0.152093142 0.984208584
vn 0.0908920839 0.153542876 0.98395288
vn 0.158527434 0.151885718 0.975602269
vn 0.159101918 0.152692869 0.975382745
vn 0.226390585 0.150221795 0.962382853
vn 0.133342206 0.691859305 0.709612966
vn 0.13319993 0.691939175 0.709561825
vn 0.133338556 0.692005038 0.709471524
vn 0.189598083 0.6895172 0.699012578
vn 0.189652011 0.689915597 0.698604703
vn 0.225621715 0.153827906 0.961993694
vn 0.225629747 0.153809175 0.961994767
vn 0.32472378 0.148440376 0.934087753
vn 0.420424491 0.15233992 0.894447207
vn 0.421630353 0.146135181 0.894914746
vn 0.325792521 0.153284714 0.932932496
vn 0.420417786 0.152350664 0.894448519
vn 0.478148878 0.147164986 0.865861475
vn 0.479433924 0.148730874 0.864882767
vn 0.533574522 0.143138632 0.833552361
vn 0.509074032 0.661796033 0.550335944
vn 0.443234771 0.669453144 0.596133709
vn 0.44307214 0.670479834 0.595099866
vn 0.398186535 0.675483286 0.620620489
vn 0.398293376 0.675625324 0.62039727
vn 0.351275802 0.679451287 0.644167125
vn 0.351337045 0.679474294 0.644109428
vn 0.351177037 0.679737091 0.643919408
vn 0.27227363 0.685597241 0.675147057
vn 0.272358358 0.685436845 0.675275683
vn 0.272355109 0.685440242 0.675273538
vn 0.616818607 0.147899374 0.773085117
vn 0.618193388 0.140302166 0.773402989
vn 0.534835994 0.150071487 0.831522107
vn 0.616818786 0.147899032 0.773085058
vn 0.693638027 0.137692347 0.707041144
vn 0.694531977 0.145016238 0.704695404
vn 0.733784497 0.139589489 0.664887309
vn 0.734785557 0.140442938 0.663600802
vn 0.772207677 0.134607226 0.620947838
vn 0.509084105 0.661789358 0.550334632
vn 0.510342062 0.659924567 0.551407754
vn 0.569065034 0.652142286 0.500874639
vn 0.570584714 0.650155663 0.50172776
vn 0.570419967 0.649553716 0.502693772
vn 0.6011917 0.64561075 0.470909029
vn 0.600899279 0.645324349 0.471674204
vn 0.62928921 0.640643835 0.43996653
vn 0.630291522 0.638284683 0.441956133
vn 0.77092135 0.141858533 0.620931864
vn 0.770918012 0.141866416 0.620934248
vn 0.830354273 0.132712275 0.541201711
vn 0.880050719 0.13710466 0.454657048
vn 0.881088257 0.131374553 0.454339266
vn 0.83062768 0.139086455 0.539177716
vn 0.709162474 0.624944925 0.326393098
vn 0.674098849 0.630250812 0.385194242
vn 0.673992693 0.630726099 0.384601653
vn 0.673166811 0.631723225 0.384411544
vn 0.673168838 0.631721258 0.384411216
vn 0.880054832 0.13709873 0.454650879
vn 0.908179998 0.133591086 0.396689475
vn 0.908426464 0.13507995 0.395619422
vn 0.931803346 0.131902918 0.338148147
vn 0.74171865 0.622233331 0.250357956
vn 0.726641595 0.62440455 0.286550075
vn 0.726445377 0.624289095 0.287298232
vn 0.727293432 0.62349391 0.286879092
vn 0.708765268 0.625640988 0.325922012
vn 0.959296525 0.137986153 0.246393934
vn 0.959985852 0.134246036 0.245774612
vn 0.931606591 0.136164188 0.336999178
vn 0.959296286 0.137986884 0.246394575
vn 0.978457451 0.139149725 0.152506843
vn 0.978012919 0.143082067 0.151717722
vn 0.985360444 0.145927608 0.0881472751
vn 0.987816036 0.153849602 0.0234478358
vn 0.988348722 0.150539756 0.0224642698
vn 0.985217929 0.147396907 0.087291196
vn 0.701325417 0.712787509 -0.0087527521
vn 0.703703582 0.708767474 0.0494967625
vn 0.73294872 0.677930355 0.0565382913
vn 0.731183589 0.676586807 0.0871830732
vn 0.739699781 0.66606319 0.0959379897
vn 0.736367404 0.664557397 0.126990318
vn 0.755418003 0.641131043 0.135257423
vn 0.744852722 0.640497088 0.186970294
vn 0.753944337 0.627977312 0.192905426
vn 0.755591452 0.627028525 0.18951714
vn 0.737740397 0.628279388 0.246990144
vn 0.987815678 0.153851762 0.0234494787
vn 0.984251738 0.160971522 -0.0730528012
vn 0.98391974 0.162867844 -0.0733215436
vn 0.970511138 0.171772793 -0.169122025
vn 0.970511377 0.171771541 -0.169121817
vn 0.701321721 0.712791204 -0.00874830037
vn 0.671327829 0.741112888 0.00840090681
vn 0.663752258 0.746453583 -0.0473285057
vn 0.623676896 0.777297974 -0.0826741382
vn 0.617400944 0.78357178 -0.0695078894
vn 0.614684939 0.784789026 -0.0791745931
vn 0.970511377 0.171771407 -0.16912213
vn 0.956115246 0.178852603 -0.232067585
vn 0.956283629 0.178341925 -0.231766596
vn 0.937712312 0.185349509 -0.29383865
vn 0.902950704 0.190189108 -0.385367513
vn 0.902911186 0.194481298 -0.383312345
vn 0.938345432 0.182519034 -0.293589294
vn 0.605154157 0.7881881 -0.11201781
vn 0.595908225 0.797157526 -0.0971247777
vn 0.580210507 0.808311164 -0.0999440476
vn 0.5653404 0.81330055 -0.137595132
vn 0.540560722 0.830765009 -0.132753998
vn 0.518419802 0.836990237 -0.175180569
vn 0.513142765 0.843026638 -0.161215931
vn 0.499859422 0.850963891 -0.161248431
vn 0.902951062 0.190190077 -0.385366231
vn 0.857934415 0.203297496 -0.471824825
vn 0.859468162 0.197222471 -0.471611917
vn 0.826376796 0.206289843 -0.5239712
vn 0.791784167 0.206300646 -0.574906826
vn 0.792506754 0.212915748 -0.571489215
vn 0.827641249 0.204506472 -0.522673011
vn 0.499861538 0.850962698 -0.161248088
vn 0.488585293 0.854049027 -0.17856288
vn 0.480444819 0.857990026 -0.181730136
vn 0.468028694 0.8609038 -0.199483857
vn 0.448635131 0.87300849 -0.19126609
vn 0.791783512 0.206299543 -0.574908137
vn 0.727493107 0.220655367 -0.649665296
vn 0.729655325 0.21290952 -0.649825037
vn 0.655458808 0.227531001 -0.720141232
vn 0.657681644 0.22087346 -0.720187366
vn 0.259732366 0.924373209 -0.279415905
vn 0.304020464 0.91837424 -0.253298908
vn 0.315376699 0.911932468 -0.262519896
vn 0.335441053 0.908878624 -0.247828513
vn 0.341587454 0.90685612 -0.246839926
vn 0.360151172 0.903473735 -0.232435763
vn 0.365765125 0.901879489 -0.22984609
vn 0.37013641 0.895736158 -0.246283993
vn 0.410126656 0.887915671 -0.208331302
vn 0.417759329 0.879701376 -0.227162153
vn 0.417759389 0.879701436 -0.22716184
vn 0.655856967 0.220036313 -0.722105026
vn 0.608935416 0.228444621 -0.759612203
vn 0.611006618 0.226699665 -0.758470953
vn 0.560003817 0.234733343 -0.794541359
vn 0.562274456 0.227374554 -0.795077503
vn 0.472856045 0.239843234 -0.847869337
vn 0.474963397 0.234301493 -0.848240912
vn 0.472999901 0.233539402 -0.849547207
vn 0.379597515 0.244063303 -0.892378211
vn 0.381445527 0.23856844 -0.893075824
vn 0.305934131 0.245380491 -0.919887364
vn 0.307493418 0.243034214 -0.919990301
vn 0.26896438 0.673394799 -0.68862009
vn 0.332919836 0.667340636 -0.66619885
vn 0.332561195 0.66559732 -0.668119192
vn 0.413595676 0.656487048 -0.630843341
vn 0.413352072 0.654299915 -0.633270621
vn 0.488512218 0.643865943 -0.588890851
vn 0.488479495 0.641081631 -0.591947734
vn 0.530672669 0.634760082 -0.561663747
vn 0.529724658 0.634306014 -0.56306982
vn 0.570095658 0.626782775 -0.531163096
vn 0.570513904 0.622927666 -0.535233617
vn 0.631586671 0.610945165 -0.477330387
vn 0.632535875 0.606156826 -0.482153744
vn 0.686288714 0.594166338 -0.419492751
vn 0.687984884 0.58814925 -0.42515561
vn 0.717874408 0.581246316 -0.383156717
vn 0.717218041 0.579952776 -0.386332899
vn 0.744777739 0.572233737 -0.343299717
vn 0.747730911 0.564271212 -0.349994898
vn 0.785458207 0.553290963 -0.27735275
vn 0.789673209 0.543423474 -0.284793168
vn 0.819973052 0.533230662 -0.208108693
vn 0.825864255 0.52070576 -0.216364712
vn 0.841963291 0.51477921 -0.161555618
vn 0.843497694 0.510360718 -0.16746223
vn 0.856671751 0.503784835 -0.110969871
vn 0.865219712 0.48683387 -0.119948342
vn 0.877171457 0.478937745 -0.0344794914
vn 0.887041032 0.459698647 -0.0428408831
vn 0.890259743 0.453407407 0.0431203172
vn 0.900492191 0.433348775 0.0363689326
vn 0.897368312 0.430673748 0.0961780399
vn 0.901027262 0.42407009 0.0911835507
vn 0.894568741 0.421311468 0.149142101
vn 0.902314067 0.405634791 0.14590998
vn 0.885807097 0.404669553 0.227130786
vn 0.890427887 0.395036757 0.226018026
vn 0.866043627 0.396686018 0.30431667
vn 0.868659616 0.391064197 0.304136932
vn 0.847881138 0.39404723 0.354717314
vn 0.848711133 0.39274177 0.35417977
vn 0.824267864 0.395616472 0.405055732
vn 0.825634778 0.392546088 0.405258954
vn 0.780926347 0.399349272 0.480285496
vn 0.781867445 0.397169054 0.48056224
vn 0.728536665 0.405378878 0.552179635
vn 0.729320526 0.40350017 0.552520812
vn 0.695024848 0.409074575 0.591268539
vn 0.6953758 0.408781558 0.591058493
vn 0.658295691 0.413644731 0.628923535
vn 0.6590662 0.411717176 0.62938118
vn 0.58782357 0.421184093 0.69070065
vn 0.58873409 0.418825448 0.691359103
vn 0.510287404 0.427984864 0.745946169
vn 0.511266708 0.425338715 0.746788681
vn 0.458408266 0.431089967 0.777189374
vn 0.4590756 0.430363476 0.777198076
vn 0.40373531 0.435029715 0.804827273
vn 0.404654652 0.432386279 0.805789471
vn 0.312633246 0.439235568 0.842218876
vn 0.313417315 0.436862499 0.843161166
vn 0.217563316 0.442057192 0.870202065
vn 0.218145147 0.44017607 0.871009588
vn 0.152962178 0.442883939 0.883434415
vn 0.153340384 0.442408651 0.88360697
vn 0.087372683 0.443704605 0.891903698
vn 0.0876088142 0.442849904 0.892305255
vn 0.0187863018 0.443833113 0.895912528
vn 0.0163217895 0.693529785 0.720243037
vn 0.0163215641 0.693530023 0.720242798
vn 0.25973317 0.924373627 -0.27941376
vn 0.258813649 0.928436935 -0.26649648
vn 0.20664829 0.93428719 -0.290523469
vn 0.207030132 0.937344909 -0.280219704
vn 0.203355148 0.937884212 -0.281104684
vn 0.167879447 0.941165388 -0.293298811
vn 0.16383639 0.942792118 -0.290345669
vn 0.0741857141 -0.808901608 0.583244979
vn 0.00517252227 -0.530163527 0.847879648
vn 0.013313218 -0.55031538 0.834850729
vn 0.0309593305 -0.539575338 0.8413679
vn 0.0353785791 -0.539374053 0.84132278
vn 0.0317256451 -0.576474488 0.816498995
vn 0.0546806902 -0.57457155 0.816625714
vn 0.0322273895 -0.602033734 0.797820032
vn 0.0165787078 -0.794709444 0.606763542
vn 0.0521246567 -0.793225825 0.606692493
vn 0.0488978364 -0.802289784 0.594928682
vn 0.052797351 -0.808968842 0.585475743
vn 0.0745566264 -0.807174802 0.585585356
vn 0.0773109943 -0.808610797 0.583242297
vn 0.011471957 -0.555542827 0.831408799
vn 0.0142131746 -0.783766866 0.620892525
vn 0.0165771749 -0.794707894 0.606765628
vn -0.0309221186 -0.537704051 0.842566431
vn -0.0309234969 -0.537703991 0.842566431
vn -0.0133379661 -0.552701354 0.833272636
vn -0.0118868286 -0.557197154 0.830295146
vn -0.00517252879 -0.530163527 0.847879648
vn -0.0412236638 -0.60127759 0.797976136
vn -0.0528358966 -0.810712397 0.583055556
vn -0.0526602641 -0.801241755 0.596018851
vn -0.0563278645 -0.810447454 0.583096981
vn -0.0170675553 -0.783731878 0.620864749
vn -0.0148190567 -0.792595983 0.609567046
vn -0.0171485208 -0.795330524 0.605933428
vn -0.0555319414 -0.79364723 0.605838478
vn 0.0987730622 -0.846152008 0.523708522
vn 0.0588683672 -0.702418387 0.709325731
vn 0.0789881051 -0.59756428 0.797920942
vn 0.0815919712 -0.808185875 0.583248079
vn 0.0745231062 -0.685802758 0.723961949
vn 0.068215467 -0.683337808 0.726908565
vn 0.0682166293 -0.683337688 0.726908624
vn 0.118223429 -0.843320131 0.524246514
vn 0.108911954 -0.851833463 0.512365043
vn 0.0932162032 -0.69634819 0.711624861
vn 0.0788916796 -0.701690137 0.708101034
vn 0.078160055 -0.701959968 0.70791471
vn 0.0987036601 -0.846160352 0.523708165
vn 0.0822466612 -0.818811715 0.568139791
vn 0.0943862721 -0.806848645 0.583169341
vn -0.0781640783 -0.701959312 0.707914889
vn -0.0788934305 -0.701689839 0.708101094
vn -0.0755670518 -0.702906787 0.707256436
vn -0.0748715028 -0.808837235 0.583246589
vn -0.0691550598 -0.706586957 0.704238892
vn -0.0865217522 -0.658788919 0.74733603
vn -0.0672947839 -0.661315858 0.747082829
vn -0.0786690488 -0.653724134 0.752632678
vn -0.0558989234 -0.599938154 0.798091173
vn -0.114349179 -0.850983679 0.512592435
vn -0.103666842 -0.846696973 0.521878719
vn -0.112138957 -0.835971594 0.53719306
vn -0.0765480474 -0.840399802 0.536533833
vn -0.0900081471 -0.807324171 0.583203375
vn -0.0900090113 -0.807323337 0.583204448
vn 0.135581672 -0.851459205 0.50659132
vn 0.172514498 -0.700832844 0.692150295
vn 0.133062378 -0.68802011 0.713388205
vn 0.133064389 -0.688019812 0.713388085
vn 0.166024089 -0.83850956 0.518977582
vn 0.177079394 -0.832862198 0.524388671
vn 0.116207615 -0.644049346 0.756105959
vn 0.157969579 -0.848071456 0.505786955
vn 0.164600804 -0.838763356 0.519020855
vn 0.125057191 -0.656969011 0.743473232
vn 0.126348168 -0.656748295 0.743449986
vn 0.150309458 -0.637187898 0.755909145
vn 0.135097012 -0.847498119 0.5133183
vn 0.132041454 -0.850867093 0.508517742
vn 0.109947078 -0.696458459 0.709124267
vn 0.111955926 -0.711041868 0.694179654
vn 0.0939758644 -0.699393809 0.708531499
vn -0.132585511 -0.685767829 0.715642035
vn -0.132563889 -0.685771048 0.715642989
vn -0.138803542 -0.849519074 0.508970439
vn -0.138803944 -0.849519253 0.508970082
vn -0.0939758644 -0.699393809 0.708531499
vn -0.116596133 -0.713978767 0.690390944
vn -0.113932356 -0.695735574 0.709204793
vn -0.136665091 -0.84721899 0.513364017
vn -0.161556676 -0.835979819 0.524439931
vn -0.173237368 -0.844180703 0.507294536
vn -0.120987773 -0.643138111 0.756131828
vn -0.137398794 -0.685511827 0.714979053
vn -0.150314376 -0.637186885 0.755909026
vn 0.181338996 -0.826347649 0.533165753
vn 0.210973382 -0.819308281 0.533126771
vn 0.127454862 -0.57546109 0.807836473
vn 0.179551944 -0.515757263 0.837708533
vn 0.153619483 -0.358172446 0.920930803
vn 0.0818436295 -0.365078628 0.927372217
vn 0.0818765387 -0.365070909 0.927372336
vn 0.204931617 -0.827573121 0.52261436
vn 0.14831464 -0.576872408 0.803256512
vn 0.146171719 -0.571034014 0.807808161
vn 0.14367272 -0.578094125 0.803221822
vn 0.074339278 -0.290285647 0.954048157
vn 0.135006726 -0.227904871 0.964278281
vn 0.134995937 -0.227930844 0.964273632
vn 0.18228288 -0.831768274 0.524341941
vn 0.185274258 -0.826217175 0.532013774
vn 0.13183929 -0.64101094 0.7561239
vn 0.121459775 -0.587747335 0.799875379
vn 0.18023248 -0.630509913 0.754965901
vn 0.456084192 0.358672708 0.814457536
vn 0.388641298 0.30362767 0.869924247
vn 0.334654629 0.219562307 0.91640532
vn 0.327380478 0.112756111 0.93814075
vn 0.327375621 0.112752207 0.938142896
vn 0.635524452 0.525124371 0.565997362
vn 0.578558862 0.43418473 0.690473199
vn 0.582404256 0.452019393 0.675635815
vn 0.456028104 0.358628631 0.814508379
vn 0.582765043 0.452279061 0.675150812
vn 0.582399607 0.452009171 0.675646663
vn 0.679107249 0.729719818 -0.0795128644
vn 0.676046848 0.726534605 -0.122915357
vn 0.684611976 0.722213268 0.0985619202
vn 0.709936261 0.668143511 0.22265403
vn 0.731491387 0.636525512 0.24444966
vn 0.452547342 0.575889289 0.68084681
vn 0.452555716 0.575898588 0.680833459
vn 0.739074886 0.627771735 0.244276345
vn 0.739074349 0.627771735 0.244278193
vn 0.739074111 0.627771556 0.244279161
vn 0.739074349 0.627771616 0.244278371
vn 0.739074349 0.627771556 0.244278535
vn 0.555174291 0.471566439 0.685132563
vn 0.701782882 0.604222536 0.377380341
vn -0.585200548 0.449059665 0.675193131
vn -0.43522799 0.356001705 0.826945841
vn -0.361072302 0.288820475 0.886684537
vn -0.361067951 0.288825959 0.886684537
vn -0.368998885 0.283155113 0.885247409
vn -0.317599088 0.172179803 0.932461739
vn -0.35619548 0.069950141 0.931789517
vn -0.356194526 0.0699408054 0.93179059
vn -0.709936261 0.668143511 0.22265403
vn -0.757059276 0.594168007 0.271708757
vn -0.684611976 0.722213268 0.0985619202
vn -0.679107249 0.729719818 -0.0795128644
vn -0.676046848 0.726534605 -0.122915357
vn -0.5951702 0.371337473 0.71265763
vn -0.452558458 0.575896084 0.680833697
vn -0.659666657 0.581879556 0.475663871
vn -0.617834806 0.52397126 0.586288571
vn -0.583552003 0.434587955 0.686003208
vn -0.570672274 0.466619283 0.675721586
vn -0.584841728 0.448787242 0.675684988
vn -0.584840715 0.448781163 0.675689876
vn -0.769207597 0.590257943 0.244775847
vn -0.769207537 0.590258241 0.244775295
vn -0.584847808 0.448788166 0.675679088
vn -0.769207299 0.590259492 0.244773045
vn -0.769207001 0.590259433 0.244774044
vn -0.727172196 0.641424417 0.244530827
vn -0.727171719 0.641424537 0.244531795
vn -0.617108166 0.748269141 0.243455842
vn -0.452555716 0.575898588 0.680833459
vn -0.13183929 -0.64101094 0.7561239
vn -0.109026097 -0.235301748 0.965787947
vn -0.10902904 -0.235323727 0.965782285
vn -0.160999686 -0.634874582 0.755654275
vn -0.129017889 -0.626515269 0.768656611
vn -0.152398303 -0.540653229 0.827326357
vn -0.121255502 -0.57687813 0.807780087
vn -0.0901862159 -0.430881947 0.897890389
vn -0.0931634381 -0.33761102 0.936663985
vn -0.14831464 -0.576872408 0.803256512
vn -0.146171719 -0.571034014 0.807808161
vn -0.14367272 -0.578094125 0.803221822
vn -0.0861823186 -0.339308679 0.936718881
vn -0.0856896266 -0.32677561 0.941209316
vn -0.18228288 -0.831768274 0.524341941
vn -0.185274258 -0.826217175 0.532013774
vn -0.181338996 -0.826347649 0.533165753
vn -0.203524023 -0.82115382 0.533183217
vn -0.212280661 -0.82568562 0.522666395
vn 0.73913753 0.187113851 0.647042572
vn 0.862812877 0.443919241 0.241846234
vn 0.863736033 0.443966538 0.238440201
vn 0.863818407 0.443293631 0.239391893
vn 0.865769863 0.449129283 0.220738471
vn 0.877436697 0.0340564176 0.478482008
vn 0.903045714 0.174693063 0.392416537
vn 0.923110366 0.000864745525 0.38453421
vn 0.921443701 -0.018873807 0.388053149
vn 0.916733384 0.00603253627 0.399453998
vn 0.831936121 -0.526084661 0.176400766
vn 0.831935704 -0.526085198 0.176401109
vn 0.862742782 -0.249506727 0.439796895
vn 0.763055861 -0.429763824 0.48275125
vn 0.916733325 0.00603415025 0.399454176
vn 0.420426905 -0.749829531 0.510878563
vn 0.359230071 -0.801777482 0.477605134
vn 0.276918024 -0.537248194 0.796668589
vn 0.276918024 -0.537248194 0.79666853
vn 0.336172283 -0.464721054 0.819159627
vn 0.220012695 -0.202318683 0.95428592
vn 0.21971041 -0.186087891 0.957652688
vn 0.309530139 -0.173002794 0.935019314
vn 0.739736557 0.186931491 0.646410465
vn 0.213812396 0.267457396 0.939548194
vn 0.218361229 -0.0474126004 0.974715531
vn 0.374714166 0.0415403247 0.926209331
vn 0.286983013 -0.0757512972 0.954935849
vn 0.437335193 -0.77414149 0.45764932
vn 0.630860567 -0.540058196 0.557092547
vn 0.620442927 -0.386980295 0.682126701
vn 0.620439887 -0.386985719 0.682126343
vn 0.620439887 -0.0381030254 0.783327818
vn 0.62044251 -0.0380987599 0.78332597
vn 0.620067179 0.321997583 0.715425968
vn 0.616688728 0.320152283 0.719164491
vn 0.620319247 0.399477959 0.67499733
vn 0.846021295 0.476601928 0.238953069
vn 0.856022418 0.456598461 0.242370471
vn 0.856022477 0.456598252 0.242370769
vn -0.862812877 0.443919241 0.241846234
vn -0.831935704 -0.526085198 0.176401109
vn -0.420426905 -0.749829531 0.510878563
vn -0.359230071 -0.801777482 0.477605134
vn -0.437335193 -0.77414149 0.45764932
vn -0.83193481 -0.526087463 0.176398471
vn -0.847462535 -0.261947513 0.461725861
vn -0.916733325 0.00603415025 0.399454176
vn -0.917845249 -0.019283168 0.396469802
vn -0.923109889 0.000858551066 0.384535342
vn -0.923097014 0.156401083 0.351326883
vn -0.87745142 0.0341112986 0.478451133
vn -0.856022477 0.456598252 0.242370769
vn -0.863736033 0.443966538 0.238440201
vn -0.862346292 0.454070538 0.224006236
vn -0.868526816 0.440256089 0.227674678
vn -0.877436697 0.0340564176 0.478482008
vn -0.856022418 0.456598461 0.242370471
vn -0.846021295 0.476601928 0.238953069
vn -0.620319247 0.399477959 0.67499733
vn -0.616688728 0.320152283 0.719164491
vn -0.657374144 0.342408508 0.671279073
vn -0.24699901 -0.142427981 0.958491385
vn -0.286983013 -0.0757512972 0.954935849
vn -0.309816182 -0.0461945012 0.949673653
vn -0.213813007 0.267445296 0.939551473
vn -0.213812396 0.267457396 0.939548194
vn -0.276918024 -0.537248194 0.796668589
vn -0.276918024 -0.537248194 0.79666853
vn -0.336172283 -0.464721054 0.819159627
vn -0.220012695 -0.202318683 0.95428592
vn -0.220013067 -0.202341452 0.954280972
vn -0.831936121 -0.526084661 0.176400766
vn -0.630860567 -0.540058196 0.557092547
vn -0.620443523 -0.386984289 0.682123899
vn -0.620440483 -0.386981249 0.68212837
vn -0.62043941 -0.0380988792 0.783328414
vn -0.620442033 -0.0381029435 0.783326149
vn -0.629171968 0.215854406 0.746692359
vn -0.739736557 0.186931491 0.646410465
vn 0.964544237 -0.0406697206 0.26076889
vn 0.0448021516 -0.922875583 0.382483244
vn 0.0500821248 -0.990193605 0.130416289
vn 0.452127159 -0.794874728 0.404666781
vn 0.452123284 -0.794874847 0.404670805
vn 0.452119917 -0.794876158 0.404671997
vn 0.79859972 -0.47131446 0.374300838
vn 0.964681447 -0.0408394486 0.260234177
vn 0.964675903 -0.0408888124 0.260247022
vn 0.910370231 0.402220577 0.0971837342
vn 0.79860127 -0.471312881 0.374299556
vn 0.474855006 -0.790545344 0.386717916
vn 0.461461723 -0.771775305 0.437511086
vn 0.512086034 -0.722824395 0.46399653
vn 0.512085736 -0.722824812 0.463996142
vn 0.496852756 -0.699169815 0.514100075
vn 0.516107321 -0.701987863 0.490760893
vn 0.482202768 -0.648507774 0.588997602
vn 0.482199162 -0.64850539 0.589003146
vn 0.495506942 -0.655557334 0.569839835
vn 0.924347997 0.365183264 0.110553101
vn 0.922705591 0.367756277 0.115627252
vn 0.923745692 0.368445903 0.104601592
vn 0.921145737 0.372423798 0.113097578
vn 0.91558975 0.391188741 0.0930955932
vn 0.914882064 0.39219144 0.095795162
vn 0.912392914 0.399548501 0.0888831094
vn 0.520709813 -0.618183136 0.58882159
vn 0.49905327 -0.579969049 0.643880248
vn 0.505112588 -0.589785576 0.630090654
vn 0.547017574 -0.541410863 0.638471603
vn 0.546702504 -0.540756524 0.639295518
vn 0.589463949 -0.491588593 0.640993714
vn 0.589464545 -0.491587311 0.640994132
vn 0.58813107 -0.48827225 0.644741833
vn 0.607786953 -0.485390455 0.628483176
vn 0.97982192 0.178982794 0.0889616534
vn 0.967874289 0.216243431 0.128289431
vn 0.967348516 0.233024433 0.0996816754
vn 0.954387188 0.265342683 0.136887968
vn 0.952561677 0.285617441 0.105114028
vn 0.938307941 0.315115362 0.142409563
vn 0.941523969 0.309153646 0.134002224
vn 0.932428956 0.341272771 0.118781947
vn 0.926665246 0.351437062 0.133354723
vn 0.629779637 -0.452925771 0.631059349
vn 0.627087116 -0.444812924 0.639455438
vn 0.638279378 -0.446216166 0.627288222
vn 0.672454476 -0.406716883 0.61837399
vn 0.671058238 -0.400666028 0.623816967
vn 0.69008857 -0.377789676 0.617294729
vn 0.690088272 -0.377790481 0.61729455
vn 0.687446833 -0.363145173 0.628921688
vn 0.706920743 -0.354491085 0.61204505
vn 0.704860389 -0.332448721 0.62661767
vn 0.70777756 -0.332597852 0.623241186
vn 0.99429065 -0.0623997301 0.0865585357
vn 0.993381023 -0.00975181349 0.114451155
vn 0.99663949 0.00121739437 0.081903711
vn 0.991701305 0.0539199375 0.11670959
vn 0.994157255 0.0685590878 0.0833730176
vn 0.987401426 0.108345062 0.115324609
vn 0.988790154 0.118028097 0.0914518535
vn 0.987673521 0.123763323 0.0958316699
vn 0.979703784 0.156455219 0.125308648
vn 0.712091625 -0.328304619 0.62059778
vn 0.711941838 -0.316314846 0.626963854
vn 0.706959188 -0.316946626 0.63226068
vn 0.707219243 -0.312869757 0.633997977
vn 0.701441765 -0.310081929 0.641738772
vn 0.994290471 -0.0624019876 0.0865591019
vn 0.990771115 -0.0791117176 0.110063188
vn 0.986838281 -0.137386858 0.0852942392
vn 0.690774262 -0.316648364 0.650049806
vn 0.690143585 -0.320846647 0.648659587
vn 0.666977584 -0.315731943 0.674873531
vn 0.663310111 -0.33129847 0.671014965
vn 0.621936858 -0.343891978 0.703514636
vn 0.646621406 -0.342464238 0.681614995
vn 0.652012765 -0.323441863 0.685758531
vn 0.937569141 -0.333504528 0.098685354
vn 0.955957651 -0.271170616 0.112300657
vn 0.956659615 -0.273183048 0.100863211
vn 0.969808996 -0.214942873 0.115195729
vn 0.969278276 -0.218848154 0.112272643
vn 0.973569751 -0.209344089 0.0913071185
vn 0.983440399 -0.141257972 0.11353945
vn 0.621937811 -0.343891591 0.70351404
vn 0.609050095 -0.376869351 0.697873533
vn 0.61013025 -0.372047573 0.699515343
vn 0.590457141 -0.370758623 0.716867089
vn 0.570197761 -0.410836726 0.711398423
vn 0.556003511 -0.399124324 0.729081511
vn 0.539005399 -0.426452547 0.726368606
vn 0.825608134 -0.552457929 0.114723213
vn 0.858511031 -0.498456508 0.120415807
vn 0.859259486 -0.500029087 0.107907638
vn 0.901664317 -0.415708214 0.119114123
vn 0.900994718 -0.417938143 0.116345204
vn 0.903963089 -0.414689273 0.104323976
vn 0.935647547 -0.332626492 0.117997006
vn 0.531996906 -0.427529573 0.730888307
vn 0.532009244 -0.427523345 0.730883002
vn 0.511816621 -0.456938505 0.727496386
vn 0.447276801 -0.479233652 0.755167902
vn 0.462922662 -0.48733744 0.74040854
vn 0.49958086 -0.443297774 0.744248629
vn 0.723924816 -0.680097163 0.115761183
vn 0.788479149 -0.602718353 0.122601837
vn 0.787719429 -0.604157925 0.120379716
vn 0.789860964 -0.60286814 0.112559542
vn 0.826205254 -0.550847709 0.11811731
vn 0.447276324 -0.479233563 0.755168259
vn 0.404680729 -0.520683229 0.751746297
vn 0.397235245 -0.507295907 0.76475811
vn 0.364880979 -0.533328414 0.763166249
vn 0.36577791 -0.529065609 0.765699744
vn 0.362642586 -0.530544996 0.766167283
vn 0.331582516 -0.553453088 0.764030576
vn 0.549531102 -0.826534629 0.121885411
vn 0.601941466 -0.78870374 0.124951467
vn 0.601174891 -0.789561093 0.123215318
vn 0.651173413 -0.748380244 0.12609601
vn 0.650217652 -0.74925226 0.1258495
vn 0.652020156 -0.748830199 0.118840471
vn 0.723880291 -0.678616881 0.124404445
vn 0.265985519 -0.56405437 0.781725228
vn 0.27406159 -0.57280463 0.772518694
vn 0.326769143 -0.541067779 0.77489841
vn 0.265984923 -0.564053953 0.781725764
vn 0.21070765 -0.589903235 0.779497564
vn 0.209100693 -0.579996467 0.787325203
vn 0.171377882 -0.593414664 0.786440492
vn 0.173134848 -0.592244387 0.786937654
vn 0.309441715 -0.94218266 0.128598884
vn 0.370104939 -0.919785976 0.130445644
vn 0.369649261 -0.920624316 0.125738785
vn 0.462600976 -0.877078414 0.129359305
vn 0.461767226 -0.87760067 0.128794789
vn 0.46308443 -0.877596557 0.124004535
vn 0.549842477 -0.825401783 0.128004327
vn 0.050260324 -0.990298331 0.129549623
vn 0.150369242 -0.979907691 0.131034225
vn 0.150016814 -0.980270028 0.128707573
vn 0.249201804 -0.959532082 0.131136119
vn 0.248587474 -0.959778547 0.130496785
vn 0.24940218 -0.959953308 0.127625257
vn 0.310119927 -0.941812873 0.129669458
vn 0.170686692 -0.591425896 0.788087189
vn 0.135560602 -0.602345824 0.786640227
vn 0.135377303 -0.595631957 0.791767359
vn 0.0784579143 -0.6075477 0.790398717
vn 0.0790957883 -0.606050193 0.791484058
vn 0.0778758377 -0.604049265 0.793132901
vn 0.025071267 -0.609535456 0.792362273
vn 0.0253242701 -0.60820055 0.793379366
vn 0.0360823423 -0.793496072 0.607504785
vn 0.109981298 -0.78582269 0.60859412
vn 0.111094773 -0.78794539 0.605640173
vn 0.185568631 -0.772372425 0.607457936
vn 0.187958404 -0.77593857 0.602155328
vn 0.233671486 -0.761949778 0.604011714
vn 0.23563765 -0.76264143 0.602372766
vn 0.281057954 -0.746236324 0.603438318
vn 0.285199374 -0.750953197 0.595592618
vn 0.356033355 -0.717770875 0.598368764
vn 0.361456275 -0.722740889 0.58906281
vn 0.428054571 -0.682732701 0.592153192
vn 0.434713691 -0.687636018 0.581533074
vn 0.473179698 -0.659486473 0.584104955
vn 0.47663635 -0.659509778 0.581261218
vn 0.513148487 -0.629851758 0.58306551
vn 0.52156806 -0.634428084 0.570497751
vn 0.57532239 -0.582002163 0.574697852
vn 0.585480988 -0.586077929 0.560111284
vn 0.631884813 -0.530498207 0.565060377
vn 0.643309891 -0.533544898 0.549073935
vn 0.668395102 -0.497221738 0.553189456
vn 0.673255682 -0.495729446 0.548615575
vn 0.694707274 -0.461045831 0.552103758
vn 0.707166255 -0.462124497 0.535123229
vn 0.734337151 -0.408174872 0.542348862
vn 0.748229444 -0.407416075 0.523607552
vn 0.76695466 -0.359258503 0.531708419
vn 0.783776343 -0.355793804 0.509023964
vn 0.792022407 -0.327319741 0.515327334
vn 0.802239239 -0.321138173 0.503271759
vn 0.806815445 -0.301453173 0.508109033
vn 0.824934006 -0.292534232 0.483640015
vn 0.82805562 -0.271421522 0.49056527
vn 0.841853976 -0.261430621 0.472160935
vn 0.842637479 -0.249067843 0.47741735
vn 0.850296497 -0.241464987 0.467643589
vn 0.850201547 -0.23422645 0.471482009
vn 0.85249877 -0.231440946 0.468701363
vn 0.852166474 -0.227922037 0.471024215
vn 0.849234283 -0.232217044 0.474211365
vn 0.848841012 -0.229985669 0.475999475
vn 0.843869507 -0.239271834 0.480242938
vn 0.842888832 -0.235056132 0.484032065
vn 0.82992965 -0.257729113 0.494765043
vn 0.827244222 -0.24951978 0.503395379
vn 0.815331101 -0.273714602 0.510211289
vn 0.810913384 -0.262636274 0.522916496
vn 0.797765493 -0.289538532 0.528902352
vn 0.795443356 -0.284720927 0.534980297
vn 0.782787323 -0.312103778 0.538363516
vn 0.795046091 -0.334228665 0.506155074
vn 0.785619736 -0.360190094 0.503055394
vn 0.80394733 -0.387789607 0.450874656
vn 0.80372715 -0.40052256 0.440004915
vn 0.812015533 -0.413622588 0.411760956
vn 0.795576513 -0.449819058 0.405858129
vn 0.806859791 -0.465543747 0.363656849
vn 0.801179528 -0.474651664 0.364440948
vn 0.0363016725 -0.792632937 0.608617485
vn 0.0446131043 -0.923323691 0.381422341
vn 0.134548917 -0.913998425 0.382757783
vn 0.135349452 -0.915043414 0.379968464
vn 0.224686727 -0.896367013 0.382154495
vn 0.226232991 -0.897973597 0.377441496
vn 0.280946583 -0.881491959 0.379527211
vn 0.282304853 -0.881673694 0.378094524
vn 0.336407304 -0.861864448 0.379499346
vn 0.338879853 -0.863825202 0.372782052
vn 0.422704548 -0.824561357 0.376057684
vn 0.425819695 -0.826505303 0.368193656
vn 0.504591525 -0.779181302 0.37183857
vn 0.50831902 -0.780967891 0.362906247
vn 0.554298759 -0.747608542 0.36583373
vn 0.556475043 -0.747161865 0.363434583
vn 0.600146711 -0.711385727 0.365724355
vn 0.604757607 -0.712832689 0.355158895
vn 0.669007361 -0.650166631 0.360156268
vn 0.674509943 -0.651166201 0.347877771
vn 0.730590165 -0.583984554 0.353836238
vn 0.736836433 -0.584293187 0.340108126
vn 0.767921269 -0.539650798 0.345070928
vn 0.770919204 -0.537943959 0.341027766
vn 0.797810137 -0.494091779 0.345502943
vn 0.804861963 -0.49308756 0.330245227
vn 0.839534521 -0.424226761 0.339431018
vn 0.847574294 -0.421773553 0.322063416
vn 0.872941375 -0.356491089 0.332997769
vn 0.882696569 -0.351671398 0.311727405
vn 0.895311415 -0.308591902 0.321229726
vn 0.901370764 -0.302494109 0.309884012
vn 0.90958482 -0.266651154 0.318673193
vn 0.92056185 -0.256925255 0.294202715
vn 0.926955044 -0.213707119 0.308356255
vn 0.936609149 -0.201802835 0.286424428
vn 0.938774586 -0.168023273 0.300783128
vn 0.946018934 -0.155848458 0.284182042
vn 0.945651591 -0.128177837 0.298853576
vn 0.951477528 -0.115753792 0.285116762
vn 0.949330747 -0.0928374827 0.300253838
vn 0.953302383 -0.0818249732 0.290721983
vn 0.950604677 -0.0662226677 0.303257883
vn 0.952184558 -0.0599459112 0.299584717
vn 0.948538899 -0.0444442146 0.313526213
vn 0.950034976 -0.0384041853 0.309771866
vn 0.944398642 -0.0210066196 0.328130901
vn 0.944821715 -0.0185767934 0.327057779
vn 0.938310742 -0.00227761501 0.345785767
vn 0.938800335 0.0010225852 0.344460219
vn 0.933255196 0.0125294514 0.358995438
vn 0.933628142 0.0159966964 0.357886344
vn 0.939383388 0.00553686032 0.342823863
vn 0.93936801 0.00494431052 0.342874974
vn 0.951741874 -0.0136237005 0.306597143
vn 0.952120602 -0.0154982712 0.30532968
vn 0.958359718 -0.0252940133 0.284441322
vn 0.958135962 -0.0311667584 0.284612238
vn 0.96466136 -0.0401509479 0.260415822
vn 0.964681327 -0.040842548 0.260234207
vn -0.036029458 -0.792641401 0.608622611
vn -0.910370231 0.402220577 0.0971837342
vn -0.964681447 -0.0408394486 0.260234177
vn -0.964675903 -0.0408888124 0.260247022
vn -0.912392914 0.399548501 0.0888831094
vn -0.801179528 -0.474651664 0.364440948
vn -0.964544237 -0.0406697206 0.26076889
vn -0.457044035 -0.80164659 0.385322571
vn -0.79860127 -0.471312881 0.374299556
vn -0.482203275 -0.648508549 0.588996291
vn -0.508693457 -0.690154612 0.514701486
vn -0.50428766 -0.710685492 0.490530431
vn -0.512085557 -0.722824514 0.463996887
vn -0.49366039 -0.750414312 0.439519942
vn -0.455153674 -0.762812614 0.459295183
vn -0.472189993 -0.786842525 0.397385746
vn -0.452122629 -0.794875145 0.404671043
vn -0.452127278 -0.794874907 0.404666334
vn -0.482193828 -0.648502529 0.589010656
vn -0.495506942 -0.655557334 0.569839835
vn -0.520709813 -0.618183136 0.58882159
vn -0.914882064 0.39219144 0.095795162
vn -0.913486421 0.394126475 0.101029024
vn -0.923636138 0.368616998 0.104965694
vn -0.921250522 0.37226665 0.112760738
vn -0.92531991 0.363629967 0.107500158
vn -0.921484947 0.369628459 0.119332872
vn -0.930022717 0.345600843 0.124971397
vn -0.932428956 0.341272771 0.118781947
vn -0.941523969 0.309153646 0.134002224
vn -0.499084204 -0.580022573 0.643808007
vn -0.505189598 -0.589728475 0.630082369
vn -0.547017395 -0.541410506 0.63847208
vn -0.541954994 -0.530980408 0.651417375
vn -0.57851994 -0.515714824 0.631943703
vn -0.589464784 -0.491587996 0.640993357
vn -0.6333763 -0.46410802 0.619223893
vn -0.588128209 -0.488272667 0.644744158
vn -0.58813107 -0.48827225 0.644741833
vn -0.938307941 0.315115362 0.142409563
vn -0.950107872 0.291114032 0.112016164
vn -0.957128167 0.259050399 0.129609421
vn -0.965400696 0.238351017 0.105783939
vn -0.970035672 0.210184723 0.121873528
vn -0.978360176 0.184131175 0.0943774357
vn -0.981374741 0.150245756 0.119707383
vn -0.987673521 0.123763323 0.0958316699
vn -0.988790154 0.118028097 0.0914518535
vn -0.704860389 -0.332448602 0.62661773
vn -0.706504285 -0.349596649 0.615332365
vn -0.688228846 -0.367355525 0.625612438
vn -0.690088332 -0.377791017 0.617294073
vn -0.686098337 -0.389185131 0.61465764
vn -0.669512033 -0.394154936 0.629599512
vn -0.674628973 -0.41650629 0.609424531
vn -0.627084494 -0.444812655 0.639458179
vn -0.627087116 -0.444812983 0.639455318
vn -0.987401426 0.108345062 0.115324609
vn -0.993415952 0.0738240778 0.0876055583
vn -0.99247843 0.0478159599 0.11269509
vn -0.996331334 0.00639861543 0.0853399262
vn -0.993655324 -0.0155814523 0.11138355
vn -0.99429065 -0.0623997301 0.0865585357
vn -0.993668377 -0.0694477782 0.0883187279
vn -0.704861879 -0.332448661 0.626616001
vn -0.712103188 -0.330180526 0.619588435
vn -0.711916864 -0.314964503 0.627671719
vn -0.707218826 -0.312870622 0.633998036
vn -0.707219183 -0.3128708 0.63399756
vn -0.706863701 -0.318389356 0.631642222
vn -0.990934253 -0.0736756623 0.11234431
vn -0.987312317 -0.132607549 0.0873474702
vn -0.98289758 -0.146219552 0.111947402
vn -0.973569751 -0.209344089 0.0913071185
vn -0.969278276 -0.218848154 0.112272643
vn -0.691405475 -0.312344581 0.651459336
vn -0.691093802 -0.314482749 0.650761068
vn -0.665522575 -0.32201013 0.673341811
vn -0.664966762 -0.324371845 0.672757089
vn -0.650115848 -0.330257684 0.684309304
vn -0.969808996 -0.214942873 0.115195729
vn -0.957640827 -0.269362479 0.10182301
vn -0.954966903 -0.274968386 0.111492589
vn -0.938611567 -0.3303473 0.0993933529
vn -0.644942701 -0.348176986 0.680310011
vn -0.631331205 -0.339732617 0.697138906
vn -0.621937096 -0.343893349 0.703513741
vn -0.901664793 -0.415706635 0.11911606
vn -0.902896702 -0.417112231 0.103898928
vn -0.934596479 -0.335741788 0.117502682
vn -0.609050095 -0.376869351 0.697873533
vn -0.61013025 -0.372047573 0.699515343
vn -0.590457141 -0.370758623 0.716867089
vn -0.572311997 -0.406798154 0.712021232
vn -0.553668261 -0.402959675 0.728748918
vn -0.901664317 -0.415708214 0.119114123
vn -0.86033076 -0.498124868 0.108178549
vn -0.857447684 -0.500328124 0.120229974
vn -0.82666713 -0.550834239 0.114904739
vn -0.788479805 -0.602717042 0.122603819
vn -0.788792968 -0.604295135 0.112396702
vn -0.825149655 -0.55246228 0.117955394
vn -0.536610484 -0.430196792 0.72593379
vn -0.536702216 -0.425137341 0.728840828
vn -0.532009244 -0.427523345 0.730883002
vn -0.514350533 -0.453330964 0.72796607
vn -0.49687162 -0.446672589 0.744044483
vn -0.788479149 -0.602718353 0.122601837
vn -0.724968851 -0.678964794 0.115874819
vn -0.722851694 -0.679726005 0.124329947
vn -0.652020156 -0.748830199 0.118840471
vn -0.650217652 -0.74925226 0.1258495
vn -0.460185409 -0.490491033 0.740032375
vn -0.455395132 -0.480844378 0.749268949
vn -0.447276324 -0.479233563 0.755168259
vn -0.407346308 -0.518183053 0.752034128
vn -0.394461632 -0.509584069 0.764672577
vn -0.364880979 -0.533328414 0.763166249
vn -0.36577791 -0.529065609 0.765699744
vn -0.362642586 -0.530544996 0.766167283
vn -0.334171861 -0.551588595 0.764250755
vn -0.324103802 -0.542740524 0.774847984
vn -0.651173413 -0.748380244 0.12609601
vn -0.60212636 -0.788826644 0.123273529
vn -0.600993097 -0.78943485 0.12489941
vn -0.550465763 -0.825903893 0.121943317
vn -0.548918903 -0.826022029 0.127967492
vn -0.46308443 -0.877596557 0.124004535
vn -0.461767226 -0.87760067 0.128794789
vn -0.271595895 -0.574221551 0.772337556
vn -0.271190971 -0.56764394 0.777326107
vn -0.265984923 -0.564053953 0.781725764
vn -0.212901458 -0.588925958 0.779640436
vn -0.206869245 -0.580819547 0.787307918
vn -0.462600976 -0.877078414 0.129359305
vn -0.370465368 -0.920291185 0.125775591
vn -0.369295806 -0.92011416 0.130424336
vn -0.310189813 -0.941933095 0.128624663
vn -0.249197274 -0.959533036 0.131137446
vn -0.248747036 -0.960126579 0.12760061
vn -0.309370995 -0.942062199 0.129647195
vn -0.171377882 -0.593414664 0.786440492
vn -0.173132658 -0.592245877 0.786937058
vn -0.170684204 -0.591427028 0.788086891
vn -0.137114942 -0.601881325 0.786726356
vn -0.133800864 -0.595990658 0.791765392
vn -0.249200061 -0.959531963 0.131140336
vn -0.150454044 -0.980200648 0.128725529
vn -0.149927482 -0.979976416 0.131026477
vn -0.0253236089 -0.608202875 0.793377578
vn -0.0250704437 -0.609538555 0.792359889
vn -0.0787417293 -0.603948057 0.793124497
vn -0.0784578919 -0.607548654 0.790398002
vn -0.0784583017 -0.6075477 0.790398717
vn -0.964544475 -0.0406685285 0.260768086
vn -0.964708924 -0.0402200222 0.260228753
vn -0.957650006 -0.0305321906 0.286311388
vn -0.958860755 -0.0261192564 0.282672733
vn -0.951582134 -0.0146905771 0.307043403
vn -0.952280879 -0.0144956149 0.304878742
vn -0.939292848 0.00504980097 0.343079358
vn -0.939457655 0.00539765134 0.342622578
vn -0.933934093 0.015456167 0.357110977
vn -0.932936192 0.0131700281 0.359800816
vn -0.939046144 0.00049500016 0.34379068
vn -0.938052297 -0.00166104012 0.346489698
vn -0.944987416 -0.0190128516 0.326553583
vn -0.944225967 -0.0205025338 0.328659326
vn -0.950304568 -0.0392881855 0.308832735
vn -0.948267937 -0.0433589853 0.314496279
vn -0.952525437 -0.0614933446 0.298184335
vn -0.950278997 -0.0644767284 0.304651648
vn -0.953655601 -0.0840483978 0.288923681
vn -0.949041784 -0.0902341232 0.301956117
vn -0.951704502 -0.118739143 0.283124566
vn -0.945543408 -0.124797061 0.300621539
vn -0.945996284 -0.159714535 0.28210339
vn -0.938952982 -0.163858965 0.302518576
vn -0.936216533 -0.206378922 0.284440368
vn -0.927535117 -0.208957955 0.30986321
vn -0.919698358 -0.261882246 0.292527944
vn -0.910613179 -0.261689991 0.319846779
vn -0.900162935 -0.307300508 0.308663338
vn -0.896581113 -0.303824246 0.322231442
vn -0.881430745 -0.355634689 0.310811609
vn -0.874295175 -0.352600187 0.333588094
vn -0.846239924 -0.424876153 0.321493745
vn -0.840921342 -0.421187848 0.339782506
vn -0.803437054 -0.495666683 0.329853714
vn -0.799265206 -0.491576165 0.345728189
vn -0.769423246 -0.540248573 0.340762854
vn -0.769422889 -0.53736496 0.345293134
vn -0.735277474 -0.58640784 0.339842379
vn -0.732159615 -0.581933916 0.353970736
vn -0.672901928 -0.65293467 0.347677052
vn -0.670616686 -0.64845556 0.360247999
vn -0.603213191 -0.714214444 0.355009317
vn -0.601689696 -0.710049748 0.365785271
vn -0.554968774 -0.748328745 0.36333698
vn -0.555804372 -0.746451974 0.365911126
vn -0.506838739 -0.78198123 0.362794548
vn -0.506068289 -0.778204143 0.371877939
vn -0.424413204 -0.827269018 0.368102401
vn -0.424106956 -0.823828161 0.376085669
vn -0.33761391 -0.864352107 0.372709364
vn -0.337670058 -0.861362636 0.379517257
vn -0.281171501 -0.882053971 0.378052056
vn -0.2820777 -0.881117761 0.379557192
vn -0.225285351 -0.898231506 0.377394557
vn -0.22562848 -0.896129608 0.382156432
vn -0.13477248 -0.91514039 0.379940003
vn -0.135121807 -0.913913667 0.382758349
vn -0.0448288247 -0.923309445 0.38143158
vn -0.0500905588 -0.990307927 0.129541904
vn -0.0502467789 -0.990184247 0.130424157
vn -0.04458059 -0.922885299 0.382485628
vn -0.03635047 -0.793474436 0.607517004
vn -0.110696591 -0.785725176 0.608590364
vn -0.110377595 -0.78807044 0.605608582
vn -0.186818391 -0.772068679 0.607460976
vn -0.186710015 -0.776291907 0.602088273
vn -0.235196918 -0.761447906 0.604052544
vn -0.234110251 -0.763158977 0.602312863
vn -0.282792628 -0.745570242 0.603451192
vn -0.283476561 -0.751693666 0.595481038
vn -0.357980609 -0.716780901 0.598393679
vn -0.359526545 -0.723816872 0.58892256
vn -0.430109262 -0.681406081 0.592192352
vn -0.432684422 -0.689058304 0.581362963
vn -0.475261778 -0.657896399 0.584207654
vn -0.474562377 -0.661125898 0.58112222
vn -0.515289068 -0.628039777 0.583132267
vn -0.519466519 -0.636350214 0.570274472
vn -0.57754606 -0.579689503 0.574804842
vn -0.583310544 -0.588517427 0.55981791
vn -0.634006143 -0.527788699 0.565221429
vn -0.641262829 -0.536385655 0.54870069
vn -0.670355797 -0.49425745 0.553473234
vn -0.671321213 -0.4987306 0.548265994
vn -0.696586072 -0.457877547 0.552373052
vn -0.705395579 -0.465412885 0.534610033
vn -0.736078024 -0.404468685 0.542765379
vn -0.746635914 -0.411237508 0.522894382
vn -0.768645704 -0.354573101 0.532411218
vn -0.782301664 -0.360605896 0.507905006
vn -0.793594956 -0.321549445 0.516539454
vn -0.800808847 -0.32697618 0.501788557
vn -0.808049917 -0.295846552 0.509441018
vn -0.824026346 -0.298170507 0.481741607
vn -0.82866919 -0.266887814 0.492014527
vn -0.841538489 -0.265817285 0.470270336
vn -0.842795134 -0.246235535 0.478606761
vn -0.850316942 -0.244099692 0.466236502
vn -0.850187421 -0.233417466 0.47190851
vn -0.852564394 -0.232155502 0.46822831
vn -0.852269232 -0.228993177 0.470318317
vn -0.849074006 -0.231302902 0.474944562
vn -0.849315941 -0.232685328 0.473835409
vn -0.843316734 -0.236881897 0.482393861
vn -0.843883514 -0.239332914 0.480187893
vn -0.828807354 -0.254256696 0.498429477
vn -0.828978837 -0.254783452 0.497874945
vn -0.813550711 -0.269184828 0.51543653
vn -0.813055098 -0.267940015 0.516865075
vn -0.79559058 -0.285023749 0.53459996
vn -0.798031747 -0.29009679 0.528194249
vn -0.78014046 -0.307551891 0.54478687
vn -0.798478007 -0.34078452 0.496284992
vn -0.78184402 -0.354854733 0.512638271
vn -0.807826281 -0.394089669 0.43830356
vn -0.799768388 -0.394556075 0.452433467
vn -0.815346062 -0.419166982 0.399386853
vn -0.79211396 -0.44524765 0.417504519
vn -0.806859791 -0.465543747 0.363656849
vn -0.79859972 -0.47131446 0.374300838
vn 0.899746835 0.432732314 0.0565545298
vn 0.645220578 0.763996303 0.000204566619
vn 0.656677604 0.754088104 0.0112118116
vn 0.667726517 0.744403601 -0.00213711057
vn 0.716974974 0.695433021 0.0481644422
vn 0.754808903 0.655943155 0.00146643224
vn 0.810177803 0.582421243 0.0663128495
vn 0.836531401 0.546316206 0.0418786667
vn 0.644998312 0.76418376 0.000567132316
vn 0.6583547 0.752588809 0.0133860037
vn 0.656172156 0.754421949 0.0168994702
vn 0.713049948 0.697057605 0.0753026083
vn 0.704327583 0.704362631 0.0882945433
vn 0.770083249 0.615915537 0.166192099
vn 0.762162447 0.623581111 0.173939481
vn 0.710141182 0.603332937 0.362889588
vn 0.66981262 0.676531315 0.306033283
vn 0.716374934 0.64797312 0.258723378
vn 0.65231508 0.735787868 0.181937382
vn 0.701399386 0.706472516 0.0945275649
vn 0.64641279 0.762036264 0.038095437
vn 0.657509804 0.753318131 0.0138816312
vn 0.644607544 0.764512241 0.00145598094
vn 0.654205143 0.606091857 0.452402741
vn 0.654202282 0.606094241 0.452403724
vn 0.69943136 0.572524428 0.427798539
vn 0.803442776 0.533237517 0.264834821
vn 0.816212058 0.519752383 0.252300084
vn 0.894595683 0.435846031 0.0986752361
vn 0.877341449 0.469225794 0.100494362
vn 0.640676439 0.52539283 0.559907198
vn 0.69720453 0.473150343 0.538548648
vn 0.832713366 0.430564284 0.348142058
vn 0.843500912 0.413816273 0.342435896
vn 0.950928509 0.289962709 0.107965648
vn 0.934699476 0.334489346 0.120223746
vn 0.588375032 0.434960753 0.681633294
vn 0.668632388 0.364143699 0.648328722
vn 0.840544164 0.320406258 0.436835617
vn 0.856879711 0.292605817 0.424427897
vn 0.979012012 0.152119979 0.135628089
vn 0.966586769 0.203252882 0.156199485
vn 0.592101395 0.37116605 0.715298295
vn 0.57775569 0.370323569 0.727364302
vn 0.584042192 0.283604443 0.760567725
vn 0.840104043 0.244028494 0.484432995
vn 0.846124828 0.193913147 0.496457875
vn 0.981714487 0.0889103115 0.168320075
vn 0.982519567 0.0728199258 0.171325743
vn 0.93915081 -0.246362984 0.239376381
vn 0.523606241 0.317093402 0.790751696
vn 0.576633751 0.223012 0.785976589
vn 0.826828361 0.181485713 0.532369971
vn 0.838841796 0.140603691 0.525904059
vn 0.98365593 0.0072655445 0.179911703
vn 0.981382728 0.0422438346 0.187359124
vn 0.462354988 0.226227582 0.857349932
vn 0.498794138 0.111942872 0.85946101
vn 0.800837934 0.0670225844 0.595118999
vn 0.807797372 0.0119611146 0.589338899
vn 0.971874356 -0.111594528 0.207380965
vn 0.973267913 -0.0891279429 0.211673647
vn 0.364567071 0.111828975 0.924437761
vn 0.400634319 -0.0250569079 0.915895343
vn 0.74328661 -0.073235549 0.664952278
vn 0.74764818 -0.150762662 0.646755576
vn 0.939125419 -0.246438816 0.239397898
vn 0.939142525 -0.246352419 0.239419788
vn 0.290909171 -0.0775517523 0.953602433
vn 0.291872799 -0.074384369 0.953560293
vn 0.674715102 -0.26424244 0.689155638
vn 0.677651167 -0.25568518 0.689502716
vn 0.888480723 -0.384359628 0.250738323
vn 0.892840862 -0.37330398 0.251951039
vn 0.257879347 -0.147756308 0.954812169
vn 0.257448643 -0.148966983 0.954740286
vn 0.642576158 -0.332015961 0.6905514
vn 0.641317427 -0.335193008 0.690186679
vn 0.865523636 -0.43267256 0.25231576
vn 0.863691807 -0.436759055 0.251551121
vn 0.822556496 -0.512077451 0.247340977
vn 0.613107383 -0.388958424 0.687612295
vn 0.233081028 -0.287547767 0.928972304
vn 0.21510525 -0.315090001 0.924363554
vn 0.252038658 -0.15913105 0.954543769
vn 0.582923949 -0.475187123 0.659087896
vn 0.548280835 -0.525626659 0.650465012
vn 0.533346772 -0.594772875 0.601486862
vn 0.471594781 -0.661122382 0.583537161
vn 0.455483824 -0.702001214 0.547474861
vn 0.204316318 -0.552373052 0.80817008
vn 0.204276875 -0.552408338 0.808155894
vn 0.229822069 -0.445209503 0.865430713
vn 0.170534015 -0.50240159 0.84765017
vn 0.224079236 -0.446706802 0.866164863
vn 0.815246522 -0.52671051 0.240726382
vn 0.740544796 -0.633214235 0.225018129
vn 0.740408838 -0.633478284 0.224722117
vn 0.629638195 -0.752448022 0.193333253
vn 0.636457562 -0.745552838 0.197668299
vn 0.626803219 -0.752851903 0.200827703
vn 0.505788863 -0.846384227 0.166767403
vn 0.186294973 -0.641414523 0.744232237
vn 0.20219925 -0.554071188 0.807539821
vn 0.372228533 -0.786699414 0.492493659
vn 0.371654183 -0.767274618 0.522649765
vn 0.396865338 -0.771575928 0.497160465
vn 0.512171984 -0.839147568 0.183060855
vn 0.346473366 -0.908335865 0.23426947
vn 0.220815361 -0.949542403 0.222732678
vn 0.220450684 -0.949706674 0.222393095
vn 0.108196639 -0.968897998 0.22255373
vn 0.108515687 -0.968825936 0.222712114
vn 0.157107472 -0.65686518 0.737458706
vn 0.157114506 -0.656864285 0.73745805
vn 0.281210601 -0.709674716 0.64597398
vn 0.147926778 -0.757442296 0.635923624
vn 0.165658057 -0.756904244 0.632181406
vn 0.149960652 -0.766873181 0.624033093
vn 0.0925962627 -0.775972247 0.623933494
vn 0.102779374 -0.770671725 0.628889143
vn 0.368543953 -0.917149425 0.151697949
vn 0.419736117 -0.877813816 0.230790913
vn 0.263396174 -0.843666375 0.467813581
vn 0.263397157 -0.843668044 0.467810005
vn 0.0550655164 -0.972607791 0.225836053
vn 0.0838153288 -0.769840658 0.632708728
vn 0.0579841919 -0.773151755 0.631564915
vn 0.0562459603 -0.972526908 0.225893289
vn 0.0380267538 -0.973105073 0.227201521
vn 0.0382401198 -0.973095179 0.227208033
vn 0.0793903694 -0.767642081 0.635942459
vn 0.0609641932 -0.770554543 0.634451807
vn 0.0497445762 -0.767860293 0.638683021
vn 0.0382363163 -0.973095536 0.227207005
vn 0.016279703 -0.878581345 0.477315187
vn 0.0177140739 -0.973261297 0.229016781
vn -0.0118139163 -0.986004889 0.166297451
vn -0.00868540071 -0.972867966 0.231197909
vn 0.0962122008 -0.767212987 0.634135246
vn 0.01767019 -0.674918056 0.737681091
vn 0.0714046285 -0.767768502 0.636736095
vn 0.0714037865 -0.767768204 0.636736572
vn 0.0572240613 -0.642718971 0.763961852
vn 0.0397903956 -0.67525202 0.736513019
vn 0.0378231704 -0.865985692 0.498636305
vn 0.0265110619 -0.878686249 0.476662993
vn 0.0143104754 -0.984797299 0.173116818
vn 0.0103086522 -0.986271739 0.164808467
vn 0.0329859108 -0.642751992 0.765363872
vn 0.00094653375 -0.980997801 0.194016665
vn 0.00136255799 -0.980657756 0.195725515
vn 0.00229409127 -0.833282828 0.55284214
vn 0.00352775981 -0.830383837 0.557180643
vn 0.00323991477 -0.560100973 0.828418016
vn 0.00526915118 -0.552869856 0.83325094
vn 0.00241805776 -0.981426299 0.191824317
vn 0.00345484936 -0.980997026 0.193991944
vn 0.00589740882 -0.836951554 0.547245264
vn 0.00896936096 -0.833281636 0.552775919
vn 0.00838298164 -0.569270611 0.822107434
vn 0.0134143075 -0.560099781 0.828316569
vn 0.032988131 -0.642753541 0.765362442
vn 0.00564857014 -0.984799325 0.173604131
vn 0.00828150753 -0.981412709 0.191730157
vn 0.0144264586 -0.865946293 0.499928862
vn 0.0214567874 -0.836884618 0.546958685
vn 0.0213522986 -0.574074984 0.818524241
vn 0.0315739289 -0.569176197 0.821609139
vn -0.000954872288 -0.980658233 0.195725605
vn -0.0023045314 -0.830386758 0.55718267
vn -0.00322764041 -0.552874684 0.833258152
vn -0.00135779881 -0.980998099 0.194012687
vn -0.00244550919 -0.980998099 0.194002032
vn -0.00343883201 -0.981426358 0.191808388
vn -0.00529949553 -0.560105383 0.828404427
vn -0.0083470149 -0.560107589 0.828377783
vn -0.0135081448 -0.569276154 0.822035432
vn -0.00623943005 -0.981421292 0.191763699
vn -0.00790301897 -0.984805942 0.173478559
vn -0.0144265173 -0.865944505 0.499931931
vn -0.00352812512 -0.833285451 0.552831769
vn -0.00593309663 -0.833286822 0.552809119
vn -0.0089682322 -0.836954355 0.54719919
vn -0.0183817409 -0.836913884 0.5470258
vn -0.0212097242 -0.866008461 0.49957934
vn -0.0216516927 -0.642637491 0.765864372
vn -0.0315776393 -0.569175303 0.821609616
vn -0.0315763913 -0.569176137 0.82160908
vn -0.0189923849 -0.969199538 0.245543465
vn -0.0279532541 -0.973230183 0.228126302
vn -0.0412472039 -0.741614342 0.669557214
vn -0.0714025199 -0.767767847 0.636737108
vn -0.0702104941 -0.733880758 0.675640106
vn -0.0596248433 -0.734021127 0.676504135
vn 0.0182948802 -0.641575098 0.766842008
vn -0.0108406432 -0.984807014 0.173313603
vn 0.0159260258 -0.968672574 0.247830182
vn -0.0492984094 -0.865829349 0.497904778
vn -0.0492982529 -0.865832865 0.497898757
vn -0.0795094222 -0.7700001 0.63307035
vn -0.0497134626 -0.767860889 0.63868475
vn -0.0381962098 -0.973100483 0.227192655
vn -0.0380104892 -0.973099411 0.227228358
vn -0.0839837641 -0.771903396 0.63016814
vn -0.0579512864 -0.770611048 0.634665489
vn -0.0562278442 -0.972555399 0.225775138
vn -0.0550443381 -0.972574651 0.225983799
vn -0.103247598 -0.774484098 0.624110818
vn -0.0921704024 -0.771400988 0.62963891
vn -0.346473366 -0.908335865 0.23426947
vn -0.220428705 -0.949641824 0.222691759
vn -0.220855683 -0.949613988 0.222387224
vn -0.108517572 -0.968861282 0.222557351
vn -0.108199283 -0.968856633 0.222732559
vn -0.346553236 -0.908366144 0.234033674
vn -0.346698642 -0.90825206 0.23426117
vn -0.346799701 -0.908257782 0.23408924
vn -0.22293061 -0.692829132 0.68577677
vn -0.149961382 -0.766873062 0.624033093
vn -0.164677948 -0.753206789 0.636836469
vn -0.147911385 -0.757446885 0.635921717
vn -0.220308945 -0.733537614 0.642951429
vn -0.177924022 -0.716065705 0.67497623
vn -0.215095103 -0.508278906 0.833898485
vn -0.682773709 -0.700651407 0.207141683
vn -0.195655048 -0.613411188 0.765144289
vn -0.160874367 -0.63462317 0.755892098
vn -0.422880262 -0.870659232 0.251246393
vn -0.625376761 -0.752518713 0.20644483
vn -0.604041278 -0.743606567 0.286676437
vn -0.259161115 -0.842790186 0.471741676
vn -0.398204535 -0.58019501 0.710497677
vn -0.3982054 -0.580196381 0.710496068
vn -0.161231041 -0.555758834 0.815559089
vn -0.223837703 -0.530401468 0.817661881
vn -0.392675728 -0.74405843 0.540539384
vn -0.433456182 -0.738270819 0.516790092
vn -0.563730478 -0.806458712 0.178416118
vn -0.549594641 -0.813904226 0.188429385
vn -0.170474872 -0.447146863 0.87806493
vn -0.260891676 -0.407439262 0.875173569
vn -0.475684583 -0.63875252 0.604747355
vn -0.530380905 -0.617600858 0.580745459
vn -0.686088681 -0.695857227 0.21228534
vn -0.680962026 -0.700915158 0.212152585
vn -0.170916945 -0.307054341 0.9362185
vn -0.308737099 -0.266572505 0.913028181
vn -0.545885146 -0.499047369 0.67302388
vn -0.616568446 -0.456326336 0.641568065
vn -0.788782179 -0.564729571 0.242699757
vn -0.796574831 -0.556282938 0.236680895
vn -0.258003592 -0.147817135 0.954769194
vn -0.257297605 -0.148893982 0.95479238
vn -0.642854452 -0.332145184 0.690230191
vn -0.641074181 -0.335081607 0.690466642
vn -0.865719259 -0.432745546 0.251518309
vn -0.863552868 -0.436707526 0.252116978
vn -0.290585488 -0.0774032846 0.953713179
vn -0.292262405 -0.0745693371 0.95342648
vn -0.673999071 -0.263866037 0.689999998
vn -0.678271413 -0.256021947 0.688767493
vn -0.888043165 -0.384004205 0.252824217
vn -0.893150985 -0.373558462 0.250470281
vn -0.506913483 0.303166449 0.806925535
vn -0.921860635 -0.301364362 0.243623704
vn -0.380191714 0.0685017928 0.922367454
vn -0.296266556 -0.0640180483 0.952957392
vn -0.739798963 -0.127338484 0.660668194
vn -0.699990153 -0.202182695 0.684935033
vn -0.924379885 -0.293792844 0.243326083
vn -0.921562016 -0.300943255 0.24526833
vn -0.490262598 0.17440705 0.853946567
vn -0.376954585 0.0584686771 0.924384475
vn -0.800389409 -0.000440733274 0.599480271
vn -0.761871636 -0.0513431989 0.645689905
vn -0.957681537 -0.17180112 0.230933756
vn -0.961650372 -0.163062692 0.220542893
vn -0.579059362 0.307369083 0.755125463
vn -0.510217488 0.211713806 0.833579838
vn -0.839903295 0.16084297 0.518355072
vn -0.81929338 0.131232709 0.558154345
vn -0.978725672 -0.00257619563 0.205157205
vn -0.984516203 0.0137734413 0.174751505
vn -0.57775569 0.370323569 0.727364302
vn -0.592101395 0.37116605 0.715298295
vn -0.584042192 0.283604443 0.760567725
vn -0.845965385 0.242289513 0.475014091
vn -0.840818226 0.19639805 0.504432857
vn -0.982429028 0.0877355859 0.164729163
vn -0.981879413 0.0741294473 0.174406692
vn -0.644998312 0.76418376 0.000567132316
vn -0.657916427 0.752979398 0.0129606202
vn -0.656187654 0.754408181 0.0169145074
vn -0.711211026 0.699146032 0.0733059198
vn -0.704728723 0.703906238 0.0887322053
vn -0.767521739 0.619985461 0.162875488
vn -0.76384002 0.620909095 0.176126048
vn -0.819301069 0.568002462 0.0782242194
vn -0.753178298 0.65781635 -0.000287862844
vn -0.724454284 0.687021792 0.0562768467
vn -0.667660236 0.744462848 -0.00220157951
vn -0.658563554 0.752412081 0.0130448109
vn -0.645220578 0.763996303 0.000204566619
vn -0.654209077 0.606089532 0.452400267
vn -0.654202282 0.606094241 0.452403724
vn -0.654205143 0.606091857 0.452402741
vn -0.877341926 0.469224989 0.100494318
vn -0.877341449 0.469225794 0.100494362
vn -0.830514729 0.555946708 0.0341830067
vn -0.68273747 0.526322246 0.506808102
vn -0.651084602 0.480453551 0.587582529
vn -0.840151489 0.426824033 0.334614307
vn -0.835476518 0.419729292 0.354691893
vn -0.8423599 0.302614689 0.44593063
vn -0.854554832 0.314545184 0.413276374
vn -0.592026412 0.373338759 0.714228868
vn -0.65891856 0.43835184 0.611288846
vn -0.644607544 0.764512241 0.00145598094
vn -0.654800832 0.755717754 0.0112496531
vn -0.64650768 0.761951089 0.0381880775
vn -0.690158844 0.718939662 0.0825017095
vn -0.654694319 0.733002722 0.184613958
vn -0.701956153 0.670400083 0.24046056
vn -0.678926528 0.661604106 0.31833756
vn -0.727348626 0.564993441 0.389546394
vn -0.812774122 0.527773917 0.246683747
vn -0.805744648 0.527826309 0.268653989
vn -0.906459093 0.416920722 0.0671492964
vn -0.941874683 0.306566536 0.137437508
vn -0.944808722 0.313779026 0.0942292437
vn -0.969875395 0.171074077 0.17342256
vn -0.976073265 0.179281443 0.123041362
vn 0.993936419 0.0201374702 0.108096778
vn 0.947461009 0.0201376099 0.319236845
vn 0.963550031 0 0.267528236
vn 0.986826599 0 0.161781594
vn 0.856683552 0.0201374106 0.515449107
vn 0.88351202 0 0.468408495
vn 0.928976595 0 0.370138407
vn 0.7258479 0.0201372225 0.68756038
vn 0.762161195 0 0.647387266
vn 0.82768935 0 0.561186552
vn 0.561073661 0.0201375 0.827520907
vn 0.605174482 0 0.796092868
vn 0.687699676 0 0.725995302
vn 0.370062619 0.0201375857 0.928788543
vn 0.419888794 0 0.907575548
vn 0.515554309 0 0.856856883
vn 0.161749586 0.0201374218 0.986626327
vn 0.214970544 0 0.976620555
vn 0.31930089 0 0.947653413
vn -0.0541282743 0.0201376565 0.998330891
vn 0.108119704 0 0.994137883
vn -0.267473817 0.0201373845 0.963354707
vn -0.214970544 0 0.976620555
vn -0.108119704 0 0.994137883
vn -0.468313545 0.0201376937 0.883332849
vn -0.419888794 0 0.907575548
vn -0.31930089 0 0.947653413
vn -0.647255242 0.0201375149 0.762007296
vn -0.605174482 0 0.796092868
vn -0.515554309 0 0.856856883
vn -0.795931399 0.0201378781 0.605051756
vn -0.762161195 0 0.647387266
vn -0.687699676 0 0.725995302
vn -0.90739131 0.020137487 0.419804096
vn -0.88351202 0 0.468408495
vn -0.82768935 0 0.561186552
vn -0.976422548 0.0201375764 0.214926645
vn -0.963550031 0 0.267528236
vn -0.928976595 0 0.370138407
vn -0.999797225 0.0201375131 5.20414859e-34
vn -0.998533428 0 0.0541388057
vn -0.986826599 0 0.161781594
vn -0.976422548 0.0201375764 -0.214926645
vn -0.986826599 0 -0.161781594
vn -0.998533428 0 -0.0541388057
vn -0.907391191 0.0201376099 -0.419804394
vn -0.928976595 0 -0.370138407
vn -0.963550031 0 -0.267528236
vn -0.795931697 0.020137703 -0.605051398
vn -0.82768935 0 -0.561186552
vn -0.883511662 0 -0.468409121
vn -0.647255242 0.0201370716 -0.762007296
vn -0.687698841 0 -0.725996077
vn -0.762161851 0 -0.647386491
vn -0.468312949 0.0201379508 -0.883333147
vn -0.515554309 0 -0.856856883
vn -0.605175495 0 -0.796092093
vn -0.267474562 0.0201371033 -0.963354468
vn -0.31930089 0 -0.947653413
vn -0.419887513 0 -0.907576144
vn -0.0541274957 0.0201373678 -0.998330951
vn -0.108118154 0 -0.994138062
vn -0.214972034 0 -0.976620197
vn 0.161749586 0.0201379955 -0.986626327
vn 0.108118154 0 -0.994138062
vn 0 0 -1
vn 0.370061964 0.0201373156 -0.928788781
vn 0.31930089 0 -0.947653413
vn 0.214972034 0 -0.976620197
vn 0.561074197 0.0201377403 -0.827520549
vn 0.515554309 0 -0.856856883
vn 0.419887513 0 -0.907576144
vn 0.7258479 0.020137623 -0.68756038
vn 0.687698841 0 -0.725996077
vn 0.605175495 0 -0.796092093
vn 0.856683373 0.0201372597 -0.515449464
vn 0.82768935 0 -0.561186552
vn 0.762161851 0 -0.647386491
vn 0.947461009 0.0201376099 -0.319236845
vn 0.928976595 0 -0.370138407
vn 0.883511662 0 -0.468409121
vn 0.998533428 0 0.0541388057
vn 0.998533428 0 -0.0541388057
vn 0.993936419 0.0201374702 -0.108096778
vn 0.986826599 0 -0.161781594
vn 0.963550031 0 -0.267528236
vn -0.993936419 0.108096763 0.0201374236
vn -0.947460949 0.319236994 0.0201375764
vn -0.963549972 0.267528415 5.22107571e-34
vn -0.986826599 0.1617814 5.2436452e-34
vn -0.856683493 0.515449166 0.0201375224
vn -0.88351208 0.468408316 4.96528814e-34
vn -0.928976595 0.370138466 5.10070509e-34
vn -0.725848198 0.687560081 0.0201374739
vn -0.762161851 0.647386491 4.48380565e-34
vn -0.827689111 0.56118691 4.78473221e-34
vn -0.561073363 0.827521086 0.0201376211
vn -0.605174482 0.796092868 3.79167458e-34
vn -0.687699437 0.725995481 4.1828791e-34
vn -0.370062977 0.928788424 0.0201374516
vn -0.419888794 0.907575548 2.88889492e-34
vn -0.515553772 0.85685724 3.3703774e-34
vn -0.161749199 0.986626387 0.0201375652
vn -0.214970544 0.976620555 1.98611526e-34
vn -0.319301605 0.947653174 2.46759774e-34
vn 0.0541278832 0.998330951 0.0201375131
vn -0.108118929 0.994137943 1.44444746e-34
vn 0.267474174 0.963354588 0.0201375242
vn 0.214970544 0.976620555 -3.00926554e-35
vn 0.108118929 0.994137943 2.40741243e-35
vn 0.468313247 0.883332968 0.0201375652
vn 0.419888794 0.907575548 -1.44444746e-34
vn 0.319301605 0.947653174 -9.02779661e-35
vn 0.647255123 0.762007415 0.0201374609
vn 0.605174482 0.796092868 -2.46759774e-34
vn 0.515553772 0.85685724 -1.92592994e-34
vn 0.795931578 0.605051577 0.0201376155
vn 0.762161851 0.647386491 -3.40047006e-34
vn 0.687699437 0.725995481 -2.97917288e-34
vn 0.90739131 0.419804066 0.0201374423
vn 0.88351208 0.468408316 -4.21297175e-34
vn 0.827689111 0.56118691 -3.79167458e-34
vn 0.976422548 0.2149266 0.0201376583
vn 0.963549972 0.267528415 -4.76968588e-34
vn 0.928976595 0.370138466 -4.48380565e-34
vn 0.999797225 0 0.0201375131
vn 0.998533428 0.0541388653 -5.13455932e-34
vn 0.986826599 0.1617814 -4.98785763e-34
vn 0.976422548 -0.2149266 0.0201376583
vn 0.986826599 -0.1617814 -5.2436452e-34
vn 0.998533428 -0.0541388653 -5.20602938e-34
vn 0.90739131 -0.419804066 0.0201374423
vn 0.928976595 -0.370138466 -5.13079774e-34
vn 0.963549972 -0.267528415 -5.22107571e-34
vn 0.795931578 -0.605051577 0.0201376155
vn 0.827689111 -0.56118691 -4.78473221e-34
vn 0.88351208 -0.468408316 -4.96528814e-34
vn 0.647255123 -0.762007415 0.0201374609
vn 0.687699437 -0.725995481 -4.1828791e-34
vn 0.762161851 -0.647386491 -4.48380565e-34
vn 0.468313247 -0.883332968 0.0201375652
vn 0.515553772 -0.85685724 -3.3703774e-34
vn 0.605174482 -0.796092868 -3.79167458e-34
vn 0.267474174 -0.963354588 0.0201375242
vn 0.319301605 -0.947653174 -2.46759774e-34
vn 0.419888794 -0.907575548 -2.88889492e-34
vn 0.0541278832 -0.998330951 0.0201375131
vn 0.108118929 -0.994137943 -1.44444746e-34
vn 0.214970544 -0.976620555 -1.98611526e-34
vn -0.161749199 -0.986626387 0.0201375652
vn -0.108118929 -0.994137943 -2.40741243e-35
vn -0.370062977 -0.928788424 0.0201374516
vn -0.319301605 -0.947653174 9.02779661e-35
vn -0.214970544 -0.976620555 3.00926554e-35
vn -0.561073363 -0.827521086 0.0201376211
vn -0.515553772 -0.85685724 1.92592994e-34
vn -0.419888794 -0.907575548 1.44444746e-34
vn -0.725848198 -0.687560081 0.0201374739
vn -0.687699437 -0.725995481 2.97917288e-34
vn -0.605174482 -0.796092868 2.46759774e-34
vn -0.856683493 -0.515449166 0.0201375224
vn -0.827689111 -0.56118691 3.79167458e-34
vn -0.762161851 -0.647386491 3.40047006e-34
vn -0.947460949 -0.319236994 0.0201375764
vn -0.928976595 -0.370138466 4.453713e-34
vn -0.88351208 -0.468408316 4.21297175e-34
vn -0.998533428 0.0541388653 5.19474464e-34
vn -0.998533428 -0.0541388653 5.09694351e-34
vn -0.993936419 -0.108096763 0.0201374236
vn -0.986826599 -0.1617814 4.98785763e-34
vn -0.963549972 -0.267528415 4.76968588e-34
vn -0.705160975 0.705163062 -0.0741153732
vn -0.6743415 0.705163717 -0.219106525
vn -0.674343586 0.705161452 -0.219107494
vn -0.614053011 0.705160737 -0.354523927
vn -0.614053726 0.705159903 -0.354524434
vn -0.5269261 0.705159426 -0.474446088
vn -0.526924253 0.705162168 -0.474443972
vn -0.416766435 0.705162287 -0.573630512
vn -0.416765869 0.705163419 -0.573629498
vn -0.288394511 0.705163658 -0.647744417
vn -0.288393974 0.705165386 -0.647742748
vn -0.147418454 0.705165625 -0.693548322
vn -0.147418559 0.705164313 -0.693549633
vn -3.97909909e-40 0.705164373 -0.70904392
vn 0.147418723 0.705164313 -0.693549573
vn 0.14741829 0.705165625 -0.693548322
vn 0.288393795 0.705165386 -0.647742808
vn 0.28839469 0.705163658 -0.647744358
vn 0.416765749 0.705163419 -0.573629558
vn 0.416766554 0.705162287 -0.573630393
vn 0.526924014 0.705162227 -0.474444211
vn 0.526926339 0.705159426 -0.47444582
vn 0.614053786 0.705159903 -0.354524344
vn 0.614052951 0.705160737 -0.354524016
vn 0.674343646 0.705161452 -0.219107226
vn 0.67434144 0.705163717 -0.219106808
vn 0.705160916 0.705163062 -0.0741155744
vn 0.705162525 0.705161452 -0.0741155446
vn 0.705162525 0.705161452 0.0741156861
vn 0.705161393 0.705162585 0.0741154253
vn 0.674342752 0.705162346 0.219107106
vn 0.674342334 0.705162823 0.219106913
vn 0.614051223 0.705163002 0.354522586
vn 0.614051938 0.705162108 0.354523122
vn 0.526923656 0.705162346 0.474444389
vn 0.526923776 0.705162227 0.474444509
vn 0.416766793 0.705162287 0.573630214
vn 0.416766256 0.70516336 0.57362926
vn 0.288394511 0.705163658 0.647744417
vn 0.288395166 0.705161393 0.647746623
vn 0.147418827 0.705161273 0.693552673
vn 0.147418559 0.705164313 0.693549633
vn -3.97909909e-40 0.705164373 0.70904392
vn -0.147418186 0.705164313 0.693549693
vn -0.147419184 0.705161273 0.693552554
vn -0.288395435 0.705161333 0.647746503
vn -0.288394243 0.705163598 0.647744536
vn -0.416766137 0.70516336 0.57362932
vn -0.416766882 0.705162287 0.573630095
vn -0.526923776 0.705162227 0.474444479
vn -0.526923656 0.705162346 0.474444419
vn -0.614051998 0.705162048 0.354523033
vn -0.614051163 0.705162942 0.354522675
vn -0.674342334 0.705162823 0.219106972
vn -0.674342752 0.705162346 0.219107062
vn -0.705161393 0.705162585 0.0741155669
vn -0.705162525 0.705161452 0.0741155446
vn -0.705162525 0.705161452 -0.0741157457
vn 0.25879994 0.965829015 -0.0140318535
vn 0.258786917 0.965832531 -0.0140308542
vn 0.255751312 0.965832949 -0.0419282243
vn 0.255764186 0.965829432 -0.0419306308
vn 0.249733806 0.965828776 -0.0693383589
vn 0.24972941 0.965830028 -0.0693370327
vn 0.240768045 0.965830266 -0.0959306806
vn 0.240769759 0.96582973 -0.0959314108
vn 0.228985637 0.965829968 -0.121400408
vn 0.228982389 0.965830982 -0.121398598
vn 0.214513958 0.965831161 -0.145444095
vn 0.21450384 0.965834439 -0.145436898
vn 0.197520062 0.965835094 -0.167774901
vn 0.197536036 0.965829372 -0.167789102
vn 0.178237051 0.965829313 -0.188162804
vn 0.178231314 0.965831637 -0.188156486
vn 0.156842753 0.965831816 -0.206323236
vn 0.156837165 0.965834379 -0.206315547
vn 0.133610934 0.965834558 -0.22206232
vn 0.133620471 0.965829432 -0.222079009
vn 0.108825974 0.965829313 -0.235224783
vn 0.108814418 0.965837061 -0.235198244
vn 0.0827473104 0.9658373 -0.245583355
vn 0.0827579722 0.965827703 -0.245617524
vn 0.0557166189 0.965827644 -0.253125668
vn 0.0557111278 0.965835273 -0.253097743
vn 0.028019866 0.965835333 -0.257637233
vn 0.0280216038 0.965829909 -0.257657409
vn -5.44997203e-40 0.965829909 -0.259176731
vn -0.0280220564 0.965829909 -0.257657379
vn -0.0280194171 0.965835333 -0.257637292
vn -0.0557104982 0.965835273 -0.253097832
vn -0.0557172373 0.965827644 -0.253125489
vn -0.082758747 0.965827703 -0.2456173
vn -0.0827465653 0.9658373 -0.245583653
vn -0.108813815 0.965837061 -0.235198498
vn -0.108826548 0.965829313 -0.23522447
vn -0.133620858 0.965829432 -0.2220788
vn -0.133610576 0.965834558 -0.222062558
vn -0.156837001 0.965834379 -0.206315666
vn -0.156842917 0.965831816 -0.206323102
vn -0.17823118 0.965831637 -0.188156605
vn -0.178237185 0.965829313 -0.18816267
vn -0.197536364 0.965829372 -0.167788744
vn -0.197519779 0.965835094 -0.167775273
vn -0.214503676 0.965834439 -0.145437121
vn -0.214514107 0.965831161 -0.145443857
vn -0.228982359 0.965830982 -0.121398665
vn -0.228985667 0.965829968 -0.121400334
vn -0.240769789 0.96582973 -0.0959313661
vn -0.24076803 0.965830266 -0.0959307179
vn -0.24972938 0.965830028 -0.0693371296
vn -0.249733821 0.965828776 -0.0693382546
vn -0.255764246 0.965829432 -0.041930344
vn -0.255751282 0.965832949 -0.0419285186
vn -0.258786887 0.965832531 -0.0140311457
vn -0.25879994 0.965829015 -0.0140315602
vn -0.25879994 0.965829015 0.0140318312
vn -0.2587879 0.965832293 0.0140309073
vn -0.255754203 0.965832174 0.0419287644
vn -0.255761325 0.965830207 0.0419300981
vn -0.249729171 0.965830088 0.0693369582
vn -0.24972941 0.965830028 0.0693370327
vn -0.240768045 0.965830266 0.0959306806
vn -0.240769759 0.96582973 0.0959314108
vn -0.228985637 0.965829968 0.121400408
vn -0.228989765 0.965828717 0.121402718
vn -0.214522332 0.965828419 0.145449772
vn -0.214512214 0.965831757 0.145442575
vn -0.197528958 0.965831935 0.167782456
vn -0.197536215 0.965829372 0.167788908
vn -0.178237051 0.965829313 0.188162804
vn -0.178231314 0.965831637 0.188156486
vn -0.156842753 0.965831816 0.206323236
vn -0.156845599 0.965830505 0.206327155
vn -0.133618623 0.965830445 0.22207576
vn -0.133620471 0.965829432 0.222079009
vn -0.108826302 0.965829313 0.235224605
vn -0.108821288 0.965832651 0.235213116
vn -0.0827524066 0.96583271 0.245599702
vn -0.0827579722 0.965827703 0.245617524
vn -0.0557170026 0.965827644 0.253125548
vn -0.0557149164 0.965830564 0.253114939
vn -0.028021805 0.965830564 0.257655054
vn -0.0280220043 0.965829909 0.257657379
vn -5.44997203e-40 0.965829909 0.259176731
vn 0.0280220564 0.965829909 0.257657379
vn 0.0280217528 0.965830564 0.257655054
vn 0.055714678 0.965830564 0.253114998
vn 0.0557172373 0.965827644 0.253125489
vn 0.0827583745 0.965827703 0.245617405
vn 0.0827520192 0.96583271 0.245599851
vn 0.108821027 0.965832651 0.23521322
vn 0.108826548 0.965829313 0.23522447
vn 0.133620545 0.965829432 0.222078964
vn 0.133618549 0.965830445 0.222075805
vn 0.156845689 0.965830505 0.206327096
vn 0.156842664 0.965831816 0.206323311
vn 0.17823118 0.965831637 0.188156605
vn 0.178237185 0.965829313 0.18816267
vn 0.197536364 0.965829372 0.167788744
vn 0.197528839 0.965831935 0.167782634
vn 0.21451205 0.965831757 0.145442799
vn 0.214522481 0.965828419 0.145449549
vn 0.228989825 0.965828717 0.121402629
vn 0.228985593 0.965829968 0.121400505
vn 0.240769789 0.96582973 0.0959313661
vn 0.24076803 0.965830266 0.0959307179
vn 0.24972941 0.965830028 0.0693370253
vn 0.249729171 0.965830088 0.0693369657
vn 0.255761355 0.965830207 0.0419299379
vn 0.255754173 0.965832174 0.0419289246
vn 0.25878787 0.965832293 0.0140311765
vn 0.25879994 0.965829015 0.0140315602
vn 0.706583202 0.706592202 -0.0383097157
vn 0.706598282 0.706577063 -0.0383109935
vn 0.698315084 0.70657599 -0.11448326
vn 0.698298812 0.70659256 -0.114480078
vn 0.681821108 0.706599712 -0.18930617
vn 0.681845725 0.706573904 -0.189313829
vn 0.657384694 0.706569314 -0.261925936
vn 0.657379925 0.7065745 -0.261923879
vn 0.625212193 0.706568539 -0.331467301
vn 0.625186861 0.706597805 -0.331452847
vn 0.585684359 0.706599295 -0.397103548
vn 0.585692704 0.706588984 -0.397109568
vn 0.539325058 0.706588626 -0.458105862
vn 0.539334834 0.706575394 -0.458114713
vn 0.486644119 0.706571996 -0.513744652
vn 0.486643881 0.706572294 -0.513744354
vn 0.428246439 0.706571162 -0.563349068
vn 0.428244323 0.706574798 -0.563346088
vn 0.364825547 0.70657444 -0.606345534
vn 0.364801884 0.706622899 -0.606303334
vn 0.297109604 0.706625223 -0.642188966
vn 0.297144055 0.706537247 -0.64226985
vn 0.225961998 0.706534922 -0.670633733
vn 0.225938991 0.706614316 -0.670557857
vn 0.152112052 0.706614912 -0.691055238
vn 0.152116686 0.706589758 -0.691079855
vn 0.0765090063 0.706589818 -0.703475058
vn 0.0765118524 0.706553102 -0.703511655
vn -3.98693235e-40 0.706552863 -0.707660258
vn -0.0765129775 0.706553042 -0.703511596
vn -0.0765078887 0.706589818 -0.703475237
vn -0.152117446 0.706589758 -0.691079736
vn -0.152111292 0.706614852 -0.691055417
vn -0.225936666 0.706614375 -0.670558572
vn -0.225964278 0.706534982 -0.670632899
vn -0.297146529 0.706537187 -0.642268777
vn -0.29710719 0.706625104 -0.642190218
vn -0.364800602 0.706622899 -0.606304049
vn -0.364826798 0.70657444 -0.6063447
vn -0.428244233 0.706574798 -0.563346148
vn -0.428246528 0.706571162 -0.563349009
vn -0.486643881 0.706572294 -0.513744354
vn -0.486644119 0.706571996 -0.513744652
vn -0.539335132 0.706575394 -0.458114415
vn -0.53932482 0.706588626 -0.45810619
vn -0.585692883 0.706588984 -0.39710933
vn -0.58568418 0.706599295 -0.397103816
vn -0.625186384 0.706597805 -0.331453621
vn -0.62521261 0.706568599 -0.331466496
vn -0.657379866 0.7065745 -0.261924028
vn -0.657384753 0.706569314 -0.261925787
vn -0.681845963 0.706573904 -0.189313069
vn -0.681820869 0.706599712 -0.18930693
vn -0.698298693 0.706592619 -0.114480577
vn -0.698315144 0.70657599 -0.11448276
vn -0.706598282 0.706577063 -0.0383105315
vn -0.706583202 0.706592202 -0.0383101776
vn -0.706583202 0.706592202 0.0383097157
vn -0.706596315 0.70657903 0.0383108296
vn -0.698309362 0.706581831 0.114482142
vn -0.698304534 0.706586778 0.114481196
vn -0.681830287 0.706590056 0.189309031
vn -0.681836545 0.70658356 0.189310968
vn -0.657372296 0.706582665 0.261921018
vn -0.657367527 0.706587851 0.261918932
vn -0.62519753 0.706585467 0.331458926
vn -0.625186861 0.706597805 0.331452847
vn -0.585684359 0.706599295 0.397103548
vn -0.585692704 0.706588984 0.397109568
vn -0.539324641 0.706588626 0.458106428
vn -0.539317071 0.706598759 0.458099633
vn -0.486626148 0.706598163 0.513725638
vn -0.48662591 0.70659852 0.5137254
vn -0.428229779 0.706599891 0.563325703
vn -0.428244323 0.706574798 0.563346088
vn -0.364825547 0.70657444 0.606345534
vn -0.364816964 0.706592023 0.606330216
vn -0.297122419 0.706592441 0.642219126
vn -0.29713124 0.70656991 0.642239809
vn -0.225952074 0.706569135 0.67060101
vn -0.225948885 0.706580162 0.67059046
vn -0.152119607 0.706579685 0.691089571
vn -0.152117744 0.706589758 0.691079676
vn -0.0765079185 0.706589818 0.703475237
vn -0.0765079856 0.706588924 0.703476071
vn -3.98712853e-40 0.706588924 0.707624257
vn 0.0765080079 0.706588924 0.703476071
vn 0.0765078887 0.706589818 0.703475237
vn 0.152117446 0.706589758 0.691079736
vn 0.152119905 0.706579685 0.691089511
vn 0.225948557 0.706580162 0.67059058
vn 0.225952402 0.706569135 0.670600891
vn 0.297131866 0.70656991 0.642239511
vn 0.297121823 0.706592441 0.642219424
vn 0.364816487 0.706592023 0.606330454
vn 0.364825994 0.70657444 0.606345236
vn 0.428244948 0.706574798 0.563345671
vn 0.428229183 0.706599891 0.56332618
vn 0.48662591 0.70659852 0.5137254
vn 0.486626148 0.706598163 0.513725638
vn 0.539316893 0.706598759 0.458099872
vn 0.53932482 0.706588626 0.45810619
vn 0.585692883 0.706588984 0.39710933
vn 0.58568418 0.706599295 0.397103816
vn 0.625186682 0.706597805 0.331453174
vn 0.625197709 0.706585467 0.331458598
vn 0.657367468 0.706587851 0.261919081
vn 0.657372355 0.706582665 0.261920869
vn 0.681836605 0.70658356 0.189310774
vn 0.681830227 0.706590056 0.189309224
vn 0.698304474 0.706586778 0.114481345
vn 0.698309362 0.706581831 0.114481993
vn 0.706596375 0.70657903 0.0383104272
vn 0.706583202 0.706592202 0.038310118
vn 0.964601159 0.258475095 -0.0522990562
vn 0.964600503 0.258477569 -0.0522989668
vn 0.953293145 0.25847137 -0.156284079
vn 0.953302562 0.25843513 -0.156286448
vn 0.930818796 0.25842768 -0.258440465
vn 0.930812359 0.25845328 -0.258438081
vn 0.897413969 0.258451313 -0.357562691
vn 0.897410452 0.258465916 -0.357560933
vn 0.853490412 0.25846532 -0.452492833
vn 0.853492081 0.258458048 -0.452493906
vn 0.799566627 0.258457571 -0.542118907
vn 0.799568713 0.258447647 -0.542120576
vn 0.736268103 0.258445352 -0.625392139
vn 0.736257195 0.258502841 -0.625381172
vn 0.664323568 0.258506685 -0.701319098
vn 0.664322257 0.258514762 -0.70131737
vn 0.58460319 0.258519351 -0.769029796
vn 0.584615946 0.258430809 -0.769049883
vn 0.498041213 0.258427948 -0.827749908
vn 0.498046756 0.258381307 -0.827761173
vn 0.405629903 0.258376837 -0.876758695
vn 0.405616134 0.258526385 -0.876720965
vn 0.308445662 0.258530289 -0.915436149
vn 0.308446854 0.258511961 -0.915440917
vn 0.207664639 0.258513391 -0.943422616
vn 0.207668632 0.258401006 -0.943452537
vn 0.104446255 0.258399934 -0.96037519
vn 0.10444542 0.258526623 -0.960341156
vn -1.45880775e-40 0.25852713 -0.966004014
vn -0.104442589 0.258526653 -0.960341454
vn -0.104449086 0.258399963 -0.960374832
vn -0.207671106 0.258400977 -0.943452001
vn -0.20766218 0.258513361 -0.943423152
vn -0.308447242 0.258511931 -0.915440798
vn -0.308445275 0.258530289 -0.915436268
vn -0.405613095 0.258526444 -0.876722395
vn -0.405632943 0.258376867 -0.876757264
vn -0.49804765 0.258381277 -0.827760637
vn -0.498040318 0.258427948 -0.827750444
vn -0.584617555 0.258430779 -0.769048691
vn -0.584601641 0.258519322 -0.769030988
vn -0.664322078 0.258514762 -0.701317489
vn -0.664323747 0.258506715 -0.701318979
vn -0.736256361 0.258502871 -0.625382185
vn -0.736268938 0.258445352 -0.625391126
vn -0.799568832 0.258447647 -0.542120397
vn -0.799566507 0.258457571 -0.542119086
vn -0.853492141 0.258458048 -0.452493757
vn -0.853490353 0.25846532 -0.452492982
vn -0.897410333 0.258465916 -0.35756126
vn -0.897414088 0.258451313 -0.357562393
vn -0.93081224 0.25845331 -0.258438617
vn -0.930818975 0.25842768 -0.258439898
vn -0.953302741 0.25843513 -0.156285658
vn -0.953293025 0.25847134 -0.156284884
vn -0.964600503 0.258477569 -0.0522990189
vn -0.964601159 0.258475095 -0.0522990003
vn -0.964601159 0.258475095 0.0522990562
vn -0.964600503 0.258477569 0.0522989668
vn -0.953293145 0.25847137 0.156284079
vn -0.953299761 0.258446008 0.156285748
vn -0.930814207 0.25844565 0.258439183
vn -0.93081224 0.25845331 0.258438468
vn -0.897413969 0.258451313 0.357562691
vn -0.897410452 0.258465916 0.357560933
vn -0.85349077 0.25846532 0.452492207
vn -0.853492379 0.258458048 0.45249328
vn -0.799566627 0.258457571 0.542118907
vn -0.799568713 0.258447647 0.542120576
vn -0.736267447 0.258445323 0.625392854
vn -0.73625654 0.258502871 0.625381947
vn -0.664324403 0.258506715 0.701318324
vn -0.664331198 0.258466005 0.701326847
vn -0.584610939 0.258465856 0.769041896
vn -0.584608257 0.258484244 0.769037783
vn -0.498033285 0.258485526 0.827736735
vn -0.498038828 0.258438855 0.827747941
vn -0.4056243 0.258437812 0.876743317
vn -0.405621737 0.258465439 0.876736343
vn -0.308451116 0.258466631 0.915452302
vn -0.308448195 0.258511931 0.9154405
vn -0.207663193 0.258513361 0.943422914
vn -0.207664862 0.258466601 0.943435371
vn -0.104445815 0.258466721 0.960357249
vn -0.10444586 0.258459866 0.960359097
vn -1.4584294e-40 0.258459955 0.966021955
vn 0.104446009 0.258459866 0.960359037
vn 0.104445659 0.258466721 0.960357249
vn 0.20766589 0.258466601 0.943435133
vn 0.20766218 0.258513361 0.943423152
vn 0.308447242 0.258511931 0.915440798
vn 0.30845207 0.258466661 0.915451944
vn 0.405621171 0.258465469 0.876736581
vn 0.405624866 0.258437812 0.876743078
vn 0.498039722 0.258438826 0.827747405
vn 0.498032391 0.258485496 0.827737272
vn 0.584607959 0.258484244 0.769038022
vn 0.584611237 0.258465886 0.769041657
vn 0.664331853 0.258465976 0.701326251
vn 0.664323747 0.258506715 0.701318979
vn 0.736255705 0.258502871 0.6253829
vn 0.736268282 0.258445352 0.625391901
vn 0.799568832 0.258447647 0.542120397
vn 0.799566507 0.258457571 0.542119086
vn 0.853492498 0.258458048 0.452493131
vn 0.853490651 0.25846532 0.452492356
vn 0.897410333 0.258465916 0.35756126
vn 0.897414088 0.258451313 0.357562393
vn 0.93081224 0.25845331 0.258438617
vn 0.930814207 0.25844565 0.258439004
vn 0.95329988 0.258446008 0.156285182
vn 0.953293085 0.25847134 0.156284645
vn 0.964600503 0.258477569 0.0522990189
vn 0.964601159 0.258475095 0.0522990003
vn -0.212562218 0.701372504 0.680363119
vn -0.676092327 -0.29487586 0.675238788
vn 0.0910204574 -0.702120125 0.70621711
vn 0.215487331 -0.702296019 0.678487659
vn 0.675610662 0.297436774 0.674597383
vn -0.088877067 0.704464436 0.704152524
vn 0.103151485 0.709640861 0.696971714
vn 0.103143334 0.709641159 0.696972668
vn 0.03360359 0.69539398 0.717842638
vn -3.25793485e-40 0.577362239 0.816488087
vn -0.0350937061 0.700292051 0.712993324
vn -0.0888674408 0.704464674 0.704153478
vn 0.220165044 0.680832684 0.698565781
vn 0.22016795 0.680833101 0.698564529
vn 0.158359751 0.647201955 0.745688856
vn 0.122364976 0.575682223 0.808465719
vn 0.12620993 0.515362382 0.847627699
vn 0.103140496 0.709642231 0.696971953
vn 0.332057416 0.633993328 0.698419869
vn 0.332056016 0.633994102 0.698419869
vn 0.332055777 0.633994043 0.698420048
vn 0.197459772 0.486317158 0.851178765
vn 0.246283174 0.553160846 0.7958377
vn 0.252677232 0.621619761 0.741446614
vn 0.220165864 0.680832446 0.698565781
vn 0.489144057 0.553763926 0.673857272
vn 0.489142388 0.553765416 0.673857272
vn 0.489146024 0.553766549 0.673853636
vn 0.380575329 0.500133812 0.777835846
vn 0.33875668 0.466258526 0.817219019
vn 0.381689906 0.584633887 0.715902269
vn 0.381689638 0.584632695 0.715903401
vn 0.578879714 0.444271654 0.6837551
vn 0.435198843 0.391854942 0.810587227
vn 0.467862964 0.436415404 0.768534839
vn 0.46786356 0.436417013 0.768533587
vn 0.675610065 0.297438085 0.674597383
vn 0.55119592 0.308611751 0.77520436
vn 0.526982307 0.30425331 0.793548703
vn 0.498301417 0.278827786 0.820945024
vn 0.573714197 0.378050894 0.726587594
vn 0.573714793 0.378052533 0.726586282
vn 0.57887435 0.444271773 0.683759511
vn 0.578875303 0.444270492 0.68375957
vn 0.708637178 0.122384436 0.694877982
vn 0.70863694 0.122385554 0.694877982
vn 0.678120852 0.169849619 0.715054691
vn 0.562129676 0.185663819 0.805939972
vn 0.572051823 0.185870826 0.798879683
vn 0.582986891 0.192564487 0.789332151
vn 0.6756109 0.297437847 0.674596667
vn 0.732284546 -0.0160295833 0.680810094
vn 0.66400516 0.0495698191 0.746083081
vn 0.591036201 0.0621205159 0.804249465
vn 0.530295312 0.0398000963 0.84687829
vn 0.708637118 0.122383624 0.694878161
vn 0.701709926 -0.116287082 0.702908635
vn 0.701710165 -0.116291501 0.702907622
vn 0.555990815 -0.0521363318 0.829551697
vn 0.579341173 -0.0608913191 0.8128075
vn 0.604834795 -0.0566101894 0.794336319
vn 0.732284546 -0.0160304755 0.680810094
vn 0.642546654 -0.238781661 0.728091419
vn 0.649720073 -0.297492683 0.699544072
vn 0.642550588 -0.238796934 0.728082895
vn 0.460027784 -0.122635633 0.87939465
vn 0.557753086 -0.181224883 0.809980929
vn 0.679860234 -0.181069925 0.710636139
vn 0.701707304 -0.116300717 0.702908933
vn 0.600987554 -0.411261559 0.68533051
vn 0.60098815 -0.411260694 0.68533051
vn 0.600988984 -0.411263198 0.685328245
vn 0.485411912 -0.267027408 0.832509279
vn 0.528653324 -0.305218071 0.792065382
vn 0.566573679 -0.311964929 0.762674332
vn 0.64972049 -0.297491848 0.699544072
vn 0.467672914 -0.451059312 0.760149717
vn 0.467677057 -0.451071262 0.760140002
vn 0.42876637 -0.386063129 0.816770852
vn 0.519573331 -0.434269041 0.735835552
vn 0.519570947 -0.434268326 0.735837638
vn 0.494636089 -0.5504058 0.672598422
vn 0.494622827 -0.550401628 0.672611535
vn 0.494623452 -0.550401092 0.672611535
vn 0.366277993 -0.496747613 0.786817789
vn 0.349874854 -0.481561363 0.803546071
vn 0.347143203 -0.470897824 0.811015964
vn 0.377888799 -0.630665541 0.677835584
vn 0.37788409 -0.630664229 0.677839398
vn 0.377884924 -0.630663753 0.677839339
vn 0.21548599 -0.702296436 0.678487659
vn 0.251910031 -0.606527269 0.754099488
vn 0.246889651 -0.554523051 0.79470098
vn 0.208175823 -0.50165087 0.839648306
vn 0.303082734 -0.601408601 0.739221573
vn 0.0910245404 -0.702119648 0.70621711
vn 0.124328844 -0.606183946 0.785546541
vn 0.125440612 -0.590151966 0.797486842
vn 0.117906474 -0.574637353 0.809870303
vn 0.215487227 -0.702296019 0.678487718
vn -0.103153266 -0.709644377 0.696967959
vn -0.103154577 -0.709644318 0.696967781
vn -0.0336081572 -0.695391238 0.717845023
vn 3.25675776e-40 -0.577154338 0.816635072
vn 0.0365351811 -0.704999626 0.70826602
vn 0.0365670249 -0.704999983 0.708263993
vn -0.220753253 -0.681131721 0.698088527
vn -0.220755026 -0.681131959 0.698087752
vn -0.158371076 -0.647188187 0.745698392
vn -0.122333087 -0.575532198 0.808577359
vn -0.126165837 -0.515078366 0.847806811
vn -0.103150181 -0.709644735 0.696968019
vn -0.333555013 -0.6348297 0.696945012
vn -0.333553642 -0.634830415 0.696944952
vn -0.333554476 -0.634830713 0.696944356
vn -0.19927901 -0.4889296 0.849255979
vn -0.246410236 -0.553446293 0.795599937
vn -0.252590597 -0.619106174 0.743576229
vn -0.220751747 -0.681132197 0.698088527
vn -0.491534561 -0.552641273 0.67303896
vn -0.491534948 -0.552640915 0.67303896
vn -0.491534352 -0.552640736 0.673039496
vn -0.384951651 -0.503377855 0.773577988
vn -0.338735908 -0.466229945 0.817243934
vn -0.381401151 -0.582535088 0.717764616
vn -0.381400943 -0.582534194 0.717765391
vn -0.582214296 -0.443691611 0.681295991
vn -0.437028289 -0.393502206 0.808803022
vn -0.464017123 -0.429851532 0.774542272
vn -0.464018673 -0.429855883 0.774538934
vn -0.676093221 -0.294873804 0.675238788
vn -0.558606744 -0.310259432 0.769218802
vn -0.527852535 -0.304755747 0.792777181
vn -0.492093474 -0.27310878 0.826592803
vn -0.571493864 -0.373770475 0.73054117
vn -0.571496069 -0.373776615 0.730536282
vn -0.582216144 -0.443691581 0.681294501
vn -0.582215786 -0.443691999 0.681294501
vn -0.705440462 -0.119354375 0.698647439
vn -0.705437958 -0.119367525 0.698647738
vn -0.68166703 -0.168259442 0.712052584
vn -0.570253551 -0.186188772 0.800090373
vn -0.573213816 -0.186248392 0.797958314
vn -0.576416254 -0.188204169 0.795187712
vn -0.676091433 -0.294871837 0.675241411
vn -0.729988635 0.0184735656 0.683209538
vn -0.670431435 -0.047732953 0.740434527
vn -0.588862956 -0.0618920997 0.805859685
vn -0.522238433 -0.0374160632 0.851978302
vn -0.705440879 -0.11936117 0.69864589
vn -0.705154955 0.119285032 0.69894743
vn -0.705155015 0.119285434 0.69894737
vn -0.563283205 0.0547223911 0.824449837
vn -0.579851747 0.0609449819 0.812439322
vn -0.59761107 0.0579812936 0.799686909
vn -0.729988635 0.0184763595 0.683209538
vn -0.64669621 0.242816359 0.723065853
vn -0.647725403 0.299222231 0.700655282
vn -0.646696985 0.242819488 0.723064065
vn -0.467082798 0.126176998 0.875164568
vn -0.56039381 0.182082921 0.807963192
vn -0.674791873 0.182149634 0.715176523
vn -0.705155373 0.119282842 0.69894743
vn -0.601665735 0.414737284 0.682635605
vn -0.601665616 0.414737374 0.682635605
vn -0.601666152 0.414738953 0.682634175
vn -0.491587937 0.272618771 0.827055216
vn -0.528048158 0.304868668 0.792603493
vn -0.559441686 0.310489595 0.768518806
vn -0.647725165 0.299222767 0.700655282
vn -0.470273823 0.45667842 0.755173743
vn -0.47027269 0.456675112 0.755176425
vn -0.429416686 0.386648685 0.816152036
vn -0.513434052 0.43210876 0.741395652
vn -0.513430774 0.432107776 0.741398454
vn -0.492598623 0.551884711 0.672881722
vn -0.492597252 0.551884294 0.672883093
vn -0.492597699 0.551883876 0.672883153
vn -0.360043734 0.491801441 0.792779803
vn -0.351658851 0.484016806 0.801288843
vn -0.350235224 0.478457749 0.805241227
vn -0.376451194 0.63308531 0.67637825
vn -0.376446933 0.633084118 0.676381707
vn -0.376446068 0.633084655 0.676381707
vn -0.212561354 0.701372743 0.680363119
vn -0.252326369 0.61347127 0.748321056
vn -0.246678561 0.554048955 0.795097113
vn -0.203274533 0.494707555 0.844951987
vn -0.298788399 0.597983539 0.743734598
vn -0.0888625905 0.704466105 0.704152644
vn -0.123731665 0.614093304 0.77947408
vn -0.125429645 0.590100408 0.797526777
vn -0.114368863 0.567291617 0.815536618
vn -0.212563977 0.701372743 0.680362284
vn -0.25879994 -0.0140318433 0.965829015
vn -0.258787751 -0.0140309101 0.965832293
vn -0.255753815 -0.0419287086 0.965832293
vn -0.25576061 -0.0419299752 0.965830445
vn -0.249728024 -0.0693365484 0.965830386
vn -0.249731734 -0.069337666 0.965829372
vn -0.24077116 -0.0959319174 0.965829372
vn -0.240772873 -0.0959326401 0.965828836
vn -0.228989288 -0.121402562 0.965828836
vn -0.228984192 -0.121399708 0.965830386
vn -0.214516118 -0.145445421 0.965830445
vn -0.214516312 -0.145445555 0.965830386
vn -0.197533339 -0.167786345 0.965830386
vn -0.19753404 -0.167786971 0.965830147
vn -0.178234845 -0.188160375 0.965830207
vn -0.17823571 -0.188161328 0.965829849
vn -0.156847224 -0.206328854 0.965829909
vn -0.156845868 -0.206326976 0.965830505
vn -0.133618474 -0.22207585 0.965830445
vn -0.133616492 -0.222072393 0.965831518
vn -0.108823024 -0.235217094 0.965831518
vn -0.108824559 -0.235220611 0.965830445
vn -0.0827549621 -0.245607868 0.965830386
vn -0.0827554315 -0.245609373 0.965829968
vn -0.0557153001 -0.253116906 0.965830028
vn -0.0557149164 -0.253114939 0.965830564
vn -0.0280216057 -0.257655084 0.965830564
vn -0.028021805 -0.257657379 0.965829909
vn 1.46247916e-40 -0.259176731 0.965829909
vn 0.0280218553 -0.257657379 0.965829909
vn 0.0280215554 -0.257655084 0.965830564
vn 0.0557148717 -0.253114939 0.965830564
vn 0.0557153411 -0.253116876 0.965830028
vn 0.0827554613 -0.245609358 0.965829968
vn 0.0827549249 -0.245607883 0.965830386
vn 0.108824633 -0.235220581 0.965830445
vn 0.108822949 -0.235217124 0.965831518
vn 0.133616418 -0.222072423 0.965831518
vn 0.133618549 -0.222075805 0.965830445
vn 0.156845823 -0.206327006 0.965830505
vn 0.156847253 -0.206328809 0.965829909
vn 0.178235725 -0.188161314 0.965829849
vn 0.17823483 -0.188160405 0.965830207
vn 0.197534055 -0.167786956 0.965830147
vn 0.197533324 -0.16778636 0.965830386
vn 0.214516312 -0.145445555 0.965830386
vn 0.214516103 -0.145445421 0.965830445
vn 0.228984118 -0.12139982 0.965830386
vn 0.228989348 -0.121402442 0.965828836
vn 0.240772888 -0.0959326029 0.965828836
vn 0.240771145 -0.0959319547 0.965829313
vn 0.249731764 -0.0693375841 0.965829372
vn 0.249728009 -0.0693366304 0.965830386
vn 0.25576064 -0.0419298224 0.965830386
vn 0.255753815 -0.0419288613 0.965832233
vn 0.258787721 -0.014031182 0.965832293
vn 0.25879994 -0.0140315695 0.965829015
vn 0.25879994 0.0140318433 0.965829015
vn 0.258787751 0.0140309101 0.965832293
vn 0.255753815 0.0419287086 0.965832293
vn 0.25576061 0.0419299752 0.965830445
vn 0.249728024 0.0693365484 0.965830386
vn 0.249731734 0.069337666 0.965829372
vn 0.24077116 0.0959319174 0.965829372
vn 0.240772873 0.0959326401 0.965828836
vn 0.228989288 0.121402562 0.965828836
vn 0.228984192 0.121399708 0.965830386
vn 0.214516118 0.145445421 0.965830445
vn 0.214516312 0.145445555 0.965830386
vn 0.197533339 0.167786345 0.965830386
vn 0.19753404 0.167786971 0.965830147
vn 0.178234845 0.188160375 0.965830207
vn 0.17823571 0.188161328 0.965829849
vn 0.156847224 0.206328854 0.965829909
vn 0.156845868 0.206326976 0.965830505
vn 0.133618474 0.22207585 0.965830445
vn 0.133616492 0.222072393 0.965831518
vn 0.108823024 0.235217094 0.965831518
vn 0.108824559 0.235220611 0.965830445
vn 0.0827549621 0.245607868 0.965830386
vn 0.0827554315 0.245609373 0.965829968
vn 0.0557153001 0.253116906 0.965830028
vn 0.0557149164 0.253114939 0.965830564
vn 0.0280216057 0.257655084 0.965830564
vn 0.028021805 0.257657379 0.965829909
vn -1.46247916e-40 0.259176731 0.965829909
vn -0.0280218553 0.257657379 0.965829909
vn -0.0280215554 0.257655084 0.965830564
vn -0.0557148717 0.253114939 0.965830564
vn -0.0557153411 0.253116876 0.965830028
vn -0.0827554613 0.245609358 0.965829968
vn -0.0827549249 0.245607883 0.965830386
vn -0.108824633 0.235220581 0.965830445
vn -0.108822949 0.235217124 0.965831518
vn -0.133616418 0.222072423 0.965831518
vn -0.133618549 0.222075805 0.965830445
vn -0.156845823 0.206327006 0.965830505
vn -0.156847253 0.206328809 0.965829909
vn -0.178235725 0.188161314 0.965829849
vn -0.17823483 0.188160405 0.965830207
vn -0.197534055 0.167786956 0.965830147
vn -0.197533324 0.16778636 0.965830386
vn -0.214516312 0.145445555 0.965830386
vn -0.214516103 0.145445421 0.965830445
vn -0.228984118 0.12139982 0.965830386
vn -0.228989348 0.121402442 0.965828836
vn -0.240772888 0.0959326029 0.965828836
vn -0.240771145 0.0959319547 0.965829313
vn -0.249731764 0.0693375841 0.965829372
vn -0.249728009 0.0693366304 0.965830386
vn -0.25576064 0.0419298224 0.965830386
vn -0.255753815 0.0419288613 0.965832233
vn -0.258787721 0.014031182 0.965832293
vn -0.25879994 0.0140315695 0.965829015
vn -0.706583202 -0.0383097082 0.706592202
vn -0.706597626 -0.0383109376 0.706577718
vn -0.698313355 -0.114482768 0.706577778
vn -0.698309541 -0.11448203 0.706581652
vn -0.681838393 -0.189311355 0.706581652
vn -0.68183428 -0.189310074 0.706585944
vn -0.657369137 -0.261919886 0.706586003
vn -0.657361329 -0.261916488 0.706594527
vn -0.625190079 -0.331454992 0.706593931
vn -0.625194073 -0.331457227 0.706589341
vn -0.585692704 -0.39710921 0.706589222
vn -0.585692883 -0.39710933 0.706588984
vn -0.539324403 -0.458106726 0.706588566
vn -0.539316833 -0.458099902 0.706598759
vn -0.486626565 -0.513725221 0.706598163
vn -0.486635059 -0.513734758 0.706585407
vn -0.428238124 -0.563337386 0.706585526
vn -0.428236008 -0.563334465 0.706589162
vn -0.364818007 -0.606332064 0.706589878
vn -0.364824504 -0.606343687 0.706576586
vn -0.297128856 -0.642234147 0.706576049
vn -0.297124833 -0.642224789 0.706586301
vn -0.225946635 -0.670584857 0.706586242
vn -0.225948393 -0.670590639 0.706580162
vn -0.152120128 -0.691089451 0.706579685
vn -0.152118281 -0.691079557 0.706589758
vn -0.0765073746 -0.703475296 0.706589818
vn -0.0765074342 -0.703476131 0.706588984
vn 3.99297195e-40 -0.707624257 0.706588924
vn 0.0765074641 -0.703476131 0.706588984
vn 0.0765073448 -0.703475296 0.706589818
vn 0.152117968 -0.691079617 0.706589758
vn 0.152120426 -0.691089332 0.706579685
vn 0.225948557 -0.67059058 0.706580162
vn 0.225946456 -0.670584917 0.706586242
vn 0.297124565 -0.642224908 0.706586301
vn 0.297129124 -0.642234027 0.706576049
vn 0.364824861 -0.606343448 0.706576526
vn 0.364817649 -0.606332242 0.706589878
vn 0.428235918 -0.563334525 0.706589162
vn 0.428238183 -0.563337326 0.706585526
vn 0.486635327 -0.51373446 0.706585407
vn 0.486626297 -0.513725519 0.706598163
vn 0.539316654 -0.45810014 0.706598759
vn 0.539324582 -0.458106458 0.706588626
vn 0.585692883 -0.39710933 0.706588984
vn 0.585692704 -0.39710921 0.706589222
vn 0.625194132 -0.331457108 0.706589341
vn 0.62519002 -0.331455112 0.706593931
vn 0.657361209 -0.261916727 0.706594527
vn 0.657369256 -0.261919618 0.706586003
vn 0.681834221 -0.189310208 0.706585944
vn 0.681838453 -0.189311236 0.706581652
vn 0.698309541 -0.114482149 0.706581652
vn 0.698313355 -0.114482649 0.706577778
vn 0.706597686 -0.0383104905 0.706577659
vn 0.706583202 -0.0383101515 0.706592202
vn 0.706583202 0.0383097082 0.706592202
vn 0.706597626 0.0383109376 0.706577718
vn 0.698313355 0.114482768 0.706577778
vn 0.698309541 0.11448203 0.706581652
vn 0.681838393 0.189311355 0.706581652
vn 0.68183428 0.189310074 0.706585944
vn 0.657369137 0.261919886 0.706586003
vn 0.657361329 0.261916488 0.706594527
vn 0.625190079 0.331454992 0.706593931
vn 0.625194073 0.331457227 0.706589341
vn 0.585692704 0.39710921 0.706589222
vn 0.585692883 0.39710933 0.706588984
vn 0.539324403 0.458106726 0.706588566
vn 0.539316833 0.458099902 0.706598759
vn 0.486626565 0.513725221 0.706598163
vn 0.486635059 0.513734758 0.706585407
vn 0.428238124 0.563337386 0.706585526
vn 0.428236008 0.563334465 0.706589162
vn 0.364818007 0.606332064 0.706589878
vn 0.364824504 0.606343687 0.706576586
vn 0.297128856 0.642234147 0.706576049
vn 0.297124833 0.642224789 0.706586301
vn 0.225946635 0.670584857 0.706586242
vn 0.225948393 0.670590639 0.706580162
vn 0.152120128 0.691089451 0.706579685
vn 0.152118281 0.691079557 0.706589758
vn 0.0765073746 0.703475296 0.706589818
vn 0.0765074342 0.703476131 0.706588984
vn -3.99297195e-40 0.707624257 0.706588924
vn -0.0765074641 0.703476131 0.706588984
vn -0.0765073448 0.703475296 0.706589818
vn -0.152117968 0.691079617 0.706589758
vn -0.152120426 0.691089332 0.706579685
vn -0.225948557 0.67059058 0.706580162
vn -0.225946456 0.670584917 0.706586242
vn -0.297124565 0.642224908 0.706586301
vn -0.297129124 0.642234027 0.706576049
vn -0.364824861 0.606343448 0.706576526
vn -0.364817649 0.606332242 0.706589878
vn -0.428235918 0.563334525 0.706589162
vn -0.428238183 0.563337326 0.706585526
vn -0.486635327 0.51373446 0.706585407
vn -0.486626297 0.513725519 0.706598163
vn -0.539316654 0.45810014 0.706598759
vn -0.539324582 0.458106458 0.706588626
vn -0.585692883 0.39710933 0.706588984
vn -0.585692704 0.39710921 0.706589222
vn -0.625194132 0.331457108 0.706589341
vn -0.62519002 0.331455112 0.706593931
vn -0.657361209 0.261916727 0.706594527
vn -0.657369256 0.261919618 0.706586003
vn -0.681834221 0.189310208 0.706585944
vn -0.681838453 0.189311236 0.706581652
vn -0.698309541 0.114482149 0.706581652
vn -0.698313355 0.114482649 0.706577778
vn -0.706597686 0.0383104905 0.706577659
vn -0.706583202 0.0383101515 0.706592202
vn -0.964601755 -0.0522991456 0.25847286
vn -0.964600325 -0.0522989444 0.258478254
vn -0.953291476 -0.156283602 0.258477926
vn -0.953299999 -0.156285748 0.258445114
vn -0.930814147 -0.258439362 0.25844565
vn -0.930811048 -0.25843823 0.25845778
vn -0.897412181 -0.357562065 0.258458376
vn -0.897409439 -0.357560694 0.25846988
vn -0.853489518 -0.452491343 0.258470953
vn -0.853492916 -0.452493548 0.258455813
vn -0.799566865 -0.542119622 0.258455336
vn -0.799565017 -0.542118073 0.258464247
vn -0.73626411 -0.625388741 0.258464843
vn -0.73626554 -0.625390232 0.258457124
vn -0.664333582 -0.701328397 0.258455694
vn -0.664332211 -0.701326728 0.25846374
vn -0.584611297 -0.769042373 0.258463621
vn -0.584612489 -0.76904428 0.258455276
vn -0.49803701 -0.827744186 0.258454472
vn -0.498035699 -0.827741563 0.258465379
vn -0.405621111 -0.876736462 0.258466035
vn -0.40562138 -0.876737177 0.258463204
vn -0.30845198 -0.915452659 0.258464396
vn -0.308451116 -0.915449142 0.258477867
vn -0.20766522 -0.943432093 0.258478314
vn -0.207665712 -0.943435788 0.258464336
vn -0.10444513 -0.960357904 0.258464456
vn -0.104445174 -0.960359752 0.258457631
vn 5.45106504e-40 -0.966022551 0.25845772
vn 0.104445331 -0.960359752 0.258457631
vn 0.104444981 -0.960357964 0.258464456
vn 0.207666025 -0.943435729 0.258464336
vn 0.207664907 -0.943432152 0.258478314
vn 0.308450848 -0.915449202 0.258477867
vn 0.308452278 -0.91545254 0.258464396
vn 0.405621439 -0.876737118 0.258463204
vn 0.405621052 -0.876736462 0.258466035
vn 0.498035491 -0.827741683 0.258465379
vn 0.498037219 -0.827744067 0.258454472
vn 0.584612608 -0.769044161 0.258455276
vn 0.584611118 -0.769042492 0.258463621
vn 0.664332092 -0.701326847 0.25846374
vn 0.664333701 -0.701328278 0.258455694
vn 0.736265659 -0.625390112 0.258457124
vn 0.73626399 -0.625388861 0.258464843
vn 0.799564898 -0.542118251 0.258464247
vn 0.799566984 -0.542119443 0.258455336
vn 0.853493094 -0.45249325 0.258455813
vn 0.853489339 -0.452491671 0.258470953
vn 0.89740932 -0.357560933 0.25846988
vn 0.8974123 -0.357561827 0.258458376
vn 0.930810988 -0.258438498 0.25845778
vn 0.930814207 -0.258439094 0.25844565
vn 0.953300118 -0.156285018 0.258445114
vn 0.953291357 -0.156284332 0.258477926
vn 0.964600325 -0.0522990674 0.258478254
vn 0.964601755 -0.0522990227 0.25847286
vn 0.964601755 0.0522991456 0.25847286
vn 0.964600325 0.0522989444 0.258478254
vn 0.953291476 0.156283602 0.258477926
vn 0.953299999 0.156285748 0.258445114
vn 0.930814147 0.258439362 0.25844565
vn 0.930811048 0.25843823 0.25845778
vn 0.897412181 0.357562065 0.258458376
vn 0.897409439 0.357560694 0.25846988
vn 0.853489518 0.452491343 0.258470953
vn 0.853492916 0.452493548 0.258455813
vn 0.799566865 0.542119622 0.258455336
vn 0.799565017 0.542118073 0.258464247
vn 0.73626411 0.625388741 0.258464843
vn 0.73626554 0.625390232 0.258457124
vn 0.664333582 0.701328397 0.258455694
vn 0.664332211 0.701326728 0.25846374
vn 0.584611297 0.769042373 0.258463621
vn 0.584612489 0.76904428 0.258455276
vn 0.49803701 0.827744186 0.258454472
vn 0.498035699 0.827741563 0.258465379
vn 0.405621111 0.876736462 0.258466035
vn 0.40562138 0.876737177 0.258463204
vn 0.30845198 0.915452659 0.258464396
vn 0.308451116 0.915449142 0.258477867
vn 0.20766522 0.943432093 0.258478314
vn 0.207665712 0.943435788 0.258464336
vn 0.10444513 0.960357904 0.258464456
vn 0.104445174 0.960359752 0.258457631
vn -5.45106504e-40 0.966022551 0.25845772
vn -0.104445331 0.960359752 0.258457631
vn -0.104444981 0.960357964 0.258464456
vn -0.207666025 0.943435729 0.258464336
vn -0.207664907 0.943432152 0.258478314
vn -0.308450848 0.915449202 0.258477867
vn -0.308452278 0.91545254 0.258464396
vn -0.405621439 0.876737118 0.258463204
vn -0.405621052 0.876736462 0.258466035
vn -0.498035491 0.827741683 0.258465379
vn -0.498037219 0.827744067 0.258454472
vn -0.584612608 0.769044161 0.258455276
vn -0.584611118 0.769042492 0.258463621
vn -0.664332092 0.701326847 0.25846374
vn -0.664333701 0.701328278 0.258455694
vn -0.736265659 0.625390112 0.258457124
vn -0.73626399 0.625388861 0.258464843
vn -0.799564898 0.542118251 0.258464247
vn -0.799566984 0.542119443 0.258455336
vn -0.853493094 0.45249325 0.258455813
vn -0.853489339 0.452491671 0.258470953
vn -0.89740932 0.357560933 0.25846988
vn -0.8974123 0.357561827 0.258458376
vn -0.930810988 0.258438498 0.25845778
vn -0.930814207 0.258439094 0.25844565
vn -0.953300118 0.156285018 0.258445114
vn -0.953291357 0.156284332 0.258477926
vn -0.964600325 0.0522990674 0.258478254
vn -0.964601755 0.0522990227 0.25847286
vn -0.669528306 0.704872727 0.234278187
vn -0.669528544 0.704872489 0.234278321
vn -0.600610554 0.704871953 0.377389044
vn -0.600609243 0.704873741 0.377387762
vn -0.50157392 0.704874098 0.501573622
vn -0.377387673 0.704874218 0.600608826
vn -0.377387941 0.704873383 0.600609541
vn -0.234278366 0.704873383 0.66952759
vn -0.23427856 0.704871655 0.669529319
vn -0.0794202834 0.704871595 0.704874754
vn -0.0794199705 0.704868674 0.704877734
vn 0.0794206113 0.704868674 0.704877675
vn 0.0794196501 0.704871595 0.704874873
vn 0.234278917 0.704871655 0.6695292
vn 0.234278023 0.704873323 0.669527709
vn 0.37738809 0.704873383 0.600609481
vn 0.377387524 0.704874158 0.600608885
vn 0.50157392 0.704874098 0.501573622
vn 0.600609004 0.7048738 0.37738809
vn 0.600610733 0.704871953 0.377388686
vn 0.669528604 0.704872429 0.234278262
vn 0.669528306 0.704872727 0.234278232
vn 0.704873562 0.704872847 0.0794201121
vn 0.7048738 0.704872608 0.0794200897
vn 0.704873741 0.704872608 -0.0794201344
vn 0.704873562 0.704872847 -0.0794200599
vn 0.669528365 0.704872727 -0.234277993
vn 0.669528604 0.704872429 -0.234278142
vn 0.600610554 0.704871953 -0.377389044
vn 0.600609243 0.704873741 -0.377387762
vn 0.50157392 0.704874098 -0.501573622
vn 0.501574934 0.704872251 -0.501575232
vn 0.377388865 0.704871953 -0.600610673
vn 0.377388358 0.704873383 -0.600609303
vn 0.234277844 0.704873323 -0.669527829
vn 0.234278038 0.704871714 -0.669529438
vn 0.0794202834 0.704871595 -0.704874754
vn 0.0794202536 0.704871297 -0.704875052
vn -0.0794203207 0.704871297 -0.704875052
vn -0.0794202164 0.704871595 -0.704874754
vn -0.234278381 0.704871714 -0.669529319
vn -0.234277517 0.704873323 -0.669527948
vn -0.37738809 0.704873383 -0.600609481
vn -0.377389103 0.704871953 -0.600610495
vn -0.501575232 0.704872191 -0.501574934
vn -0.501573622 0.704874098 -0.50157392
vn -0.600609004 0.7048738 -0.37738809
vn -0.600610733 0.704871953 -0.377388686
vn -0.669528663 0.704872429 -0.234278083
vn -0.669528365 0.704872727 -0.234278053
vn -0.704873562 0.704872847 -0.0794201121
vn -0.7048738 0.704872608 -0.0794200897
vn -0.704873741 0.704872608 0.0794201344
vn -0.704873562 0.704872847 0.0794200599
vn 0.669528186 0.234277979 0.704872906
vn 0.669527888 0.234277785 0.704873264
vn 0.600609541 0.37738812 0.704873323
vn 0.60060972 0.377388328 0.704873025
vn 0.501574457 0.501574457 0.704873145
vn 0.377388269 0.600609779 0.704873025
vn 0.377388179 0.600609481 0.704873323
vn 0.234277859 0.669527829 0.704873264
vn 0.234277904 0.669528246 0.704872906
vn 0.0794201419 0.704873502 0.704872906
vn 0.0794201046 0.7048738 0.704872608
vn -0.0794201717 0.7048738 0.704872549
vn -0.0794200748 0.704873502 0.704872906
vn -0.234277979 0.669528186 0.704872906
vn -0.234277785 0.669527888 0.704873264
vn -0.37738812 0.600609541 0.704873323
vn -0.377388328 0.60060972 0.704873025
vn -0.501574457 0.501574457 0.704873145
vn -0.600609779 0.377388269 0.704873025
vn -0.600609481 0.377388179 0.704873323
vn -0.669527829 0.234277859 0.704873264
vn -0.669528246 0.234277904 0.704872906
vn -0.704873502 0.0794201419 0.704872906
vn -0.7048738 0.0794201046 0.704872608
vn -0.7048738 -0.0794201717 0.704872549
vn -0.704873502 -0.0794200748 0.704872906
vn -0.669528186 -0.234277979 0.704872906
vn -0.669527888 -0.234277785 0.704873264
vn -0.600609541 -0.37738812 0.704873323
vn -0.60060972 -0.377388328 0.704873025
vn -0.501574457 -0.501574457 0.704873145
vn -0.377388269 -0.600609779 0.704873025
vn -0.377388179 -0.600609481 0.704873323
vn -0.234277859 -0.669527829 0.704873264
vn -0.234277904 -0.669528246 0.704872906
vn -0.0794201419 -0.704873502 0.704872906
vn -0.0794201046 -0.7048738 0.704872608
vn 0.0794201717 -0.7048738 0.704872549
vn 0.0794200748 -0.704873502 0.704872906
vn 0.234277979 -0.669528186 0.704872906
vn 0.234277785 -0.669527888 0.704873264
vn 0.37738812 -0.600609541 0.704873323
vn 0.377388328 -0.60060972 0.704873025
vn 0.501574457 -0.501574457 0.704873145
vn 0.600609779 -0.377388269 0.704873025
vn 0.600609481 -0.377388179 0.704873323
vn 0.669527829 -0.234277859 0.704873264
vn 0.669528246 -0.234277904 0.704872906
vn 0.704873502 -0.0794201419 0.704872906
vn 0.7048738 -0.0794201046 0.704872608
vn 0.7048738 0.0794201717 0.704872549
vn 0.704873502 0.0794200748 0.704872906
vn 0.0825793743 0 -0.996584475
vn 0.245485559 0 -0.969400227
vn 0.401695192 0 -0.915773451
vn 0.546948552 0 -0.83716625
vn 0.67728138 0 -0.735724092
vn 0.789140403 0 -0.614212871
vn 0.879473925 0 -0.475947052
vn 0.945817173 0 -0.32469973
vn 0.986361265 0 -0.164594874
vn 0.986361265 0 0.164594874
vn 0.945817173 0 0.32469973
vn 0.879473925 0 0.475947052
vn 0.789140761 0 0.614212394
vn 0.677280843 0 0.735724568
vn 0.546949208 0 0.837165773
vn 0.401694357 0 0.915773809
vn 0.245485559 0 0.969400227
vn 0.0825803727 0 0.996584415
vn -0.0825803727 0 0.996584415
vn -0.245485559 0 0.969400227
vn -0.401694357 0 0.915773809
vn -0.546949208 0 0.837165773
vn -0.677280843 0 0.735724568
vn -0.789140761 0 0.614212394
vn -0.879473925 0 0.475947052
vn -0.945817173 0 0.32469973
vn -0.986361265 0 0.164594874
vn -0.986361265 0 -0.164594874
vn -0.945817173 0 -0.32469973
vn -0.879473925 0 -0.475947052
vn -0.789140403 0 -0.614212871
vn -0.67728138 0 -0.735724092
vn -0.546948552 0 -0.83716625
vn -0.401695192 0 -0.915773451
vn -0.245485559 0 -0.969400227
vn -0.0825793743 0 -0.996584475
vn -0.0825798064 0 0.996584475
vn -0.245484889 0 0.969400406
vn -0.401695639 0 0.915773213
vn -0.546948254 0 0.837166429
vn -0.677281559 0 0.735723913
vn -0.789140284 0 0.61421299
vn -0.879473984 0 0.475946933
vn -0.986361384 0 0.164594278
vn -0.986361325 0 -0.164594427
vn -0.945817232 0 -0.324699432
vn -0.879473805 0 -0.47594735
vn -0.789140284 0 -0.61421299
vn -0.677282095 0 -0.735723436
vn -0.546947598 0 -0.837166846
vn -0.401695639 0 -0.915773213
vn -0.245485812 0 -0.969400167
vn -0.0825798064 0 -0.996584475
vn 0.0825798064 0 -0.996584475
vn 0.245485812 0 -0.969400167
vn 0.401695639 0 -0.915773213
vn 0.546947598 0 -0.837166846
vn 0.677282095 0 -0.735723436
vn 0.789140284 0 -0.61421299
vn 0.879473805 0 -0.47594735
vn 0.945817232 0 -0.324699432
vn 0.986361325 0 -0.164594427
vn 0.986361384 0 0.164594278
vn 0.879473984 0 0.475946933
vn 0.789140284 0 0.61421299
vn 0.677281559 0 0.735723913
vn 0.546948254 0 0.837166429
vn 0.401695639 0 0.915773213
vn 0.245484889 0 0.969400406
vn 0.0825798064 0 0.996584475
vn -0.0584926046 0.705895424 0.705896795
vn -0.173881561 0.705895424 0.686641693
vn -0.173879817 0.705899835 0.68663764
vn -0.284525573 0.705899656 0.64865309
vn -0.284526348 0.705898225 0.648654342
vn -0.387410671 0.705898046 0.592976332
vn -0.387411416 0.705896914 0.592977166
vn -0.47972846 0.705896914 0.521123886
vn -0.479727983 0.70589757 0.521123528
vn -0.558958888 0.705897629 0.435055733
vn -0.55896008 0.705896318 0.435056359
vn -0.622944713 0.705896318 0.337120473
vn -0.62294507 0.70589596 0.337120593
vn -0.669937253 0.705895722 0.229989767
vn -0.669936121 0.705896914 0.229989558
vn -0.698654056 0.705896974 0.116584629
vn -0.698654771 0.705896258 0.116584636
vn -0.708315134 0.705896378 4.24306441e-34
vn -0.698654771 0.705896258 -0.116584748
vn -0.698654771 0.705896258 -0.116584741
vn -0.669937432 0.705895483 -0.229990065
vn -0.669935942 0.705897152 -0.22998926
vn -0.622943223 0.705898106 -0.337119639
vn -0.622944593 0.705896378 -0.337120712
vn -0.558959961 0.705896318 -0.435056537
vn -0.558959067 0.705897629 -0.435055584
vn -0.479728401 0.70589757 -0.521123111
vn -0.479728788 0.705896914 -0.521123648
vn -0.387411296 0.705896914 -0.592977285
vn -0.387412339 0.705894351 -0.59297961
vn -0.284527183 0.705894172 -0.648658395
vn -0.284525782 0.705899656 -0.64865303
vn -0.173881128 0.705899894 -0.686637223
vn -0.173881546 0.705895424 -0.686641693
vn -0.0584914498 0.705895364 -0.705896914
vn -0.0584920049 0.705902696 -0.705889583
vn 0.0584908426 0.705902755 -0.705889583
vn 0.0584926046 0.705895424 -0.705896795
vn 0.173882231 0.705895424 -0.686641574
vn 0.173880458 0.705899894 -0.686637402
vn 0.284524977 0.705899715 -0.648653328
vn 0.284527957 0.705894232 -0.648657978
vn 0.387412667 0.705894351 -0.592979431
vn 0.387410969 0.705896914 -0.592977524
vn 0.479728848 0.705896914 -0.521123588
vn 0.479728341 0.70589757 -0.521123171
vn 0.558958888 0.705897629 -0.435055733
vn 0.55896008 0.705896318 -0.435056359
vn 0.622944713 0.705896318 -0.337120473
vn 0.622943103 0.705898046 -0.337119907
vn 0.669935822 0.705897152 -0.229989514
vn 0.669937491 0.705895483 -0.229989812
vn 0.698654771 0.705896258 -0.116584748
vn 0.708315134 0.705896378 -3.0995435e-34
vn 0.698654771 0.705896258 0.116584748
vn 0.698654056 0.705896974 0.11658451
vn 0.669936121 0.705896914 0.22998938
vn 0.669937193 0.705895722 0.229989931
vn 0.62294507 0.70589596 0.337120652
vn 0.622944772 0.705896318 0.337120444
vn 0.558959961 0.705896318 0.435056537
vn 0.558959067 0.705897629 0.435055584
vn 0.479728043 0.70589757 0.521123469
vn 0.479728401 0.705896914 0.521123946
vn 0.387411296 0.705896914 0.592977285
vn 0.38741082 0.705898046 0.592976272
vn 0.284526139 0.705898225 0.648654401
vn 0.284525782 0.705899656 0.64865303
vn 0.173880473 0.705899894 0.686637402
vn 0.173880875 0.705895483 0.686641872
vn 0.0584921464 0.705895364 0.705896854
vn 0.0584923662 0.705898285 0.705893934
vn -0.0584919043 0.705898345 0.705893934
vn -0.0584926531 -0.705894887 -0.705897331
vn -0.173882365 -0.705894887 -0.68664211
vn -0.173880592 -0.705899298 -0.686637938
vn -0.284525186 -0.705899179 -0.648653805
vn -0.284528196 -0.705893636 -0.648658514
vn -0.387412995 -0.705893815 -0.592979848
vn -0.387411267 -0.705896318 -0.592978001
vn -0.479729235 -0.705896378 -0.521123946
vn -0.479728699 -0.705897033 -0.521123588
vn -0.558959365 -0.705897033 -0.435056061
vn -0.558960497 -0.705895782 -0.435056716
vn -0.622945189 -0.705895782 -0.337120742
vn -0.62294358 -0.70589751 -0.337120146
vn -0.669936359 -0.705896616 -0.229989693
vn -0.669938028 -0.705894947 -0.229989991
vn -0.698655307 -0.705895722 -0.116584837
vn -0.698655307 -0.705895662 -0.116584837
vn -0.70831567 -0.705895782 3.12963616e-34
vn -0.70831567 -0.705895782 3.06945085e-34
vn -0.698655307 -0.705895662 0.116584845
vn -0.698654592 -0.705896437 0.116584606
vn -0.669936657 -0.705896378 0.229989558
vn -0.66993773 -0.705895185 0.22999011
vn -0.622945547 -0.705895424 0.33712092
vn -0.622945249 -0.705895782 0.337120682
vn -0.558960378 -0.705895782 0.435056865
vn -0.558959484 -0.705897033 0.435055912
vn -0.479728431 -0.705896974 0.521123827
vn -0.479728758 -0.705896378 0.521124363
vn -0.387411594 -0.705896378 0.592977762
vn -0.387411118 -0.70589751 0.592976689
vn -0.284526378 -0.705897689 0.648654938
vn -0.28452599 -0.705899119 0.648653507
vn -0.173880607 -0.705899298 0.686637938
vn -0.173881009 -0.705894947 0.686642349
vn -0.0584921911 -0.705894828 0.705897391
vn -0.0584924147 -0.705897748 0.70589447
vn 0.0584919527 -0.705897748 0.70589447
vn 0.0584926531 -0.705894887 0.705897331
vn 0.173881695 -0.705894887 0.68664223
vn 0.173879951 -0.705899298 0.686638176
vn 0.284525782 -0.705899119 0.648653567
vn 0.284526557 -0.705897689 0.648654819
vn 0.387410969 -0.70589751 0.592976809
vn 0.387411743 -0.705896378 0.592977643
vn 0.479728818 -0.705896378 0.521124303
vn 0.479728341 -0.705896974 0.521123946
vn 0.558959365 -0.705897033 0.435056061
vn 0.558960497 -0.705895782 0.435056716
vn 0.622945189 -0.705895782 0.337120742
vn 0.622945547 -0.705895424 0.337120861
vn 0.669937789 -0.705895185 0.229989946
vn 0.669936597 -0.705896318 0.229989737
vn 0.698654592 -0.705896437 0.116584718
vn 0.698655307 -0.705895722 0.116584726
vn 0.70831567 -0.705895782 -4.27315706e-34
vn 0.70831567 -0.705895782 -4.24306441e-34
vn 0.698655307 -0.705895662 -0.116584845
vn 0.698655307 -0.705895722 -0.116584837
vn 0.669937968 -0.705894887 -0.229990244
vn 0.669936419 -0.705896616 -0.229989439
vn 0.622943699 -0.70589751 -0.337119907
vn 0.62294507 -0.705895782 -0.33712098
vn 0.558960378 -0.705895782 -0.435056865
vn 0.558959484 -0.705897033 -0.435055912
vn 0.479728788 -0.705897033 -0.521123469
vn 0.479729146 -0.705896378 -0.521124065
vn 0.387411594 -0.705896378 -0.592977762
vn 0.387412637 -0.705893815 -0.592980087
vn 0.284527391 -0.705893636 -0.648658872
vn 0.28452599 -0.705899119 -0.648653507
vn 0.173881263 -0.705899358 -0.686637759
vn 0.17388168 -0.705894887 -0.68664223
vn 0.0584914945 -0.705894828 -0.70589751
vn 0.0584920496 -0.705902159 -0.705890119
vn -0.0584908873 -0.705902219 -0.705890119
vn 0.0825797692 0 -0.996584475
vn 0.245485753 0 -0.969400227
vn 0.401695371 0 -0.915773332
vn 0.546947777 0 -0.837166727
vn 0.677281618 0 -0.735723853
vn 0.789140701 0 -0.614212513
vn 0.879473746 0 -0.47594738
vn 0.945817232 0 -0.324699521
vn 0.986361265 0 -0.164594829
vn 0.986361265 0 0.164594993
vn 0.945817232 0 0.324699521
vn 0.879473746 0 0.47594738
vn 0.789141059 0 0.614211977
vn 0.677281618 0 0.735723853
vn 0.546947062 0 0.837167203
vn 0.401695371 0 0.915773332
vn 0.245486706 0 0.969399929
vn 0.0825797692 0 0.996584475
vn -0.0825797692 0 0.996584475
vn -0.245486706 0 0.969399929
vn -0.401695371 0 0.915773332
vn -0.546947062 0 0.837167203
vn -0.677281618 0 0.735723853
vn -0.789141059 0 0.614211977
vn -0.879473746 0 0.47594738
vn -0.945817232 0 0.324699521
vn -0.986361265 0 0.164594993
vn -0.986361265 0 -0.164594829
vn -0.945817232 0 -0.324699521
vn -0.879473746 0 -0.47594738
vn -0.789140701 0 -0.614212513
vn -0.677281618 0 -0.735723853
vn -0.546947777 0 -0.837166727
vn -0.401695371 0 -0.915773332
vn -0.245485753 0 -0.969400227
vn -0.0825797692 0 -0.996584475
vn 0.167673036 -0.125098839 -0.977873206
vn 0.0841395408 0.125096112 -0.988570452
vn 0.249998763 0.125096858 -0.96013093
vn 0.330522925 -0.125098124 -0.935470521
vn 0.408665746 0.125097021 -0.904070258
vn 0.48386395 -0.125097692 -0.866155982
vn 0.483863741 -0.125097692 -0.866156161
vn 0.555576026 0.125098065 -0.82200104
vn 0.623285055 -0.125095978 -0.771924078
vn 0.623285294 -0.125095978 -0.77192384
vn 0.686503172 0.125097632 -0.716284811
vn 0.744775295 -0.125097543 -0.655484796
vn 0.744775832 -0.125097543 -0.655484259
vn 0.79768151 0.125095472 -0.589962125
vn 0.844839573 -0.125096917 -0.520189285
vn 0.844840109 -0.125096917 -0.520188332
vn 0.885911524 0.125097319 -0.446666986
vn 0.920599997 -0.125097841 -0.369927257
vn 0.920599699 -0.125097841 -0.369927973
vn 0.948655427 0.125098318 -0.290522456
vn 0.969876051 -0.125097707 -0.209023908
vn 0.969875991 -0.125097707 -0.209024325
vn 0.984108567 0.125096604 -0.126020357
vn 0.991250217 -0.125099748 -0.0421076715
vn 0.991250157 -0.125099748 -0.0421087071
vn 0.991250396 0.125098109 0.0421081558
vn 0.984108806 -0.125095487 0.126019731
vn 0.984108686 -0.125095487 0.126020744
vn 0.969875991 0.125097707 0.209024325
vn 0.948655963 -0.125095084 0.290522099
vn 0.948655665 -0.125095084 0.290523052
vn 0.920599997 0.125097841 0.369927257
vn 0.885910451 -0.125101402 0.446668029
vn 0.885911703 -0.125101402 0.446665525
vn 0.844839215 0.125100091 0.520189047
vn 0.797682047 -0.125091285 0.589962244
vn 0.623284757 0.125101179 0.771923423
vn 0.686503232 -0.125091061 0.716285944
vn 0.744818032 -0.124647908 0.655521929
vn 0.64738214 0.353051394 0.675463617
vn 0.797681093 -0.125091285 0.589963555
vn 0.48386389 0.125097319 0.866156101
vn 0.555574417 -0.125090525 0.822003305
vn 0.555577278 -0.125090525 0.822001338
vn 0.330522925 0.125098124 0.935470521
vn 0.408664376 -0.125091657 0.904071629
vn 0.408667713 -0.125091657 0.904070139
vn 0.167672902 0.125104815 0.977872491
vn 0.249999821 -0.125093877 0.960131049
vn 0.249999851 -0.125093877 0.960131049
vn -0.0421086736 -0.124982119 0.991264999
vn -0.0848046839 7.26990591e-16 0.996397614
vn 0.0424414575 -3.63830641e-16 0.999098957
vn 0.0841385424 -0.125093088 0.988570929
vn -0.330541819 -0.124647722 0.935523927
vn -0.385375112 0.353050828 0.852549791
vn -0.249999851 -0.125093877 0.960131049
vn -0.167682573 -0.124650165 0.977928877
vn -0.235751495 0.353063792 0.905409932
vn -0.0841385424 -0.125093088 0.988570929
vn -0.623320639 -0.124646962 0.771967947
vn -0.6473791 0.353055209 0.675464511
vn -0.555577278 -0.125090525 0.822001338
vn -0.483891547 -0.124646597 0.866205633
vn -0.523913324 0.353048772 0.775158942
vn -0.408667713 -0.125091657 0.904070139
vn -0.844886541 -0.124658324 0.520218194
vn -0.835421979 0.353062183 0.421209246
vn -0.797682047 -0.125091285 0.589962244
vn -0.744818151 -0.124646932 0.655521989
vn -0.752222002 0.353051633 0.556342125
vn -0.686505377 -0.125091061 0.716283858
vn -0.969930768 -0.12465214 0.209036142
vn -0.928025246 0.353053004 0.118838944
vn -0.948655963 -0.125095084 0.290522099
vn -0.920652151 -0.124651186 0.369948208
vn -0.894592524 0.353053331 0.273966372
vn -0.885910451 -0.125101402 0.446668029
vn -0.98416388 -0.124653772 -0.126027435
vn -0.91460371 0.35305351 -0.197112247
vn -0.991250217 -0.125099748 -0.0421076715
vn -0.991305947 -0.124656551 0.0421105139
vn -0.934758067 0.353058875 -0.0397088975
vn -0.984108806 -0.125095487 0.126019731
vn -0.885911524 0.125097319 -0.446666986
vn -0.920599997 -0.125097841 -0.369927257
vn -0.948708892 -0.124654166 -0.290538818
vn -0.868134558 0.353056759 -0.34884569
vn -0.969876051 -0.125097707 -0.209023908
vn -0.79768151 0.125095472 -0.589962125
vn -0.844839573 -0.125096917 -0.520189285
vn -0.844840109 -0.125096917 -0.520188332
vn -0.686503172 0.125097632 -0.716284811
vn -0.744775295 -0.125097543 -0.655484796
vn -0.744775832 -0.125097543 -0.655484259
vn -0.555576026 0.125098065 -0.82200104
vn -0.623285055 -0.125095978 -0.771924078
vn -0.623285294 -0.125095978 -0.77192384
vn -0.408665746 0.125097021 -0.904070258
vn -0.48386395 -0.125097692 -0.866155982
vn -0.483863741 -0.125097692 -0.866156161
vn -0.249998763 0.125096858 -0.96013093
vn -0.330522925 -0.125098124 -0.935470521
vn 7.05904101e-41 -0.125098169 -0.992144346
vn -0.0841395408 0.125096112 -0.988570452
vn -0.167673036 -0.125098839 -0.977873206
vn 0.173880666 -0.705898821 -0.686638474
vn 0.17387937 -0.705902994 -0.686634481
vn 0.284524471 -0.705902457 -0.648650527
vn 0.284527987 -0.705894828 -0.648657322
vn 0.387412041 -0.705895185 -0.592978835
vn 0.38741219 -0.705894947 -0.592979014
vn 0.479729712 -0.705895066 -0.521125317
vn 0.479726315 -0.705899715 -0.521122098
vn 0.558957636 -0.705899715 -0.435053945
vn 0.55895865 -0.705898523 -0.4350546
vn 0.622943401 -0.705897689 -0.337120086
vn 0.62294066 -0.705900729 -0.337118864
vn 0.669932902 -0.705900371 -0.229988292
vn 0.669938505 -0.70589453 -0.229989797
vn 0.698656261 -0.705894649 -0.116585284
vn 0.698657453 -0.705893457 -0.116585404
vn 0.708318233 -0.705893278 -4.27315706e-34
vn 0.698659122 -0.705891728 0.116585888
vn 0.698654592 -0.705896437 0.116584808
vn 0.669935167 -0.705897987 0.229989067
vn 0.669929802 -0.705903769 0.229986817
vn 0.622936308 -0.705905735 0.337116271
vn 0.622938871 -0.705902755 0.337117881
vn 0.558953702 -0.70590508 0.435050339
vn 0.558957696 -0.705899715 0.435053885
vn 0.479726553 -0.705899715 0.52112186
vn 0.479734331 -0.705887258 0.521131575
vn 0.387416512 -0.705886066 0.592986822
vn 0.387412041 -0.705895185 0.592978835
vn 0.28452751 -0.705894828 0.64865756
vn 0.284521669 -0.705912113 0.648641288
vn 0.173877805 -0.705913305 0.686624289
vn 0.173882216 -0.705888629 0.686648548
vn 0.0584931597 -0.705888331 0.705903828
vn 0.0584931038 -0.705892146 0.705900013
vn -0.0584928468 -0.705892146 0.705900013
vn -0.058493413 -0.705888391 0.705903769
vn -0.17388387 -0.70588851 0.68664825
vn -0.173876196 -0.705913246 0.686624765
vn -0.284520566 -0.705912173 0.648641706
vn -0.284528583 -0.705894887 0.648657024
vn -0.387411505 -0.705895245 0.592979133
vn -0.387417018 -0.705886066 0.592986405
vn -0.479734987 -0.705887258 0.521131039
vn -0.479725927 -0.705899715 0.521122456
vn -0.558957934 -0.705899715 0.435053617
vn -0.558953524 -0.70590502 0.435050637
vn -0.622938991 -0.705902755 0.337117702
vn -0.622936249 -0.705905735 0.33711645
vn -0.669929624 -0.705903769 0.229987174
vn -0.669935226 -0.705897987 0.229988679
vn -0.698654532 -0.705896437 0.116585121
vn -0.698659182 -0.705891728 0.116585575
vn -0.708318233 -0.705893278 3.06945085e-34
vn -0.698657453 -0.705893457 -0.116585486
vn -0.698656261 -0.705894649 -0.11658521
vn -0.669938385 -0.70589453 -0.229990184
vn -0.669933021 -0.705900311 -0.229987919
vn -0.622940779 -0.705900729 -0.337118685
vn -0.622943282 -0.705897689 -0.337120265
vn -0.55895859 -0.705898523 -0.43505466
vn -0.558957696 -0.705899715 -0.435053885
vn -0.479726553 -0.705899715 -0.52112186
vn -0.479729474 -0.705895066 -0.521125495
vn -0.387412161 -0.705894947 -0.592979074
vn -0.387412041 -0.705895185 -0.592978835
vn -0.28452751 -0.705894828 -0.64865756
vn -0.284524947 -0.705902457 -0.648650348
vn -0.173879638 -0.705902994 -0.686634421
vn -0.173880383 -0.705898821 -0.686638534
vn -0.058492288 -0.705898941 -0.705893338
vn -0.0584923886 -0.705892146 -0.705900073
vn 0.0584928468 -0.705892146 -0.705900013
vn 0.0584918335 -0.705898881 -0.705893397
vn -0.0600744784 0.705832124 0.705827236
vn -0.0600741804 0.705828428 0.705830932
vn -0.178497672 0.705828488 0.685525119
vn -0.178496137 0.705832243 0.685521722
vn -0.178495795 0.705836117 0.685517788
vn -0.291779697 0.70583576 0.645492435
vn -0.291786432 0.705823779 0.645502508
vn -0.291785479 0.705827534 0.645498812
vn -0.396675706 0.705827415 0.586903751
vn -0.39667961 0.705821812 0.586907864
vn -0.569538832 0.705826521 0.421229661
vn -0.396675795 0.705830872 0.586899519
vn -0.490155518 0.705830753 0.511420071
vn -0.490161985 0.705822766 0.511424899
vn -0.490159243 0.705827653 0.511420846
vn -0.56953764 0.705827892 0.421229064
vn -0.569534838 0.705832183 0.421225548
vn -0.632531285 0.705831349 0.318914294
vn -0.63252759 0.705835104 0.318913162
vn -0.632534266 0.705826938 0.318918049
vn -0.677331626 0.705828786 0.207430854
vn -0.677332878 0.705827534 0.207431018
vn -0.707740128 0.705832839 -0.0300644357
vn -0.677330136 0.705830574 0.207429662
vn -0.702641368 0.705832243 0.0899772495
vn -0.702644467 0.705829203 0.0899771303
vn -0.702643096 0.705830634 0.089976728
vn -0.707744002 0.705828905 -0.0300652515
vn -0.707740664 0.705832303 -0.0300643686
vn -0.692480206 0.705831647 -0.149240956
vn -0.692480206 0.705831647 -0.149240941
vn -0.603208065 0.705829442 -0.371409267
vn -0.692482054 0.705829799 -0.14924103
vn -0.657300115 0.705828846 -0.264125317
vn -0.657298982 0.705830216 -0.264124632
vn -0.657300949 0.70582819 -0.264125049
vn -0.603209615 0.705827355 -0.371410638
vn -0.603201747 0.705836177 -0.371406704
vn -0.531757295 0.705837011 -0.468004614
vn -0.531760573 0.705831826 -0.468008667
vn -0.345474035 0.705830038 -0.61842674
vn -0.531762123 0.705829978 -0.468009651
vn -0.445019186 0.705830395 -0.551145554
vn -0.445019782 0.705829144 -0.551146626
vn -0.445019633 0.705829322 -0.551146507
vn -0.345474422 0.705828905 -0.618427813
vn -0.235990018 0.705830276 -0.667916417
vn -0.235990107 0.70582968 -0.667917013
vn -0.235990375 0.705829144 -0.66791749
vn -0.119717054 0.705829084 -0.698192775
vn -0.119717054 0.705828249 -0.69819361
vn -0.119717322 0.705827475 -0.698194385
vn -3.98284056e-40 0.705827415 -0.708383858
vn 0.235990107 0.70582968 -0.667917013
vn 0.119717322 0.705827475 -0.698194385
vn 0.119717054 0.705828249 -0.69819361
vn 0.119717054 0.705829084 -0.698192775
vn 0.235990375 0.705829144 -0.66791749
vn 0.445019782 0.705829144 -0.551146626
vn 0.235990018 0.705830276 -0.667916417
vn 0.345474035 0.705830038 -0.61842674
vn 0.345474422 0.705828905 -0.618427813
vn 0.445019633 0.705829322 -0.551146507
vn 0.445019186 0.705830395 -0.551145554
vn 0.531762123 0.705829978 -0.468009651
vn 0.531760573 0.705831826 -0.468008667
vn 0.531757295 0.705837011 -0.468004614
vn 0.603201747 0.705836177 -0.371406704
vn 0.603208065 0.705829442 -0.371409267
vn 0.692480206 0.705831647 -0.149240941
vn 0.603209615 0.705827355 -0.371410638
vn 0.657300949 0.70582819 -0.264125049
vn 0.657298982 0.705830216 -0.264124632
vn 0.657300115 0.705828846 -0.264125317
vn 0.692482054 0.705829799 -0.14924103
vn 0.692480206 0.705831647 -0.149240956
vn 0.707740664 0.705832303 -0.0300643686
vn 0.707740128 0.705832839 -0.0300644357
vn 0.707744002 0.705828905 -0.0300652515
vn 0.702643096 0.705830634 0.089976728
vn 0.702644467 0.705829203 0.0899771303
vn 0.63252759 0.705835104 0.318913162
vn 0.702641368 0.705832243 0.0899772495
vn 0.677330136 0.705830574 0.207429662
vn 0.677332878 0.705827534 0.207431018
vn 0.677331626 0.705828786 0.207430854
vn 0.632534266 0.705826938 0.318918049
vn 0.632531285 0.705831349 0.318914294
vn 0.569534838 0.705832183 0.421225548
vn 0.569538832 0.705826521 0.421229661
vn 0.56953764 0.705827892 0.421229064
vn 0.490159243 0.705827653 0.511420846
vn 0.490161985 0.705822766 0.511424899
vn 0.490155518 0.705830753 0.511420071
vn 0.396675795 0.705830872 0.586899519
vn 0.39667961 0.705821812 0.586907864
vn 0.178496137 0.705832243 0.685521722
vn 0.396675706 0.705827415 0.586903751
vn 0.291785479 0.705827534 0.645498812
vn 0.291786432 0.705823779 0.645502508
vn 0.291779697 0.70583576 0.645492435
vn 0.178495795 0.705836117 0.685517788
vn 0.178497672 0.705828488 0.685525119
vn 0.0600741804 0.705828428 0.705830932
vn 0.0600744784 0.705832124 0.705827236
vn 0.0600735657 0.70583576 0.70582366
vn -0.0600735657 0.70583576 0.70582366
vn 0.173880979 0.705895066 0.68664223
vn 0.173882052 0.705892622 0.686644495
vn 0.28452903 0.705892861 0.64865905
vn 0.28452456 0.705900431 0.648652673
vn 0.387408853 0.705900192 0.592974961
vn 0.387415022 0.705891609 0.59298116
vn 0.479732156 0.705891967 0.521127224
vn 0.479727119 0.705898106 0.521123588
vn 0.558958888 0.705897868 0.435055315
vn 0.558960676 0.70589596 0.43505618
vn 0.622945368 0.705895603 0.337120891
vn 0.622945428 0.705895483 0.33712092
vn 0.669937432 0.705895424 0.229990184
vn 0.669938266 0.705894589 0.229990289
vn 0.698655546 0.705895364 0.116585091
vn 0.698655009 0.705895901 0.116585113
vn 0.708315134 0.705896378 -3.06945085e-34
vn 0.698654473 0.705896497 -0.116584904
vn 0.698655009 0.70589596 -0.116585106
vn 0.669937193 0.705895782 -0.229989856
vn 0.669937491 0.705895424 -0.22999002
vn 0.622945428 0.705895483 -0.33712092
vn 0.622945368 0.705895603 -0.337120861
vn 0.558960438 0.705895901 -0.435056508
vn 0.558960557 0.705895722 -0.435056657
vn 0.479729384 0.705895483 -0.521125019
vn 0.479729861 0.705894589 -0.521125793
vn 0.387412488 0.70589447 -0.592979372
vn 0.387411475 0.705897212 -0.592976809
vn 0.284526646 0.705897272 -0.648655236
vn 0.284526885 0.70589608 -0.648656428
vn 0.173881412 0.70589608 -0.686641097
vn 0.173881456 0.705895007 -0.68664217
vn 0.0584922805 0.705894947 -0.705897272
vn 0.0584923141 0.705895245 -0.705896974
vn -0.0584922545 0.705895245 -0.705896974
vn -0.0584923364 0.705894947 -0.705897272
vn -0.173881665 0.705895007 -0.68664211
vn -0.173881203 0.70589608 -0.686641157
vn -0.284527123 0.70589608 -0.648656309
vn -0.284526438 0.705897272 -0.648655355
vn -0.387410998 0.705897212 -0.592977107
vn -0.387412935 0.70589453 -0.592979074
vn -0.47972998 0.705894589 -0.521125674
vn -0.479729235 0.705895483 -0.521125138
vn -0.558960617 0.705895722 -0.435056627
vn -0.558960438 0.705895901 -0.435056537
vn -0.622945368 0.705895603 -0.337120891
vn -0.622945428 0.705895483 -0.33712092
vn -0.669937491 0.705895424 -0.229989961
vn -0.669937193 0.705895782 -0.229989916
vn -0.698655009 0.70589596 -0.116584994
vn -0.698654473 0.705896497 -0.116585016
vn -0.708315134 0.705896378 4.27315706e-34
vn -0.698655069 0.70589596 0.116585001
vn -0.698655546 0.705895424 0.116585195
vn -0.669938207 0.705894589 0.229990453
vn -0.669937491 0.705895424 0.22999002
vn -0.622945428 0.705895483 0.33712092
vn -0.622945368 0.705895603 0.337120861
vn -0.558960438 0.705895901 0.435056508
vn -0.558959126 0.705897868 0.435055017
vn -0.479728013 0.705898106 0.521122694
vn -0.479731202 0.705892026 0.521127999
vn -0.387413591 0.70589149 0.592982173
vn -0.387410372 0.705900133 0.592974067
vn -0.284525931 0.70590055 0.648652017
vn -0.28452757 0.70589292 0.648659587
vn -0.173881575 0.705892622 0.686644614
vn -0.173881456 0.705895007 0.68664217
vn -0.0584922805 0.705894947 0.705897272
vn -0.0584927313 0.705898702 0.705893457
vn 0.0584919676 0.705898762 0.705893517
vn 0.0584930368 0.705895007 0.705897152
vn 0.239105925 0.226495638 0.944207668
vn 0.23910521 0.226498321 0.944207191
vn 0.391254961 0.226498067 0.89197433
vn 0.39125666 0.226492152 0.891975045
vn 0.532735646 0.226492286 0.815410316
vn 0.532733798 0.226498291 0.815409839
vn 0.659679472 0.226497829 0.716604292
vn 0.659680963 0.226493031 0.716604412
vn 0.768633187 0.22649309 0.598250687
vn 0.768632531 0.226495102 0.598250747
vn 0.856618464 0.226494849 0.463578314
vn 0.85661906 0.226493001 0.463578165
vn 0.921238005 0.226493061 0.316261679
vn 0.921237528 0.22649461 0.316261858
vn 0.960728109 0.22649467 0.160317451
vn 0.960728586 0.226492882 0.160317138
vn 0.974012971 0.226492301 -4.8900565e-34
vn 0.974012971 0.226492301 -4.82987119e-34
vn 0.960728705 0.226492122 -0.16031754
vn 0.960728168 0.226494655 -0.160316914
vn 0.921237648 0.226494625 -0.31626156
vn 0.921237648 0.226494551 -0.31626159
vn 0.856618404 0.226495177 -0.463578284
vn 0.856618702 0.226492673 -0.463579029
vn 0.768632948 0.226492286 -0.598251283
vn 0.768632889 0.22649309 -0.598251045
vn 0.659680724 0.226493031 -0.71660465
vn 0.659680724 0.226494446 -0.716604173
vn 0.532734692 0.226494461 -0.815410316
vn 0.532734573 0.226492301 -0.815411031
vn 0.391256332 0.226492152 -0.891975224
vn 0.391256511 0.22649385 -0.891974688
vn 0.239106029 0.22649388 -0.944208026
vn 0.239106283 0.226495624 -0.944207549
vn 0.0804333165 0.226495713 -0.970685422
vn 0.080432713 0.226492569 -0.970686197
vn -0.0804333761 0.226492554 -0.970686138
vn -0.080432646 0.226495698 -0.970685482
vn -0.239105925 0.226495638 -0.944207668
vn -0.239106372 0.226493895 -0.944207966
vn -0.391256183 0.22649385 -0.891974866
vn -0.39125666 0.226492152 -0.891975045
vn -0.532734931 0.226492301 -0.815410733
vn -0.532734275 0.226494446 -0.815410614
vn -0.659680545 0.226494446 -0.716604412
vn -0.659680963 0.226493031 -0.716604412
vn -0.768632829 0.22649309 -0.598251164
vn -0.768633068 0.226492286 -0.598251164
vn -0.856618941 0.226492673 -0.463578552
vn -0.856618166 0.226495177 -0.463578761
vn -0.921237648 0.226494551 -0.31626156
vn -0.921237648 0.226494625 -0.31626156
vn -0.960728109 0.22649467 -0.160317451
vn -0.960728765 0.226492122 -0.160317019
vn -0.974012971 0.226492301 5.23612204e-34
vn -0.974012971 0.226492301 5.22107571e-34
vn -0.960728526 0.226492867 0.160317525
vn -0.960728168 0.226494655 0.160317078
vn -0.921237648 0.226494625 0.31626156
vn -0.921237886 0.226493075 0.316261977
vn -0.856618881 0.226493001 0.463578522
vn -0.856618643 0.226494849 0.463577986
vn -0.768632829 0.226495117 0.598250449
vn -0.768632889 0.22649309 0.598251045
vn -0.659680247 0.226493016 0.716605127
vn -0.659680188 0.226497814 0.716603637
vn -0.532734871 0.226498321 0.815409124
vn -0.532734573 0.226492301 0.815411031
vn -0.391255528 0.226492137 0.891975582
vn -0.391256124 0.226498052 0.891973794
vn -0.239105761 0.226498336 0.944207013
vn -0.239105374 0.226495638 0.944207788
vn -0.0804342851 0.226495728 0.970685303
vn -0.0804336742 0.226492539 0.970686138
vn 0.0804343447 0.226492539 0.970686078
vn 0.0804336146 0.226495728 0.970685363
vn 0.996584535 0 -0.0825791284
vn 0.969400227 0 -0.245485738
vn 0.915773273 0 -0.401695549
vn 0.837166786 0 -0.546947718
vn 0.735723794 0 -0.677281678
vn 0.614212751 0 -0.789140463
vn 0.475947201 0 -0.879473865
vn 0.324699491 0 -0.945817232
vn 0.164594918 0 -0.986361265
vn -0.164594918 0 -0.986361265
vn -0.324699491 0 -0.945817232
vn -0.475947201 0 -0.879473865
vn -0.614212751 0 -0.789140463
vn -0.735723794 0 -0.677281678
vn -0.837166786 0 -0.546947718
vn -0.915773273 0 -0.401695549
vn -0.969400227 0 -0.245485738
vn -0.996584535 0 -0.0825791284
vn -0.996584535 0 0.0825791284
vn -0.969400227 0 0.245485738
vn -0.915773273 0 0.401695549
vn -0.837166786 0 0.546947718
vn -0.735723794 0 0.677281678
vn -0.614212751 0 0.789140463
vn -0.475947201 0 0.879473865
vn -0.324699491 0 0.945817232
vn -0.164594918 0 0.986361265
vn 0.164594918 0 0.986361265
vn 0.324699491 0 0.945817232
vn 0.475947201 0 0.879473865
vn 0.614212751 0 0.789140463
vn 0.735723794 0 0.677281678
vn 0.837166786 0 0.546947718
vn 0.915773273 0 0.401695549
vn 0.969400227 0 0.245485738
vn 0.996584535 0 0.0825791284
vn 0.705895662 -0.705896616 -0.0584920235
vn 0.68664068 -0.705896616 -0.173880786
vn 0.686641276 -0.705895901 -0.173881367
vn 0.648656487 -0.70589596 -0.284527123
vn 0.648656607 -0.705895782 -0.284527272
vn 0.59297806 -0.705895782 -0.387412101
vn 0.592977643 -0.705896616 -0.387411207
vn 0.521124125 -0.705896616 -0.479728699
vn 0.435056001 -0.705896616 -0.558960021
vn 0.435055971 -0.705896735 -0.558959842
vn 0.337120622 -0.705896795 -0.622944176
vn 0.337120593 -0.705896437 -0.622944593
vn 0.229989469 -0.705896378 -0.669936657
vn 0.229989499 -0.705896497 -0.669936538
vn 0.116584823 -0.705896497 -0.698654473
vn 0.116584986 -0.705896914 -0.698654056
vn 3.98323292e-40 -0.705896914 -0.708314598
vn -0.116584755 -0.705896914 -0.698654115
vn -0.116585046 -0.705896497 -0.698654413
vn -0.229989424 -0.705896497 -0.669936538
vn -0.229989544 -0.705896378 -0.669936657
vn -0.337120771 -0.705896378 -0.622944474
vn -0.337120414 -0.705896735 -0.622944295
vn -0.435055912 -0.705896735 -0.558959901
vn -0.435056031 -0.705896616 -0.558959961
vn -0.521124125 -0.705896616 -0.479728699
vn -0.592977345 -0.705896676 -0.387411624
vn -0.592978358 -0.705895782 -0.387411654
vn -0.648656607 -0.705895782 -0.284527183
vn -0.648656428 -0.70589596 -0.284527212
vn -0.686641395 -0.705895901 -0.17388095
vn -0.68664062 -0.705896616 -0.173881203
vn -0.705895662 -0.705896616 -0.0584921092
vn -0.705895782 -0.705896437 -0.0584920347
vn -0.705895782 -0.705896437 0.0584921241
vn -0.705895662 -0.705896616 0.0584920235
vn -0.68664068 -0.705896616 0.173880786
vn -0.686641276 -0.705895901 0.173881367
vn -0.648656487 -0.70589596 0.284527123
vn -0.648656607 -0.705895782 0.284527272
vn -0.59297806 -0.705895782 0.387412101
vn -0.592977643 -0.705896616 0.387411207
vn -0.521124125 -0.705896616 0.479728699
vn -0.435056001 -0.705896616 0.558960021
vn -0.435055971 -0.705896735 0.558959842
vn -0.337120622 -0.705896795 0.622944176
vn -0.337120593 -0.705896437 0.622944593
vn -0.229989469 -0.705896378 0.669936657
vn -0.229989499 -0.705896497 0.669936538
vn -0.116584823 -0.705896497 0.698654473
vn -0.116584986 -0.705896914 0.698654056
vn 3.98323292e-40 -0.705896914 0.708314598
vn 0.116584755 -0.705896914 0.698654115
vn 0.116585046 -0.705896497 0.698654413
vn 0.229989424 -0.705896497 0.669936538
vn 0.229989544 -0.705896378 0.669936657
vn 0.337120771 -0.705896378 0.622944474
vn 0.337120414 -0.705896735 0.622944295
vn 0.435055912 -0.705896735 0.558959901
vn 0.435056031 -0.705896616 0.558959961
vn 0.521124125 -0.705896616 0.479728699
vn 0.592977345 -0.705896676 0.387411624
vn 0.592978358 -0.705895782 0.387411654
vn 0.648656607 -0.705895782 0.284527183
vn 0.648656428 -0.70589596 0.284527212
vn 0.686641395 -0.705895901 0.17388095
vn 0.68664062 -0.705896616 0.173881203
vn 0.705895662 -0.705896616 0.0584921092
vn 0.705895782 -0.705896437 0.0584920347
vn 0.705895782 -0.705896437 -0.0584921241
vn -0.70589596 0.705896318 -0.0584920496
vn -0.686640978 0.705896318 -0.173880845
vn -0.686641514 0.705895603 -0.173881441
vn -0.648656726 0.705895662 -0.284527242
vn -0.648656845 0.705895483 -0.284527391
vn -0.592978299 0.705895483 -0.38741225
vn -0.592977881 0.705896318 -0.387411356
vn -0.521124363 0.705896318 -0.479728878
vn -0.43505615 0.705896318 -0.558960199
vn -0.43505615 0.705896437 -0.55896008
vn -0.337120742 0.705896497 -0.622944415
vn -0.337120712 0.705896139 -0.622944832
vn -0.229989573 0.70589608 -0.669936955
vn -0.229989603 0.705896199 -0.669936776
vn -0.116584867 0.705896199 -0.698654771
vn -0.116585031 0.705896616 -0.698654354
vn -3.98323292e-40 0.705896616 -0.708314896
vn 0.116584808 0.705896616 -0.698654413
vn 0.116585098 0.705896258 -0.698654711
vn 0.229989529 0.705896199 -0.669936836
vn 0.229989633 0.70589608 -0.669936895
vn 0.33712092 0.705896139 -0.622944772
vn 0.337120563 0.705896497 -0.622944534
vn 0.43505609 0.705896437 -0.55896014
vn 0.43505621 0.705896318 -0.558960199
vn 0.521124363 0.705896318 -0.479728878
vn 0.592977583 0.705896378 -0.387411803
vn 0.592978597 0.705895543 -0.387411803
vn 0.648656905 0.705895483 -0.284527302
vn 0.648656726 0.705895662 -0.284527332
vn 0.686641693 0.705895603 -0.173881024
vn 0.686640918 0.705896318 -0.173881277
vn 0.70589596 0.705896318 -0.0584921353
vn 0.70589608 0.705896139 -0.0584920608
vn 0.70589608 0.705896139 0.0584921464
vn 0.70589596 0.705896318 0.0584920496
vn 0.686640978 0.705896318 0.173880845
vn 0.686641514 0.705895603 0.173881441
vn 0.648656726 0.705895662 0.284527242
vn 0.648656845 0.705895483 0.284527391
vn 0.592978299 0.705895483 0.38741225
vn 0.592977881 0.705896318 0.387411356
vn 0.521124363 0.705896318 0.479728878
vn 0.43505615 0.705896318 0.558960199
vn 0.43505615 0.705896437 0.55896008
vn 0.337120742 0.705896497 0.622944415
vn 0.337120712 0.705896139 0.622944832
vn 0.229989573 0.70589608 0.669936955
vn 0.229989603 0.705896199 0.669936776
vn 0.116584867 0.705896199 0.698654771
vn 0.116585031 0.705896616 0.698654354
vn -3.98323292e-40 0.705896616 0.708314896
vn -0.116584808 0.705896616 0.698654413
vn -0.116585098 0.705896258 0.698654711
vn -0.229989529 0.705896199 0.669936836
vn -0.229989633 0.70589608 0.669936895
vn -0.33712092 0.705896139 0.622944772
vn -0.337120563 0.705896497 0.622944534
vn -0.43505609 0.705896437 0.55896014
vn -0.43505621 0.705896318 0.558960199
vn -0.521124363 0.705896318 0.479728878
vn -0.592977583 0.705896378 0.387411803
vn -0.592978597 0.705895543 0.387411803
vn -0.648656905 0.705895483 0.284527302
vn -0.648656726 0.705895662 0.284527332
vn -0.686641693 0.705895603 0.173881024
vn -0.686640918 0.705896318 0.173881277
vn -0.70589596 0.705896318 0.0584921353
vn -0.70589608 0.705896139 0.0584920608
vn -0.70589608 0.705896139 -0.0584921464
vn 0.963206887 -0.268760979 -5.23612204e-34
vn 0.905833185 -0.423634499 -5.08565876e-34
vn 0.823750913 -0.566951871 -4.72454689e-34
vn 0.7191993 -0.694803834 -4.30324972e-34
vn 0.595028877 -0.803704321 -3.73148927e-34
vn 0.454628259 -0.890681267 -3.18982147e-34
vn 0.301826149 -0.953363001 -2.34722712e-34
vn 0.140791461 -0.990039289 -1.62500339e-34
vn -0.0240835324 -0.999709964 -7.22223729e-35
vn -0.188302249 -0.982111156 1.20370622e-35
vn -0.347384542 -0.937722743 9.62964972e-35
vn -0.496990472 -0.867756009 1.80555932e-34
vn -0.633039951 -0.774119139 2.58796836e-34
vn -0.751822114 -0.659366012 3.31019209e-34
vn -0.850096226 -0.526627421 3.88195254e-34
vn -0.925182283 -0.379523069 4.453713e-34
vn -0.975031316 -0.22206752 4.85996384e-34
vn -0.998284221 -0.0585540347 5.09694351e-34
vn -0.994306564 0.10655722 5.22859887e-34
vn -0.963206887 0.268760979 5.23612204e-34
vn -0.905833185 0.423634499 5.08565876e-34
vn -0.823750913 0.566951871 4.72454689e-34
vn -0.7191993 0.694803834 4.30324972e-34
vn -0.595028877 0.803704321 3.73148927e-34
vn -0.454628259 0.890681267 3.18982147e-34
vn -0.301826149 0.953363001 2.34722712e-34
vn -0.140791461 0.990039289 1.62500339e-34
vn 0.0240835324 0.999709964 7.22223729e-35
vn 0.188302249 0.982111156 -1.20370622e-35
vn 0.347384542 0.937722743 -9.62964972e-35
vn 0.496990472 0.867756009 -1.80555932e-34
vn 0.633039951 0.774119139 -2.58796836e-34
vn 0.751822114 0.659366012 -3.31019209e-34
vn 0.850096226 0.526627421 -3.88195254e-34
vn 0.925182283 0.379523069 -4.453713e-34
vn 0.975031316 0.22206752 -4.85996384e-34
vn 0.998284221 0.0585540347 -5.09694351e-34
vn 0.994306564 -0.10655722 -5.22107571e-34
vn 0.682253778 -0.190367401 0.705896616
vn 0.641615331 -0.300066233 0.705896616
vn 0.641615748 -0.300066918 0.705895901
vn 0.583475649 -0.401580721 0.70589596
vn 0.583475709 -0.4015809 0.705895782
vn 0.509419799 -0.49214083 0.705895782
vn 0.50941956 -0.492139876 0.705896616
vn 0.421467811 -0.569275737 0.705896616
vn 0.322019905 -0.630882859 0.705896616
vn 0.322019905 -0.63088274 0.705896735
vn 0.213788122 -0.675280988 0.705896795
vn 0.213788018 -0.675281405 0.705896437
vn 0.0997246429 -0.701259792 0.705896378
vn 0.0997247025 -0.701259673 0.705896497
vn -0.0170589592 -0.708109498 0.705896497
vn -0.0170587171 -0.70810914 0.705896914
vn -0.133377224 -0.695643663 0.705896914
vn -0.246057317 -0.664202809 0.705896914
vn -0.246057674 -0.664203048 0.705896497
vn -0.352025747 -0.614644587 0.705896497
vn -0.352025867 -0.614644706 0.705896378
vn -0.448391914 -0.548320115 0.705896378
vn -0.448391527 -0.548319995 0.705896735
vn -0.532526672 -0.467038721 0.705896735
vn -0.532526791 -0.467038751 0.705896616
vn -0.602135777 -0.373018056 0.705896616
vn -0.655320168 -0.268822312 0.705896676
vn -0.655321121 -0.268822134 0.705895782
vn -0.690630019 -0.157293811 0.705895782
vn -0.69062984 -0.157293886 0.70589596
vn -0.707100332 -0.0414743088 0.705895901
vn -0.707099617 -0.0414746962 0.705896616
vn -0.704282165 0.0754759833 0.705896616
vn -0.704282284 0.0754760802 0.705896437
vn -0.682253897 0.19036752 0.705896437
vn -0.682253778 0.190367401 0.705896616
vn -0.641615331 0.300066233 0.705896616
vn -0.641615748 0.300066918 0.705895901
vn -0.583475649 0.401580721 0.70589596
vn -0.583475709 0.4015809 0.705895782
vn -0.509419799 0.49214083 0.705895782
vn -0.50941956 0.492139876 0.705896616
vn -0.421467811 0.569275737 0.705896616
vn -0.322019905 0.630882859 0.705896616
vn -0.322019905 0.63088274 0.705896735
vn -0.213788122 0.675280988 0.705896795
vn -0.213788018 0.675281405 0.705896437
vn -0.0997246429 0.701259792 0.705896378
vn -0.0997247025 0.701259673 0.705896497
vn 0.0170589592 0.708109498 0.705896497
vn 0.0170587171 0.70810914 0.705896914
vn 0.133377224 0.695643663 0.705896914
vn 0.246057317 0.664202809 0.705896914
vn 0.246057674 0.664203048 0.705896497
vn 0.352025747 0.614644587 0.705896497
vn 0.352025867 0.614644706 0.705896378
vn 0.448391914 0.548320115 0.705896378
vn 0.448391527 0.548319995 0.705896735
vn 0.532526672 0.467038721 0.705896735
vn 0.532526791 0.467038751 0.705896616
vn 0.602135777 0.373018056 0.705896616
vn 0.655320168 0.268822312 0.705896676
vn 0.655321121 0.268822134 0.705895782
vn 0.690630019 0.157293811 0.705895782
vn 0.69062984 0.157293886 0.70589596
vn 0.707100332 0.0414743088 0.705895901
vn 0.707099617 0.0414746962 0.705896616
vn 0.704282165 -0.0754759833 0.705896616
vn 0.704282284 -0.0754760802 0.705896437
vn 0.682253897 -0.19036752 0.705896437
vn -0.704282463 0.0754761025 -0.705896318
vn -0.707099915 -0.0414742827 -0.705896318
vn -0.70710057 -0.0414747521 -0.705895603
vn -0.690630138 -0.157293841 -0.705895662
vn -0.690630257 -0.157293975 -0.705895483
vn -0.655321181 -0.26882273 -0.705895483
vn -0.655320644 -0.268821955 -0.705896318
vn -0.602136016 -0.373018205 -0.705896318
vn -0.53252697 -0.467038989 -0.705896318
vn -0.53252691 -0.46703887 -0.705896437
vn -0.448391885 -0.548320055 -0.705896497
vn -0.448391914 -0.548320472 -0.705896139
vn -0.352025926 -0.614644945 -0.70589608
vn -0.352025956 -0.614644825 -0.705896199
vn -0.246057555 -0.664203405 -0.705896199
vn -0.246057644 -0.664202988 -0.705896616
vn -0.133377284 -0.695643902 -0.705896616
vn -0.0170589555 -0.708109438 -0.705896616
vn -0.017058732 -0.708109796 -0.705896258
vn 0.0997246653 -0.701259971 -0.705896199
vn 0.0997247621 -0.70126003 -0.70589608
vn 0.213788316 -0.675281584 -0.705896139
vn 0.213788003 -0.675281346 -0.705896497
vn 0.322019994 -0.630882978 -0.705896437
vn 0.322020084 -0.630883098 -0.705896318
vn 0.42146799 -0.569275975 -0.705896318
vn 0.509419382 -0.492140442 -0.705896378
vn 0.509420335 -0.492140651 -0.705895543
vn 0.583476007 -0.401580989 -0.705895483
vn 0.583475828 -0.40158096 -0.705895662
vn 0.641616225 -0.30006665 -0.705895603
vn 0.64161545 -0.300066739 -0.705896318
vn 0.682254076 -0.190367565 -0.705896318
vn 0.682254195 -0.19036752 -0.705896139
vn 0.704282582 -0.075476028 -0.705896139
vn 0.704282463 -0.0754761025 -0.705896318
vn 0.707099915 0.0414742827 -0.705896318
vn 0.70710057 0.0414747521 -0.705895603
vn 0.690630138 0.157293841 -0.705895662
vn 0.690630257 0.157293975 -0.705895483
vn 0.655321181 0.26882273 -0.705895483
vn 0.655320644 0.268821955 -0.705896318
vn 0.602136016 0.373018205 -0.705896318
vn 0.53252697 0.467038989 -0.705896318
vn 0.53252691 0.46703887 -0.705896437
vn 0.448391885 0.548320055 -0.705896497
vn 0.448391914 0.548320472 -0.705896139
vn 0.352025926 0.614644945 -0.70589608
vn 0.352025956 0.614644825 -0.705896199
vn 0.246057555 0.664203405 -0.705896199
vn 0.246057644 0.664202988 -0.705896616
vn 0.133377284 0.695643902 -0.705896616
vn 0.0170589555 0.708109438 -0.705896616
vn 0.017058732 0.708109796 -0.705896258
vn -0.0997246653 0.701259971 -0.705896199
vn -0.0997247621 0.70126003 -0.70589608
vn -0.213788316 0.675281584 -0.705896139
vn -0.213788003 0.675281346 -0.705896497
vn -0.322019994 0.630882978 -0.705896437
vn -0.322020084 0.630883098 -0.705896318
vn -0.42146799 0.569275975 -0.705896318
vn -0.509419382 0.492140442 -0.705896378
vn -0.509420335 0.492140651 -0.705895543
vn -0.583476007 0.401580989 -0.705895483
vn -0.583475828 0.40158096 -0.705895662
vn -0.641616225 0.30006665 -0.705895603
vn -0.64161545 0.300066739 -0.705896318
vn -0.682254076 0.190367565 -0.705896318
vn -0.682254195 0.19036752 -0.705896139
vn -0.704282582 0.075476028 -0.705896139

# Mesh '' with 9538 faces
usemtl DefaultMaterial
f  1//1 2//1 3//1
f  4//2 5//2 6//2
f  7//3 8//3 9//3
f  10//4 11//4 12//4
f  13//5 14//5 15//5
f  16//6 17//6 18//6
f  19//7 20//7 21//7
f  22//8 23//8 24//8
f  25//9 26//9 27//9
f  27//10 26//10 28//10
f  29//11 30//11 31//11
f  32//12 33//12 34//12
f  35//13 36//13 37//13
f  38//14 39//14 40//14
f  41//15 42//15 43//15
f  44//16 45//16 46//16
f  47//17 48//17 49//17
f  50//18 51//18 52//18
f  53//19 54//19 55//19
f  56//20 57//20 58//20
f  59//21 60//21 61//21
f  62//22 63//22 64//22
f  65//23 66//23 67//23
f  68//24 69//24 70//24
f  71//25 72//25 73//25
f  74//26 75//26 76//26
f  77//27 78//27 79//27
f  80//28 81//28 82//28
f  83//29 84//29 85//29
f  86//30 87//30 88//30
f  89//31 90//31 91//31
f  92//32 93//32 94//32
f  94//33 93//33 95//33
f  94//34 95//34 96//34
f  97//35 98//35 99//35
f  99//36 98//36 100//36
f  99//37 100//37 101//37
f  102//38 103//38 104//38
f  104//39 103//39 105//39
f  63//40 106//40 64//40
f  64//41 106//41 107//41
f  64//42 107//42 108//42
f  109//43 110//43 106//43
f  106//44 110//44 111//44
f  106//45 111//45 107//45
f  112//46 113//46 114//46
f  114//47 113//47 115//47
f  114//48 115//48 116//48
f  117//49 118//49 112//49
f  112//50 118//50 119//50
f  112//51 119//51 113//51
f  120//52 121//52 122//52
f  86//53 88//53 123//53
f  124//54 125//54 126//54
f  126//55 125//55 127//55
f  128//56 129//56 130//56
f  131//57 132//57 133//57
f  133//58 132//58 134//58
f  135//59 136//59 137//59
f  77//60 79//60 138//60
f  139//61 140//61 141//61
f  139//62 141//62 67//62
f  67//63 141//63 142//63
f  67//64 142//64 143//64
f  140//65 139//65 144//65
f  144//66 139//66 145//66
f  144//67 145//67 146//67
f  146//68 145//68 147//68
f  147//69 145//69 148//69
f  147//70 148//70 149//70
f  150//71 151//71 152//71
f  152//72 151//72 153//72
f  152//73 153//73 148//73
f  148//74 153//74 154//74
f  148//75 154//75 149//75
f  155//76 156//76 157//76
f  157//77 156//77 158//77
f  157//78 158//78 152//78
f  152//79 158//79 159//79
f  152//80 159//80 150//80
f  160//81 161//81 162//81
f  162//82 161//82 163//82
f  162//83 163//83 155//83
f  155//84 163//84 164//84
f  155//85 164//85 156//85
f  160//86 162//86 165//86
f  165//87 162//87 166//87
f  165//88 166//88 167//88
f  168//89 169//89 170//89
f  170//90 169//90 171//90
f  170//91 171//91 166//91
f  166//92 171//92 172//92
f  166//93 172//93 167//93
f  168//94 170//94 173//94
f  173//95 170//95 174//95
f  173//96 174//96 175//96
f  175//97 174//97 176//97
f  176//98 174//98 177//98
f  176//99 177//99 178//99
f  179//100 180//100 177//100
f  177//101 180//101 181//101
f  177//102 181//102 178//102
f  182//103 183//103 184//103
f  184//104 183//104 185//104
f  184//105 185//105 179//105
f  179//106 185//106 186//106
f  179//107 186//107 180//107
f  184//108 187//108 188//108
f  182//109 184//109 189//109
f  189//110 184//110 188//110
f  189//111 188//111 190//111
f  191//112 192//112 193//112
f  191//113 194//113 192//113
f  192//114 194//114 195//114
f  192//115 195//115 74//115
f  74//116 195//116 196//116
f  74//117 196//117 75//117
f  72//118 71//118 197//118
f  197//119 71//119 198//119
f  197//120 198//120 76//120
f  76//121 198//121 199//121
f  76//122 199//122 74//122
f  74//123 199//123 200//123
f  74//124 200//124 192//124
f  192//125 200//125 201//125
f  192//126 201//126 193//126
f  193//127 201//127 202//127
f  193//128 202//128 203//128
f  204//129 205//129 206//129
f  207//130 73//130 208//130
f  73//131 207//131 71//131
f  71//132 207//132 209//132
f  71//133 209//133 198//133
f  198//134 209//134 210//134
f  198//135 210//135 199//135
f  199//136 210//136 211//136
f  199//137 211//137 200//137
f  212//138 213//138 214//138
f  215//139 216//139 217//139
f  217//140 216//140 218//140
f  217//141 218//141 219//141
f  219//142 218//142 220//142
f  219//143 220//143 221//143
f  221//144 220//144 222//144
f  221//145 222//145 223//145
f  223//146 222//146 224//146
f  223//147 224//147 225//147
f  225//148 224//148 226//148
f  225//149 226//149 227//149
f  227//150 226//150 228//150
f  227//151 228//151 229//151
f  229//152 228//152 230//152
f  229//153 230//153 231//153
f  231//154 230//154 232//154
f  231//155 232//155 233//155
f  233//156 232//156 234//156
f  233//157 234//157 235//157
f  236//158 237//158 238//158
f  238//159 237//159 239//159
f  238//160 239//160 240//160
f  240//161 239//161 241//161
f  240//162 241//162 242//162
f  242//163 241//163 243//163
f  242//164 243//164 244//164
f  244//165 243//165 245//165
f  244//166 245//166 246//166
f  246//167 245//167 247//167
f  246//168 247//168 248//168
f  248//169 247//169 249//169
f  248//170 249//170 250//170
f  250//171 249//171 251//171
f  250//172 251//172 252//172
f  253//173 251//173 254//173
f  254//174 251//174 249//174
f  254//175 249//175 255//175
f  255//176 249//176 247//176
f  255//177 247//177 256//177
f  256//178 247//178 245//178
f  256//179 245//179 257//179
f  257//180 245//180 243//180
f  257//181 243//181 258//181
f  258//182 243//182 241//182
f  258//183 241//183 259//183
f  259//184 241//184 239//184
f  259//185 239//185 260//185
f  260//186 239//186 237//186
f  260//187 237//187 261//187
f  261//188 237//188 236//188
f  261//189 236//189 262//189
f  262//190 236//190 263//190
f  252//191 251//191 264//191
f  264//192 251//192 253//192
f  264//193 253//193 265//193
f  265//194 253//194 266//194
f  265//195 266//195 267//195
f  267//196 266//196 66//196
f  267//197 66//197 268//197
f  268//198 66//198 65//198
f  268//199 65//199 269//199
f  67//200 66//200 139//200
f  139//201 66//201 266//201
f  139//202 266//202 145//202
f  145//203 266//203 253//203
f  145//204 253//204 148//204
f  148//205 253//205 254//205
f  148//206 254//206 152//206
f  152//207 254//207 255//207
f  152//208 255//208 157//208
f  157//209 255//209 256//209
f  157//210 256//210 155//210
f  155//211 256//211 257//211
f  155//212 257//212 162//212
f  162//213 257//213 258//213
f  162//214 258//214 166//214
f  166//215 258//215 259//215
f  166//216 259//216 170//216
f  170//217 259//217 260//217
f  170//218 260//218 174//218
f  174//219 260//219 261//219
f  174//220 261//220 177//220
f  177//221 261//221 262//221
f  177//222 262//222 179//222
f  179//223 262//223 263//223
f  179//224 263//224 184//224
f  116//225 89//225 114//225
f  114//226 89//226 91//226
f  114//227 91//227 270//227
f  270//228 91//228 271//228
f  270//229 271//229 272//229
f  272//230 271//230 273//230
f  272//231 273//231 274//231
f  274//232 273//232 275//232
f  274//233 275//233 276//233
f  276//234 275//234 277//234
f  276//235 277//235 278//235
f  135//236 80//236 136//236
f  136//237 80//237 82//237
f  136//238 82//238 279//238
f  279//239 82//239 280//239
f  279//240 280//240 281//240
f  281//241 280//241 282//241
f  81//242 131//242 82//242
f  82//243 131//243 133//243
f  82//244 133//244 280//244
f  280//245 133//245 283//245
f  280//246 283//246 282//246
f  282//247 283//247 284//247
f  282//248 284//248 285//248
f  285//249 284//249 286//249
f  285//250 286//250 287//250
f  287//251 286//251 288//251
f  287//252 288//252 289//252
f  289//253 288//253 290//253
f  84//254 124//254 85//254
f  85//255 124//255 126//255
f  85//256 126//256 291//256
f  291//257 126//257 292//257
f  291//258 292//258 293//258
f  293//259 292//259 294//259
f  293//260 294//260 295//260
f  295//261 294//261 296//261
f  295//262 296//262 297//262
f  297//263 296//263 298//263
f  297//264 298//264 299//264
f  299//265 298//265 300//265
f  134//266 83//266 133//266
f  133//267 83//267 85//267
f  133//268 85//268 283//268
f  283//269 85//269 291//269
f  283//270 291//270 284//270
f  284//271 291//271 293//271
f  284//272 293//272 286//272
f  286//273 293//273 295//273
f  286//274 295//274 288//274
f  288//275 295//275 297//275
f  288//276 297//276 290//276
f  290//277 297//277 299//277
f  87//278 120//278 88//278
f  88//279 120//279 122//279
f  88//280 122//280 301//280
f  301//281 122//281 302//281
f  301//282 302//282 303//282
f  303//283 302//283 304//283
f  303//284 304//284 305//284
f  305//285 304//285 306//285
f  305//286 306//286 307//286
f  307//287 306//287 308//287
f  307//288 308//288 309//288
f  309//289 308//289 310//289
f  309//290 310//290 311//290
f  121//291 117//291 122//291
f  122//292 117//292 112//292
f  122//293 112//293 302//293
f  302//294 112//294 114//294
f  302//295 114//295 304//295
f  304//296 114//296 270//296
f  304//297 270//297 306//297
f  306//298 270//298 272//298
f  306//299 272//299 308//299
f  308//300 272//300 274//300
f  308//301 274//301 310//301
f  310//302 274//302 276//302
f  310//303 276//303 311//303
f  312//304 99//304 94//304
f  94//305 99//305 101//305
f  94//306 101//306 92//306
f  108//307 102//307 64//307
f  64//308 102//308 104//308
f  64//309 104//309 62//309
f  62//310 104//310 313//310
f  62//311 313//311 314//311
f  314//312 313//312 315//312
f  314//313 315//313 316//313
f  96//314 317//314 94//314
f  94//315 317//315 318//315
f  94//316 318//316 312//316
f  312//317 318//317 319//317
f  312//318 319//318 320//318
f  105//319 97//319 104//319
f  104//320 97//320 99//320
f  104//321 99//321 313//321
f  313//322 99//322 312//322
f  313//323 312//323 315//323
f  315//324 312//324 320//324
f  315//325 320//325 316//325
f  60//326 321//326 61//326
f  61//327 321//327 322//327
f  61//328 322//328 323//328
f  323//329 322//329 324//329
f  323//330 324//330 325//330
f  325//331 324//331 326//331
f  325//332 326//332 327//332
f  327//333 326//333 328//333
f  327//334 328//334 329//334
f  329//335 328//335 330//335
f  329//336 330//336 331//336
f  331//337 330//337 332//337
f  331//338 332//338 333//338
f  333//339 332//339 334//339
f  333//340 334//340 335//340
f  335//341 334//341 336//341
f  335//342 336//342 337//342
f  337//343 336//343 338//343
f  337//344 338//344 339//344
f  339//345 338//345 340//345
f  339//346 340//346 341//346
f  57//347 59//347 58//347
f  58//348 59//348 61//348
f  58//349 61//349 342//349
f  342//350 61//350 323//350
f  342//351 323//351 343//351
f  343//352 323//352 325//352
f  343//353 325//353 344//353
f  344//354 325//354 327//354
f  344//355 327//355 345//355
f  345//356 327//356 329//356
f  345//357 329//357 346//357
f  346//358 329//358 331//358
f  346//359 331//359 347//359
f  347//360 331//360 333//360
f  347//361 333//361 348//361
f  348//362 333//362 335//362
f  348//363 335//363 349//363
f  349//364 335//364 337//364
f  349//365 337//365 350//365
f  350//366 337//366 339//366
f  350//367 339//367 351//367
f  351//368 339//368 341//368
f  351//369 341//369 352//369
f  51//370 53//370 52//370
f  52//371 53//371 55//371
f  52//372 55//372 353//372
f  353//373 55//373 354//373
f  353//374 354//374 355//374
f  355//375 354//375 356//375
f  355//376 356//376 357//376
f  357//377 356//377 358//377
f  357//378 358//378 359//378
f  359//379 358//379 360//379
f  359//380 360//380 361//380
f  361//381 360//381 362//381
f  361//382 362//382 363//382
f  363//383 362//383 364//383
f  363//384 364//384 365//384
f  365//385 364//385 366//385
f  365//386 366//386 367//386
f  367//387 366//387 368//387
f  367//388 368//388 369//388
f  369//389 368//389 370//389
f  369//390 370//390 371//390
f  371//391 370//391 372//391
f  371//392 372//392 373//392
f  43//393 374//393 375//393
f  376//394 44//394 377//394
f  45//395 378//395 379//395
f  374//396 43//396 380//396
f  380//397 43//397 42//397
f  380//398 42//398 381//398
f  382//399 49//399 383//399
f  383//400 49//400 48//400
f  383//401 48//401 384//401
f  385//402 382//402 386//402
f  386//403 382//403 383//403
f  386//404 383//404 387//404
f  387//405 383//405 384//405
f  387//406 384//406 376//406
f  381//407 42//407 388//407
f  388//408 42//408 389//408
f  388//409 389//409 390//409
f  376//410 377//410 387//410
f  387//411 377//411 391//411
f  387//412 391//412 386//412
f  386//413 391//413 392//413
f  386//414 392//414 385//414
f  393//415 394//415 395//415
f  395//416 394//416 396//416
f  395//417 396//417 397//417
f  397//418 396//418 398//418
f  397//419 398//419 379//419
f  379//420 398//420 399//420
f  44//421 46//421 377//421
f  377//422 46//422 400//422
f  377//423 400//423 391//423
f  391//424 400//424 401//424
f  391//425 401//425 392//425
f  379//426 378//426 397//426
f  397//427 378//427 402//427
f  397//428 402//428 395//428
f  395//429 402//429 403//429
f  395//430 403//430 393//430
f  394//431 404//431 396//431
f  396//432 404//432 405//432
f  396//433 405//433 398//433
f  398//434 405//434 406//434
f  398//435 406//435 399//435
f  399//436 406//436 407//436
f  215//437 408//437 409//437
f  409//438 408//438 410//438
f  409//439 410//439 411//439
f  411//440 410//440 412//440
f  411//441 412//441 413//441
f  413//442 412//442 414//442
f  413//443 414//443 415//443
f  415//444 414//444 416//444
f  415//445 416//445 417//445
f  417//446 416//446 418//446
f  417//447 418//447 419//447
f  419//448 418//448 420//448
f  419//449 420//449 421//449
f  408//450 422//450 410//450
f  410//451 422//451 423//451
f  410//452 423//452 412//452
f  412//453 423//453 424//453
f  412//454 424//454 414//454
f  414//455 424//455 425//455
f  414//456 425//456 416//456
f  416//457 425//457 426//457
f  416//458 426//458 418//458
f  418//459 426//459 427//459
f  418//460 427//460 420//460
f  420//461 427//461 428//461
f  420//462 428//462 421//462
f  421//463 428//463 429//463
f  421//464 429//464 430//464
f  431//465 432//465 433//465
f  433//466 432//466 434//466
f  433//467 434//467 435//467
f  435//468 434//468 436//468
f  435//469 436//469 437//469
f  437//470 436//470 438//470
f  437//471 438//471 439//471
f  439//472 438//472 440//472
f  439//473 440//473 441//473
f  441//474 440//474 442//474
f  441//475 442//475 269//475
f  269//476 442//476 443//476
f  269//477 443//477 268//477
f  268//478 443//478 444//478
f  268//479 444//479 267//479
f  267//480 444//480 445//480
f  267//481 445//481 265//481
f  265//482 445//482 446//482
f  265//483 446//483 264//483
f  264//484 446//484 447//484
f  264//485 447//485 252//485
f  252//486 447//486 448//486
f  252//487 448//487 250//487
f  250//488 448//488 449//488
f  250//489 449//489 248//489
f  248//490 449//490 450//490
f  248//491 450//491 246//491
f  246//492 450//492 451//492
f  246//493 451//493 244//493
f  244//494 451//494 452//494
f  244//495 452//495 242//495
f  242//496 452//496 453//496
f  242//497 453//497 240//497
f  240//498 453//498 454//498
f  240//499 454//499 238//499
f  238//500 454//500 455//500
f  238//501 455//501 236//501
f  143//502 138//502 67//502
f  67//503 138//503 79//503
f  67//504 79//504 65//504
f  65//505 79//505 456//505
f  65//506 456//506 269//506
f  269//507 456//507 457//507
f  269//508 457//508 441//508
f  441//509 457//509 458//509
f  441//510 458//510 439//510
f  439//511 458//511 459//511
f  439//512 459//512 437//512
f  437//513 459//513 460//513
f  437//514 460//514 435//514
f  435//515 460//515 461//515
f  435//516 461//516 433//516
f  433//517 461//517 462//517
f  433//518 462//518 431//518
f  431//519 462//519 463//519
f  431//520 463//520 464//520
f  464//521 463//521 465//521
f  464//522 465//522 466//522
f  466//523 467//523 464//523
f  464//524 467//524 468//524
f  464//525 468//525 431//525
f  431//526 468//526 469//526
f  431//527 469//527 432//527
f  470//528 471//528 472//528
f  390//529 389//529 473//529
f  473//530 389//530 474//530
f  473//531 474//531 475//531
f  475//532 474//532 476//532
f  475//533 476//533 477//533
f  45//534 379//534 46//534
f  46//535 379//535 399//535
f  46//536 399//536 400//536
f  400//537 399//537 407//537
f  400//538 407//538 401//538
f  401//539 407//539 478//539
f  401//540 478//540 392//540
f  392//541 478//541 479//541
f  392//542 479//542 385//542
f  477//543 476//543 480//543
f  480//544 476//544 481//544
f  480//545 481//545 482//545
f  482//546 481//546 483//546
f  483//547 481//547 484//547
f  483//548 484//548 485//548
f  404//549 486//549 405//549
f  405//550 486//550 487//550
f  405//551 487//551 406//551
f  406//552 487//552 488//552
f  406//553 488//553 407//553
f  407//554 488//554 489//554
f  407//555 489//555 478//555
f  478//556 489//556 490//556
f  478//557 490//557 479//557
f  403//558 430//558 393//558
f  393//559 430//559 429//559
f  393//560 429//560 394//560
f  394//561 429//561 491//561
f  394//562 491//562 404//562
f  404//563 491//563 492//563
f  404//564 492//564 486//564
f  486//565 492//565 493//565
f  486//566 493//566 487//566
f  487//567 493//567 494//567
f  487//568 494//568 488//568
f  488//569 494//569 495//569
f  488//570 495//570 489//570
f  489//571 495//571 496//571
f  489//572 496//572 490//572
f  485//573 484//573 497//573
f  497//574 484//574 498//574
f  497//575 498//575 499//575
f  499//576 498//576 500//576
f  500//577 498//577 501//577
f  500//578 501//578 502//578
f  503//579 36//579 504//579
f  504//580 36//580 35//580
f  504//581 35//581 505//581
f  502//582 501//582 506//582
f  506//583 501//583 507//583
f  506//584 507//584 508//584
f  470//585 472//585 509//585
f  509//586 472//586 510//586
f  509//587 510//587 511//587
f  511//588 510//588 512//588
f  511//589 512//589 513//589
f  513//590 512//590 514//590
f  513//591 514//591 515//591
f  515//592 514//592 516//592
f  515//593 516//593 517//593
f  517//594 516//594 518//594
f  517//595 518//595 519//595
f  519//596 518//596 520//596
f  519//597 520//597 521//597
f  522//598 523//598 524//598
f  524//599 523//599 525//599
f  524//600 525//600 526//600
f  526//601 525//601 527//601
f  526//602 527//602 528//602
f  528//603 527//603 529//603
f  528//604 529//604 530//604
f  530//605 529//605 531//605
f  530//606 531//606 532//606
f  532//607 531//607 533//607
f  532//608 533//608 534//608
f  534//609 533//609 535//609
f  534//610 535//610 536//610
f  537//611 538//611 539//611
f  539//612 538//612 540//612
f  539//613 540//613 541//613
f  541//614 540//614 542//614
f  541//615 542//615 543//615
f  543//616 542//616 544//616
f  543//617 544//617 545//617
f  545//618 544//618 546//618
f  545//619 546//619 547//619
f  508//620 507//620 548//620
f  548//621 507//621 549//621
f  548//622 549//622 550//622
f  520//623 551//623 521//623
f  521//624 551//624 552//624
f  521//625 552//625 553//625
f  41//626 471//626 42//626
f  42//627 471//627 470//627
f  42//628 470//628 389//628
f  389//629 470//629 509//629
f  389//630 509//630 474//630
f  474//631 509//631 511//631
f  474//632 511//632 476//632
f  476//633 511//633 513//633
f  476//634 513//634 481//634
f  481//635 513//635 515//635
f  481//636 515//636 484//636
f  484//637 515//637 517//637
f  484//638 517//638 498//638
f  498//639 517//639 519//639
f  498//640 519//640 501//640
f  501//641 519//641 521//641
f  501//642 521//642 507//642
f  507//643 521//643 553//643
f  507//644 553//644 549//644
f  554//645 555//645 556//645
f  540//646 557//646 542//646
f  542//647 557//647 558//647
f  542//648 558//648 544//648
f  544//649 558//649 554//649
f  544//650 554//650 546//650
f  546//651 554//651 556//651
f  556//652 559//652 546//652
f  546//653 559//653 560//653
f  546//654 560//654 547//654
f  547//655 560//655 561//655
f  547//656 561//656 562//656
f  523//657 537//657 525//657
f  525//658 537//658 539//658
f  525//659 539//659 527//659
f  527//660 539//660 541//660
f  527//661 541//661 529//661
f  529//662 541//662 543//662
f  529//663 543//663 531//663
f  531//664 543//664 545//664
f  531//665 545//665 533//665
f  533//666 545//666 547//666
f  533//667 547//667 535//667
f  535//668 547//668 562//668
f  562//669 563//669 535//669
f  535//670 563//670 564//670
f  535//671 564//671 536//671
f  536//672 564//672 565//672
f  536//673 565//673 566//673
f  41//674 522//674 471//674
f  471//675 522//675 524//675
f  471//676 524//676 472//676
f  472//677 524//677 526//677
f  472//678 526//678 510//678
f  510//679 526//679 528//679
f  510//680 528//680 512//680
f  512//681 528//681 530//681
f  512//682 530//682 514//682
f  514//683 530//683 532//683
f  514//684 532//684 516//684
f  516//685 532//685 534//685
f  516//686 534//686 518//686
f  518//687 534//687 536//687
f  518//688 536//688 520//688
f  520//689 536//689 566//689
f  520//690 566//690 551//690
f  567//691 568//691 569//691
f  570//692 569//692 571//692
f  571//693 569//693 568//693
f  571//694 568//694 40//694
f  40//695 568//695 572//695
f  40//696 572//696 38//696
f  573//697 574//697 575//697
f  575//698 574//698 567//698
f  575//699 567//699 576//699
f  576//700 567//700 569//700
f  576//701 569//701 577//701
f  577//702 569//702 570//702
f  577//703 570//703 578//703
f  574//704 579//704 567//704
f  567//705 579//705 580//705
f  567//706 580//706 568//706
f  568//707 580//707 581//707
f  568//708 581//708 572//708
f  538//709 578//709 540//709
f  540//710 578//710 570//710
f  540//711 570//711 557//711
f  557//712 570//712 571//712
f  557//713 571//713 558//713
f  558//714 571//714 40//714
f  558//715 40//715 554//715
f  554//716 40//716 39//716
f  554//717 39//717 555//717
f  503//718 582//718 36//718
f  36//719 582//719 583//719
f  36//720 583//720 37//720
f  584//721 573//721 585//721
f  585//722 573//722 575//722
f  585//723 575//723 586//723
f  586//724 575//724 576//724
f  586//725 576//725 587//725
f  587//726 576//726 577//726
f  587//727 577//727 588//727
f  588//728 577//728 578//728
f  588//729 578//729 589//729
f  589//730 578//730 538//730
f  589//731 538//731 590//731
f  590//732 538//732 537//732
f  590//733 537//733 591//733
f  591//734 537//734 523//734
f  591//735 523//735 592//735
f  592//736 523//736 522//736
f  592//737 522//737 593//737
f  593//738 522//738 41//738
f  593//739 41//739 594//739
f  594//740 41//740 43//740
f  594//741 43//741 595//741
f  595//742 43//742 375//742
f  595//743 375//743 596//743
f  597//744 598//744 599//744
f  422//745 600//745 423//745
f  423//746 600//746 601//746
f  423//747 601//747 424//747
f  424//748 601//748 602//748
f  424//749 602//749 425//749
f  425//750 602//750 603//750
f  425//751 603//751 426//751
f  426//752 603//752 604//752
f  426//753 604//753 427//753
f  427//754 604//754 605//754
f  427//755 605//755 428//755
f  428//756 605//756 606//756
f  428//757 606//757 429//757
f  429//758 606//758 599//758
f  429//759 599//759 491//759
f  491//760 599//760 598//760
f  491//761 598//761 492//761
f  492//762 598//762 597//762
f  492//763 597//763 607//763
f  607//764 597//764 300//764
f  127//765 128//765 126//765
f  126//766 128//766 130//766
f  126//767 130//767 292//767
f  292//768 130//768 608//768
f  292//769 608//769 294//769
f  294//770 608//770 609//770
f  294//771 609//771 296//771
f  296//772 609//772 610//772
f  296//773 610//773 298//773
f  298//774 610//774 611//774
f  298//775 611//775 300//775
f  300//776 611//776 612//776
f  300//777 612//777 607//777
f  607//778 612//778 613//778
f  607//779 613//779 492//779
f  492//780 613//780 582//780
f  492//781 582//781 493//781
f  493//782 582//782 503//782
f  493//783 503//783 494//783
f  494//784 503//784 504//784
f  494//785 504//785 495//785
f  495//786 504//786 505//786
f  495//787 505//787 496//787
f  129//788 123//788 130//788
f  130//789 123//789 88//789
f  130//790 88//790 608//790
f  608//791 88//791 301//791
f  608//792 301//792 609//792
f  609//793 301//793 303//793
f  609//794 303//794 610//794
f  610//795 303//795 305//795
f  610//796 305//796 611//796
f  611//797 305//797 307//797
f  611//798 307//798 612//798
f  612//799 307//799 309//799
f  612//800 309//800 613//800
f  613//801 309//801 311//801
f  613//802 311//802 582//802
f  582//803 311//803 276//803
f  582//804 276//804 583//804
f  583//805 276//805 278//805
f  583//806 278//806 37//806
f  37//807 278//807 614//807
f  37//808 614//808 615//808
f  595//809 47//809 594//809
f  594//810 47//810 49//810
f  594//811 49//811 593//811
f  593//812 49//812 382//812
f  593//813 382//813 592//813
f  592//814 382//814 385//814
f  592//815 385//815 591//815
f  591//816 385//816 479//816
f  591//817 479//817 590//817
f  590//818 479//818 490//818
f  590//819 490//819 589//819
f  589//820 490//820 496//820
f  589//821 496//821 588//821
f  588//822 496//822 505//822
f  588//823 505//823 587//823
f  587//824 505//824 35//824
f  587//825 35//825 586//825
f  586//826 35//826 37//826
f  586//827 37//827 585//827
f  585//828 37//828 615//828
f  585//829 615//829 584//829
f  78//830 137//830 79//830
f  79//831 137//831 136//831
f  79//832 136//832 456//832
f  456//833 136//833 279//833
f  456//834 279//834 457//834
f  457//835 279//835 281//835
f  457//836 281//836 458//836
f  458//837 281//837 282//837
f  458//838 282//838 459//838
f  459//839 282//839 285//839
f  459//840 285//840 460//840
f  460//841 285//841 287//841
f  460//842 287//842 461//842
f  461//843 287//843 289//843
f  461//844 289//844 462//844
f  462//845 289//845 290//845
f  462//846 290//846 463//846
f  463//847 290//847 299//847
f  463//848 299//848 465//848
f  465//849 299//849 300//849
f  465//850 300//850 466//850
f  466//851 300//851 597//851
f  466//852 597//852 467//852
f  467//853 597//853 599//853
f  467//854 599//854 468//854
f  468//855 599//855 606//855
f  468//856 606//856 469//856
f  469//857 606//857 605//857
f  469//858 605//858 432//858
f  432//859 605//859 604//859
f  432//860 604//860 434//860
f  434//861 604//861 603//861
f  434//862 603//862 436//862
f  436//863 603//863 602//863
f  436//864 602//864 438//864
f  438//865 602//865 601//865
f  438//866 601//866 440//866
f  440//867 601//867 600//867
f  440//868 600//868 442//868
f  442//869 600//869 422//869
f  442//870 422//870 443//870
f  443//871 422//871 408//871
f  443//872 408//872 444//872
f  444//873 408//873 215//873
f  444//874 215//874 445//874
f  445//875 215//875 217//875
f  445//876 217//876 446//876
f  446//877 217//877 219//877
f  446//878 219//878 447//878
f  447//879 219//879 221//879
f  447//880 221//880 448//880
f  448//881 221//881 223//881
f  448//882 223//882 449//882
f  449//883 223//883 225//883
f  449//884 225//884 450//884
f  450//885 225//885 227//885
f  450//886 227//886 451//886
f  451//887 227//887 229//887
f  451//888 229//888 452//888
f  452//889 229//889 231//889
f  452//890 231//890 453//890
f  453//891 231//891 233//891
f  453//892 233//892 454//892
f  454//893 233//893 235//893
f  454//894 235//894 455//894
f  616//895 32//895 617//895
f  617//896 32//896 34//896
f  617//897 34//897 618//897
f  618//898 34//898 619//898
f  31//899 30//899 620//899
f  621//900 622//900 623//900
f  624//901 625//901 626//901
f  626//902 625//902 627//902
f  626//903 627//903 619//903
f  628//904 629//904 630//904
f  630//905 631//905 624//905
f  624//906 631//906 625//906
f  625//907 631//907 632//907
f  625//908 632//908 627//908
f  633//909 634//909 635//909
f  622//910 636//910 623//910
f  623//911 636//911 637//911
f  623//912 637//912 638//912
f  638//913 637//913 639//913
f  638//914 639//914 640//914
f  640//915 639//915 641//915
f  634//916 642//916 635//916
f  635//917 642//917 643//917
f  635//918 643//918 644//918
f  645//919 646//919 647//919
f  647//920 646//920 648//920
f  647//921 648//921 629//921
f  649//922 650//922 651//922
f  651//923 650//923 652//923
f  651//924 652//924 647//924
f  653//925 654//925 27//925
f  654//926 655//926 27//926
f  27//927 655//927 656//927
f  27//928 656//928 25//928
f  645//929 647//929 28//929
f  28//930 647//930 652//930
f  28//931 652//931 27//931
f  27//932 652//932 650//932
f  27//933 650//933 653//933
f  653//934 650//934 649//934
f  653//935 649//935 657//935
f  30//936 658//936 620//936
f  620//937 658//937 659//937
f  620//938 659//938 660//938
f  660//939 659//939 661//939
f  660//940 661//940 662//940
f  662//941 661//941 663//941
f  662//942 663//942 664//942
f  664//943 663//943 665//943
f  664//944 665//944 666//944
f  666//945 665//945 667//945
f  666//946 667//946 668//946
f  668//947 667//947 669//947
f  670//948 671//948 672//948
f  672//949 671//949 673//949
f  672//950 673//950 674//950
f  674//951 673//951 675//951
f  674//952 675//952 676//952
f  676//953 675//953 677//953
f  676//954 677//954 678//954
f  678//955 677//955 679//955
f  678//956 679//956 680//956
f  680//957 679//957 681//957
f  680//958 681//958 682//958
f  682//959 681//959 683//959
f  644//960 684//960 685//960
f  24//961 23//961 686//961
f  20//962 655//962 21//962
f  21//963 655//963 654//963
f  21//964 654//964 687//964
f  687//965 654//965 653//965
f  687//966 653//966 688//966
f  688//967 653//967 657//967
f  688//968 657//968 689//968
f  14//969 16//969 15//969
f  15//970 16//970 18//970
f  15//971 18//971 690//971
f  690//972 18//972 691//972
f  690//973 691//973 692//973
f  692//974 691//974 693//974
f  692//975 693//975 694//975
f  694//976 693//976 695//976
f  695//977 693//977 696//977
f  695//978 696//978 697//978
f  697//979 696//979 698//979
f  697//980 698//980 699//980
f  629//981 628//981 647//981
f  647//982 628//982 700//982
f  647//983 700//983 651//983
f  651//984 700//984 701//984
f  651//985 701//985 649//985
f  649//986 701//986 702//986
f  649//987 702//987 657//987
f  657//988 702//988 703//988
f  657//989 703//989 689//989
f  689//990 703//990 704//990
f  689//991 704//991 705//991
f  705//992 704//992 706//992
f  705//993 706//993 707//993
f  707//994 706//994 708//994
f  707//995 708//995 709//995
f  4//996 6//996 710//996
f  8//997 10//997 9//997
f  9//998 10//998 12//998
f  9//999 12//999 711//999
f  711//1000 12//1000 712//1000
f  711//1001 712//1001 713//1001
f  713//1002 712//1002 714//1002
f  713//1003 714//1003 715//1003
f  715//1004 714//1004 716//1004
f  715//1005 716//1005 717//1005
f  717//1006 716//1006 718//1006
f  717//1007 718//1007 719//1007
f  719//1008 718//1008 720//1008
f  719//1009 720//1009 721//1009
f  721//1010 720//1010 722//1010
f  721//1011 722//1011 723//1011
f  723//1012 722//1012 724//1012
f  723//1013 724//1013 725//1013
f  5//1014 7//1014 6//1014
f  6//1015 7//1015 9//1015
f  6//1016 9//1016 726//1016
f  726//1017 9//1017 711//1017
f  726//1018 711//1018 727//1018
f  727//1019 711//1019 713//1019
f  727//1020 713//1020 728//1020
f  728//1021 713//1021 715//1021
f  728//1022 715//1022 729//1022
f  729//1023 715//1023 717//1023
f  729//1024 717//1024 730//1024
f  730//1025 717//1025 719//1025
f  730//1026 719//1026 731//1026
f  731//1027 719//1027 721//1027
f  731//1028 721//1028 732//1028
f  732//1029 721//1029 723//1029
f  732//1030 723//1030 733//1030
f  733//1031 723//1031 725//1031
f  733//1032 725//1032 734//1032
f  734//1033 735//1033 733//1033
f  733//1034 735//1034 736//1034
f  733//1035 736//1035 732//1035
f  732//1036 736//1036 737//1036
f  732//1037 737//1037 731//1037
f  731//1038 737//1038 738//1038
f  731//1039 738//1039 730//1039
f  730//1040 738//1040 739//1040
f  730//1041 739//1041 729//1041
f  729//1042 739//1042 740//1042
f  729//1043 740//1043 728//1043
f  728//1044 740//1044 741//1044
f  728//1045 741//1045 727//1045
f  727//1046 741//1046 742//1046
f  727//1047 742//1047 726//1047
f  726//1048 742//1048 743//1048
f  726//1049 743//1049 6//1049
f  6//1050 743//1050 744//1050
f  6//1051 744//1051 710//1051
f  735//1052 340//1052 736//1052
f  736//1053 340//1053 338//1053
f  736//1054 338//1054 737//1054
f  737//1055 338//1055 336//1055
f  737//1056 336//1056 738//1056
f  738//1057 336//1057 334//1057
f  738//1058 334//1058 739//1058
f  739//1059 334//1059 332//1059
f  739//1060 332//1060 740//1060
f  740//1061 332//1061 330//1061
f  740//1062 330//1062 741//1062
f  741//1063 330//1063 328//1063
f  741//1064 328//1064 742//1064
f  742//1065 328//1065 326//1065
f  742//1066 326//1066 743//1066
f  743//1067 326//1067 324//1067
f  743//1068 324//1068 744//1068
f  744//1069 324//1069 322//1069
f  744//1070 322//1070 710//1070
f  710//1071 322//1071 321//1071
f  630//1072 624//1072 628//1072
f  628//1073 624//1073 745//1073
f  628//1074 745//1074 700//1074
f  700//1075 745//1075 746//1075
f  700//1076 746//1076 701//1076
f  701//1077 746//1077 747//1077
f  701//1078 747//1078 702//1078
f  702//1079 747//1079 748//1079
f  702//1080 748//1080 703//1080
f  703//1081 748//1081 749//1081
f  703//1082 749//1082 704//1082
f  704//1083 749//1083 750//1083
f  704//1084 750//1084 706//1084
f  706//1085 750//1085 751//1085
f  706//1086 751//1086 708//1086
f  708//1087 751//1087 752//1087
f  708//1088 752//1088 709//1088
f  619//1089 34//1089 626//1089
f  626//1090 34//1090 753//1090
f  626//1091 753//1091 624//1091
f  624//1092 753//1092 754//1092
f  624//1093 754//1093 745//1093
f  745//1094 754//1094 755//1094
f  745//1095 755//1095 746//1095
f  746//1096 755//1096 756//1096
f  746//1097 756//1097 747//1097
f  747//1098 756//1098 757//1098
f  747//1099 757//1099 748//1099
f  748//1100 757//1100 758//1100
f  748//1101 758//1101 749//1101
f  749//1102 758//1102 759//1102
f  749//1103 759//1103 750//1103
f  750//1104 759//1104 760//1104
f  750//1105 760//1105 751//1105
f  751//1106 760//1106 761//1106
f  751//1107 761//1107 752//1107
f  17//1108 19//1108 18//1108
f  18//1109 19//1109 21//1109
f  18//1110 21//1110 691//1110
f  691//1111 21//1111 687//1111
f  691//1112 687//1112 693//1112
f  693//1113 687//1113 688//1113
f  693//1114 688//1114 696//1114
f  696//1115 688//1115 689//1115
f  696//1116 689//1116 698//1116
f  698//1117 689//1117 705//1117
f  698//1118 705//1118 699//1118
f  699//1119 705//1119 707//1119
f  699//1120 707//1120 762//1120
f  762//1121 707//1121 709//1121
f  762//1122 709//1122 763//1122
f  763//1123 709//1123 752//1123
f  763//1124 752//1124 764//1124
f  764//1125 752//1125 2//1125
f  764//1126 2//1126 765//1126
f  765//1127 2//1127 1//1127
f  765//1128 1//1128 766//1128
f  767//1129 766//1129 768//1129
f  768//1130 766//1130 1//1130
f  768//1131 1//1131 769//1131
f  769//1132 1//1132 3//1132
f  769//1133 3//1133 770//1133
f  11//1134 13//1134 12//1134
f  12//1135 13//1135 15//1135
f  12//1136 15//1136 712//1136
f  712//1137 15//1137 690//1137
f  712//1138 690//1138 714//1138
f  714//1139 690//1139 692//1139
f  714//1140 692//1140 716//1140
f  716//1141 692//1141 694//1141
f  716//1142 694//1142 718//1142
f  718//1143 694//1143 695//1143
f  718//1144 695//1144 720//1144
f  720//1145 695//1145 697//1145
f  720//1146 697//1146 722//1146
f  722//1147 697//1147 699//1147
f  722//1148 699//1148 724//1148
f  724//1149 699//1149 762//1149
f  724//1150 762//1150 725//1150
f  725//1151 762//1151 763//1151
f  725//1152 763//1152 734//1152
f  734//1153 763//1153 764//1153
f  734//1154 764//1154 735//1154
f  735//1155 764//1155 765//1155
f  735//1156 765//1156 340//1156
f  340//1157 765//1157 766//1157
f  340//1158 766//1158 341//1158
f  341//1159 766//1159 767//1159
f  341//1160 767//1160 352//1160
f  23//1161 771//1161 686//1161
f  686//1162 771//1162 772//1162
f  686//1163 772//1163 773//1163
f  773//1164 772//1164 774//1164
f  775//1165 633//1165 776//1165
f  776//1166 633//1166 635//1166
f  776//1167 635//1167 777//1167
f  777//1168 635//1168 644//1168
f  777//1169 644//1169 778//1169
f  778//1170 644//1170 685//1170
f  778//1171 685//1171 779//1171
f  779//1172 685//1172 780//1172
f  779//1173 780//1173 781//1173
f  781//1174 780//1174 782//1174
f  781//1175 782//1175 783//1175
f  783//1176 782//1176 784//1176
f  783//1177 784//1177 785//1177
f  684//1178 22//1178 685//1178
f  685//1179 22//1179 24//1179
f  685//1180 24//1180 780//1180
f  780//1181 24//1181 686//1181
f  780//1182 686//1182 782//1182
f  782//1183 686//1183 773//1183
f  782//1184 773//1184 784//1184
f  784//1185 773//1185 786//1185
f  774//1186 787//1186 773//1186
f  773//1187 787//1187 788//1187
f  773//1188 788//1188 786//1188
f  786//1189 788//1189 789//1189
f  786//1190 789//1190 191//1190
f  191//1191 789//1191 790//1191
f  191//1192 790//1192 194//1192
f  785//1193 791//1193 792//1193
f  792//1194 791//1194 793//1194
f  792//1195 793//1195 794//1195
f  794//1196 793//1196 795//1196
f  794//1197 795//1197 796//1197
f  796//1198 795//1198 204//1198
f  796//1199 204//1199 212//1199
f  212//1200 204//1200 206//1200
f  212//1201 206//1201 213//1201
f  785//1202 784//1202 791//1202
f  791//1203 784//1203 786//1203
f  791//1204 786//1204 793//1204
f  793//1205 786//1205 191//1205
f  793//1206 191//1206 795//1206
f  795//1207 191//1207 193//1207
f  795//1208 193//1208 204//1208
f  204//1209 193//1209 203//1209
f  204//1210 203//1210 205//1210
f  797//1211 798//1211 799//1211
f  799//1212 798//1212 800//1212
f  799//1213 800//1213 801//1213
f  801//1214 800//1214 802//1214
f  801//1215 802//1215 803//1215
f  803//1216 802//1216 804//1216
f  803//1217 804//1217 805//1217
f  805//1218 804//1218 806//1218
f  805//1219 806//1219 807//1219
f  807//1220 806//1220 683//1220
f  807//1221 683//1221 669//1221
f  669//1222 683//1222 681//1222
f  669//1223 681//1223 668//1223
f  668//1224 681//1224 679//1224
f  668//1225 679//1225 666//1225
f  666//1226 679//1226 677//1226
f  666//1227 677//1227 664//1227
f  664//1228 677//1228 675//1228
f  664//1229 675//1229 662//1229
f  662//1230 675//1230 673//1230
f  662//1231 673//1231 660//1231
f  660//1232 673//1232 671//1232
f  660//1233 671//1233 620//1233
f  620//1234 671//1234 670//1234
f  620//1235 670//1235 31//1235
f  33//1236 29//1236 34//1236
f  34//1237 29//1237 31//1237
f  34//1238 31//1238 753//1238
f  753//1239 31//1239 670//1239
f  753//1240 670//1240 754//1240
f  754//1241 670//1241 672//1241
f  754//1242 672//1242 755//1242
f  755//1243 672//1243 674//1243
f  755//1244 674//1244 756//1244
f  756//1245 674//1245 676//1245
f  756//1246 676//1246 757//1246
f  757//1247 676//1247 678//1247
f  757//1248 678//1248 758//1248
f  758//1249 678//1249 680//1249
f  758//1250 680//1250 759//1250
f  759//1251 680//1251 682//1251
f  759//1252 682//1252 760//1252
f  760//1253 682//1253 683//1253
f  760//1254 683//1254 761//1254
f  761//1255 683//1255 806//1255
f  761//1256 806//1256 752//1256
f  752//1257 806//1257 804//1257
f  752//1258 804//1258 2//1258
f  2//1259 804//1259 802//1259
f  2//1260 802//1260 3//1260
f  3//1261 802//1261 800//1261
f  3//1262 800//1262 770//1262
f  770//1263 800//1263 798//1263
f  70//1264 808//1264 809//1264
f  809//1265 808//1265 810//1265
f  809//1266 810//1266 811//1266
f  811//1267 810//1267 812//1267
f  811//1268 812//1268 813//1268
f  813//1269 812//1269 814//1269
f  813//1270 814//1270 815//1270
f  815//1271 814//1271 816//1271
f  815//1272 816//1272 817//1272
f  817//1273 816//1273 818//1273
f  817//1274 818//1274 819//1274
f  819//1275 818//1275 820//1275
f  819//1276 820//1276 821//1276
f  821//1277 820//1277 822//1277
f  821//1278 822//1278 641//1278
f  641//1279 822//1279 823//1279
f  641//1280 823//1280 640//1280
f  70//1281 69//1281 808//1281
f  808//1282 69//1282 824//1282
f  808//1283 824//1283 810//1283
f  658//1284 621//1284 659//1284
f  659//1285 621//1285 623//1285
f  659//1286 623//1286 661//1286
f  661//1287 623//1287 638//1287
f  661//1288 638//1288 663//1288
f  663//1289 638//1289 640//1289
f  663//1290 640//1290 665//1290
f  665//1291 640//1291 823//1291
f  665//1292 823//1292 667//1292
f  667//1293 823//1293 822//1293
f  667//1294 822//1294 669//1294
f  669//1295 822//1295 820//1295
f  669//1296 820//1296 807//1296
f  807//1297 820//1297 818//1297
f  807//1298 818//1298 805//1298
f  805//1299 818//1299 816//1299
f  805//1300 816//1300 803//1300
f  803//1301 816//1301 814//1301
f  803//1302 814//1302 801//1302
f  801//1303 814//1303 812//1303
f  801//1304 812//1304 799//1304
f  799//1305 812//1305 810//1305
f  799//1306 810//1306 797//1306
f  797//1307 810//1307 824//1307
f  825//1308 826//1308 827//1308
f  827//1309 826//1309 828//1309
f  827//1310 828//1310 829//1310
f  829//1311 828//1311 830//1311
f  829//1312 830//1312 831//1312
f  831//1313 830//1313 832//1313
f  831//1314 832//1314 833//1314
f  833//1315 832//1315 834//1315
f  833//1316 834//1316 835//1316
f  835//1317 834//1317 836//1317
f  835//1318 836//1318 837//1318
f  838//1319 839//1319 840//1319
f  840//1320 839//1320 841//1320
f  840//1321 841//1321 842//1321
f  842//1322 841//1322 843//1322
f  842//1323 843//1323 844//1323
f  844//1324 843//1324 845//1324
f  844//1325 845//1325 846//1325
f  846//1326 845//1326 847//1326
f  846//1327 847//1327 848//1327
f  848//1328 847//1328 849//1328
f  848//1329 849//1329 850//1329
f  850//1330 849//1330 373//1330
f  837//1331 838//1331 835//1331
f  835//1332 838//1332 840//1332
f  835//1333 840//1333 833//1333
f  833//1334 840//1334 842//1334
f  833//1335 842//1335 831//1335
f  831//1336 842//1336 844//1336
f  831//1337 844//1337 829//1337
f  829//1338 844//1338 846//1338
f  829//1339 846//1339 827//1339
f  827//1340 846//1340 848//1340
f  827//1341 848//1341 825//1341
f  825//1342 848//1342 850//1342
f  636//1343 775//1343 637//1343
f  637//1344 775//1344 776//1344
f  637//1345 776//1345 639//1345
f  639//1346 776//1346 777//1346
f  639//1347 777//1347 641//1347
f  641//1348 777//1348 778//1348
f  641//1349 778//1349 821//1349
f  821//1350 778//1350 779//1350
f  821//1351 779//1351 819//1351
f  819//1352 779//1352 781//1352
f  819//1353 781//1353 817//1353
f  817//1354 781//1354 783//1354
f  817//1355 783//1355 815//1355
f  815//1356 783//1356 785//1356
f  815//1357 785//1357 813//1357
f  813//1358 785//1358 792//1358
f  813//1359 792//1359 811//1359
f  811//1360 792//1360 794//1360
f  811//1361 794//1361 809//1361
f  809//1362 794//1362 796//1362
f  809//1363 796//1363 70//1363
f  70//1364 796//1364 212//1364
f  70//1365 212//1365 68//1365
f  68//1366 212//1366 214//1366
f  214//1367 851//1367 68//1367
f  68//1368 851//1368 837//1368
f  68//1369 837//1369 69//1369
f  69//1370 837//1370 836//1370
f  69//1371 836//1371 824//1371
f  824//1372 836//1372 834//1372
f  824//1373 834//1373 797//1373
f  797//1374 834//1374 832//1374
f  797//1375 832//1375 798//1375
f  798//1376 832//1376 830//1376
f  798//1377 830//1377 770//1377
f  770//1378 830//1378 828//1378
f  770//1379 828//1379 769//1379
f  769//1380 828//1380 826//1380
f  769//1381 826//1381 768//1381
f  768//1382 826//1382 825//1382
f  768//1383 825//1383 767//1383
f  767//1384 825//1384 850//1384
f  767//1385 850//1385 352//1385
f  352//1386 850//1386 373//1386
f  352//1387 373//1387 351//1387
f  351//1388 373//1388 372//1388
f  351//1389 372//1389 350//1389
f  350//1390 372//1390 370//1390
f  350//1391 370//1391 349//1391
f  349//1392 370//1392 368//1392
f  349//1393 368//1393 348//1393
f  348//1394 368//1394 366//1394
f  348//1395 366//1395 347//1395
f  347//1396 366//1396 364//1396
f  347//1397 364//1397 346//1397
f  346//1398 364//1398 362//1398
f  346//1399 362//1399 345//1399
f  345//1400 362//1400 360//1400
f  345//1401 360//1401 344//1401
f  344//1402 360//1402 358//1402
f  344//1403 358//1403 343//1403
f  343//1404 358//1404 356//1404
f  343//1405 356//1405 342//1405
f  342//1406 356//1406 354//1406
f  342//1407 354//1407 58//1407
f  58//1408 354//1408 55//1408
f  58//1409 55//1409 56//1409
f  56//1410 55//1410 54//1410
f  90//1411 109//1411 91//1411
f  91//1412 109//1412 106//1412
f  91//1413 106//1413 271//1413
f  271//1414 106//1414 63//1414
f  271//1415 63//1415 273//1415
f  273//1416 63//1416 62//1416
f  273//1417 62//1417 275//1417
f  275//1418 62//1418 314//1418
f  275//1419 314//1419 277//1419
f  277//1420 314//1420 316//1420
f  277//1421 316//1421 278//1421
f  278//1422 316//1422 852//1422
f  278//1423 852//1423 614//1423
f  596//1424 50//1424 595//1424
f  595//1425 50//1425 52//1425
f  595//1426 52//1426 47//1426
f  47//1427 52//1427 353//1427
f  47//1428 353//1428 48//1428
f  48//1429 353//1429 355//1429
f  48//1430 355//1430 384//1430
f  384//1431 355//1431 357//1431
f  384//1432 357//1432 376//1432
f  376//1433 357//1433 359//1433
f  376//1434 359//1434 44//1434
f  44//1435 359//1435 361//1435
f  44//1436 361//1436 45//1436
f  45//1437 361//1437 363//1437
f  45//1438 363//1438 378//1438
f  378//1439 363//1439 365//1439
f  378//1440 365//1440 402//1440
f  402//1441 365//1441 367//1441
f  402//1442 367//1442 403//1442
f  403//1443 367//1443 369//1443
f  403//1444 369//1444 430//1444
f  430//1445 369//1445 371//1445
f  430//1446 371//1446 421//1446
f  421//1447 371//1447 373//1447
f  421//1448 373//1448 419//1448
f  419//1449 373//1449 849//1449
f  419//1450 849//1450 417//1450
f  417//1451 849//1451 847//1451
f  417//1452 847//1452 415//1452
f  415//1453 847//1453 845//1453
f  415//1454 845//1454 413//1454
f  413//1455 845//1455 843//1455
f  413//1456 843//1456 411//1456
f  411//1457 843//1457 841//1457
f  411//1458 841//1458 409//1458
f  409//1459 841//1459 839//1459
f  409//1460 839//1460 215//1460
f  215//1461 839//1461 838//1461
f  215//1462 838//1462 216//1462
f  216//1463 838//1463 837//1463
f  216//1464 837//1464 218//1464
f  218//1465 837//1465 851//1465
f  218//1466 851//1466 220//1466
f  220//1467 851//1467 214//1467
f  220//1468 214//1468 222//1468
f  222//1469 214//1469 213//1469
f  222//1470 213//1470 224//1470
f  224//1471 213//1471 206//1471
f  224//1472 206//1472 226//1472
f  226//1473 206//1473 205//1473
f  226//1474 205//1474 228//1474
f  228//1475 205//1475 203//1475
f  228//1476 203//1476 230//1476
f  230//1477 203//1477 202//1477
f  230//1478 202//1478 232//1478
f  232//1479 202//1479 201//1479
f  232//1480 201//1480 234//1480
f  234//1481 201//1481 200//1481
f  234//1482 200//1482 235//1482
f  235//1483 200//1483 211//1483
f  235//1484 211//1484 455//1484
f  455//1485 211//1485 210//1485
f  455//1486 210//1486 236//1486
f  236//1487 210//1487 209//1487
f  236//1488 209//1488 263//1488
f  263//1489 209//1489 207//1489
f  263//1490 207//1490 184//1490
f  184//1491 207//1491 208//1491
f  184//1492 208//1492 187//1492
f  789//1493 788//1493 853//1493
f  774//1494 772//1494 854//1494
f  855//1495 856//1495 857//1495
f  858//1496 859//1496 860//1496
f  861//1497 862//1497 863//1497
f  864//1498 865//1498 866//1498
f  867//1499 868//1499 869//1499
f  771//1500 23//1500 870//1500
f  871//1501 872//1501 873//1501
f  874//1502 875//1502 876//1502
f  877//1503 878//1503 879//1503
f  880//1504 881//1504 882//1504
f  29//1505 33//1505 883//1505
f  884//1506 885//1506 886//1506
f  887//1507 888//1507 889//1507
f  890//1508 891//1508 550//1508
f  892//1509 893//1509 894//1509
f  891//1510 890//1510 895//1510
f  896//1511 897//1511 898//1511
f  899//1512 900//1512 901//1512
f  902//1513 903//1513 904//1513
f  905//1514 906//1514 907//1514
f  908//1515 909//1515 910//1515
f  911//1516 912//1516 913//1516
f  914//1517 915//1517 916//1517
f  917//1518 918//1518 919//1518
f  920//1519 921//1519 922//1519
f  923//1520 924//1520 921//1520
f  925//1521 926//1521 924//1521
f  927//1522 928//1522 926//1522
f  208//1523 73//1523 929//1523
f  930//1524 931//1524 932//1524
f  933//1525 934//1525 935//1525
f  936//1526 937//1526 906//1526
f  188//1527 187//1527 938//1527
f  190//1528 188//1528 939//1528
f  939//1529 188//1529 938//1529
f  939//1530 938//1530 940//1530
f  941//1531 942//1531 938//1531
f  938//1532 942//1532 943//1532
f  938//1533 943//1533 940//1533
f  944//1534 945//1534 946//1534
f  946//1535 945//1535 947//1535
f  946//1536 947//1536 941//1536
f  941//1537 947//1537 948//1537
f  941//1538 948//1538 942//1538
f  949//1539 950//1539 951//1539
f  951//1540 950//1540 952//1540
f  953//1541 954//1541 955//1541
f  955//1542 954//1542 956//1542
f  957//1543 958//1543 959//1543
f  960//1544 961//1544 962//1544
f  962//1545 961//1545 963//1545
f  964//1546 965//1546 966//1546
f  965//1547 964//1547 967//1547
f  967//1548 964//1548 968//1548
f  967//1549 968//1549 969//1549
f  969//1550 968//1550 970//1550
f  970//1551 968//1551 971//1551
f  970//1552 971//1552 972//1552
f  973//1553 974//1553 975//1553
f  975//1554 974//1554 976//1554
f  975//1555 976//1555 971//1555
f  971//1556 976//1556 977//1556
f  971//1557 977//1557 972//1557
f  973//1558 975//1558 978//1558
f  978//1559 975//1559 979//1559
f  978//1560 979//1560 980//1560
f  981//1561 982//1561 979//1561
f  979//1562 982//1562 983//1562
f  979//1563 983//1563 980//1563
f  984//1564 985//1564 986//1564
f  986//1565 985//1565 987//1565
f  986//1566 987//1566 981//1566
f  981//1567 987//1567 988//1567
f  981//1568 988//1568 982//1568
f  989//1569 990//1569 991//1569
f  992//1570 993//1570 994//1570
f  993//1571 992//1571 995//1571
f  995//1572 992//1572 996//1572
f  995//1573 996//1573 997//1573
f  998//1574 999//1574 1000//1574
f  1000//1575 999//1575 1001//1575
f  1000//1576 1001//1576 1002//1576
f  998//1577 1003//1577 999//1577
f  999//1578 1003//1578 1004//1578
f  999//1579 1004//1579 996//1579
f  996//1580 1004//1580 1005//1580
f  996//1581 1005//1581 997//1581
f  1002//1582 1001//1582 1006//1582
f  1006//1583 1001//1583 1007//1583
f  1006//1584 1007//1584 1008//1584
f  1008//1585 1007//1585 1009//1585
f  1009//1586 1007//1586 1010//1586
f  1009//1587 1010//1587 1011//1587
f  1012//1588 1013//1588 1014//1588
f  1014//1589 1013//1589 1015//1589
f  1014//1590 1015//1590 1010//1590
f  1010//1591 1015//1591 1016//1591
f  1010//1592 1016//1592 1011//1592
f  1012//1593 1014//1593 1017//1593
f  1017//1594 1014//1594 1018//1594
f  1017//1595 1018//1595 1019//1595
f  1020//1596 1021//1596 1018//1596
f  1018//1597 1021//1597 1022//1597
f  1018//1598 1022//1598 1019//1598
f  1023//1599 1024//1599 1025//1599
f  1026//1600 1027//1600 1028//1600
f  1028//1601 1027//1601 1029//1601
f  1028//1602 1029//1602 1023//1602
f  1023//1603 1029//1603 1030//1603
f  1023//1604 1030//1604 1024//1604
f  1026//1605 1028//1605 1031//1605
f  1031//1606 1028//1606 1032//1606
f  1031//1607 1032//1607 1033//1607
f  1034//1608 1035//1608 1032//1608
f  1032//1609 1035//1609 1036//1609
f  1032//1610 1036//1610 1033//1610
f  1037//1611 1038//1611 1039//1611
f  1039//1612 1038//1612 1040//1612
f  1039//1613 1040//1613 1034//1613
f  1034//1614 1040//1614 1041//1614
f  1034//1615 1041//1615 1035//1615
f  906//1616 937//1616 1039//1616
f  1039//1617 937//1617 1042//1617
f  1039//1618 1042//1618 1037//1618
f  936//1619 906//1619 1043//1619
f  1043//1620 906//1620 905//1620
f  1043//1621 905//1621 1044//1621
f  1044//1622 905//1622 1045//1622
f  1045//1623 905//1623 317//1623
f  1045//1624 317//1624 96//1624
f  76//1625 934//1625 197//1625
f  197//1626 934//1626 933//1626
f  197//1627 933//1627 72//1627
f  76//1628 75//1628 934//1628
f  934//1629 75//1629 1046//1629
f  934//1630 1046//1630 935//1630
f  935//1631 1046//1631 1047//1631
f  935//1632 1047//1632 1048//1632
f  1048//1633 1047//1633 1049//1633
f  1048//1634 1049//1634 1050//1634
f  1051//1635 1052//1635 1053//1635
f  1053//1636 1052//1636 1054//1636
f  1053//1637 1054//1637 1055//1637
f  1055//1638 1054//1638 1056//1638
f  1055//1639 1056//1639 1057//1639
f  1050//1640 1051//1640 1048//1640
f  1048//1641 1051//1641 1053//1641
f  1048//1642 1053//1642 935//1642
f  935//1643 1053//1643 1055//1643
f  935//1644 1055//1644 933//1644
f  933//1645 1055//1645 1057//1645
f  933//1646 1057//1646 72//1646
f  1058//1647 1059//1647 1060//1647
f  1060//1648 1059//1648 1061//1648
f  1060//1649 1061//1649 1062//1649
f  75//1650 196//1650 1046//1650
f  1046//1651 196//1651 195//1651
f  1046//1652 195//1652 1047//1652
f  1047//1653 195//1653 1063//1653
f  1047//1654 1063//1654 1049//1654
f  1049//1655 1063//1655 1061//1655
f  1049//1656 1061//1656 1050//1656
f  1050//1657 1061//1657 1059//1657
f  1050//1658 1059//1658 1051//1658
f  1051//1659 1059//1659 1058//1659
f  1051//1660 1058//1660 1052//1660
f  931//1661 930//1661 1064//1661
f  1064//1662 930//1662 1065//1662
f  1064//1663 1065//1663 1066//1663
f  1066//1664 1065//1664 1067//1664
f  1066//1665 1067//1665 1068//1665
f  1068//1666 1067//1666 1069//1666
f  1068//1667 1069//1667 1070//1667
f  1071//1668 932//1668 1062//1668
f  1062//1669 932//1669 931//1669
f  1062//1670 931//1670 1060//1670
f  1060//1671 931//1671 1064//1671
f  1060//1672 1064//1672 1058//1672
f  1058//1673 1064//1673 1066//1673
f  1058//1674 1066//1674 1052//1674
f  1052//1675 1066//1675 1068//1675
f  1052//1676 1068//1676 1054//1676
f  1054//1677 1068//1677 1070//1677
f  1054//1678 1070//1678 1056//1678
f  1072//1679 946//1679 1073//1679
f  1073//1680 946//1680 941//1680
f  1073//1681 941//1681 929//1681
f  929//1682 941//1682 938//1682
f  929//1683 938//1683 208//1683
f  208//1684 938//1684 187//1684
f  1074//1685 1075//1685 1076//1685
f  1076//1686 1075//1686 1071//1686
f  1076//1687 1071//1687 1077//1687
f  1077//1688 1071//1688 1062//1688
f  1077//1689 1062//1689 1078//1689
f  1078//1690 1062//1690 1061//1690
f  1078//1691 1061//1691 1079//1691
f  1079//1692 1061//1692 1063//1692
f  928//1693 927//1693 1080//1693
f  1080//1694 927//1694 1081//1694
f  1080//1695 1081//1695 1082//1695
f  1082//1696 1081//1696 1083//1696
f  1082//1697 1083//1697 1084//1697
f  1084//1698 1083//1698 1085//1698
f  1084//1699 1085//1699 1086//1699
f  1086//1700 1085//1700 1087//1700
f  1086//1701 1087//1701 1088//1701
f  1088//1702 1087//1702 1089//1702
f  1088//1703 1089//1703 1072//1703
f  1072//1704 1089//1704 951//1704
f  1072//1705 951//1705 946//1705
f  946//1706 951//1706 952//1706
f  946//1707 952//1707 944//1707
f  926//1708 925//1708 927//1708
f  927//1709 925//1709 1090//1709
f  927//1710 1090//1710 1081//1710
f  1081//1711 1090//1711 1091//1711
f  1081//1712 1091//1712 1083//1712
f  1083//1713 1091//1713 1092//1713
f  1083//1714 1092//1714 1085//1714
f  1085//1715 1092//1715 1093//1715
f  1085//1716 1093//1716 1087//1716
f  1087//1717 1093//1717 1094//1717
f  1087//1718 1094//1718 1089//1718
f  1089//1719 1094//1719 955//1719
f  1089//1720 955//1720 951//1720
f  951//1721 955//1721 956//1721
f  951//1722 956//1722 949//1722
f  924//1723 923//1723 925//1723
f  925//1724 923//1724 1095//1724
f  925//1725 1095//1725 1090//1725
f  1090//1726 1095//1726 1096//1726
f  1090//1727 1096//1727 1091//1727
f  1091//1728 1096//1728 1097//1728
f  1091//1729 1097//1729 1092//1729
f  1092//1730 1097//1730 1098//1730
f  1092//1731 1098//1731 1093//1731
f  1093//1732 1098//1732 1099//1732
f  1093//1733 1099//1733 1094//1733
f  1094//1734 1099//1734 957//1734
f  1094//1735 957//1735 955//1735
f  955//1736 957//1736 959//1736
f  955//1737 959//1737 953//1737
f  921//1738 920//1738 923//1738
f  923//1739 920//1739 1100//1739
f  923//1740 1100//1740 1095//1740
f  1095//1741 1100//1741 1101//1741
f  1095//1742 1101//1742 1096//1742
f  1096//1743 1101//1743 1102//1743
f  1096//1744 1102//1744 1097//1744
f  1097//1745 1102//1745 1103//1745
f  1097//1746 1103//1746 1098//1746
f  1098//1747 1103//1747 1104//1747
f  1098//1748 1104//1748 1099//1748
f  1099//1749 1104//1749 962//1749
f  1099//1750 962//1750 957//1750
f  957//1751 962//1751 963//1751
f  957//1752 963//1752 958//1752
f  1105//1753 912//1753 1106//1753
f  1106//1754 912//1754 911//1754
f  1106//1755 911//1755 1107//1755
f  1107//1756 915//1756 1106//1756
f  1106//1757 915//1757 914//1757
f  1106//1758 914//1758 1105//1758
f  1105//1759 914//1759 919//1759
f  918//1760 917//1760 1108//1760
f  1108//1761 917//1761 1109//1761
f  1108//1762 1109//1762 1110//1762
f  1110//1763 1109//1763 1111//1763
f  1110//1764 1111//1764 1112//1764
f  1112//1765 1111//1765 1113//1765
f  1112//1766 1113//1766 1114//1766
f  919//1767 914//1767 917//1767
f  917//1768 914//1768 916//1768
f  917//1769 916//1769 1109//1769
f  1109//1770 916//1770 1115//1770
f  1109//1771 1115//1771 1111//1771
f  1111//1772 1115//1772 1116//1772
f  1111//1773 1116//1773 1113//1773
f  1107//1774 1117//1774 915//1774
f  915//1775 1117//1775 1118//1775
f  915//1776 1118//1776 916//1776
f  916//1777 1118//1777 1119//1777
f  916//1778 1119//1778 1115//1778
f  1115//1779 1119//1779 1120//1779
f  1115//1780 1120//1780 1116//1780
f  1117//1781 986//1781 1118//1781
f  1118//1782 986//1782 981//1782
f  1118//1783 981//1783 1119//1783
f  1119//1784 981//1784 979//1784
f  1119//1785 979//1785 1120//1785
f  1120//1786 979//1786 975//1786
f  1120//1787 975//1787 1116//1787
f  1116//1788 975//1788 971//1788
f  1116//1789 971//1789 1113//1789
f  1113//1790 971//1790 968//1790
f  1113//1791 968//1791 1114//1791
f  1114//1792 968//1792 964//1792
f  1121//1793 1122//1793 1123//1793
f  1123//1794 1122//1794 1124//1794
f  1123//1795 1124//1795 1125//1795
f  1125//1796 1124//1796 1126//1796
f  1125//1797 1126//1797 1127//1797
f  1127//1798 1126//1798 1128//1798
f  1127//1799 1128//1799 1129//1799
f  1129//1800 1128//1800 1130//1800
f  1129//1801 1130//1801 1131//1801
f  1131//1802 1130//1802 1132//1802
f  1131//1803 1132//1803 1133//1803
f  1133//1804 1132//1804 1134//1804
f  1133//1805 1134//1805 1135//1805
f  1135//1806 1134//1806 1136//1806
f  1135//1807 1136//1807 1137//1807
f  1137//1808 1136//1808 1138//1808
f  1137//1809 1138//1809 1139//1809
f  1139//1810 1138//1810 922//1810
f  1139//1811 922//1811 1140//1811
f  1140//1812 922//1812 921//1812
f  1140//1813 921//1813 1074//1813
f  1074//1814 921//1814 924//1814
f  1074//1815 924//1815 1075//1815
f  1075//1816 924//1816 926//1816
f  1075//1817 926//1817 1071//1817
f  1071//1818 926//1818 928//1818
f  1071//1819 928//1819 932//1819
f  932//1820 928//1820 1080//1820
f  932//1821 1080//1821 930//1821
f  930//1822 1080//1822 1082//1822
f  930//1823 1082//1823 1065//1823
f  1065//1824 1082//1824 1084//1824
f  1065//1825 1084//1825 1067//1825
f  1067//1826 1084//1826 1086//1826
f  1067//1827 1086//1827 1069//1827
f  1069//1828 1086//1828 1088//1828
f  1069//1829 1088//1829 1070//1829
f  1070//1830 1088//1830 1072//1830
f  1070//1831 1072//1831 1056//1831
f  1056//1832 1072//1832 1073//1832
f  1056//1833 1073//1833 1057//1833
f  1057//1834 1073//1834 929//1834
f  1057//1835 929//1835 72//1835
f  72//1836 929//1836 73//1836
f  909//1837 908//1837 1141//1837
f  1141//1838 908//1838 1142//1838
f  1141//1839 1142//1839 913//1839
f  913//1840 1142//1840 1143//1840
f  913//1841 1143//1841 911//1841
f  911//1842 1143//1842 1144//1842
f  911//1843 1144//1843 1107//1843
f  1107//1844 1144//1844 1145//1844
f  1107//1845 1145//1845 1117//1845
f  1117//1846 1145//1846 989//1846
f  1117//1847 989//1847 986//1847
f  986//1848 989//1848 991//1848
f  986//1849 991//1849 984//1849
f  1122//1850 1146//1850 1124//1850
f  1124//1851 1146//1851 1147//1851
f  1124//1852 1147//1852 1126//1852
f  1126//1853 1147//1853 1148//1853
f  1126//1854 1148//1854 1128//1854
f  1128//1855 1148//1855 910//1855
f  1128//1856 910//1856 1130//1856
f  1130//1857 910//1857 909//1857
f  1130//1858 909//1858 1132//1858
f  1132//1859 909//1859 1141//1859
f  1132//1860 1141//1860 1134//1860
f  1134//1861 1141//1861 913//1861
f  1134//1862 913//1862 1136//1862
f  1136//1863 913//1863 912//1863
f  1136//1864 912//1864 1138//1864
f  1138//1865 912//1865 1105//1865
f  1138//1866 1105//1866 922//1866
f  922//1867 1105//1867 919//1867
f  922//1868 919//1868 920//1868
f  920//1869 919//1869 918//1869
f  920//1870 918//1870 1100//1870
f  1100//1871 918//1871 1108//1871
f  1100//1872 1108//1872 1101//1872
f  1101//1873 1108//1873 1110//1873
f  1101//1874 1110//1874 1102//1874
f  1102//1875 1110//1875 1112//1875
f  1102//1876 1112//1876 1103//1876
f  1103//1877 1112//1877 1114//1877
f  1103//1878 1114//1878 1104//1878
f  1104//1879 1114//1879 964//1879
f  1104//1880 964//1880 962//1880
f  962//1881 964//1881 966//1881
f  962//1882 966//1882 960//1882
f  1149//1883 1150//1883 1151//1883
f  1151//1884 1150//1884 1152//1884
f  1151//1885 1152//1885 1153//1885
f  1153//1886 1152//1886 885//1886
f  1153//1887 885//1887 1154//1887
f  1154//1888 885//1888 884//1888
f  1154//1889 884//1889 1155//1889
f  1155//1890 1156//1890 1154//1890
f  1154//1891 1156//1891 1157//1891
f  1154//1892 1157//1892 1153//1892
f  1153//1893 1157//1893 1158//1893
f  1153//1894 1158//1894 1151//1894
f  1151//1895 1158//1895 1159//1895
f  1151//1896 1159//1896 1149//1896
f  1149//1897 1159//1897 1160//1897
f  1161//1898 1162//1898 1163//1898
f  1162//1899 1161//1899 907//1899
f  1164//1900 316//1900 1165//1900
f  1165//1901 316//1901 320//1901
f  1165//1902 320//1902 319//1902
f  1166//1903 1167//1903 1168//1903
f  1168//1904 1167//1904 1169//1904
f  1168//1905 1169//1905 1170//1905
f  1170//1906 1169//1906 1171//1906
f  1170//1907 1171//1907 1172//1907
f  1172//1908 1171//1908 1173//1908
f  1172//1909 1173//1909 1174//1909
f  1174//1910 1173//1910 1175//1910
f  1174//1911 1175//1911 1176//1911
f  1176//1912 1175//1912 1177//1912
f  1176//1913 1177//1913 1178//1913
f  1178//1914 1177//1914 1179//1914
f  1178//1915 1179//1915 1180//1915
f  1180//1916 1179//1916 1181//1916
f  1180//1917 1181//1917 1182//1917
f  1182//1918 1181//1918 1183//1918
f  1166//1919 1184//1919 1167//1919
f  1167//1920 1184//1920 1020//1920
f  1167//1921 1020//1921 1169//1921
f  1169//1922 1020//1922 1018//1922
f  1169//1923 1018//1923 1171//1923
f  1171//1924 1018//1924 1014//1924
f  1171//1925 1014//1925 1173//1925
f  1173//1926 1014//1926 1010//1926
f  1173//1927 1010//1927 1175//1927
f  1175//1928 1010//1928 1007//1928
f  1175//1929 1007//1929 1177//1929
f  1177//1930 1007//1930 1001//1930
f  1177//1931 1001//1931 1179//1931
f  1179//1932 1001//1932 999//1932
f  1179//1933 999//1933 1181//1933
f  1181//1934 999//1934 996//1934
f  1181//1935 996//1935 1183//1935
f  1183//1936 996//1936 992//1936
f  907//1937 906//1937 1162//1937
f  1162//1938 906//1938 1039//1938
f  1162//1939 1039//1939 1163//1939
f  1163//1940 1039//1940 1034//1940
f  1163//1941 1034//1941 1185//1941
f  1185//1942 1034//1942 1032//1942
f  1185//1943 1032//1943 1186//1943
f  1186//1944 1032//1944 1028//1944
f  1186//1945 1028//1945 1184//1945
f  1184//1946 1028//1946 1023//1946
f  1184//1947 1023//1947 1020//1947
f  1020//1948 1023//1948 1025//1948
f  1020//1949 1025//1949 1021//1949
f  1187//1950 1188//1950 1189//1950
f  904//1951 1190//1951 1191//1951
f  1192//1952 1193//1952 1194//1952
f  1195//1953 1196//1953 1197//1953
f  1197//1954 1196//1954 1198//1954
f  1197//1955 1198//1955 1199//1955
f  1199//1956 1198//1956 1200//1956
f  1199//1957 1200//1957 1201//1957
f  1202//1958 1195//1958 1203//1958
f  1203//1959 1195//1959 1197//1959
f  1203//1960 1197//1960 1204//1960
f  1204//1961 1197//1961 1199//1961
f  1204//1962 1199//1962 1205//1962
f  1205//1963 1199//1963 1201//1963
f  1205//1964 1201//1964 1187//1964
f  1194//1965 1206//1965 1207//1965
f  1207//1966 1206//1966 1208//1966
f  1208//1967 1209//1967 1210//1967
f  1210//1968 1209//1968 1211//1968
f  1212//1969 900//1969 1213//1969
f  1213//1970 900//1970 899//1970
f  1213//1971 899//1971 1214//1971
f  1215//1972 1212//1972 1216//1972
f  1216//1973 1212//1973 1213//1973
f  1216//1974 1213//1974 1217//1974
f  1217//1975 1213//1975 1214//1975
f  1217//1976 1214//1976 1218//1976
f  1211//1977 1219//1977 1220//1977
f  1220//1978 1219//1978 1221//1978
f  1220//1979 1221//1979 1222//1979
f  1222//1980 1223//1980 1224//1980
f  1224//1981 1223//1981 1225//1981
f  1224//1982 1225//1982 1226//1982
f  1227//1983 1215//1983 1228//1983
f  1228//1984 1215//1984 1216//1984
f  1228//1985 1216//1985 1229//1985
f  1229//1986 1216//1986 1217//1986
f  1229//1987 1217//1987 1230//1987
f  1230//1988 1217//1988 1218//1988
f  1230//1989 1218//1989 1231//1989
f  1232//1990 1233//1990 1234//1990
f  1234//1991 1233//1991 1235//1991
f  1234//1992 1235//1992 1236//1992
f  1236//1993 1235//1993 1237//1993
f  1236//1994 1237//1994 1238//1994
f  1238//1995 1237//1995 1239//1995
f  1238//1996 1239//1996 1240//1996
f  1240//1997 1239//1997 1241//1997
f  1240//1998 1241//1998 1242//1998
f  1242//1999 1241//1999 1243//1999
f  1242//2000 1243//2000 1244//2000
f  1244//2001 1243//2001 1245//2001
f  1244//2002 1245//2002 1246//2002
f  1188//2003 1232//2003 1189//2003
f  1189//2004 1232//2004 1234//2004
f  1189//2005 1234//2005 1247//2005
f  1247//2006 1234//2006 1236//2006
f  1247//2007 1236//2007 1248//2007
f  1248//2008 1236//2008 1238//2008
f  1248//2009 1238//2009 1249//2009
f  1249//2010 1238//2010 1240//2010
f  1249//2011 1240//2011 1250//2011
f  1250//2012 1240//2012 1242//2012
f  1250//2013 1242//2013 1251//2013
f  1251//2014 1242//2014 1244//2014
f  1251//2015 1244//2015 1252//2015
f  1252//2016 1244//2016 1246//2016
f  1252//2017 1246//2017 1253//2017
f  1254//2018 1227//2018 1255//2018
f  1255//2019 1227//2019 1228//2019
f  1255//2020 1228//2020 1256//2020
f  1256//2021 1228//2021 1229//2021
f  1256//2022 1229//2022 1257//2022
f  1257//2023 1229//2023 1230//2023
f  1257//2024 1230//2024 1258//2024
f  1258//2025 1230//2025 1231//2025
f  1258//2026 1231//2026 1259//2026
f  1203//2027 1260//2027 1202//2027
f  1202//2028 1260//2028 1261//2028
f  1202//2029 1261//2029 1262//2029
f  1263//2030 1264//2030 1265//2030
f  1265//2031 1264//2031 1262//2031
f  1265//2032 1262//2032 1266//2032
f  1266//2033 1262//2033 1261//2033
f  1187//2034 1189//2034 1205//2034
f  1205//2035 1189//2035 1247//2035
f  1205//2036 1247//2036 1204//2036
f  1204//2037 1247//2037 1248//2037
f  1204//2038 1248//2038 1203//2038
f  1203//2039 1248//2039 1249//2039
f  1203//2040 1249//2040 1260//2040
f  1260//2041 1249//2041 1250//2041
f  1260//2042 1250//2042 1261//2042
f  1261//2043 1250//2043 1251//2043
f  1261//2044 1251//2044 1266//2044
f  1266//2045 1251//2045 1252//2045
f  1266//2046 1252//2046 1265//2046
f  1265//2047 1252//2047 1253//2047
f  1265//2048 1253//2048 1263//2048
f  1267//2049 1268//2049 1269//2049
f  1269//2050 1268//2050 1270//2050
f  1269//2051 1270//2051 1271//2051
f  1271//2052 1270//2052 1272//2052
f  1271//2053 1272//2053 1273//2053
f  1273//2054 1272//2054 1274//2054
f  1273//2055 1274//2055 1275//2055
f  1275//2056 1274//2056 1276//2056
f  1275//2057 1276//2057 1277//2057
f  1277//2058 1276//2058 1278//2058
f  1277//2059 1278//2059 1279//2059
f  1279//2060 1278//2060 1280//2060
f  1268//2061 1281//2061 1270//2061
f  1270//2062 1281//2062 1282//2062
f  1270//2063 1282//2063 1272//2063
f  1272//2064 1282//2064 1283//2064
f  1272//2065 1283//2065 1274//2065
f  1274//2066 1283//2066 1284//2066
f  1274//2067 1284//2067 1276//2067
f  1276//2068 1284//2068 1285//2068
f  1276//2069 1285//2069 1278//2069
f  1278//2070 1285//2070 1286//2070
f  1278//2071 1286//2071 1280//2071
f  1280//2072 1286//2072 1287//2072
f  1267//2073 1288//2073 1268//2073
f  1268//2074 1288//2074 1289//2074
f  1268//2075 1289//2075 1281//2075
f  1281//2076 1289//2076 1290//2076
f  1281//2077 1290//2077 1282//2077
f  1282//2078 1290//2078 1291//2078
f  1282//2079 1291//2079 1283//2079
f  1283//2080 1291//2080 1292//2080
f  1283//2081 1292//2081 1284//2081
f  1284//2082 1292//2082 1293//2082
f  1284//2083 1293//2083 1285//2083
f  1285//2084 1293//2084 1294//2084
f  1285//2085 1294//2085 1286//2085
f  1286//2086 1294//2086 1295//2086
f  1286//2087 1295//2087 1287//2087
f  1287//2088 1295//2088 1296//2088
f  1279//2089 1200//2089 1277//2089
f  1277//2090 1200//2090 1198//2090
f  1277//2091 1198//2091 1275//2091
f  1275//2092 1198//2092 1196//2092
f  1275//2093 1196//2093 1273//2093
f  1273//2094 1196//2094 1195//2094
f  1273//2095 1195//2095 1271//2095
f  1271//2096 1195//2096 1202//2096
f  1271//2097 1202//2097 1269//2097
f  1269//2098 1202//2098 1262//2098
f  1269//2099 1262//2099 1267//2099
f  1267//2100 1262//2100 1264//2100
f  1297//2101 1298//2101 1299//2101
f  1299//2102 1298//2102 1300//2102
f  1299//2103 1300//2103 1301//2103
f  1302//2104 1303//2104 1304//2104
f  1304//2105 1303//2105 1254//2105
f  1304//2106 1254//2106 1305//2106
f  1305//2107 1254//2107 1255//2107
f  1305//2108 1255//2108 1306//2108
f  1306//2109 1255//2109 1256//2109
f  1306//2110 1256//2110 1307//2110
f  1307//2111 1256//2111 1257//2111
f  1307//2112 1257//2112 1308//2112
f  1308//2113 1257//2113 1258//2113
f  1308//2114 1258//2114 1309//2114
f  1309//2115 1258//2115 1259//2115
f  1309//2116 1259//2116 1310//2116
f  1302//2117 1304//2117 1311//2117
f  1311//2118 1304//2118 1305//2118
f  1311//2119 1305//2119 1312//2119
f  1312//2120 1305//2120 1306//2120
f  1312//2121 1306//2121 1313//2121
f  1313//2122 1306//2122 1307//2122
f  1313//2123 1307//2123 1314//2123
f  1314//2124 1307//2124 1308//2124
f  1314//2125 1308//2125 1315//2125
f  1315//2126 1308//2126 1309//2126
f  1315//2127 1309//2127 1316//2127
f  1316//2128 1309//2128 1310//2128
f  1316//2129 1310//2129 1317//2129
f  1317//2130 1318//2130 1319//2130
f  1319//2131 1318//2131 1320//2131
f  1319//2132 1320//2132 1321//2132
f  1233//2133 901//2133 1235//2133
f  1235//2134 901//2134 900//2134
f  1235//2135 900//2135 1237//2135
f  1237//2136 900//2136 1212//2136
f  1237//2137 1212//2137 1239//2137
f  1239//2138 1212//2138 1215//2138
f  1239//2139 1215//2139 1241//2139
f  1241//2140 1215//2140 1227//2140
f  1241//2141 1227//2141 1243//2141
f  1243//2142 1227//2142 1254//2142
f  1243//2143 1254//2143 1245//2143
f  1245//2144 1254//2144 1303//2144
f  1245//2145 1303//2145 1246//2145
f  1246//2146 1303//2146 1322//2146
f  1246//2147 1322//2147 1253//2147
f  1253//2148 1322//2148 1323//2148
f  1253//2149 1323//2149 1263//2149
f  1263//2150 1323//2150 1324//2150
f  1263//2151 1324//2151 1264//2151
f  1264//2152 1324//2152 1325//2152
f  1326//2153 1327//2153 1328//2153
f  1328//2154 1327//2154 1329//2154
f  1328//2155 1329//2155 1330//2155
f  1331//2156 1326//2156 1332//2156
f  1332//2157 1326//2157 1328//2157
f  1332//2158 1328//2158 1333//2158
f  1334//2159 897//2159 1335//2159
f  1335//2160 897//2160 896//2160
f  1335//2161 896//2161 1336//2161
f  1337//2162 1338//2162 1339//2162
f  1340//2163 1336//2163 1341//2163
f  1341//2164 1336//2164 896//2164
f  1341//2165 896//2165 1342//2165
f  1342//2166 896//2166 898//2166
f  1342//2167 898//2167 1343//2167
f  1344//2168 1333//2168 1345//2168
f  1345//2169 1333//2169 1328//2169
f  1345//2170 1328//2170 1346//2170
f  1346//2171 1328//2171 1330//2171
f  1346//2172 1330//2172 1347//2172
f  1348//2173 1338//2173 1349//2173
f  1349//2174 1338//2174 1337//2174
f  1349//2175 1337//2175 890//2175
f  1334//2176 1344//2176 1339//2176
f  1339//2177 1344//2177 1345//2177
f  1339//2178 1345//2178 1337//2178
f  1337//2179 1345//2179 1346//2179
f  1337//2180 1346//2180 890//2180
f  890//2181 1346//2181 1347//2181
f  890//2182 1347//2182 895//2182
f  1350//2183 893//2183 560//2183
f  564//2184 563//2184 892//2184
f  892//2185 563//2185 562//2185
f  892//2186 562//2186 893//2186
f  893//2187 562//2187 561//2187
f  893//2188 561//2188 560//2188
f  550//2189 549//2189 890//2189
f  890//2190 549//2190 553//2190
f  890//2191 553//2191 1349//2191
f  1349//2192 553//2192 552//2192
f  1349//2193 552//2193 1348//2193
f  1348//2194 552//2194 551//2194
f  1348//2195 551//2195 566//2195
f  1334//2196 1339//2196 897//2196
f  897//2197 1339//2197 1338//2197
f  897//2198 1338//2198 898//2198
f  898//2199 1338//2199 1348//2199
f  898//2200 1348//2200 1343//2200
f  1343//2201 1348//2201 566//2201
f  1343//2202 566//2202 565//2202
f  1351//2203 1352//2203 38//2203
f  38//2204 572//2204 1351//2204
f  1351//2205 572//2205 581//2205
f  1351//2206 581//2206 1353//2206
f  581//2207 580//2207 1353//2207
f  1353//2208 580//2208 579//2208
f  1353//2209 579//2209 1354//2209
f  894//2210 893//2210 1355//2210
f  1355//2211 893//2211 1350//2211
f  1355//2212 1350//2212 1356//2212
f  1356//2213 1350//2213 1357//2213
f  1356//2214 1357//2214 1358//2214
f  1358//2215 1357//2215 1352//2215
f  1358//2216 1352//2216 1359//2216
f  1359//2217 1352//2217 1351//2217
f  1359//2218 1351//2218 1360//2218
f  1360//2219 1351//2219 1353//2219
f  1360//2220 1353//2220 1361//2220
f  1361//2221 1353//2221 1354//2221
f  1361//2222 1354//2222 888//2222
f  560//2223 559//2223 1350//2223
f  1350//2224 559//2224 556//2224
f  1350//2225 556//2225 1357//2225
f  1357//2226 556//2226 555//2226
f  1357//2227 555//2227 1352//2227
f  1352//2228 555//2228 39//2228
f  1352//2229 39//2229 38//2229
f  888//2230 887//2230 1361//2230
f  1361//2231 887//2231 1362//2231
f  1361//2232 1362//2232 1360//2232
f  1360//2233 1362//2233 1363//2233
f  1360//2234 1363//2234 1359//2234
f  1359//2235 1363//2235 1364//2235
f  1359//2236 1364//2236 1358//2236
f  1358//2237 1364//2237 1365//2237
f  1358//2238 1365//2238 1356//2238
f  1356//2239 1365//2239 1366//2239
f  1356//2240 1366//2240 1355//2240
f  1355//2241 1366//2241 1367//2241
f  1355//2242 1367//2242 894//2242
f  1321//2243 1331//2243 1319//2243
f  1319//2244 1331//2244 1332//2244
f  1319//2245 1332//2245 1368//2245
f  1368//2246 1332//2246 1333//2246
f  1368//2247 1333//2247 1369//2247
f  1369//2248 1333//2248 1344//2248
f  1369//2249 1344//2249 1370//2249
f  1370//2250 1344//2250 1334//2250
f  1370//2251 1334//2251 1371//2251
f  1371//2252 1334//2252 1335//2252
f  1371//2253 1335//2253 1372//2253
f  1372//2254 1335//2254 1336//2254
f  1372//2255 1336//2255 1373//2255
f  1373//2256 1336//2256 1340//2256
f  1373//2257 1340//2257 1374//2257
f  1374//2258 1340//2258 1375//2258
f  1374//2259 1375//2259 1376//2259
f  1376//2260 1375//2260 1377//2260
f  1376//2261 1377//2261 1378//2261
f  1378//2262 1377//2262 1379//2262
f  1378//2263 1379//2263 1380//2263
f  1380//2264 1379//2264 1381//2264
f  1380//2265 1381//2265 1382//2265
f  1382//2266 1381//2266 1383//2266
f  1382//2267 1383//2267 1384//2267
f  1384//2268 1383//2268 1385//2268
f  886//2269 1386//2269 1387//2269
f  886//2270 885//2270 1386//2270
f  1386//2271 885//2271 1152//2271
f  1386//2272 1152//2272 1388//2272
f  1388//2273 1152//2273 1150//2273
f  1388//2274 1150//2274 1389//2274
f  1389//2275 1150//2275 1149//2275
f  1389//2276 1149//2276 1390//2276
f  1390//2277 1149//2277 1160//2277
f  1390//2278 1160//2278 1391//2278
f  1317//2279 1319//2279 1316//2279
f  1316//2280 1319//2280 1368//2280
f  1316//2281 1368//2281 1315//2281
f  1315//2282 1368//2282 1369//2282
f  1315//2283 1369//2283 1314//2283
f  1314//2284 1369//2284 1370//2284
f  1314//2285 1370//2285 1313//2285
f  1313//2286 1370//2286 1371//2286
f  1313//2287 1371//2287 1312//2287
f  1312//2288 1371//2288 1372//2288
f  1312//2289 1372//2289 1311//2289
f  1311//2290 1372//2290 1373//2290
f  1311//2291 1373//2291 1302//2291
f  1302//2292 1373//2292 1374//2292
f  1302//2293 1374//2293 1303//2293
f  1303//2294 1374//2294 1376//2294
f  1303//2295 1376//2295 1322//2295
f  1322//2296 1376//2296 1378//2296
f  1322//2297 1378//2297 1323//2297
f  1323//2298 1378//2298 1380//2298
f  1323//2299 1380//2299 1324//2299
f  1324//2300 1380//2300 1382//2300
f  1324//2301 1382//2301 1325//2301
f  1325//2302 1382//2302 1384//2302
f  1325//2303 1384//2303 1392//2303
f  1392//2304 1393//2304 1394//2304
f  1394//2305 1393//2305 1395//2305
f  1394//2306 1395//2306 1161//2306
f  1161//2307 1395//2307 1396//2307
f  1161//2308 1396//2308 907//2308
f  907//2309 1396//2309 1397//2309
f  907//2310 1397//2310 905//2310
f  905//2311 1397//2311 318//2311
f  905//2312 318//2312 317//2312
f  1392//2313 1384//2313 1393//2313
f  1393//2314 1384//2314 1385//2314
f  1393//2315 1385//2315 1395//2315
f  1395//2316 1385//2316 1164//2316
f  1395//2317 1164//2317 1396//2317
f  1396//2318 1164//2318 1165//2318
f  1396//2319 1165//2319 1397//2319
f  1397//2320 1165//2320 319//2320
f  1397//2321 319//2321 318//2321
f  574//2322 573//2322 1398//2322
f  1398//2323 573//2323 584//2323
f  1398//2324 584//2324 615//2324
f  1399//2325 1387//2325 1400//2325
f  1400//2326 1387//2326 1386//2326
f  1400//2327 1386//2327 1401//2327
f  1401//2328 1386//2328 1388//2328
f  1401//2329 1388//2329 1402//2329
f  1402//2330 1388//2330 1389//2330
f  1402//2331 1389//2331 1121//2331
f  1121//2332 1389//2332 1390//2332
f  1121//2333 1390//2333 1122//2333
f  1122//2334 1390//2334 1391//2334
f  1122//2335 1391//2335 1146//2335
f  883//2336 33//2336 1403//2336
f  1403//2337 33//2337 32//2337
f  1403//2338 32//2338 616//2338
f  1404//2339 1405//2339 1406//2339
f  1406//2340 1405//2340 1407//2340
f  1406//2341 1407//2341 1408//2341
f  1403//2342 1404//2342 883//2342
f  883//2343 1404//2343 1406//2343
f  883//2344 1406//2344 1409//2344
f  29//2345 883//2345 30//2345
f  30//2346 883//2346 1409//2346
f  30//2347 1409//2347 658//2347
f  658//2348 1409//2348 1410//2348
f  658//2349 1410//2349 621//2349
f  621//2350 1410//2350 1411//2350
f  621//2351 1411//2351 622//2351
f  622//2352 1411//2352 1412//2352
f  622//2353 1412//2353 636//2353
f  881//2354 880//2354 1413//2354
f  1413//2355 1414//2355 881//2355
f  881//2356 1414//2356 878//2356
f  881//2357 878//2357 1415//2357
f  1415//2358 878//2358 877//2358
f  1415//2359 877//2359 1416//2359
f  882//2360 881//2360 1417//2360
f  1417//2361 881//2361 1415//2361
f  1417//2362 1415//2362 1418//2362
f  1418//2363 1415//2363 1416//2363
f  1418//2364 1416//2364 1419//2364
f  636//2365 1412//2365 775//2365
f  775//2366 1412//2366 1420//2366
f  775//2367 1420//2367 633//2367
f  633//2368 1420//2368 1421//2368
f  633//2369 1421//2369 634//2369
f  634//2370 1421//2370 1422//2370
f  634//2371 1422//2371 642//2371
f  1414//2372 1423//2372 878//2372
f  878//2373 1423//2373 1424//2373
f  878//2374 1424//2374 879//2374
f  879//2375 1424//2375 1425//2375
f  879//2376 1425//2376 1426//2376
f  1427//2377 1419//2377 1428//2377
f  1428//2378 1419//2378 1416//2378
f  1428//2379 1416//2379 1429//2379
f  1429//2380 1416//2380 877//2380
f  1429//2381 877//2381 1430//2381
f  1430//2382 877//2382 879//2382
f  1430//2383 879//2383 874//2383
f  874//2384 879//2384 1426//2384
f  874//2385 1426//2385 875//2385
f  1431//2386 1427//2386 1432//2386
f  1432//2387 1427//2387 1428//2387
f  1432//2388 1428//2388 1433//2388
f  1433//2389 1428//2389 1429//2389
f  1433//2390 1429//2390 1434//2390
f  1434//2391 1429//2391 1430//2391
f  1434//2392 1430//2392 1435//2392
f  1435//2393 1430//2393 874//2393
f  1435//2394 874//2394 1436//2394
f  1436//2395 874//2395 876//2395
f  1436//2396 876//2396 1437//2396
f  1438//2397 1431//2397 1439//2397
f  1439//2398 1431//2398 1432//2398
f  1439//2399 1432//2399 1440//2399
f  1440//2400 1432//2400 1433//2400
f  1440//2401 1433//2401 1441//2401
f  1441//2402 1433//2402 1434//2402
f  1441//2403 1434//2403 1442//2403
f  1442//2404 1434//2404 1435//2404
f  1442//2405 1435//2405 1443//2405
f  1443//2406 1435//2406 1436//2406
f  1443//2407 1436//2407 1444//2407
f  1444//2408 1436//2408 1437//2408
f  1444//2409 1437//2409 1445//2409
f  1446//2410 1447//2410 1448//2410
f  1448//2411 1447//2411 1449//2411
f  1448//2412 1449//2412 1450//2412
f  1451//2413 1449//2413 1452//2413
f  1452//2414 1449//2414 1447//2414
f  1452//2415 1447//2415 1453//2415
f  1453//2416 1447//2416 1446//2416
f  1453//2417 1446//2417 873//2417
f  873//2418 872//2418 1453//2418
f  1453//2419 872//2419 1454//2419
f  1453//2420 1454//2420 1452//2420
f  1452//2421 1454//2421 1455//2421
f  1452//2422 1455//2422 1451//2422
f  1456//2423 1457//2423 1458//2423
f  1458//2424 1457//2424 1459//2424
f  1458//2425 1459//2425 1460//2425
f  1460//2426 1459//2426 1461//2426
f  1460//2427 1461//2427 1462//2427
f  1462//2428 1461//2428 1463//2428
f  1462//2429 1463//2429 1464//2429
f  1464//2430 1463//2430 1465//2430
f  1464//2431 1465//2431 1466//2431
f  1466//2432 1465//2432 1467//2432
f  1466//2433 1467//2433 1468//2433
f  870//2434 23//2434 1469//2434
f  23//2435 22//2435 1469//2435
f  1469//2436 22//2436 684//2436
f  1469//2437 684//2437 1470//2437
f  1470//2438 684//2438 644//2438
f  1470//2439 644//2439 1422//2439
f  1422//2440 644//2440 643//2440
f  1422//2441 643//2441 642//2441
f  772//2442 771//2442 854//2442
f  854//2443 771//2443 870//2443
f  854//2444 870//2444 1471//2444
f  1457//2445 1438//2445 1459//2445
f  1459//2446 1438//2446 1439//2446
f  1459//2447 1439//2447 1461//2447
f  1461//2448 1439//2448 1440//2448
f  1461//2449 1440//2449 1463//2449
f  1463//2450 1440//2450 1441//2450
f  1463//2451 1441//2451 1465//2451
f  1465//2452 1441//2452 1442//2452
f  1465//2453 1442//2453 1467//2453
f  1467//2454 1442//2454 1443//2454
f  1467//2455 1443//2455 1468//2455
f  1468//2456 1443//2456 1444//2456
f  1468//2457 1444//2457 1472//2457
f  1472//2458 1444//2458 1445//2458
f  1473//2459 1474//2459 1475//2459
f  1445//2460 1476//2460 1472//2460
f  1472//2461 1476//2461 1477//2461
f  1472//2462 1477//2462 1478//2462
f  866//2463 1479//2463 1474//2463
f  1474//2464 1473//2464 866//2464
f  866//2465 1473//2465 1480//2465
f  866//2466 1480//2466 864//2466
f  865//2467 1481//2467 866//2467
f  866//2468 1481//2468 862//2468
f  866//2469 862//2469 1479//2469
f  1479//2470 862//2470 861//2470
f  1482//2471 1475//2471 868//2471
f  868//2472 1475//2472 1474//2472
f  868//2473 1474//2473 869//2473
f  869//2474 1474//2474 1479//2474
f  869//2475 1479//2475 1483//2475
f  1483//2476 1479//2476 861//2476
f  1484//2477 1451//2477 1485//2477
f  1485//2478 1451//2478 1455//2478
f  1485//2479 1455//2479 1486//2479
f  1486//2480 1455//2480 1454//2480
f  1486//2481 1454//2481 1487//2481
f  1487//2482 1454//2482 872//2482
f  1487//2483 872//2483 1488//2483
f  1488//2484 872//2484 871//2484
f  1488//2485 871//2485 1482//2485
f  1482//2486 868//2486 1488//2486
f  1488//2487 868//2487 867//2487
f  1488//2488 867//2488 1487//2488
f  1487//2489 867//2489 1489//2489
f  1487//2490 1489//2490 1486//2490
f  1486//2491 1489//2491 1490//2491
f  1486//2492 1490//2492 1485//2492
f  1485//2493 1490//2493 1491//2493
f  1485//2494 1491//2494 1484//2494
f  1481//2495 1492//2495 862//2495
f  862//2496 1492//2496 1493//2496
f  862//2497 1493//2497 863//2497
f  863//2498 1493//2498 1494//2498
f  863//2499 1494//2499 1495//2499
f  1496//2500 1497//2500 1498//2500
f  1499//2501 1500//2501 1501//2501
f  1501//2502 1500//2502 1502//2502
f  1501//2503 1502//2503 1503//2503
f  1503//2504 1502//2504 1504//2504
f  1503//2505 1504//2505 1505//2505
f  1505//2506 1504//2506 1506//2506
f  1505//2507 1506//2507 1507//2507
f  1507//2508 1506//2508 1496//2508
f  1507//2509 1496//2509 858//2509
f  858//2510 1496//2510 1498//2510
f  858//2511 1498//2511 859//2511
f  1508//2512 1499//2512 1509//2512
f  1509//2513 1499//2513 1501//2513
f  1509//2514 1501//2514 1510//2514
f  1510//2515 1501//2515 1503//2515
f  1510//2516 1503//2516 1511//2516
f  1511//2517 1503//2517 1505//2517
f  1511//2518 1505//2518 1512//2518
f  1512//2519 1505//2519 1507//2519
f  1512//2520 1507//2520 1513//2520
f  1513//2521 1507//2521 858//2521
f  1513//2522 858//2522 1514//2522
f  1514//2523 858//2523 860//2523
f  1514//2524 860//2524 1515//2524
f  903//2525 902//2525 1516//2525
f  1516//2526 902//2526 1517//2526
f  1516//2527 1517//2527 1518//2527
f  1518//2528 1517//2528 1519//2528
f  1518//2529 1519//2529 1520//2529
f  1520//2530 1519//2530 1521//2530
f  1520//2531 1521//2531 1522//2531
f  1522//2532 1521//2532 1523//2532
f  1522//2533 1523//2533 1524//2533
f  1524//2534 1523//2534 1525//2534
f  1524//2535 1525//2535 1526//2535
f  1527//2536 1508//2536 1526//2536
f  1526//2537 1508//2537 1509//2537
f  1526//2538 1509//2538 1524//2538
f  1524//2539 1509//2539 1510//2539
f  1524//2540 1510//2540 1522//2540
f  1522//2541 1510//2541 1511//2541
f  1522//2542 1511//2542 1520//2542
f  1520//2543 1511//2543 1512//2543
f  1520//2544 1512//2544 1518//2544
f  1518//2545 1512//2545 1513//2545
f  1518//2546 1513//2546 1516//2546
f  1516//2547 1513//2547 1514//2547
f  1516//2548 1514//2548 903//2548
f  903//2549 1514//2549 1515//2549
f  903//2550 1515//2550 904//2550
f  904//2551 1515//2551 1528//2551
f  904//2552 1528//2552 1190//2552
f  1529//2553 1527//2553 1530//2553
f  1530//2554 1527//2554 1526//2554
f  1530//2555 1526//2555 1531//2555
f  1531//2556 1526//2556 1525//2556
f  1531//2557 1525//2557 1532//2557
f  1532//2558 1525//2558 1523//2558
f  1532//2559 1523//2559 1533//2559
f  1533//2560 1523//2560 1521//2560
f  1533//2561 1521//2561 1534//2561
f  1534//2562 1521//2562 1519//2562
f  1534//2563 1519//2563 1535//2563
f  1535//2564 1519//2564 1517//2564
f  1535//2565 1517//2565 1536//2565
f  1536//2566 1517//2566 902//2566
f  1536//2567 902//2567 1537//2567
f  1537//2568 902//2568 904//2568
f  1537//2569 904//2569 1192//2569
f  1192//2570 904//2570 1191//2570
f  1192//2571 1191//2571 1193//2571
f  1194//2572 1207//2572 1192//2572
f  1192//2573 1207//2573 1538//2573
f  1192//2574 1538//2574 1537//2574
f  1537//2575 1538//2575 1539//2575
f  1537//2576 1539//2576 1536//2576
f  1536//2577 1539//2577 1540//2577
f  1536//2578 1540//2578 1535//2578
f  1535//2579 1540//2579 1541//2579
f  1535//2580 1541//2580 1534//2580
f  1534//2581 1541//2581 1542//2581
f  1534//2582 1542//2582 1533//2582
f  1533//2583 1542//2583 1543//2583
f  1533//2584 1543//2584 1532//2584
f  1532//2585 1543//2585 1544//2585
f  1532//2586 1544//2586 1531//2586
f  1531//2587 1544//2587 1545//2587
f  1531//2588 1545//2588 1530//2588
f  1530//2589 1545//2589 1546//2589
f  1530//2590 1546//2590 1529//2590
f  1211//2591 1220//2591 1210//2591
f  1210//2592 1220//2592 1547//2592
f  1210//2593 1547//2593 1548//2593
f  1548//2594 1547//2594 1549//2594
f  1548//2595 1549//2595 1550//2595
f  1550//2596 1549//2596 1551//2596
f  1550//2597 1551//2597 1552//2597
f  1552//2598 1551//2598 1553//2598
f  1552//2599 1553//2599 1554//2599
f  1554//2600 1553//2600 1555//2600
f  1554//2601 1555//2601 1556//2601
f  1556//2602 1555//2602 1557//2602
f  1556//2603 1557//2603 1558//2603
f  1558//2604 1557//2604 1559//2604
f  1558//2605 1559//2605 1560//2605
f  1560//2606 1559//2606 1561//2606
f  1560//2607 1561//2607 1562//2607
f  1562//2608 1561//2608 1563//2608
f  1562//2609 1563//2609 1564//2609
f  1208//2610 1210//2610 1207//2610
f  1207//2611 1210//2611 1548//2611
f  1207//2612 1548//2612 1538//2612
f  1538//2613 1548//2613 1550//2613
f  1538//2614 1550//2614 1539//2614
f  1539//2615 1550//2615 1552//2615
f  1539//2616 1552//2616 1540//2616
f  1540//2617 1552//2617 1554//2617
f  1540//2618 1554//2618 1541//2618
f  1541//2619 1554//2619 1556//2619
f  1541//2620 1556//2620 1542//2620
f  1542//2621 1556//2621 1558//2621
f  1542//2622 1558//2622 1543//2622
f  1543//2623 1558//2623 1560//2623
f  1543//2624 1560//2624 1544//2624
f  1544//2625 1560//2625 1562//2625
f  1544//2626 1562//2626 1545//2626
f  1545//2627 1562//2627 1564//2627
f  1545//2628 1564//2628 1546//2628
f  1222//2629 1224//2629 1220//2629
f  1220//2630 1224//2630 1565//2630
f  1220//2631 1565//2631 1547//2631
f  1547//2632 1565//2632 1566//2632
f  1547//2633 1566//2633 1549//2633
f  1549//2634 1566//2634 1567//2634
f  1549//2635 1567//2635 1551//2635
f  1551//2636 1567//2636 1568//2636
f  1551//2637 1568//2637 1553//2637
f  1553//2638 1568//2638 1569//2638
f  1553//2639 1569//2639 1555//2639
f  1555//2640 1569//2640 1570//2640
f  1555//2641 1570//2641 1557//2641
f  1557//2642 1570//2642 1571//2642
f  1557//2643 1571//2643 1559//2643
f  1559//2644 1571//2644 1572//2644
f  1559//2645 1572//2645 1561//2645
f  1561//2646 1572//2646 1573//2646
f  1561//2647 1573//2647 1563//2647
f  1563//2648 1573//2648 857//2648
f  1563//2649 857//2649 1564//2649
f  1564//2650 857//2650 856//2650
f  1564//2651 856//2651 1546//2651
f  1546//2652 856//2652 1484//2652
f  1546//2653 1484//2653 1529//2653
f  1529//2654 1484//2654 1491//2654
f  1529//2655 1491//2655 1527//2655
f  1527//2656 1491//2656 1490//2656
f  1527//2657 1490//2657 1508//2657
f  1508//2658 1490//2658 1489//2658
f  1508//2659 1489//2659 1499//2659
f  1499//2660 1489//2660 867//2660
f  1499//2661 867//2661 1500//2661
f  1500//2662 867//2662 869//2662
f  1500//2663 869//2663 1502//2663
f  1502//2664 869//2664 1483//2664
f  1502//2665 1483//2665 1504//2665
f  1504//2666 1483//2666 861//2666
f  1504//2667 861//2667 1506//2667
f  1506//2668 861//2668 863//2668
f  1506//2669 863//2669 1496//2669
f  1496//2670 863//2670 1495//2670
f  1496//2671 1495//2671 1497//2671
f  855//2672 1574//2672 1575//2672
f  1575//2673 1574//2673 1576//2673
f  1577//2674 1576//2674 1578//2674
f  1578//2675 1576//2675 1574//2675
f  1578//2676 1574//2676 1579//2676
f  1579//2677 1574//2677 855//2677
f  1579//2678 855//2678 1580//2678
f  1580//2679 855//2679 857//2679
f  787//2680 774//2680 1581//2680
f  1581//2681 774//2681 854//2681
f  1581//2682 854//2682 1582//2682
f  1582//2683 854//2683 1471//2683
f  1582//2684 1471//2684 1583//2684
f  1584//2685 1583//2685 1585//2685
f  1585//2686 1583//2686 1471//2686
f  1585//2687 1471//2687 1586//2687
f  1586//2688 1471//2688 870//2688
f  1586//2689 870//2689 1587//2689
f  1587//2690 870//2690 1469//2690
f  1587//2691 1469//2691 1456//2691
f  1456//2692 1469//2692 1470//2692
f  1456//2693 1470//2693 1457//2693
f  1457//2694 1470//2694 1422//2694
f  1457//2695 1422//2695 1438//2695
f  1438//2696 1422//2696 1421//2696
f  1438//2697 1421//2697 1431//2697
f  1431//2698 1421//2698 1420//2698
f  1431//2699 1420//2699 1427//2699
f  1427//2700 1420//2700 1412//2700
f  1427//2701 1412//2701 1419//2701
f  1419//2702 1412//2702 1411//2702
f  1419//2703 1411//2703 1418//2703
f  1418//2704 1411//2704 1410//2704
f  1418//2705 1410//2705 1417//2705
f  1417//2706 1410//2706 1409//2706
f  1417//2707 1409//2707 882//2707
f  882//2708 1409//2708 1406//2708
f  882//2709 1406//2709 880//2709
f  880//2710 1406//2710 1408//2710
f  880//2711 1408//2711 1413//2711
f  789//2712 853//2712 790//2712
f  788//2713 787//2713 853//2713
f  853//2714 787//2714 1581//2714
f  853//2715 1581//2715 1588//2715
f  1588//2716 1581//2716 1582//2716
f  1588//2717 1582//2717 1589//2717
f  1589//2718 1582//2718 1583//2718
f  1589//2719 1583//2719 1590//2719
f  1590//2720 1583//2720 1584//2720
f  1590//2721 1584//2721 1591//2721
f  1592//2722 1577//2722 1593//2722
f  1593//2723 1577//2723 1578//2723
f  1593//2724 1578//2724 1594//2724
f  1594//2725 1578//2725 1579//2725
f  1594//2726 1579//2726 1595//2726
f  1595//2727 1579//2727 1580//2727
f  1595//2728 1580//2728 1596//2728
f  1596//2729 1580//2729 857//2729
f  1596//2730 857//2730 1597//2730
f  1597//2731 857//2731 1573//2731
f  1597//2732 1573//2732 1598//2732
f  1598//2733 1573//2733 1572//2733
f  1598//2734 1572//2734 1599//2734
f  1599//2735 1572//2735 1571//2735
f  1599//2736 1571//2736 1600//2736
f  1600//2737 1571//2737 1570//2737
f  1600//2738 1570//2738 1601//2738
f  1601//2739 1570//2739 1569//2739
f  1601//2740 1569//2740 1602//2740
f  1602//2741 1569//2741 1568//2741
f  1602//2742 1568//2742 1603//2742
f  1603//2743 1568//2743 1567//2743
f  1603//2744 1567//2744 1604//2744
f  1604//2745 1567//2745 1566//2745
f  1604//2746 1566//2746 1605//2746
f  1605//2747 1566//2747 1565//2747
f  1605//2748 1565//2748 1606//2748
f  1606//2749 1565//2749 1224//2749
f  1606//2750 1224//2750 1607//2750
f  1607//2751 1224//2751 1226//2751
f  1607//2752 1226//2752 1299//2752
f  1299//2753 1226//2753 1225//2753
f  1299//2754 1225//2754 1297//2754
f  1608//2755 1609//2755 1610//2755
f  1610//2756 1609//2756 1611//2756
f  1610//2757 1611//2757 1612//2757
f  1612//2758 1611//2758 1613//2758
f  1612//2759 1613//2759 1614//2759
f  1614//2760 1613//2760 1615//2760
f  1614//2761 1615//2761 1616//2761
f  1616//2762 1615//2762 1617//2762
f  1616//2763 1617//2763 1618//2763
f  1618//2764 1617//2764 1619//2764
f  1618//2765 1619//2765 1620//2765
f  1620//2766 1619//2766 1621//2766
f  1622//2767 1623//2767 1624//2767
f  1624//2768 1623//2768 1591//2768
f  1624//2769 1591//2769 1625//2769
f  1625//2770 1591//2770 1584//2770
f  1625//2771 1584//2771 1626//2771
f  1626//2772 1584//2772 1585//2772
f  1626//2773 1585//2773 1627//2773
f  1627//2774 1585//2774 1586//2774
f  1627//2775 1586//2775 1628//2775
f  1628//2776 1586//2776 1587//2776
f  1628//2777 1587//2777 1629//2777
f  1629//2778 1587//2778 1456//2778
f  194//2779 790//2779 1630//2779
f  1630//2780 790//2780 853//2780
f  1630//2781 853//2781 1631//2781
f  1631//2782 853//2782 1588//2782
f  1631//2783 1588//2783 1632//2783
f  1632//2784 1588//2784 1589//2784
f  1632//2785 1589//2785 1633//2785
f  1633//2786 1589//2786 1590//2786
f  1633//2787 1590//2787 1634//2787
f  1634//2788 1590//2788 1591//2788
f  1634//2789 1591//2789 1635//2789
f  1635//2790 1591//2790 1623//2790
f  1629//2791 1608//2791 1628//2791
f  1628//2792 1608//2792 1610//2792
f  1628//2793 1610//2793 1627//2793
f  1627//2794 1610//2794 1612//2794
f  1627//2795 1612//2795 1626//2795
f  1626//2796 1612//2796 1614//2796
f  1626//2797 1614//2797 1625//2797
f  1625//2798 1614//2798 1616//2798
f  1625//2799 1616//2799 1624//2799
f  1624//2800 1616//2800 1618//2800
f  1624//2801 1618//2801 1622//2801
f  1622//2802 1618//2802 1620//2802
f  1296//2803 1621//2803 1592//2803
f  1592//2804 1621//2804 1619//2804
f  1592//2805 1619//2805 1577//2805
f  1577//2806 1619//2806 1617//2806
f  1577//2807 1617//2807 1576//2807
f  1576//2808 1617//2808 1615//2808
f  1576//2809 1615//2809 1575//2809
f  1575//2810 1615//2810 1613//2810
f  1575//2811 1613//2811 855//2811
f  855//2812 1613//2812 1611//2812
f  855//2813 1611//2813 856//2813
f  856//2814 1611//2814 1609//2814
f  856//2815 1609//2815 1484//2815
f  1484//2816 1609//2816 1608//2816
f  1484//2817 1608//2817 1451//2817
f  1451//2818 1608//2818 1629//2818
f  1451//2819 1629//2819 1449//2819
f  1449//2820 1629//2820 1456//2820
f  1449//2821 1456//2821 1450//2821
f  1450//2822 1456//2822 1458//2822
f  1450//2823 1458//2823 1448//2823
f  1448//2824 1458//2824 1460//2824
f  1448//2825 1460//2825 1446//2825
f  1446//2826 1460//2826 1462//2826
f  1446//2827 1462//2827 873//2827
f  873//2828 1462//2828 1464//2828
f  873//2829 1464//2829 871//2829
f  871//2830 1464//2830 1466//2830
f  871//2831 1466//2831 1482//2831
f  1482//2832 1466//2832 1468//2832
f  1482//2833 1468//2833 1475//2833
f  1475//2834 1468//2834 1472//2834
f  1475//2835 1472//2835 1473//2835
f  1473//2836 1472//2836 1478//2836
f  1473//2837 1478//2837 1480//2837
f  1296//2838 1592//2838 1287//2838
f  1287//2839 1592//2839 1593//2839
f  1287//2840 1593//2840 1280//2840
f  1280//2841 1593//2841 1594//2841
f  1280//2842 1594//2842 1279//2842
f  1279//2843 1594//2843 1595//2843
f  1279//2844 1595//2844 1200//2844
f  1200//2845 1595//2845 1596//2845
f  1200//2846 1596//2846 1201//2846
f  1201//2847 1596//2847 1597//2847
f  1201//2848 1597//2848 1187//2848
f  1187//2849 1597//2849 1598//2849
f  1187//2850 1598//2850 1188//2850
f  1188//2851 1598//2851 1599//2851
f  1188//2852 1599//2852 1232//2852
f  1232//2853 1599//2853 1600//2853
f  1232//2854 1600//2854 1233//2854
f  1233//2855 1600//2855 1601//2855
f  1233//2856 1601//2856 901//2856
f  901//2857 1601//2857 1602//2857
f  901//2858 1602//2858 899//2858
f  899//2859 1602//2859 1603//2859
f  899//2860 1603//2860 1214//2860
f  1214//2861 1603//2861 1604//2861
f  1214//2862 1604//2862 1218//2862
f  1218//2863 1604//2863 1605//2863
f  1218//2864 1605//2864 1231//2864
f  1231//2865 1605//2865 1606//2865
f  1231//2866 1606//2866 1259//2866
f  1259//2867 1606//2867 1607//2867
f  1259//2868 1607//2868 1310//2868
f  1310//2869 1607//2869 1299//2869
f  1310//2870 1299//2870 1317//2870
f  1317//2871 1299//2871 1301//2871
f  1317//2872 1301//2872 1318//2872
f  579//2873 574//2873 1354//2873
f  1354//2874 574//2874 1398//2874
f  1354//2875 1398//2875 888//2875
f  888//2876 1398//2876 615//2876
f  888//2877 615//2877 889//2877
f  889//2878 615//2878 614//2878
f  889//2879 614//2879 852//2879
f  565//2880 564//2880 1343//2880
f  1343//2881 564//2881 892//2881
f  1343//2882 892//2882 1342//2882
f  1342//2883 892//2883 894//2883
f  1342//2884 894//2884 1341//2884
f  1341//2885 894//2885 1367//2885
f  1341//2886 1367//2886 1340//2886
f  1340//2887 1367//2887 1366//2887
f  1340//2888 1366//2888 1375//2888
f  1375//2889 1366//2889 1365//2889
f  1375//2890 1365//2890 1377//2890
f  1377//2891 1365//2891 1364//2891
f  1377//2892 1364//2892 1379//2892
f  1379//2893 1364//2893 1363//2893
f  1379//2894 1363//2894 1381//2894
f  1381//2895 1363//2895 1362//2895
f  1381//2896 1362//2896 1383//2896
f  1383//2897 1362//2897 887//2897
f  1383//2898 887//2898 1385//2898
f  1385//2899 887//2899 889//2899
f  1385//2900 889//2900 1164//2900
f  1164//2901 889//2901 852//2901
f  1164//2902 852//2902 316//2902
f  195//2903 194//2903 1063//2903
f  1063//2904 194//2904 1630//2904
f  1063//2905 1630//2905 1079//2905
f  1079//2906 1630//2906 1631//2906
f  1079//2907 1631//2907 1078//2907
f  1078//2908 1631//2908 1632//2908
f  1078//2909 1632//2909 1077//2909
f  1077//2910 1632//2910 1633//2910
f  1077//2911 1633//2911 1076//2911
f  1076//2912 1633//2912 1634//2912
f  1076//2913 1634//2913 1074//2913
f  1074//2914 1634//2914 1635//2914
f  1074//2915 1635//2915 1140//2915
f  1140//2916 1635//2916 1623//2916
f  1140//2917 1623//2917 1139//2917
f  1139//2918 1623//2918 1622//2918
f  1139//2919 1622//2919 1137//2919
f  1137//2920 1622//2920 1620//2920
f  1137//2921 1620//2921 1135//2921
f  1135//2922 1620//2922 1621//2922
f  1135//2923 1621//2923 1133//2923
f  1133//2924 1621//2924 1296//2924
f  1133//2925 1296//2925 1131//2925
f  1131//2926 1296//2926 1295//2926
f  1131//2927 1295//2927 1129//2927
f  1129//2928 1295//2928 1294//2928
f  1129//2929 1294//2929 1127//2929
f  1127//2930 1294//2930 1293//2930
f  1127//2931 1293//2931 1125//2931
f  1125//2932 1293//2932 1292//2932
f  1125//2933 1292//2933 1123//2933
f  1123//2934 1292//2934 1291//2934
f  1123//2935 1291//2935 1121//2935
f  1121//2936 1291//2936 1290//2936
f  1121//2937 1290//2937 1402//2937
f  1402//2938 1290//2938 1289//2938
f  1402//2939 1289//2939 1401//2939
f  1401//2940 1289//2940 1288//2940
f  1401//2941 1288//2941 1400//2941
f  1400//2942 1288//2942 1267//2942
f  1400//2943 1267//2943 1399//2943
f  1399//2944 1267//2944 1264//2944
f  1399//2945 1264//2945 1387//2945
f  1387//2946 1264//2946 1325//2946
f  1387//2947 1325//2947 886//2947
f  886//2948 1325//2948 1392//2948
f  886//2949 1392//2949 884//2949
f  884//2950 1392//2950 1394//2950
f  884//2951 1394//2951 1155//2951
f  1155//2952 1394//2952 1161//2952
f  1155//2953 1161//2953 1156//2953
f  1156//2954 1161//2954 1163//2954
f  1156//2955 1163//2955 1157//2955
f  1157//2956 1163//2956 1185//2956
f  1157//2957 1185//2957 1158//2957
f  1158//2958 1185//2958 1186//2958
f  1158//2959 1186//2959 1159//2959
f  1159//2960 1186//2960 1184//2960
f  1159//2961 1184//2961 1160//2961
f  1160//2962 1184//2962 1166//2962
f  1160//2963 1166//2963 1391//2963
f  1391//2964 1166//2964 1168//2964
f  1391//2965 1168//2965 1146//2965
f  1146//2966 1168//2966 1170//2966
f  1146//2967 1170//2967 1147//2967
f  1147//2968 1170//2968 1172//2968
f  1147//2969 1172//2969 1148//2969
f  1148//2970 1172//2970 1174//2970
f  1148//2971 1174//2971 910//2971
f  910//2972 1174//2972 1176//2972
f  910//2973 1176//2973 908//2973
f  908//2974 1176//2974 1178//2974
f  908//2975 1178//2975 1142//2975
f  1142//2976 1178//2976 1180//2976
f  1142//2977 1180//2977 1143//2977
f  1143//2978 1180//2978 1182//2978
f  1143//2979 1182//2979 1144//2979
f  1144//2980 1182//2980 1183//2980
f  1144//2981 1183//2981 1145//2981
f  1145//2982 1183//2982 992//2982
f  1145//2983 992//2983 989//2983
f  989//2984 992//2984 994//2984
f  989//2985 994//2985 990//2985
f  1636//2986 1637//2986 1638//2986
f  1639//2986 1640//2986 1641//2986
f  1642//2986 1643//2986 1644//2986
f  1645//2986 1646//2986 1647//2986
f  1639//2986 1648//2986 1640//2986
f  1640//2986 1648//2986 1649//2986
f  1640//2986 1649//2986 1644//2986
f  1644//2986 1649//2986 1650//2986
f  1644//2986 1650//2986 1642//2986
f  1647//2986 1651//2986 1645//2986
f  1645//2986 1651//2986 1652//2986
f  1645//2986 1652//2986 1653//2986
f  1654//2986 1655//2986 1656//2986
f  1654//2986 1657//2986 1655//2986
f  1655//2986 1657//2986 1658//2986
f  1655//2986 1658//2986 1659//2986
f  1660//2986 1661//2986 1662//2986
f  1662//2986 1663//2986 1660//2986
f  1660//2986 1663//2986 1664//2986
f  1660//2986 1664//2986 1646//2986
f  1646//2986 1664//2986 1665//2986
f  1646//2986 1665//2986 1647//2986
f  1666//2986 1667//2986 1668//2986
f  1642//2986 1669//2986 1643//2986
f  1643//2986 1669//2986 1670//2986
f  1643//2986 1670//2986 1638//2986
f  1638//2986 1670//2986 1671//2986
f  1638//2986 1671//2986 1636//2986
f  1636//2986 1672//2986 1637//2986
f  1637//2986 1672//2986 1673//2986
f  1637//2986 1673//2986 1674//2986
f  1674//2986 1673//2986 1675//2986
f  1674//2986 1675//2986 1676//2986
f  1677//2986 1678//2986 1661//2986
f  1661//2986 1678//2986 1679//2986
f  1661//2986 1679//2986 1662//2986
f  1652//2986 1680//2986 1653//2986
f  1653//2986 1680//2986 1681//2986
f  1653//2986 1681//2986 1682//2986
f  1666//2986 1683//2986 1667//2986
f  1667//2986 1683//2986 1684//2986
f  1667//2986 1684//2986 1656//2986
f  1656//2986 1684//2986 1685//2986
f  1656//2986 1685//2986 1654//2986
f  1686//2986 1687//2986 1688//2986
f  1681//2986 1689//2986 1682//2986
f  1682//2986 1689//2986 1690//2986
f  1682//2986 1690//2986 1668//2986
f  1668//2986 1690//2986 1691//2986
f  1668//2986 1691//2986 1666//2986
f  1658//2986 1692//2986 1659//2986
f  1659//2986 1692//2986 1693//2986
f  1659//2986 1693//2986 1694//2986
f  1694//2986 1693//2986 1695//2986
f  1694//2986 1695//2986 1687//2986
f  1687//2986 1695//2986 1696//2986
f  1687//2986 1696//2986 1688//2986
f  1697//2986 1698//2986 1699//2986
f  1675//2986 1700//2986 1676//2986
f  1676//2986 1700//2986 1701//2986
f  1676//2986 1701//2986 1702//2986
f  1688//2986 1703//2986 1686//2986
f  1686//2986 1703//2986 1704//2986
f  1686//2986 1704//2986 1698//2986
f  1698//2986 1704//2986 1705//2986
f  1698//2986 1705//2986 1699//2986
f  1701//2986 1706//2986 1702//2986
f  1702//2986 1706//2986 1707//2986
f  1702//2986 1707//2986 1677//2986
f  1677//2986 1707//2986 1708//2986
f  1677//2986 1708//2986 1678//2986
f  1699//2986 1709//2986 1697//2986
f  1697//2986 1709//2986 1710//2986
f  1697//2986 1710//2986 1711//2986
f  1712//2986 1713//2986 1714//2986
f  1710//2986 1715//2986 1711//2986
f  1711//2986 1715//2986 1716//2986
f  1711//2986 1716//2986 1713//2986
f  1713//2986 1716//2986 1717//2986
f  1713//2986 1717//2986 1714//2986
f  1718//2986 1719//2986 1641//2986
f  1641//2986 1719//2986 1720//2986
f  1641//2986 1720//2986 1639//2986
f  1714//2986 1721//2986 1712//2986
f  1712//2986 1721//2986 1722//2986
f  1712//2986 1722//2986 1718//2986
f  1718//2986 1722//2986 1723//2986
f  1718//2986 1723//2986 1719//2986
f  1724//2987 1725//2987 1726//2987
f  1726//2988 1725//2988 1727//2988
f  1726//2989 1727//2989 1728//2989
f  1728//2990 1727//2990 1729//2990
f  1728//2991 1729//2991 1730//2991
f  1730//2992 1729//2992 1731//2992
f  1730//2993 1731//2993 1732//2993
f  1732//2994 1731//2994 1733//2994
f  1732//2995 1733//2995 1734//2995
f  1734//2996 1733//2996 1735//2996
f  1734//2997 1735//2997 1736//2997
f  1736//2998 1735//2998 1737//2998
f  1736//2999 1737//2999 1738//2999
f  1738//3000 1737//3000 1739//3000
f  1738//3001 1739//3001 1740//3001
f  1740//3002 1739//3002 1741//3002
f  1740//3003 1741//3003 1742//3003
f  1742//3004 1741//3004 1743//3004
f  1742//3005 1743//3005 1744//3005
f  1744//3006 1743//3006 1745//3006
f  1744//3007 1745//3007 1746//3007
f  1746//3008 1745//3008 1747//3008
f  1746//3009 1747//3009 1748//3009
f  1748//3010 1747//3010 1749//3010
f  1748//3011 1749//3011 1750//3011
f  1750//3012 1749//3012 1751//3012
f  1750//2986 1751//2986 1752//2986
f  1752//3013 1751//3013 1753//3013
f  1752//3014 1753//3014 1754//3014
f  1754//3015 1753//3015 1755//3015
f  1754//3016 1755//3016 1756//3016
f  1756//3017 1755//3017 1757//3017
f  1756//3018 1757//3018 1758//3018
f  1758//3019 1757//3019 1759//3019
f  1758//3020 1759//3020 1760//3020
f  1760//3021 1759//3021 1761//3021
f  1760//3022 1761//3022 1762//3022
f  1762//3023 1761//3023 1763//3023
f  1762//3024 1763//3024 1764//3024
f  1764//3025 1763//3025 1765//3025
f  1764//3026 1765//3026 1766//3026
f  1766//3027 1765//3027 1767//3027
f  1766//3028 1767//3028 1768//3028
f  1768//3029 1767//3029 1769//3029
f  1768//3030 1769//3030 1770//3030
f  1770//3031 1769//3031 1771//3031
f  1770//3032 1771//3032 1772//3032
f  1772//3033 1771//3033 1773//3033
f  1772//3034 1773//3034 1774//3034
f  1774//3035 1773//3035 1775//3035
f  1774//3036 1775//3036 1776//3036
f  1776//3037 1775//3037 1777//3037
f  1776//3038 1777//3038 1778//3038
f  1778//3039 1777//3039 1779//3039
f  1778//3040 1779//3040 1780//3040
f  1780//3041 1779//3041 1724//3041
f  1780//3042 1724//3042 1726//3042
f  1209//3043 1208//3043 1781//3043
f  506//3044 508//3044 1782//3044
f  374//3045 380//3045 1783//3045
f  14//3046 13//3046 1784//3046
f  1405//3047 1404//3047 1785//3047
f  1480//3048 1478//3048 1786//3048
f  1787//3049 860//3049 859//3049
f  1787//3050 859//3050 1788//3050
f  1788//3051 859//3051 1498//3051
f  1788//3052 1498//3052 1497//3052
f  1497//3053 1495//3053 1788//3053
f  1788//3054 1495//3054 1494//3054
f  1788//3055 1494//3055 1789//3055
f  1789//3056 1494//3056 1493//3056
f  1789//3057 1493//3057 1492//3057
f  1492//3058 1481//3058 1789//3058
f  1789//3059 1481//3059 865//3059
f  1789//3060 865//3060 1786//3060
f  1786//3061 865//3061 864//3061
f  1786//3062 864//3062 1480//3062
f  1478//3063 1477//3063 1786//3063
f  1786//3064 1477//3064 1476//3064
f  1786//3065 1476//3065 1790//3065
f  1790//3066 1476//3066 1445//3066
f  1445//3067 1437//3067 1790//3067
f  1790//3068 1437//3068 876//3068
f  1790//3069 876//3069 1791//3069
f  1791//3070 876//3070 875//3070
f  1791//3071 875//3071 1426//3071
f  1426//3072 1425//3072 1791//3072
f  1791//3073 1425//3073 1424//3073
f  1791//3074 1424//3074 1792//3074
f  1792//3075 1424//3075 1423//3075
f  1792//3076 1423//3076 1414//3076
f  1414//3077 1413//3077 1792//3077
f  1792//3078 1413//3078 1408//3078
f  1792//3079 1408//3079 1785//3079
f  1785//3080 1408//3080 1407//3080
f  1785//3081 1407//3081 1405//3081
f  1404//3082 1403//3082 1785//3082
f  1785//3083 1403//3083 616//3083
f  1785//3084 616//3084 1793//3084
f  1793//3085 616//3085 617//3085
f  1793//3086 617//3086 618//3086
f  618//3087 619//3087 1793//3087
f  1793//3088 619//3088 627//3088
f  1793//3089 627//3089 1794//3089
f  1794//3090 627//3090 632//3090
f  1794//3091 632//3091 631//3091
f  631//3092 630//3092 1794//3092
f  1794//3093 630//3093 629//3093
f  1794//3094 629//3094 1795//3094
f  1795//3095 629//3095 648//3095
f  1795//3096 648//3096 646//3096
f  646//3097 645//3097 1795//3097
f  1795//3098 645//3098 28//3098
f  1795//3099 28//3099 1796//3099
f  1796//3100 28//3100 26//3100
f  1796//3101 26//3101 25//3101
f  25//3102 656//3102 1796//3102
f  1796//3103 656//3103 655//3103
f  1796//3104 655//3104 1797//3104
f  1797//3105 655//3105 20//3105
f  20//3106 19//3106 1797//3106
f  1797//3107 19//3107 17//3107
f  1797//3108 17//3108 1784//3108
f  1784//3109 17//3109 16//3109
f  1784//3110 16//3110 14//3110
f  13//3111 11//3111 1784//3111
f  1784//3112 11//3112 10//3112
f  1784//3113 10//3113 1798//3113
f  1798//3114 10//3114 8//3114
f  1798//3115 8//3115 7//3115
f  7//3116 5//3116 1798//3116
f  1798//3117 5//3117 4//3117
f  1798//3118 4//3118 1799//3118
f  1799//3119 4//3119 710//3119
f  710//3120 321//3120 1799//3120
f  1799//3121 321//3121 60//3121
f  1799//3122 60//3122 1800//3122
f  1800//3123 60//3123 59//3123
f  1800//3124 59//3124 57//3124
f  57//3125 56//3125 1800//3125
f  1800//3126 56//3126 54//3126
f  1800//3127 54//3127 1801//3127
f  1801//3128 54//3128 53//3128
f  1801//3129 53//3129 51//3129
f  51//3130 50//3130 1801//3130
f  1801//3131 50//3131 596//3131
f  1801//3132 596//3132 1783//3132
f  1783//3133 596//3133 375//3133
f  1783//3134 375//3134 374//3134
f  380//3135 381//3135 1783//3135
f  1783//3136 381//3136 388//3136
f  1783//3137 388//3137 1802//3137
f  1802//3138 388//3138 390//3138
f  390//3139 473//3139 1802//3139
f  1802//3140 473//3140 475//3140
f  1802//3141 475//3141 1803//3141
f  1803//3142 475//3142 477//3142
f  1803//3143 477//3143 480//3143
f  480//3144 482//3144 1803//3144
f  1803//3145 482//3145 483//3145
f  1803//3146 483//3146 1804//3146
f  1804//3147 483//3147 485//3147
f  1804//3148 485//3148 497//3148
f  497//3149 499//3149 1804//3149
f  1804//3150 499//3150 500//3150
f  1804//3151 500//3151 1782//3151
f  1782//3152 500//3152 502//3152
f  1782//3153 502//3153 506//3153
f  508//3154 548//3154 1782//3154
f  1782//3155 548//3155 550//3155
f  1782//3156 550//3156 1805//3156
f  1805//3157 550//3157 891//3157
f  1805//3158 891//3158 895//3158
f  895//3159 1347//3159 1805//3159
f  1805//3160 1347//3160 1330//3160
f  1805//3161 1330//3161 1806//3161
f  1806//3162 1330//3162 1329//3162
f  1806//3163 1329//3163 1327//3163
f  1327//3164 1326//3164 1806//3164
f  1806//3165 1326//3165 1331//3165
f  1806//3166 1331//3166 1807//3166
f  1807//3167 1331//3167 1321//3167
f  1807//3168 1321//3168 1320//3168
f  1320//3169 1318//3169 1807//3169
f  1807//3170 1318//3170 1301//3170
f  1807//3171 1301//3171 1808//3171
f  1808//3172 1301//3172 1300//3172
f  1808//3173 1300//3173 1298//3173
f  1298//3174 1297//3174 1808//3174
f  1808//3175 1297//3175 1225//3175
f  1808//3176 1225//3176 1809//3176
f  1809//3177 1225//3177 1223//3177
f  1809//3178 1223//3178 1222//3178
f  1222//3179 1221//3179 1809//3179
f  1809//3180 1221//3180 1219//3180
f  1809//3181 1219//3181 1781//3181
f  1781//3182 1219//3182 1211//3182
f  1781//3183 1211//3183 1209//3183
f  1208//3184 1206//3184 1781//3184
f  1781//3185 1206//3185 1194//3185
f  1781//3186 1194//3186 1810//3186
f  1810//3187 1194//3187 1193//3187
f  1810//3188 1193//3188 1191//3188
f  1191//3189 1190//3189 1810//3189
f  1810//3190 1190//3190 1528//3190
f  1810//3191 1528//3191 1787//3191
f  1787//3192 1528//3192 1515//3192
f  1787//3193 1515//3193 860//3193
f  1811//3194 1812//3194 1813//3194
f  1813//3194 1812//3194 1814//3194
f  1813//3194 1814//3194 1815//3194
f  1815//3194 1814//3194 1816//3194
f  1815//3194 1816//3194 1817//3194
f  1817//3194 1816//3194 1818//3194
f  1817//3194 1818//3194 1819//3194
f  1819//3194 1818//3194 1820//3194
f  1819//3194 1820//3194 1821//3194
f  1821//3194 1820//3194 1822//3194
f  1821//3194 1822//3194 1823//3194
f  1823//3194 1822//3194 1824//3194
f  1823//3194 1824//3194 1825//3194
f  1825//3194 1824//3194 1826//3194
f  1825//3194 1826//3194 1827//3194
f  1827//3194 1826//3194 1828//3194
f  1827//3194 1828//3194 1829//3194
f  1829//3194 1828//3194 1830//3194
f  1829//3194 1830//3194 1831//3194
f  1831//3194 1830//3194 1832//3194
f  1831//3194 1832//3194 1833//3194
f  1833//3194 1832//3194 1834//3194
f  1833//3194 1834//3194 1835//3194
f  1835//3194 1834//3194 1836//3194
f  1835//3194 1836//3194 1837//3194
f  1837//3194 1836//3194 1838//3194
f  1837//3194 1838//3194 1839//3194
f  1839//3194 1838//3194 1840//3194
f  1839//3194 1840//3194 1841//3194
f  1841//3194 1840//3194 1842//3194
f  1841//3194 1842//3194 1843//3194
f  1843//3194 1842//3194 1844//3194
f  1843//3194 1844//3194 1845//3194
f  1845//3194 1844//3194 1846//3194
f  1845//3194 1846//3194 1847//3194
f  1847//3194 1846//3194 1848//3194
f  1847//3194 1848//3194 1849//3194
f  1849//3194 1848//3194 1850//3194
f  1849//3194 1850//3194 1851//3194
f  1851//3194 1850//3194 1852//3194
f  1851//3194 1852//3194 1853//3194
f  1853//3194 1852//3194 1854//3194
f  1853//3194 1854//3194 1855//3194
f  1855//3194 1854//3194 1856//3194
f  1855//3194 1856//3194 1857//3194
f  1857//3194 1856//3194 1858//3194
f  1857//3194 1858//3194 1859//3194
f  1859//3194 1858//3194 1860//3194
f  1859//3194 1860//3194 1861//3194
f  1861//3194 1860//3194 1862//3194
f  1861//3194 1862//3194 1863//3194
f  1863//3194 1862//3194 1864//3194
f  1863//3194 1864//3194 1865//3194
f  1865//3194 1864//3194 1866//3194
f  1865//3194 1866//3194 1867//3194
f  1867//3194 1866//3194 1811//3194
f  1867//3194 1811//3194 1813//3194
f  1868//3195 1869//3195 1870//3195
f  1871//3196 1872//3196 1873//3196
f  1873//3197 1872//3197 1874//3197
f  1875//3198 1876//3198 1877//3198
f  1878//3199 1879//3199 1880//3199
f  1881//3200 1882//3200 1883//3200
f  1884//3201 1885//3201 1886//3201
f  1887//3202 1888//3202 1889//3202
f  1890//3203 1891//3203 1892//3203
f  1893//3204 1894//3204 1895//3204
f  1896//3205 1897//3205 1874//3205
f  1874//3206 1897//3206 1893//3206
f  1898//3207 1899//3207 1900//3207
f  1900//3208 1899//3208 1896//3208
f  1901//3209 1902//3209 1903//3209
f  1903//3210 1902//3210 1904//3210
f  1889//3211 1888//3211 1903//3211
f  1903//3212 1888//3212 1905//3212
f  1903//3213 1905//3213 1901//3213
f  1906//3214 1907//3214 1908//3214
f  1908//3215 1907//3215 1909//3215
f  1908//3216 1909//3216 1889//3216
f  1889//3217 1909//3217 1910//3217
f  1889//3218 1910//3218 1887//3218
f  1911//3219 1912//3219 1913//3219
f  1913//3220 1912//3220 1886//3220
f  1913//3221 1886//3221 1914//3221
f  1914//3222 1886//3222 1885//3222
f  1915//3223 1916//3223 1917//3223
f  1917//3224 1916//3224 1918//3224
f  1917//3225 1918//3225 1919//3225
f  1920//3226 1921//3226 1922//3226
f  1922//3227 1921//3227 1923//3227
f  1924//3228 1925//3228 1926//3228
f  1926//3229 1925//3229 1927//3229
f  1926//3230 1927//3230 1883//3230
f  1883//3231 1927//3231 1928//3231
f  1883//3232 1928//3232 1881//3232
f  1880//3233 1879//3233 1929//3233
f  1929//3234 1879//3234 1930//3234
f  1929//3235 1930//3235 1931//3235
f  1876//3236 1932//3236 1877//3236
f  1877//3237 1932//3237 1933//3237
f  1877//3238 1933//3238 1930//3238
f  1930//3239 1933//3239 1934//3239
f  1930//3240 1934//3240 1931//3240
f  1935//3241 1936//3241 1937//3241
f  1937//3242 1936//3242 1938//3242
f  1939//3243 1940//3243 1941//3243
f  1941//3244 1940//3244 1942//3244
f  1943//3245 1944//3245 1945//3245
f  1945//3246 1944//3246 1946//3246
f  1945//3247 1946//3247 1947//3247
f  1948//3248 1949//3248 1950//3248
f  1950//3249 1949//3249 1951//3249
f  1938//3250 1875//3250 1937//3250
f  1937//3251 1875//3251 1877//3251
f  1937//3252 1877//3252 1952//3252
f  1952//3253 1877//3253 1930//3253
f  1952//3254 1930//3254 1953//3254
f  1953//3255 1930//3255 1879//3255
f  1953//3256 1879//3256 1926//3256
f  1926//3257 1879//3257 1878//3257
f  1926//3258 1878//3258 1924//3258
f  1954//3259 1955//3259 1956//3259
f  1956//3260 1955//3260 1957//3260
f  1956//3261 1957//3261 1941//3261
f  1941//3262 1957//3262 1945//3262
f  1941//3263 1945//3263 1939//3263
f  1939//3264 1945//3264 1947//3264
f  1958//3265 1959//3265 1960//3265
f  1961//3266 1962//3266 1960//3266
f  1942//3267 1935//3267 1941//3267
f  1941//3268 1935//3268 1937//3268
f  1941//3269 1937//3269 1956//3269
f  1956//3270 1937//3270 1952//3270
f  1956//3271 1952//3271 1954//3271
f  1954//3272 1952//3272 1953//3272
f  1954//3273 1953//3273 1963//3273
f  1963//3274 1953//3274 1926//3274
f  1963//3275 1926//3275 1964//3275
f  1964//3276 1926//3276 1883//3276
f  1964//3277 1883//3277 1922//3277
f  1922//3278 1883//3278 1882//3278
f  1922//3279 1882//3279 1920//3279
f  1955//3280 1958//3280 1957//3280
f  1957//3281 1958//3281 1960//3281
f  1957//3282 1960//3282 1945//3282
f  1945//3283 1960//3283 1962//3283
f  1945//3284 1962//3284 1965//3284
f  1949//3285 1966//3285 1951//3285
f  1951//3286 1966//3286 1943//3286
f  1951//3287 1943//3287 1967//3287
f  1967//3288 1943//3288 1945//3288
f  1967//3289 1945//3289 1968//3289
f  1968//3290 1945//3290 1965//3290
f  1969//3291 1970//3291 1971//3291
f  1896//3292 1874//3292 1900//3292
f  1900//3293 1874//3293 1872//3293
f  1900//3294 1872//3294 1969//3294
f  1969//3295 1872//3295 1871//3295
f  1969//3296 1871//3296 1970//3296
f  1972//3297 1973//3297 1868//3297
f  1974//3298 1870//3298 1975//3298
f  1975//3299 1870//3299 1869//3299
f  1975//3300 1869//3300 1976//3300
f  1976//3301 1869//3301 1977//3301
f  1977//3302 1978//3302 1976//3302
f  1976//3303 1978//3303 1979//3303
f  1976//3304 1979//3304 1980//3304
f  1973//3305 1981//3305 1868//3305
f  1868//3306 1981//3306 1982//3306
f  1868//3307 1982//3307 1869//3307
f  1869//3308 1982//3308 1983//3308
f  1869//3309 1983//3309 1977//3309
f  1893//3310 1895//3310 1874//3310
f  1874//3311 1895//3311 1984//3311
f  1874//3312 1984//3312 1873//3312
f  1873//3313 1984//3313 1985//3313
f  1873//3314 1985//3314 1986//3314
f  1919//3315 1884//3315 1917//3315
f  1917//3316 1884//3316 1886//3316
f  1917//3317 1886//3317 1987//3317
f  1987//3318 1886//3318 1912//3318
f  1987//3319 1912//3319 1988//3319
f  1988//3320 1912//3320 1989//3320
f  1988//3321 1989//3321 1971//3321
f  1971//3322 1989//3322 1990//3322
f  1971//3323 1990//3323 1969//3323
f  1969//3324 1990//3324 1892//3324
f  1969//3325 1892//3325 1900//3325
f  1900//3326 1892//3326 1891//3326
f  1900//3327 1891//3327 1898//3327
f  1911//3328 1906//3328 1912//3328
f  1912//3329 1906//3329 1908//3329
f  1912//3330 1908//3330 1989//3330
f  1989//3331 1908//3331 1889//3331
f  1989//3332 1889//3332 1990//3332
f  1990//3333 1889//3333 1903//3333
f  1990//3334 1903//3334 1892//3334
f  1892//3335 1903//3335 1904//3335
f  1892//3336 1904//3336 1890//3336
f  1954//3337 1974//3337 1955//3337
f  1955//3338 1974//3338 1975//3338
f  1955//3339 1975//3339 1958//3339
f  1958//3340 1975//3340 1976//3340
f  1958//3341 1976//3341 1959//3341
f  1959//3342 1976//3342 1980//3342
f  1959//3343 1980//3343 1991//3343
f  1991//3344 1992//3344 1959//3344
f  1959//3345 1992//3345 1993//3345
f  1959//3346 1993//3346 1960//3346
f  1960//3347 1993//3347 1994//3347
f  1960//3348 1994//3348 1961//3348
f  1986//3349 1972//3349 1873//3349
f  1873//3350 1972//3350 1868//3350
f  1873//3351 1868//3351 1871//3351
f  1871//3352 1868//3352 1870//3352
f  1871//3353 1870//3353 1970//3353
f  1970//3354 1870//3354 1974//3354
f  1970//3355 1974//3355 1971//3355
f  1971//3356 1974//3356 1954//3356
f  1971//3357 1954//3357 1988//3357
f  1988//3358 1954//3358 1963//3358
f  1988//3359 1963//3359 1987//3359
f  1987//3360 1963//3360 1964//3360
f  1987//3361 1964//3361 1917//3361
f  1917//3362 1964//3362 1922//3362
f  1917//3363 1922//3363 1915//3363
f  1915//3364 1922//3364 1923//3364
f  1995//3365 1996//3365 1997//3365
f  1998//3366 1999//3366 2000//3366
f  2001//3367 2002//3367 2003//3367
f  2004//3368 1948//3368 1950//3368
f  2005//3369 2006//3369 1951//3369
f  1951//3370 2006//3370 2007//3370
f  1951//3371 2007//3371 1950//3371
f  1950//3372 2007//3372 2008//3372
f  1950//3373 2008//3373 2004//3373
f  2009//3374 2010//3374 2005//3374
f  2005//3375 2010//3375 2011//3375
f  2005//3376 2011//3376 2006//3376
f  2012//3377 2013//3377 2014//3377
f  2012//3378 2014//3378 2002//3378
f  2013//3379 2015//3379 2014//3379
f  2014//3380 2015//3380 2016//3380
f  2014//3381 2016//3381 2017//3381
f  2001//3382 2003//3382 2018//3382
f  2019//3383 2020//3383 2021//3383
f  2021//3384 2020//3384 2022//3384
f  2021//3385 2022//3385 2023//3385
f  2024//3386 2025//3386 2026//3386
f  2026//3387 2025//3387 1995//3387
f  2026//3388 1995//3388 2027//3388
f  2028//3389 2029//3389 2000//3389
f  2000//3390 2029//3390 2030//3390
f  2000//3391 2030//3391 1998//3391
f  2031//3392 2032//3392 1997//3392
f  1997//3393 2032//3393 2033//3393
f  1997//3394 2033//3394 2034//3394
f  2035//3395 2036//3395 2037//3395
f  2038//3396 2039//3396 2040//3396
f  2041//3397 2042//3397 2043//3397
f  2043//3398 2042//3398 2044//3398
f  2043//3399 2044//3399 2038//3399
f  2038//3400 2044//3400 2045//3400
f  2038//3401 2045//3401 2039//3401
f  2046//3402 2047//3402 2048//3402
f  2049//3403 2050//3403 2051//3403
f  2051//3404 2050//3404 2046//3404
f  2051//3405 2046//3405 2052//3405
f  2052//3406 2046//3406 2048//3406
f  2047//3407 2046//3407 2053//3407
f  2053//3408 2046//3408 2054//3408
f  2053//3409 2054//3409 2055//3409
f  2056//3410 2057//3410 2058//3410
f  2058//3411 2057//3411 2059//3411
f  2058//3412 2059//3412 2054//3412
f  2054//3413 2059//3413 2060//3413
f  2054//3414 2060//3414 2055//3414
f  2056//3415 2058//3415 2061//3415
f  2061//3416 2058//3416 2062//3416
f  2061//3417 2062//3417 2063//3417
f  2064//3418 2065//3418 2066//3418
f  2066//3419 2065//3419 2067//3419
f  2066//3420 2067//3420 2062//3420
f  2062//3421 2067//3421 2068//3421
f  2062//3422 2068//3422 2063//3422
f  1894//3423 2069//3423 1895//3423
f  1895//3424 2069//3424 1984//3424
f  2034//3425 2028//3425 1997//3425
f  1997//3426 2028//3426 2000//3426
f  1997//3427 2000//3427 1995//3427
f  1995//3428 2000//3428 1999//3428
f  1995//3429 1999//3429 2027//3429
f  2024//3430 2019//3430 2025//3430
f  2025//3431 2019//3431 2021//3431
f  2025//3432 2021//3432 1995//3432
f  1995//3433 2021//3433 2070//3433
f  1995//3434 2070//3434 1996//3434
f  1996//3435 2070//3435 2071//3435
f  2023//3436 2018//3436 2021//3436
f  2021//3437 2018//3437 2003//3437
f  2021//3438 2003//3438 2070//3438
f  2070//3439 2003//3439 2072//3439
f  2070//3440 2072//3440 2071//3440
f  2071//3441 2072//3441 2073//3441
f  2002//3442 2014//3442 2003//3442
f  2003//3443 2014//3443 2074//3443
f  2003//3444 2074//3444 2072//3444
f  2072//3445 2074//3445 2075//3445
f  2072//3446 2075//3446 2073//3446
f  2076//3447 2077//3447 2078//3447
f  2078//3448 2077//3448 2079//3448
f  2078//3449 2079//3449 2080//3449
f  1961//3450 1994//3450 2079//3450
f  2081//3451 2009//3451 2076//3451
f  2076//3452 2009//3452 2005//3452
f  2076//3453 2005//3453 2077//3453
f  2077//3454 2005//3454 1951//3454
f  2077//3455 1951//3455 1967//3455
f  1967//3456 1968//3456 2077//3456
f  2077//3457 1968//3457 1965//3457
f  2077//3458 1965//3458 2079//3458
f  2079//3459 1965//3459 1962//3459
f  2079//3460 1962//3460 1961//3460
f  2054//3461 2082//3461 2058//3461
f  2058//3462 2082//3462 2083//3462
f  2058//3463 2083//3463 2062//3463
f  2062//3464 2083//3464 2084//3464
f  2062//3465 2084//3465 2066//3465
f  2085//3466 2086//3466 2087//3466
f  2087//3467 2086//3467 2088//3467
f  2089//3468 2090//3468 2091//3468
f  2082//3469 2091//3469 2083//3469
f  2083//3470 2091//3470 2090//3470
f  2083//3471 2090//3471 2084//3471
f  2084//3472 2090//3472 1983//3472
f  2084//3473 1983//3473 1982//3473
f  1979//3474 1978//3474 2089//3474
f  2089//3475 1978//3475 2090//3475
f  2090//3476 1978//3476 1977//3476
f  2090//3477 1977//3477 1983//3477
f  2069//3478 2064//3478 1984//3478
f  1984//3479 2064//3479 2066//3479
f  1984//3480 2066//3480 1985//3480
f  1985//3481 2066//3481 1986//3481
f  1982//3482 1981//3482 2084//3482
f  2084//3483 1981//3483 1973//3483
f  2084//3484 1973//3484 2066//3484
f  2066//3485 1973//3485 1972//3485
f  2066//3486 1972//3486 1986//3486
f  2040//3487 2035//3487 2038//3487
f  2038//3488 2035//3488 2037//3488
f  2038//3489 2037//3489 2043//3489
f  2043//3490 2037//3490 2092//3490
f  2043//3491 2092//3491 2093//3491
f  2093//3492 2092//3492 2094//3492
f  2093//3493 2094//3493 2095//3493
f  2095//3494 2094//3494 2096//3494
f  2095//3495 2096//3495 2085//3495
f  2085//3496 2096//3496 2097//3496
f  2085//3497 2097//3497 2086//3497
f  2088//3498 2089//3498 2087//3498
f  2087//3499 2089//3499 2091//3499
f  2087//3500 2091//3500 2085//3500
f  2085//3501 2091//3501 2082//3501
f  2085//3502 2082//3502 2095//3502
f  2095//3503 2082//3503 2054//3503
f  2095//3504 2054//3504 2093//3504
f  2093//3505 2054//3505 2046//3505
f  2093//3506 2046//3506 2043//3506
f  2043//3507 2046//3507 2050//3507
f  2043//3508 2050//3508 2041//3508
f  2041//3509 2050//3509 2049//3509
f  2097//3510 2080//3510 2086//3510
f  2086//3511 2080//3511 2079//3511
f  2086//3512 2079//3512 2088//3512
f  2088//3513 2079//3513 1994//3513
f  2088//3514 1994//3514 1993//3514
f  1993//3515 1992//3515 2088//3515
f  2088//3516 1992//3516 1991//3516
f  2088//3517 1991//3517 2089//3517
f  2089//3518 1991//3518 1980//3518
f  2089//3519 1980//3519 1979//3519
f  2036//3520 2031//3520 2037//3520
f  2037//3521 2031//3521 1997//3521
f  2037//3522 1997//3522 2092//3522
f  2092//3523 1997//3523 1996//3523
f  2092//3524 1996//3524 2094//3524
f  2094//3525 1996//3525 2071//3525
f  2094//3526 2071//3526 2096//3526
f  2096//3527 2071//3527 2073//3527
f  2096//3528 2073//3528 2097//3528
f  2097//3529 2073//3529 2075//3529
f  2097//3530 2075//3530 2080//3530
f  2080//3531 2075//3531 2074//3531
f  2080//3532 2074//3532 2078//3532
f  2078//3533 2074//3533 2014//3533
f  2078//3534 2014//3534 2076//3534
f  2076//3535 2014//3535 2017//3535
f  2076//3536 2017//3536 2081//3536
f  2098//3537 2099//3537 2100//3537
f  2101//3538 2102//3538 2103//3538
f  2104//3539 2105//3539 2106//3539
f  2107//3540 2108//3540 2109//3540
f  2109//3541 2108//3541 2110//3541
f  2110//3542 2111//3542 2109//3542
f  2109//3543 2111//3543 2112//3543
f  2109//3544 2112//3544 2113//3544
f  2104//3545 2106//3545 2114//3545
f  2105//3546 2115//3546 2106//3546
f  2106//3547 2115//3547 2116//3547
f  2106//3548 2116//3548 2117//3548
f  2117//3549 2118//3549 2106//3549
f  2106//3550 2118//3550 2119//3550
f  2106//3551 2119//3551 2120//3551
f  2120//3552 2119//3552 2121//3552
f  2120//3553 2121//3553 2122//3553
f  2122//3554 2121//3554 2123//3554
f  2124//3555 2125//3555 2126//3555
f  2126//3556 2125//3556 2127//3556
f  2126//3557 2127//3557 2128//3557
f  2128//3558 2129//3558 2126//3558
f  2126//3559 2129//3559 2130//3559
f  2126//3560 2130//3560 2109//3560
f  2109//3561 2130//3561 2131//3561
f  2109//3562 2131//3562 2107//3562
f  2124//3563 2126//3563 2132//3563
f  2132//3564 2126//3564 2133//3564
f  2132//3565 2133//3565 2134//3565
f  2134//3566 2133//3566 2135//3566
f  2134//3567 2135//3567 2136//3567
f  2136//3568 2135//3568 2137//3568
f  2137//3569 2135//3569 2138//3569
f  2137//3570 2138//3570 2139//3570
f  2139//3571 2138//3571 2140//3571
f  2140//3572 2138//3572 2141//3572
f  2140//3573 2141//3573 2142//3573
f  2142//3574 2141//3574 2143//3574
f  2143//3575 2141//3575 2144//3575
f  2143//3576 2144//3576 2145//3576
f  2146//3577 2147//3577 2148//3577
f  2148//3578 2147//3578 2149//3578
f  2149//3579 2150//3579 2148//3579
f  2148//3580 2150//3580 2151//3580
f  2148//3581 2151//3581 2144//3581
f  2144//3582 2151//3582 2152//3582
f  2144//3583 2152//3583 2145//3583
f  2153//3584 2154//3584 2155//3584
f  2156//3585 2157//3585 2158//3585
f  2158//3586 2157//3586 2159//3586
f  2158//3587 2159//3587 2160//3587
f  2160//3588 2159//3588 2161//3588
f  2161//3589 2159//3589 2162//3589
f  2161//3590 2162//3590 2155//3590
f  2155//3591 2162//3591 2163//3591
f  2155//3592 2163//3592 2153//3592
f  2154//3593 2164//3593 2155//3593
f  2155//3594 2164//3594 2165//3594
f  2155//3595 2165//3595 2166//3595
f  2167//3596 2168//3596 2169//3596
f  2169//3597 2168//3597 2170//3597
f  2170//3598 2171//3598 2169//3598
f  2169//3599 2171//3599 2172//3599
f  2169//3600 2172//3600 2173//3600
f  2173//3601 2174//3601 2169//3601
f  2169//3602 2174//3602 2175//3602
f  2169//3603 2175//3603 2148//3603
f  2148//3604 2175//3604 2176//3604
f  2148//3605 2176//3605 2146//3605
f  2177//3606 2178//3606 2179//3606
f  2177//3607 2179//3607 2180//3607
f  2180//3608 2179//3608 2181//3608
f  2180//3609 2181//3609 2182//3609
f  2181//3610 2183//3610 2182//3610
f  2182//3611 2183//3611 2184//3611
f  2182//3612 2184//3612 2185//3612
f  2185//3613 2184//3613 2186//3613
f  2185//3614 2186//3614 2187//3614
f  2187//3615 2186//3615 2188//3615
f  2187//3616 2188//3616 2189//3616
f  2189//3617 2188//3617 2190//3617
f  2189//3618 2190//3618 2156//3618
f  2156//3619 2190//3619 2191//3619
f  2156//3620 2191//3620 2157//3620
f  2192//3621 2193//3621 2169//3621
f  2169//3622 2193//3622 2194//3622
f  2166//3623 2167//3623 2155//3623
f  2155//3624 2167//3624 2169//3624
f  2155//3625 2169//3625 2195//3625
f  2195//3626 2169//3626 2194//3626
f  2196//3627 2197//3627 2192//3627
f  2192//3628 2197//3628 2198//3628
f  2198//3629 2199//3629 2192//3629
f  2192//3630 2199//3630 2200//3630
f  2192//3631 2200//3631 2193//3631
f  2201//3632 2202//3632 2196//3632
f  2196//3633 2202//3633 2203//3633
f  2203//3634 2204//3634 2196//3634
f  2196//3635 2204//3635 2205//3635
f  2196//3636 2205//3636 2197//3636
f  2206//3637 2207//3637 2208//3637
f  2208//3638 2207//3638 2209//3638
f  2208//3639 2209//3639 2201//3639
f  2201//3640 2209//3640 2210//3640
f  2201//3641 2210//3641 2202//3641
f  2211//3642 2212//3642 2213//3642
f  2211//3643 2213//3643 2208//3643
f  2208//3644 2213//3644 2214//3644
f  2208//3645 2214//3645 2206//3645
f  2215//3646 2216//3646 2217//3646
f  2217//3647 2216//3647 2218//3647
f  2217//3648 2218//3648 2211//3648
f  2211//3649 2218//3649 2219//3649
f  2211//3650 2219//3650 2212//3650
f  2215//3651 2217//3651 2220//3651
f  2220//3652 2217//3652 2221//3652
f  2220//3653 2221//3653 2222//3653
f  2223//3654 2224//3654 2225//3654
f  2225//3655 2226//3655 2223//3655
f  2223//3656 2226//3656 2227//3656
f  2223//3657 2227//3657 2221//3657
f  2221//3658 2227//3658 2228//3658
f  2221//3659 2228//3659 2222//3659
f  2229//3660 2230//3660 2223//3660
f  2223//3661 2230//3661 2231//3661
f  2223//3662 2231//3662 2224//3662
f  2232//3663 2233//3663 2234//3663
f  2234//3664 2233//3664 2235//3664
f  2234//3665 2235//3665 2229//3665
f  2229//3666 2235//3666 2236//3666
f  2229//3667 2236//3667 2230//3667
f  2237//3668 2238//3668 2239//3668
f  2239//3669 2238//3669 2240//3669
f  2240//3670 2241//3670 2239//3670
f  2239//3671 2241//3671 2242//3671
f  2239//3672 2242//3672 2234//3672
f  2234//3673 2242//3673 2232//3673
f  2243//3674 2244//3674 2245//3674
f  2245//3675 2244//3675 2246//3675
f  2243//3676 2247//3676 2244//3676
f  2244//3677 2247//3677 2248//3677
f  2244//3678 2248//3678 2239//3678
f  2239//3679 2248//3679 2249//3679
f  2239//3680 2249//3680 2237//3680
f  2103//3681 2102//3681 2246//3681
f  2246//3682 2102//3682 2250//3682
f  2246//3683 2250//3683 2251//3683
f  2251//3684 2252//3684 2246//3684
f  2246//3685 2252//3685 2253//3685
f  2246//3686 2253//3686 2245//3686
f  2254//3687 2255//3687 2256//3687
f  2256//3688 2255//3688 2257//3688
f  2256//3689 2257//3689 2258//3689
f  2254//3690 2259//3690 2255//3690
f  2255//3691 2259//3691 2260//3691
f  2255//3692 2260//3692 2103//3692
f  2103//3693 2260//3693 2261//3693
f  2103//3694 2261//3694 2101//3694
f  2099//3695 2262//3695 2100//3695
f  2100//3696 2262//3696 2263//3696
f  2100//3697 2263//3697 2257//3697
f  2257//3698 2263//3698 2264//3698
f  2257//3699 2264//3699 2258//3699
f  2098//3700 2100//3700 2265//3700
f  2265//3701 2100//3701 2266//3701
f  2265//3702 2266//3702 2267//3702
f  2268//3703 2269//3703 2270//3703
f  2268//3704 2270//3704 2266//3704
f  2266//3705 2270//3705 2271//3705
f  2266//3706 2271//3706 2267//3706
f  2272//3707 2109//3707 2106//3707
f  2106//3708 2109//3708 2113//3708
f  2106//3709 2113//3709 2114//3709
f  2272//3710 2273//3710 2109//3710
f  2109//3711 2273//3711 2274//3711
f  2109//3712 2274//3712 2268//3712
f  2268//3713 2274//3713 2275//3713
f  2268//3714 2275//3714 2269//3714
f  2121//3715 2276//3715 2123//3715
f  2123//3716 2276//3716 2277//3716
f  2123//3717 2277//3717 2278//3717
f  2278//3718 2277//3718 2279//3718
f  2279//3719 2277//3719 2280//3719
f  2279//3720 2280//3720 2281//3720
f  2281//3721 2280//3721 2282//3721
f  2281//3722 2282//3722 2283//3722
f  2282//3723 2284//3723 2283//3723
f  2283//3724 2284//3724 2285//3724
f  2283//3725 2285//3725 2286//3725
f  2285//3726 2287//3726 2286//3726
f  2286//3727 2287//3727 2288//3727
f  2286//3728 2288//3728 2289//3728
f  2289//3729 2288//3729 2290//3729
f  2289//3730 2290//3730 2291//3730
f  2292//3731 2293//3731 2294//3731
f  2295//3732 2296//3732 2297//3732
f  2298//3733 2299//3733 2300//3733
f  2301//3734 2302//3734 2303//3734
f  2304//3735 2305//3735 2306//3735
f  2307//3736 2308//3736 2309//3736
f  2309//3737 2308//3737 2310//3737
f  2311//3738 2312//3738 2308//3738
f  2308//3739 2312//3739 2313//3739
f  2308//3740 2313//3740 2310//3740
f  2314//3741 2315//3741 2316//3741
f  2315//3742 2317//3742 2311//3742
f  2311//3743 2317//3743 2318//3743
f  2311//3744 2318//3744 2312//3744
f  2319//3745 2320//3745 2321//3745
f  2321//3746 2320//3746 2322//3746
f  2321//3747 2322//3747 2323//3747
f  2323//3748 2322//3748 2324//3748
f  2325//3749 2326//3749 2327//3749
f  2327//3750 2326//3750 2328//3750
f  2329//3751 2330//3751 2331//3751
f  2331//3752 2330//3752 2332//3752
f  2333//3753 2334//3753 2335//3753
f  2335//3754 2334//3754 2336//3754
f  2337//3755 2338//3755 2339//3755
f  2339//3756 2338//3756 2340//3756
f  2339//3757 2340//3757 2341//3757
f  2342//3758 2343//3758 2344//3758
f  2344//3759 2343//3759 2345//3759
f  2346//3760 2347//3760 2348//3760
f  2348//3761 2347//3761 2349//3761
f  2348//3762 2349//3762 2345//3762
f  2350//3763 2351//3763 2352//3763
f  2352//3764 2351//3764 2353//3764
f  2352//3765 2353//3765 2306//3765
f  2306//3766 2353//3766 2354//3766
f  2306//3767 2354//3767 2304//3767
f  2355//3768 2356//3768 2357//3768
f  2357//3769 2356//3769 2358//3769
f  2357//3770 2358//3770 2352//3770
f  2352//3771 2358//3771 2359//3771
f  2352//3772 2359//3772 2350//3772
f  2355//3773 2357//3773 2360//3773
f  2360//3774 2357//3774 2361//3774
f  2360//3775 2361//3775 2362//3775
f  2363//3776 2364//3776 2361//3776
f  2361//3777 2364//3777 2365//3777
f  2361//3778 2365//3778 2362//3778
f  2366//3779 2367//3779 2368//3779
f  2369//3780 2370//3780 2371//3780
f  2372//3781 2373//3781 2374//3781
f  2374//3782 2373//3782 2375//3782
f  2374//3783 2375//3783 2369//3783
f  2369//3784 2375//3784 2376//3784
f  2369//3785 2376//3785 2370//3785
f  2377//3786 2378//3786 2379//3786
f  2380//3787 2381//3787 2382//3787
f  2378//3788 2377//3788 2383//3788
f  2383//3789 2377//3789 2384//3789
f  2383//3790 2384//3790 2385//3790
f  2385//3791 2384//3791 2380//3791
f  2385//3792 2380//3792 2386//3792
f  2386//3793 2380//3793 2382//3793
f  2386//3794 2382//3794 2387//3794
f  2301//3795 2388//3795 2389//3795
f  2301//3796 2389//3796 2390//3796
f  2391//3797 2392//3797 2393//3797
f  2393//3798 2388//3798 2391//3798
f  2391//3799 2388//3799 2301//3799
f  2391//3800 2301//3800 2394//3800
f  2394//3801 2301//3801 2303//3801
f  2394//3802 2303//3802 2395//3802
f  2396//3803 2392//3803 2397//3803
f  2397//3804 2392//3804 2391//3804
f  2397//3805 2391//3805 2398//3805
f  2398//3806 2391//3806 2394//3806
f  2398//3807 2394//3807 2399//3807
f  2399//3808 2394//3808 2395//3808
f  2399//3809 2395//3809 2400//3809
f  2401//3810 2402//3810 2403//3810
f  2403//3811 2402//3811 2404//3811
f  2403//3812 2404//3812 2405//3812
f  2405//3813 2404//3813 2331//3813
f  2405//3814 2331//3814 2327//3814
f  2327//3815 2331//3815 2332//3815
f  2327//3816 2332//3816 2325//3816
f  2402//3817 2406//3817 2404//3817
f  2404//3818 2406//3818 2335//3818
f  2404//3819 2335//3819 2331//3819
f  2331//3820 2335//3820 2336//3820
f  2331//3821 2336//3821 2329//3821
f  2400//3822 2401//3822 2399//3822
f  2399//3823 2401//3823 2403//3823
f  2399//3824 2403//3824 2398//3824
f  2398//3825 2403//3825 2405//3825
f  2398//3826 2405//3826 2397//3826
f  2397//3827 2405//3827 2327//3827
f  2397//3828 2327//3828 2396//3828
f  2396//3829 2327//3829 2328//3829
f  2396//3830 2328//3830 2407//3830
f  2345//3831 2343//3831 2348//3831
f  2348//3832 2343//3832 2408//3832
f  2348//3833 2408//3833 2346//3833
f  2368//3834 2363//3834 2366//3834
f  2366//3835 2363//3835 2361//3835
f  2366//3836 2361//3836 2409//3836
f  2409//3837 2361//3837 2357//3837
f  2409//3838 2357//3838 2410//3838
f  2410//3839 2357//3839 2352//3839
f  2410//3840 2352//3840 2411//3840
f  2411//3841 2352//3841 2306//3841
f  2411//3842 2306//3842 2408//3842
f  2408//3843 2306//3843 2305//3843
f  2408//3844 2305//3844 2346//3844
f  2412//3845 2413//3845 2414//3845
f  2414//3846 2413//3846 2415//3846
f  2414//3847 2415//3847 2416//3847
f  2416//3848 2415//3848 2417//3848
f  2416//3849 2417//3849 2377//3849
f  2377//3850 2417//3850 2418//3850
f  2377//3851 2418//3851 2384//3851
f  2384//3852 2418//3852 2419//3852
f  2384//3853 2419//3853 2380//3853
f  2367//3854 2366//3854 2420//3854
f  2420//3855 2366//3855 2409//3855
f  2420//3856 2409//3856 2421//3856
f  2421//3857 2409//3857 2410//3857
f  2421//3858 2410//3858 2422//3858
f  2422//3859 2410//3859 2411//3859
f  2422//3860 2411//3860 2423//3860
f  2423//3861 2411//3861 2408//3861
f  2423//3862 2408//3862 2424//3862
f  2424//3863 2408//3863 2343//3863
f  2424//3864 2343//3864 2339//3864
f  2339//3865 2343//3865 2342//3865
f  2339//3866 2342//3866 2337//3866
f  2371//3867 2367//3867 2369//3867
f  2369//3868 2367//3868 2420//3868
f  2369//3869 2420//3869 2425//3869
f  2425//3870 2420//3870 2421//3870
f  2425//3871 2421//3871 2400//3871
f  2400//3872 2421//3872 2422//3872
f  2400//3873 2422//3873 2401//3873
f  2401//3874 2422//3874 2423//3874
f  2401//3875 2423//3875 2402//3875
f  2402//3876 2423//3876 2424//3876
f  2402//3877 2424//3877 2406//3877
f  2406//3878 2424//3878 2339//3878
f  2406//3879 2339//3879 2335//3879
f  2335//3880 2339//3880 2341//3880
f  2335//3881 2341//3881 2333//3881
f  2324//3882 2322//3882 2426//3882
f  2426//3883 2322//3883 2427//3883
f  2426//3884 2427//3884 2428//3884
f  2299//3885 2429//3885 2300//3885
f  2300//3886 2429//3886 2430//3886
f  2300//3887 2430//3887 2427//3887
f  2427//3888 2430//3888 2431//3888
f  2427//3889 2431//3889 2428//3889
f  2432//3890 2433//3890 2434//3890
f  2434//3891 2433//3891 2435//3891
f  2434//3892 2435//3892 2436//3892
f  2436//3893 2435//3893 2437//3893
f  2436//3894 2437//3894 2300//3894
f  2300//3895 2437//3895 2438//3895
f  2300//3896 2438//3896 2298//3896
f  2315//3897 2311//3897 2316//3897
f  2316//3898 2311//3898 2308//3898
f  2316//3899 2308//3899 2439//3899
f  2432//3900 2434//3900 2440//3900
f  2440//3901 2434//3901 2441//3901
f  2440//3902 2441//3902 2442//3902
f  2296//3903 2443//3903 2297//3903
f  2297//3904 2443//3904 2444//3904
f  2297//3905 2444//3905 2441//3905
f  2441//3906 2444//3906 2445//3906
f  2441//3907 2445//3907 2442//3907
f  2390//3908 2446//3908 2301//3908
f  2301//3909 2446//3909 2447//3909
f  2301//3910 2447//3910 2302//3910
f  2302//3911 2447//3911 2448//3911
f  2302//3912 2448//3912 2449//3912
f  2320//3913 2450//3913 2322//3913
f  2322//3914 2450//3914 2451//3914
f  2322//3915 2451//3915 2427//3915
f  2427//3916 2451//3916 2452//3916
f  2427//3917 2452//3917 2300//3917
f  2300//3918 2452//3918 2453//3918
f  2300//3919 2453//3919 2436//3919
f  2436//3920 2453//3920 2454//3920
f  2436//3921 2454//3921 2434//3921
f  2434//3922 2454//3922 2294//3922
f  2434//3923 2294//3923 2441//3923
f  2441//3924 2294//3924 2293//3924
f  2441//3925 2293//3925 2297//3925
f  2450//3926 2314//3926 2451//3926
f  2451//3927 2314//3927 2316//3927
f  2451//3928 2316//3928 2452//3928
f  2452//3929 2316//3929 2439//3929
f  2452//3930 2439//3930 2453//3930
f  2453//3931 2439//3931 2455//3931
f  2453//3932 2455//3932 2454//3932
f  2454//3933 2455//3933 2456//3933
f  2454//3934 2456//3934 2294//3934
f  2294//3935 2456//3935 2457//3935
f  2294//3936 2457//3936 2292//3936
f  2292//3937 2457//3937 2458//3937
f  2412//3938 2458//3938 2413//3938
f  2413//3939 2458//3939 2457//3939
f  2413//3940 2457//3940 2415//3940
f  2415//3941 2457//3941 2456//3941
f  2415//3942 2456//3942 2417//3942
f  2417//3943 2456//3943 2455//3943
f  2417//3944 2455//3944 2418//3944
f  2418//3945 2455//3945 2439//3945
f  2418//3946 2439//3946 2419//3946
f  2419//3947 2439//3947 2308//3947
f  2419//3948 2308//3948 2380//3948
f  2380//3949 2308//3949 2307//3949
f  2380//3950 2307//3950 2381//3950
f  2379//3951 2459//3951 2377//3951
f  2377//3952 2459//3952 2372//3952
f  2377//3953 2372//3953 2416//3953
f  2416//3954 2372//3954 2374//3954
f  2416//3955 2374//3955 2414//3955
f  2414//3956 2374//3956 2369//3956
f  2414//3957 2369//3957 2412//3957
f  2412//3958 2369//3958 2425//3958
f  2412//3959 2425//3959 2458//3959
f  2458//3960 2425//3960 2400//3960
f  2458//3961 2400//3961 2292//3961
f  2292//3962 2400//3962 2395//3962
f  2292//3963 2395//3963 2293//3963
f  2293//3964 2395//3964 2303//3964
f  2293//3965 2303//3965 2297//3965
f  2297//3966 2303//3966 2302//3966
f  2297//3967 2302//3967 2295//3967
f  2295//3968 2302//3968 2449//3968
f  2295//3969 2449//3969 2460//3969
f  2461//3970 2462//3970 2463//3970
f  2435//3971 2433//3971 2462//3971
f  2298//3972 2438//3972 2461//3972
f  2464//3973 2465//3973 2466//3973
f  2447//3974 2446//3974 2467//3974
f  2468//3975 2469//3975 2470//3975
f  2471//3976 2472//3976 2473//3976
f  2474//3977 2475//3977 2476//3977
f  2477//3978 2478//3978 2479//3978
f  2480//3979 2481//3979 2482//3979
f  2483//3980 2484//3980 2485//3980
f  2486//3981 2487//3981 2485//3981
f  2486//3982 2485//3982 2488//3982
f  2487//3983 2489//3983 2485//3983
f  2485//3984 2489//3984 2490//3984
f  2485//3985 2490//3985 2483//3985
f  2491//3986 2492//3986 2493//3986
f  2493//3987 2492//3987 2494//3987
f  2493//3988 2494//3988 2495//3988
f  2491//3989 2493//3989 2496//3989
f  2496//3990 2493//3990 2497//3990
f  2496//3991 2497//3991 2498//3991
f  2498//3992 2497//3992 2499//3992
f  2498//3993 2499//3993 2500//3993
f  2501//3994 2502//3994 2503//3994
f  2503//3995 2502//3995 2504//3995
f  2503//3996 2504//3996 2505//3996
f  2480//3997 2482//3997 2506//3997
f  2506//3998 2507//3998 2508//3998
f  2508//3999 2507//3999 2509//3999
f  2509//4000 2507//4000 2510//4000
f  2510//4001 2507//4001 2511//4001
f  2510//4002 2511//4002 2512//4002
f  2513//4003 2514//4003 2511//4003
f  2511//4004 2514//4004 2515//4004
f  2511//4005 2515//4005 2512//4005
f  2516//4006 2517//4006 2518//4006
f  2516//4007 2518//4007 2519//4007
f  2520//4008 2521//4008 2522//4008
f  2522//4009 2521//4009 2523//4009
f  2522//4010 2523//4010 2524//4010
f  2525//4011 2526//4011 2527//4011
f  2527//4012 2526//4012 2528//4012
f  2527//4013 2528//4013 2529//4013
f  2478//4014 2477//4014 2530//4014
f  2530//4015 2477//4015 2531//4015
f  2530//4016 2531//4016 2532//4016
f  2475//4017 2533//4017 2476//4017
f  2476//4018 2533//4018 2534//4018
f  2476//4019 2534//4019 2531//4019
f  2531//4020 2534//4020 2535//4020
f  2531//4021 2535//4021 2532//4021
f  2474//4022 2476//4022 2536//4022
f  2536//4023 2476//4023 2537//4023
f  2536//4024 2537//4024 2538//4024
f  2539//4025 2540//4025 2541//4025
f  2541//4026 2540//4026 2542//4026
f  2541//4027 2542//4027 2537//4027
f  2537//4028 2542//4028 2543//4028
f  2537//4029 2543//4029 2538//4029
f  2539//4030 2541//4030 2544//4030
f  2544//4031 2541//4031 2545//4031
f  2544//4032 2545//4032 2546//4032
f  2407//4033 2547//4033 2396//4033
f  2396//4034 2547//4034 2546//4034
f  2396//4035 2546//4035 2545//4035
f  2396//4036 2545//4036 2392//4036
f  2548//4037 2549//4037 2550//4037
f  2550//4038 2549//4038 2319//4038
f  2550//4039 2319//4039 2321//4039
f  2468//4040 2551//4040 2469//4040
f  2469//4041 2551//4041 2552//4041
f  2469//4042 2552//4042 2470//4042
f  2447//4043 2467//4043 2448//4043
f  2553//4044 2460//4044 2467//4044
f  2467//4045 2460//4045 2449//4045
f  2467//4046 2449//4046 2448//4046
f  2388//4047 2554//4047 2389//4047
f  2389//4048 2554//4048 2390//4048
f  2388//4049 2393//4049 2555//4049
f  2555//4050 2393//4050 2392//4050
f  2556//4051 2553//4051 2557//4051
f  2557//4052 2553//4052 2467//4052
f  2557//4053 2467//4053 2554//4053
f  2554//4054 2467//4054 2446//4054
f  2554//4055 2446//4055 2390//4055
f  2558//4056 2556//4056 2559//4056
f  2559//4057 2556//4057 2557//4057
f  2559//4058 2557//4058 2560//4058
f  2560//4059 2557//4059 2554//4059
f  2560//4060 2554//4060 2555//4060
f  2555//4061 2554//4061 2388//4061
f  2392//4062 2545//4062 2555//4062
f  2555//4063 2545//4063 2541//4063
f  2555//4064 2541//4064 2560//4064
f  2560//4065 2541//4065 2537//4065
f  2560//4066 2537//4066 2559//4066
f  2559//4067 2537//4067 2476//4067
f  2559//4068 2476//4068 2558//4068
f  2558//4069 2476//4069 2531//4069
f  2558//4070 2531//4070 2561//4070
f  2561//4071 2531//4071 2477//4071
f  2561//4072 2477//4072 2525//4072
f  2525//4073 2477//4073 2479//4073
f  2525//4074 2479//4074 2526//4074
f  2495//4075 2488//4075 2493//4075
f  2493//4076 2488//4076 2485//4076
f  2493//4077 2485//4077 2497//4077
f  2497//4078 2485//4078 2562//4078
f  2497//4079 2562//4079 2499//4079
f  2499//4080 2562//4080 2563//4080
f  2499//4081 2563//4081 2564//4081
f  2565//4082 2465//4082 2566//4082
f  2566//4083 2465//4083 2464//4083
f  2566//4084 2464//4084 2567//4084
f  2481//4085 2501//4085 2482//4085
f  2482//4086 2501//4086 2503//4086
f  2482//4087 2503//4087 2564//4087
f  2564//4088 2503//4088 2505//4088
f  2564//4089 2505//4089 2499//4089
f  2499//4090 2505//4090 2568//4090
f  2499//4091 2568//4091 2500//4091
f  2506//4092 2482//4092 2507//4092
f  2507//4093 2482//4093 2569//4093
f  2507//4094 2569//4094 2511//4094
f  2324//4095 2426//4095 2570//4095
f  2324//4096 2570//4096 2323//4096
f  2428//4097 2431//4097 2571//4097
f  2431//4098 2430//4098 2571//4098
f  2571//4099 2430//4099 2429//4099
f  2571//4100 2429//4100 2299//4100
f  2461//4101 2438//4101 2462//4101
f  2462//4102 2438//4102 2437//4102
f  2462//4103 2437//4103 2435//4103
f  2551//4104 2471//4104 2552//4104
f  2552//4105 2471//4105 2473//4105
f  2552//4106 2473//4106 2572//4106
f  2573//4107 2574//4107 2575//4107
f  2575//4108 2574//4108 2576//4108
f  2575//4109 2576//4109 2577//4109
f  2577//4110 2576//4110 2572//4110
f  2577//4111 2572//4111 2578//4111
f  2578//4112 2572//4112 2473//4112
f  2578//4113 2473//4113 2550//4113
f  2550//4114 2473//4114 2472//4114
f  2550//4115 2472//4115 2548//4115
f  2484//4116 2470//4116 2485//4116
f  2485//4117 2470//4117 2552//4117
f  2485//4118 2552//4118 2562//4118
f  2562//4119 2552//4119 2572//4119
f  2562//4120 2572//4120 2563//4120
f  2563//4121 2572//4121 2576//4121
f  2563//4122 2576//4122 2564//4122
f  2564//4123 2576//4123 2574//4123
f  2564//4124 2574//4124 2482//4124
f  2482//4125 2574//4125 2573//4125
f  2482//4126 2573//4126 2569//4126
f  2432//4127 2440//4127 2579//4127
f  2432//4128 2579//4128 2433//4128
f  2442//4129 2445//4129 2580//4129
f  2445//4130 2444//4130 2580//4130
f  2580//4131 2444//4131 2443//4131
f  2580//4132 2443//4132 2460//4132
f  2460//4133 2443//4133 2296//4133
f  2460//4134 2296//4134 2295//4134
f  2433//4135 2579//4135 2462//4135
f  2462//4136 2579//4136 2581//4136
f  2462//4137 2581//4137 2463//4137
f  2524//4138 2519//4138 2522//4138
f  2522//4139 2519//4139 2518//4139
f  2522//4140 2518//4140 2582//4140
f  2582//4141 2518//4141 2583//4141
f  2582//4142 2583//4142 2584//4142
f  2584//4143 2583//4143 2585//4143
f  2584//4144 2585//4144 2586//4144
f  2586//4145 2585//4145 2587//4145
f  2586//4146 2587//4146 2588//4146
f  2588//4147 2587//4147 2589//4147
f  2588//4148 2589//4148 2590//4148
f  2590//4149 2589//4149 2591//4149
f  2590//4150 2591//4150 2581//4150
f  2581//4151 2591//4151 2592//4151
f  2581//4152 2592//4152 2463//4152
f  2463//4153 2592//4153 2593//4153
f  2463//4154 2593//4154 2461//4154
f  2461//4155 2593//4155 2571//4155
f  2461//4156 2571//4156 2298//4156
f  2298//4157 2571//4157 2299//4157
f  2440//4158 2442//4158 2579//4158
f  2579//4159 2442//4159 2580//4159
f  2579//4160 2580//4160 2581//4160
f  2581//4161 2580//4161 2460//4161
f  2581//4162 2460//4162 2590//4162
f  2590//4163 2460//4163 2553//4163
f  2590//4164 2553//4164 2588//4164
f  2588//4165 2553//4165 2556//4165
f  2588//4166 2556//4166 2586//4166
f  2586//4167 2556//4167 2558//4167
f  2586//4168 2558//4168 2584//4168
f  2584//4169 2558//4169 2561//4169
f  2584//4170 2561//4170 2582//4170
f  2582//4171 2561//4171 2525//4171
f  2582//4172 2525//4172 2522//4172
f  2522//4173 2525//4173 2527//4173
f  2522//4174 2527//4174 2520//4174
f  2520//4175 2527//4175 2529//4175
f  2321//4176 2323//4176 2550//4176
f  2550//4177 2323//4177 2570//4177
f  2550//4178 2570//4178 2578//4178
f  2578//4179 2570//4179 2594//4179
f  2578//4180 2594//4180 2577//4180
f  2577//4181 2594//4181 2595//4181
f  2577//4182 2595//4182 2575//4182
f  2575//4183 2595//4183 2567//4183
f  2575//4184 2567//4184 2573//4184
f  2573//4185 2567//4185 2464//4185
f  2573//4186 2464//4186 2569//4186
f  2569//4187 2464//4187 2466//4187
f  2569//4188 2466//4188 2511//4188
f  2426//4189 2428//4189 2570//4189
f  2570//4190 2428//4190 2571//4190
f  2570//4191 2571//4191 2594//4191
f  2594//4192 2571//4192 2593//4192
f  2594//4193 2593//4193 2595//4193
f  2595//4194 2593//4194 2592//4194
f  2595//4195 2592//4195 2567//4195
f  2567//4196 2592//4196 2591//4196
f  2567//4197 2591//4197 2566//4197
f  2566//4198 2591//4198 2589//4198
f  2566//4199 2589//4199 2565//4199
f  2565//4200 2589//4200 2587//4200
f  2565//4201 2587//4201 2465//4201
f  2465//4202 2587//4202 2585//4202
f  2465//4203 2585//4203 2466//4203
f  2466//4204 2585//4204 2583//4204
f  2466//4205 2583//4205 2511//4205
f  2511//4206 2583//4206 2518//4206
f  2511//4207 2518//4207 2513//4207
f  2513//4208 2518//4208 2517//4208
f  2596//4209 2597//4209 2598//4209
f  2599//4210 2600//4210 2601//4210
f  2602//4211 2603//4211 2604//4211
f  2605//4212 2606//4212 2607//4212
f  2608//4213 2609//4213 2610//4213
f  2610//4214 2609//4214 2611//4214
f  2610//4215 2611//4215 2612//4215
f  2613//4216 2612//4216 2614//4216
f  2614//4217 2612//4217 2611//4217
f  2614//4218 2611//4218 2615//4218
f  2615//4219 2611//4219 2616//4219
f  2617//4220 2618//4220 2619//4220
f  2619//4221 2618//4221 2620//4221
f  2619//4222 2620//4222 2621//4222
f  2621//4223 2622//4223 2619//4223
f  2619//4224 2622//4224 2623//4224
f  2619//4225 2623//4225 2611//4225
f  2611//4226 2623//4226 2624//4226
f  2611//4227 2624//4227 2616//4227
f  2625//4228 2626//4228 2627//4228
f  2626//4229 2628//4229 2627//4229
f  2627//4230 2628//4230 2629//4230
f  2627//4231 2629//4231 2619//4231
f  2619//4232 2629//4232 2630//4232
f  2619//4233 2630//4233 2617//4233
f  2631//4234 2632//4234 2633//4234
f  2633//4235 2632//4235 2634//4235
f  2633//4236 2634//4236 2635//4236
f  2635//4237 2636//4237 2633//4237
f  2633//4238 2636//4238 2637//4238
f  2633//4239 2637//4239 2638//4239
f  2638//4240 2637//4240 2627//4240
f  2627//4241 2637//4241 2639//4241
f  2627//4242 2639//4242 2625//4242
f  2640//4243 2641//4243 2642//4243
f  2642//4244 2641//4244 2643//4244
f  2643//4245 2644//4245 2642//4245
f  2642//4246 2644//4246 2645//4246
f  2642//4247 2645//4247 2633//4247
f  2633//4248 2645//4248 2646//4248
f  2633//4249 2646//4249 2631//4249
f  2647//4250 2648//4250 2649//4250
f  2649//4251 2650//4251 2647//4251
f  2647//4252 2650//4252 2651//4252
f  2647//4253 2651//4253 2642//4253
f  2642//4254 2651//4254 2652//4254
f  2642//4255 2652//4255 2640//4255
f  2653//4256 2654//4256 2655//4256
f  2655//4257 2656//4257 2653//4257
f  2653//4258 2656//4258 2657//4258
f  2653//4259 2657//4259 2658//4259
f  2659//4260 2648//4260 2660//4260
f  2660//4261 2648//4261 2647//4261
f  2660//4262 2647//4262 2661//4262
f  2661//4263 2647//4263 2653//4263
f  2661//4264 2653//4264 2607//4264
f  2607//4265 2653//4265 2658//4265
f  2607//4266 2658//4266 2605//4266
f  2662//4267 2663//4267 2654//4267
f  2654//4268 2663//4268 2664//4268
f  2654//4269 2664//4269 2655//4269
f  2604//4270 2603//4270 2665//4270
f  2665//4271 2603//4271 2666//4271
f  2665//4272 2666//4272 2667//4272
f  2667//4273 2668//4273 2665//4273
f  2665//4274 2668//4274 2669//4274
f  2665//4275 2669//4275 2654//4275
f  2654//4276 2669//4276 2670//4276
f  2654//4277 2670//4277 2662//4277
f  2671//4278 2672//4278 2673//4278
f  2673//4279 2672//4279 2674//4279
f  2673//4280 2674//4280 2604//4280
f  2604//4281 2674//4281 2675//4281
f  2604//4282 2675//4282 2602//4282
f  2676//4283 2677//4283 2678//4283
f  2678//4284 2677//4284 2679//4284
f  2678//4285 2679//4285 2673//4285
f  2673//4286 2679//4286 2680//4286
f  2673//4287 2680//4287 2671//4287
f  2601//4288 2600//4288 2678//4288
f  2678//4289 2600//4289 2681//4289
f  2678//4290 2681//4290 2676//4290
f  2682//4291 2683//4291 2684//4291
f  2684//4292 2683//4292 2685//4292
f  2684//4293 2685//4293 2601//4293
f  2601//4294 2685//4294 2686//4294
f  2601//4295 2686//4295 2599//4295
f  2598//4296 2597//4296 2684//4296
f  2684//4297 2597//4297 2687//4297
f  2684//4298 2687//4298 2682//4298
f  2688//4299 2689//4299 2598//4299
f  2598//4300 2689//4300 2690//4300
f  2598//4301 2690//4301 2596//4301
f  2691//4302 2692//4302 2688//4302
f  2688//4303 2692//4303 2693//4303
f  2693//4304 2694//4304 2688//4304
f  2688//4305 2694//4305 2695//4305
f  2688//4306 2695//4306 2689//4306
f  2696//4307 2697//4307 2698//4307
f  2698//4308 2697//4308 2699//4308
f  2698//4309 2699//4309 2691//4309
f  2691//4310 2699//4310 2692//4310
f  2700//4311 2701//4311 2702//4311
f  2702//4312 2701//4312 2703//4312
f  2702//4313 2703//4313 2698//4313
f  2698//4314 2703//4314 2704//4314
f  2698//4315 2704//4315 2696//4315
f  2705//4316 2706//4316 2702//4316
f  2702//4317 2706//4317 2707//4317
f  2702//4318 2707//4318 2700//4318
f  2705//4319 2702//4319 2708//4319
f  2708//4320 2702//4320 2709//4320
f  2708//4321 2709//4321 2710//4321
f  2710//4322 2709//4322 2711//4322
f  2710//4323 2711//4323 2712//4323
f  2713//4324 2714//4324 2715//4324
f  2715//4325 2714//4325 2716//4325
f  2715//4326 2716//4326 2711//4326
f  2711//4327 2716//4327 2717//4327
f  2711//4328 2717//4328 2712//4328
f  2718//4329 2719//4329 2720//4329
f  2720//4330 2721//4330 2718//4330
f  2718//4331 2721//4331 2722//4331
f  2718//4332 2722//4332 2715//4332
f  2715//4333 2722//4333 2723//4333
f  2715//4334 2723//4334 2713//4334
f  2719//4335 2718//4335 2724//4335
f  2724//4336 2718//4336 2725//4336
f  2724//4337 2725//4337 2726//4337
f  2727//4338 2728//4338 2729//4338
f  2729//4339 2728//4339 2730//4339
f  2729//4340 2730//4340 2725//4340
f  2725//4341 2730//4341 2731//4341
f  2725//4342 2731//4342 2726//4342
f  2732//4343 2733//4343 2734//4343
f  2733//4344 2735//4344 2734//4344
f  2734//4345 2735//4345 2736//4345
f  2734//4346 2736//4346 2729//4346
f  2729//4347 2736//4347 2737//4347
f  2729//4348 2737//4348 2727//4348
f  2738//4349 2609//4349 2739//4349
f  2739//4350 2609//4350 2608//4350
f  2739//4351 2608//4351 2740//4351
f  2738//4352 2741//4352 2609//4352
f  2609//4353 2741//4353 2742//4353
f  2609//4354 2742//4354 2734//4354
f  2734//4355 2742//4355 2743//4355
f  2734//4356 2743//4356 2732//4356
f  2744//4357 2659//4357 2745//4357
f  2745//4358 2659//4358 2660//4358
f  2746//4359 2747//4359 2748//4359
f  2748//4360 2747//4360 2749//4360
f  2744//4361 2750//4361 2659//4361
f  2659//4362 2750//4362 2751//4362
f  2659//4363 2751//4363 2752//4363
f  2752//4364 2751//4364 2747//4364
f  2752//4365 2747//4365 2753//4365
f  2753//4366 2747//4366 2746//4366
f  2747//4367 2754//4367 2749//4367
f  2749//4368 2754//4368 2755//4368
f  2749//4369 2755//4369 2756//4369
f  2756//4370 2755//4370 2757//4370
f  2756//4371 2757//4371 2758//4371
f  2758//4372 2757//4372 2759//4372
f  2760//4373 2761//4373 2762//4373
f  2763//4374 2764//4374 2765//4374
f  2765//4375 2764//4375 2766//4375
f  2765//4376 2766//4376 2767//4376
f  2763//4377 2765//4377 2762//4377
f  2762//4378 2765//4378 2768//4378
f  2762//4379 2768//4379 2760//4379
f  2769//4380 2770//4380 2761//4380
f  2761//4381 2770//4381 2771//4381
f  2761//4382 2771//4382 2762//4382
f  2769//4383 2761//4383 2613//4383
f  2613//4384 2761//4384 2772//4384
f  2613//4385 2772//4385 2773//4385
f  2773//4386 2774//4386 2613//4386
f  2613//4387 2774//4387 2775//4387
f  2613//4388 2775//4388 2612//4388
f  2765//4389 2767//4389 2776//4389
f  2776//4389 2767//4389 2777//4389
f  2778//4390 2779//4390 2780//4390
f  2780//4391 2779//4391 2781//4391
f  2782//4392 2783//4392 2784//4392
f  2784//4393 2783//4393 2785//4393
f  2784//4394 2785//4394 2786//4394
f  2786//4395 2785//4395 2780//4395
f  2786//4396 2780//4396 2787//4396
f  2787//4397 2780//4397 2781//4397
f  2788//4398 2789//4398 2790//4398
f  2782//4399 2784//4399 2790//4399
f  2790//4400 2784//4400 2791//4400
f  2790//4401 2791//4401 2788//4401
f  2789//4402 2792//4402 2790//4402
f  2790//4403 2792//4403 2793//4403
f  2790//4404 2793//4404 2794//4404
f  2794//4405 2793//4405 2795//4405
f  2796//4406 2797//4406 2798//4406
f  2798//4407 2799//4407 2796//4407
f  2796//4408 2799//4408 2800//4408
f  2796//4409 2800//4409 2801//4409
f  2801//4410 2802//4410 2796//4410
f  2796//4411 2802//4411 2803//4411
f  2796//4412 2803//4412 2795//4412
f  2795//4413 2803//4413 2804//4413
f  2795//4414 2804//4414 2794//4414
f  2780//4415 2805//4415 2778//4415
f  2778//4416 2805//4416 2806//4416
f  2778//4417 2806//4417 2807//4417
f  2807//4418 2806//4418 2808//4418
f  2807//4419 2808//4419 2809//4419
f  2809//4420 2808//4420 2777//4420
f  2777//4421 2808//4421 2810//4421
f  2777//4422 2810//4422 2776//4422
f  2811//4423 2812//4423 2813//4423
f  2814//4423 2798//4423 2815//4423
f  2815//4423 2798//4423 2797//4423
f  2816//4423 2817//4423 2818//4423
f  2818//4423 2817//4423 2819//4423
f  2818//4423 2819//4423 2820//4423
f  2813//4423 2821//4423 2811//4423
f  2811//4423 2821//4423 2822//4423
f  2811//4423 2822//4423 2816//4423
f  2816//4423 2822//4423 2823//4423
f  2816//4423 2823//4423 2817//4423
f  2819//4423 2824//4423 2820//4423
f  2820//4423 2824//4423 2825//4423
f  2820//4423 2825//4423 2815//4423
f  2815//4423 2825//4423 2826//4423
f  2815//4423 2826//4423 2814//4423
f  2827//4424 2828//4424 2829//4424
f  2829//4425 2828//4425 2830//4425
f  2830//4426 2828//4426 2831//4426
f  2831//4427 2828//4427 2832//4427
f  2831//4428 2832//4428 2833//4428
f  2834//4429 2835//4429 2836//4429
f  2837//4430 2838//4430 2836//4430
f  2836//4431 2838//4431 2839//4431
f  2836//4432 2839//4432 2840//4432
f  2840//4433 2841//4433 2836//4433
f  2836//4434 2841//4434 2842//4434
f  2836//4435 2842//4435 2834//4435
f  2827//4436 2843//4436 2828//4436
f  2828//4437 2843//4437 2838//4437
f  2828//4438 2838//4438 2844//4438
f  2844//4439 2838//4439 2837//4439
f  2845//4440 2846//4440 2847//4440
f  2847//4441 2846//4441 2848//4441
f  2847//4442 2848//4442 2849//4442
f  2835//4443 2834//4443 2850//4443
f  2850//4444 2834//4444 2851//4444
f  2850//4445 2851//4445 2848//4445
f  2848//4446 2851//4446 2852//4446
f  2848//4447 2852//4447 2849//4447
f  2833//4448 2853//4448 2831//4448
f  2831//4449 2853//4449 2854//4449
f  2831//4450 2854//4450 2855//4450
f  2855//4451 2854//4451 2856//4451
f  2855//4452 2856//4452 2857//4452
f  2813//4453 2812//4453 2858//4453
f  2858//4454 2812//4454 2855//4454
f  2858//4455 2855//4455 2859//4455
f  2859//4456 2855//4456 2857//4456
f  2845//4457 2847//4457 2757//4457
f  2757//4457 2847//4457 2759//4457
f  2797//4458 2124//4458 2815//4458
f  2815//4459 2124//4459 2132//4459
f  2152//4460 2812//4460 2145//4460
f  2145//4461 2812//4461 2811//4461
f  2132//4462 2134//4462 2815//4462
f  2815//4463 2134//4463 2136//4463
f  2815//4464 2136//4464 2820//4464
f  2820//4465 2136//4465 2137//4465
f  2820//4466 2137//4466 2818//4466
f  2818//4467 2137//4467 2139//4467
f  2818//4468 2139//4468 2816//4468
f  2139//4469 2140//4469 2816//4469
f  2816//4470 2140//4470 2142//4470
f  2816//4471 2142//4471 2811//4471
f  2811//4472 2142//4472 2143//4472
f  2811//4473 2143//4473 2145//4473
f  2110//4474 2108//4474 2787//4474
f  2787//4475 2781//4475 2110//4475
f  2110//4476 2781//4476 2779//4476
f  2110//4477 2779//4477 2111//4477
f  2111//4478 2779//4478 2778//4478
f  2111//4479 2778//4479 2112//4479
f  2127//4480 2792//4480 2128//4480
f  2128//4481 2792//4481 2789//4481
f  2128//4482 2789//4482 2129//4482
f  2124//4483 2797//4483 2796//4483
f  2124//4484 2796//4484 2125//4484
f  2125//4485 2796//4485 2795//4485
f  2125//4486 2795//4486 2127//4486
f  2127//4487 2795//4487 2793//4487
f  2127//4488 2793//4488 2792//4488
f  2778//4489 2807//4489 2112//4489
f  2112//4490 2807//4490 2809//4490
f  2112//4491 2809//4491 2113//4491
f  2113//4492 2809//4492 2777//4492
f  2113//4493 2777//4493 2114//4493
f  2129//4494 2789//4494 2130//4494
f  2130//4495 2789//4495 2788//4495
f  2130//4496 2788//4496 2131//4496
f  2131//4497 2788//4497 2791//4497
f  2131//4498 2791//4498 2107//4498
f  2107//4499 2791//4499 2784//4499
f  2107//4500 2784//4500 2108//4500
f  2108//4501 2784//4501 2786//4501
f  2108//4502 2786//4502 2787//4502
f  2827//4503 2829//4503 2147//4503
f  2147//4504 2829//4504 2149//4504
f  2840//4505 2173//4505 2841//4505
f  2841//4506 2173//4506 2172//4506
f  2841//4507 2172//4507 2842//4507
f  2842//4508 2172//4508 2834//4508
f  2834//4509 2172//4509 2171//4509
f  2834//4510 2171//4510 2851//4510
f  2851//4511 2171//4511 2170//4511
f  2851//4512 2170//4512 2852//4512
f  2852//4513 2170//4513 2168//4513
f  2852//4514 2168//4514 2849//4514
f  2849//4515 2168//4515 2167//4515
f  2849//4516 2167//4516 2847//4516
f  2829//4517 2830//4517 2149//4517
f  2149//4518 2830//4518 2831//4518
f  2149//4519 2831//4519 2150//4519
f  2150//4520 2831//4520 2855//4520
f  2150//4521 2855//4521 2151//4521
f  2151//4522 2855//4522 2812//4522
f  2151//4523 2812//4523 2152//4523
f  2839//4524 2175//4524 2840//4524
f  2840//4525 2175//4525 2174//4525
f  2840//4526 2174//4526 2173//4526
f  2147//4527 2146//4527 2827//4527
f  2827//4528 2146//4528 2176//4528
f  2827//4529 2176//4529 2843//4529
f  2843//4530 2176//4530 2175//4530
f  2843//4531 2175//4531 2838//4531
f  2838//4532 2175//4532 2839//4532
f  2767//4533 2104//4533 2777//4533
f  2777//4533 2104//4533 2114//4533
f  2166//4534 2759//4534 2167//4534
f  2167//4534 2759//4534 2847//4534
f  2104//4535 2767//4535 2105//4535
f  2105//4536 2767//4536 2766//4536
f  2105//4537 2766//4537 2115//4537
f  2115//4538 2766//4538 2764//4538
f  2115//4539 2764//4539 2116//4539
f  2613//4540 2121//4540 2769//4540
f  2769//4541 2121//4541 2119//4541
f  2769//4542 2119//4542 2770//4542
f  2770//4543 2119//4543 2118//4543
f  2770//4544 2118//4544 2771//4544
f  2771//4545 2118//4545 2117//4545
f  2771//4546 2117//4546 2762//4546
f  2762//4547 2117//4547 2116//4547
f  2762//4548 2116//4548 2763//4548
f  2763//4549 2116//4549 2764//4549
f  2162//4550 2159//4550 2659//4550
f  2153//4551 2749//4551 2154//4551
f  2154//4552 2749//4552 2756//4552
f  2154//4553 2756//4553 2164//4553
f  2164//4554 2756//4554 2758//4554
f  2164//4555 2758//4555 2165//4555
f  2165//4556 2758//4556 2759//4556
f  2165//4557 2759//4557 2166//4557
f  2659//4558 2752//4558 2162//4558
f  2162//4559 2752//4559 2753//4559
f  2162//4560 2753//4560 2163//4560
f  2163//4561 2753//4561 2746//4561
f  2163//4562 2746//4562 2153//4562
f  2153//4563 2746//4563 2748//4563
f  2153//4564 2748//4564 2749//4564
f  2646//4565 2645//4565 2860//4565
f  2635//4566 2861//4566 2636//4566
f  2636//4567 2861//4567 2862//4567
f  2636//4568 2862//4568 2637//4568
f  2646//4569 2860//4569 2631//4569
f  2631//4570 2860//4570 2863//4570
f  2631//4571 2863//4571 2632//4571
f  2863//4572 2864//4572 2632//4572
f  2632//4573 2864//4573 2865//4573
f  2632//4574 2865//4574 2634//4574
f  2634//4575 2865//4575 2866//4575
f  2634//4576 2866//4576 2635//4576
f  2635//4577 2866//4577 2867//4577
f  2635//4578 2867//4578 2861//4578
f  2625//4579 2868//4579 2626//4579
f  2626//4580 2868//4580 2869//4580
f  2626//4581 2869//4581 2628//4581
f  2628//4582 2869//4582 2870//4582
f  2628//4583 2870//4583 2629//4583
f  2629//4584 2870//4584 2871//4584
f  2629//4585 2871//4585 2630//4585
f  2630//4586 2871//4586 2872//4586
f  2630//4587 2872//4587 2617//4587
f  2617//4588 2872//4588 2291//4588
f  2617//4589 2291//4589 2618//4589
f  2618//4590 2291//4590 2290//4590
f  2618//4591 2290//4591 2620//4591
f  2620//4592 2290//4592 2288//4592
f  2620//4593 2288//4593 2621//4593
f  2621//4594 2288//4594 2287//4594
f  2621//4595 2287//4595 2622//4595
f  2622//4596 2287//4596 2285//4596
f  2622//4597 2285//4597 2623//4597
f  2623//4598 2285//4598 2284//4598
f  2623//4599 2284//4599 2624//4599
f  2624//4600 2284//4600 2282//4600
f  2624//4601 2282//4601 2616//4601
f  2616//4602 2282//4602 2280//4602
f  2616//4603 2280//4603 2615//4603
f  2615//4604 2280//4604 2277//4604
f  2615//4605 2277//4605 2614//4605
f  2614//4606 2277//4606 2276//4606
f  2614//4607 2276//4607 2613//4607
f  2613//4608 2276//4608 2121//4608
f  2648//4609 2659//4609 2159//4609
f  2159//4610 2157//4610 2648//4610
f  2648//4611 2157//4611 2191//4611
f  2648//4612 2191//4612 2649//4612
f  2649//4613 2191//4613 2190//4613
f  2649//4614 2190//4614 2650//4614
f  2650//4615 2190//4615 2188//4615
f  2650//4616 2188//4616 2651//4616
f  2651//4617 2188//4617 2186//4617
f  2651//4618 2186//4618 2652//4618
f  2652//4619 2186//4619 2184//4619
f  2652//4620 2184//4620 2640//4620
f  2640//4621 2184//4621 2183//4621
f  2640//4622 2183//4622 2641//4622
f  2641//4623 2183//4623 2181//4623
f  2641//4624 2181//4624 2643//4624
f  2643//4625 2181//4625 2179//4625
f  2643//4626 2179//4626 2644//4626
f  2644//4627 2179//4627 2178//4627
f  2644//4628 2178//4628 2645//4628
f  2645//4629 2178//4629 2873//4629
f  2645//4630 2873//4630 2860//4630
f  2637//4631 2862//4631 2874//4631
f  2637//4632 2874//4632 2639//4632
f  2639//4633 2874//4633 2875//4633
f  2639//4634 2875//4634 2625//4634
f  2625//4635 2875//4635 2876//4635
f  2625//4636 2876//4636 2868//4636
f  1966//4637 1949//4637 2877//4637
f  2873//4638 2178//4638 2878//4638
f  1947//4639 1946//4639 2879//4639
f  2879//4640 1946//4640 1944//4640
f  2879//4641 1944//4641 1943//4641
f  2880//4642 2878//4642 2879//4642
f  2879//4643 2878//4643 2881//4643
f  2879//4644 2881//4644 1947//4644
f  2865//4645 2864//4645 2880//4645
f  2880//4646 2864//4646 2863//4646
f  2880//4647 2863//4647 2878//4647
f  2878//4648 2863//4648 2860//4648
f  2878//4649 2860//4649 2873//4649
f  1966//4650 2877//4650 1943//4650
f  2866//4651 2882//4651 2867//4651
f  2867//4652 2882//4652 2861//4652
f  1943//4653 2877//4653 2879//4653
f  2879//4654 2877//4654 2882//4654
f  2879//4655 2882//4655 2880//4655
f  2880//4656 2882//4656 2866//4656
f  2880//4657 2866//4657 2865//4657
f  2862//4658 2861//4658 2883//4658
f  2883//4659 2861//4659 2882//4659
f  2883//4660 2882//4660 2884//4660
f  2884//4661 2882//4661 2877//4661
f  2884//4662 2877//4662 1948//4662
f  1948//4663 2877//4663 1949//4663
f  2885//4664 2886//4664 2887//4664
f  2228//4665 2227//4665 2888//4665
f  1940//4666 1939//4666 2889//4666
f  2889//4667 1939//4667 1947//4667
f  2233//4668 2232//4668 2890//4668
f  2881//4669 2878//4669 2891//4669
f  2180//4670 2891//4670 2177//4670
f  2177//4671 2891//4671 2878//4671
f  2177//4672 2878//4672 2178//4672
f  2182//4673 2892//4673 2180//4673
f  2180//4674 2892//4674 2893//4674
f  2180//4675 2893//4675 2891//4675
f  1940//4676 2889//4676 1942//4676
f  1942//4677 2889//4677 2894//4677
f  1942//4678 2894//4678 2895//4678
f  1876//4679 1875//4679 2896//4679
f  2896//4680 1875//4680 1938//4680
f  2896//4681 1938//4681 2897//4681
f  2897//4682 1938//4682 1936//4682
f  2897//4683 1936//4683 2895//4683
f  2895//4684 1936//4684 1935//4684
f  2895//4685 1935//4685 1942//4685
f  2182//4686 2185//4686 2892//4686
f  2892//4687 2185//4687 2187//4687
f  2892//4688 2187//4688 2898//4688
f  2898//4689 2187//4689 2189//4689
f  2898//4690 2189//4690 2899//4690
f  2899//4691 2189//4691 2156//4691
f  2899//4692 2156//4692 2900//4692
f  1876//4693 2896//4693 1932//4693
f  1932//4694 2896//4694 2901//4694
f  1932//4695 2901//4695 2902//4695
f  2903//4696 1931//4696 2904//4696
f  2904//4697 1931//4697 1934//4697
f  2904//4698 1934//4698 2902//4698
f  2902//4699 1934//4699 1933//4699
f  2902//4700 1933//4700 1932//4700
f  2156//4701 2158//4701 2900//4701
f  2900//4702 2158//4702 2160//4702
f  2900//4703 2160//4703 2905//4703
f  2905//4704 2160//4704 2161//4704
f  2905//4705 2161//4705 2906//4705
f  2906//4706 2161//4706 2155//4706
f  2906//4707 2155//4707 2907//4707
f  2907//4708 2155//4708 2195//4708
f  2907//4709 2195//4709 2194//4709
f  2908//4710 1880//4710 2903//4710
f  2903//4711 1880//4711 1929//4711
f  2903//4712 1929//4712 1931//4712
f  2193//4713 2909//4713 2194//4713
f  2194//4714 2909//4714 2910//4714
f  2194//4715 2910//4715 2907//4715
f  2911//4716 1925//4716 2912//4716
f  2912//4717 1925//4717 1924//4717
f  2912//4718 1924//4718 2908//4718
f  2908//4719 1924//4719 1878//4719
f  2908//4720 1878//4720 1880//4720
f  2193//4721 2200//4721 2909//4721
f  2909//4722 2200//4722 2199//4722
f  2909//4723 2199//4723 2913//4723
f  2913//4724 2199//4724 2198//4724
f  2914//4725 1928//4725 2911//4725
f  2911//4726 1928//4726 1927//4726
f  2911//4727 1927//4727 1925//4727
f  2197//4728 2915//4728 2198//4728
f  2198//4729 2915//4729 2916//4729
f  2198//4730 2916//4730 2913//4730
f  2197//4731 2205//4731 2915//4731
f  2915//4732 2205//4732 2204//4732
f  2915//4733 2204//4733 2917//4733
f  2917//4734 2204//4734 2203//4734
f  2917//4735 2203//4735 2918//4735
f  2918//4736 2203//4736 2919//4736
f  2920//4737 1923//4737 2921//4737
f  2921//4738 1923//4738 1921//4738
f  2921//4739 1921//4739 2922//4739
f  2922//4740 1921//4740 1920//4740
f  2922//4741 1920//4741 2923//4741
f  2923//4742 1920//4742 1882//4742
f  2923//4743 1882//4743 2914//4743
f  2914//4744 1882//4744 1881//4744
f  2914//4745 1881//4745 1928//4745
f  2203//4746 2202//4746 2919//4746
f  2919//4747 2202//4747 2210//4747
f  2919//4748 2210//4748 2209//4748
f  2207//4749 2924//4749 2209//4749
f  2209//4750 2924//4750 2925//4750
f  2209//4751 2925//4751 2919//4751
f  2926//4752 1919//4752 2927//4752
f  2927//4753 1919//4753 1918//4753
f  2927//4754 1918//4754 2928//4754
f  2928//4755 1918//4755 1916//4755
f  2928//4756 1916//4756 2920//4756
f  2920//4757 1916//4757 1915//4757
f  2920//4758 1915//4758 1923//4758
f  2207//4759 2206//4759 2924//4759
f  2924//4760 2206//4760 2214//4760
f  2924//4761 2214//4761 2929//4761
f  2929//4762 2214//4762 2213//4762
f  2930//4763 1885//4763 2926//4763
f  2926//4764 1885//4764 1884//4764
f  2926//4765 1884//4765 1919//4765
f  2212//4766 2931//4766 2213//4766
f  2213//4767 2931//4767 2932//4767
f  2213//4768 2932//4768 2929//4768
f  2933//4769 1913//4769 2930//4769
f  2930//4770 1913//4770 1914//4770
f  2930//4771 1914//4771 1885//4771
f  2934//4772 1906//4772 2933//4772
f  2933//4773 1906//4773 1911//4773
f  2933//4774 1911//4774 1913//4774
f  2212//4775 2219//4775 2931//4775
f  2931//4776 2219//4776 2218//4776
f  2931//4777 2218//4777 2935//4777
f  2935//4778 2218//4778 2216//4778
f  2215//4779 2936//4779 2216//4779
f  2216//4780 2936//4780 2937//4780
f  2216//4781 2937//4781 2935//4781
f  2938//4782 1910//4782 2939//4782
f  2939//4783 1910//4783 1909//4783
f  2939//4784 1909//4784 2934//4784
f  2934//4785 1909//4785 1907//4785
f  2934//4786 1907//4786 1906//4786
f  2228//4787 2888//4787 2222//4787
f  1947//4788 2881//4788 2889//4788
f  2889//4789 2881//4789 2891//4789
f  2889//4790 2891//4790 2894//4790
f  2894//4791 2891//4791 2893//4791
f  2894//4792 2893//4792 2895//4792
f  2895//4793 2893//4793 2892//4793
f  2895//4794 2892//4794 2897//4794
f  2897//4795 2892//4795 2898//4795
f  2897//4796 2898//4796 2896//4796
f  2896//4797 2898//4797 2899//4797
f  2896//4798 2899//4798 2901//4798
f  2901//4799 2899//4799 2900//4799
f  2901//4800 2900//4800 2902//4800
f  2902//4801 2900//4801 2905//4801
f  2902//4802 2905//4802 2904//4802
f  2904//4803 2905//4803 2906//4803
f  2904//4804 2906//4804 2903//4804
f  2903//4805 2906//4805 2907//4805
f  2903//4806 2907//4806 2908//4806
f  2908//4807 2907//4807 2910//4807
f  2908//4808 2910//4808 2912//4808
f  2912//4809 2910//4809 2909//4809
f  2912//4810 2909//4810 2911//4810
f  2911//4811 2909//4811 2913//4811
f  2911//4812 2913//4812 2914//4812
f  2914//4813 2913//4813 2916//4813
f  2914//4814 2916//4814 2923//4814
f  2923//4815 2916//4815 2915//4815
f  2923//4816 2915//4816 2922//4816
f  2922//4817 2915//4817 2917//4817
f  2922//4818 2917//4818 2921//4818
f  2921//4819 2917//4819 2918//4819
f  2921//4820 2918//4820 2920//4820
f  2920//4821 2918//4821 2919//4821
f  2920//4822 2919//4822 2928//4822
f  2928//4823 2919//4823 2925//4823
f  2928//4824 2925//4824 2927//4824
f  2927//4825 2925//4825 2924//4825
f  2927//4826 2924//4826 2926//4826
f  2926//4827 2924//4827 2929//4827
f  2926//4828 2929//4828 2930//4828
f  2930//4829 2929//4829 2932//4829
f  2930//4830 2932//4830 2933//4830
f  2933//4831 2932//4831 2931//4831
f  2933//4832 2931//4832 2934//4832
f  2934//4833 2931//4833 2935//4833
f  2934//4834 2935//4834 2939//4834
f  2939//4835 2935//4835 2937//4835
f  2939//4836 2937//4836 2938//4836
f  2938//4837 2937//4837 2936//4837
f  2938//4838 2936//4838 2940//4838
f  2940//4839 2936//4839 2941//4839
f  2940//4840 2941//4840 2942//4840
f  1902//4841 1901//4841 2942//4841
f  2942//4842 1901//4842 1905//4842
f  2942//4843 1905//4843 2940//4843
f  2940//4844 1905//4844 1888//4844
f  2940//4845 1888//4845 2938//4845
f  2938//4846 1888//4846 1887//4846
f  2938//4847 1887//4847 1910//4847
f  1904//4848 1902//4848 2943//4848
f  2943//4849 1902//4849 2942//4849
f  2943//4850 2942//4850 2888//4850
f  2888//4851 2942//4851 2941//4851
f  2888//4852 2941//4852 2222//4852
f  2222//4853 2941//4853 2936//4853
f  2222//4854 2936//4854 2220//4854
f  2220//4855 2936//4855 2215//4855
f  2227//4856 2226//4856 2888//4856
f  2888//4857 2226//4857 2944//4857
f  2888//4858 2944//4858 2943//4858
f  2943//4859 2944//4859 2945//4859
f  2943//4860 2945//4860 1904//4860
f  2946//4861 2947//4861 2948//4861
f  2948//4862 2947//4862 2225//4862
f  2948//4863 2225//4863 2224//4863
f  1898//4864 1891//4864 2945//4864
f  2945//4865 1891//4865 1890//4865
f  2945//4866 1890//4866 1904//4866
f  2230//4867 2236//4867 2885//4867
f  2946//4868 2948//4868 2949//4868
f  2949//4869 2948//4869 2950//4869
f  2949//4870 2950//4870 2951//4870
f  2226//4871 2225//4871 2944//4871
f  2944//4872 2225//4872 2947//4872
f  2944//4873 2947//4873 2945//4873
f  2945//4874 2947//4874 2946//4874
f  2945//4875 2946//4875 1898//4875
f  1898//4876 2946//4876 2949//4876
f  1898//4877 2949//4877 1899//4877
f  1899//4878 2949//4878 2951//4878
f  1893//4879 1897//4879 2951//4879
f  2951//4880 1897//4880 1896//4880
f  2951//4881 1896//4881 1899//4881
f  2952//4882 2887//4882 2890//4882
f  2890//4883 2887//4883 2886//4883
f  2890//4884 2886//4884 2233//4884
f  2233//4885 2886//4885 2885//4885
f  2233//4886 2885//4886 2235//4886
f  2235//4887 2885//4887 2236//4887
f  2224//4888 2231//4888 2948//4888
f  2948//4889 2231//4889 2230//4889
f  2948//4890 2230//4890 2950//4890
f  2950//4891 2230//4891 2885//4891
f  2950//4892 2885//4892 2951//4892
f  2951//4893 2885//4893 2887//4893
f  2951//4894 2887//4894 1893//4894
f  1893//4895 2887//4895 2952//4895
f  1893//4896 2952//4896 1894//4896
f  2874//4897 2862//4897 2883//4897
f  2006//4898 2011//4898 2953//4898
f  2953//4899 2011//4899 2010//4899
f  2872//4900 2871//4900 2954//4900
f  2291//4901 2872//4901 2955//4901
f  2955//4902 2872//4902 2954//4902
f  2955//4903 2954//4903 2956//4903
f  2871//4904 2870//4904 2954//4904
f  2954//4905 2870//4905 2869//4905
f  2954//4906 2869//4906 2957//4906
f  2957//4907 2869//4907 2868//4907
f  2957//4908 2868//4908 2876//4908
f  2957//4909 2958//4909 2954//4909
f  2954//4910 2958//4910 2953//4910
f  2954//4911 2953//4911 2956//4911
f  2956//4912 2953//4912 2010//4912
f  2874//4913 2883//4913 2875//4913
f  2876//4914 2875//4914 2957//4914
f  2957//4915 2875//4915 2883//4915
f  2957//4916 2883//4916 2958//4916
f  2958//4917 2883//4917 2884//4917
f  2958//4918 2884//4918 1948//4918
f  1948//4919 2004//4919 2958//4919
f  2958//4920 2004//4920 2008//4920
f  2958//4921 2008//4921 2953//4921
f  2953//4922 2008//4922 2007//4922
f  2953//4923 2007//4923 2006//4923
f  2955//4924 2956//4924 2959//4924
f  2960//4925 2029//4925 2028//4925
f  2952//4926 2890//4926 2961//4926
f  2961//4927 2890//4927 2232//4927
f  2064//4928 2069//4928 2962//4928
f  2962//4929 2069//4929 2963//4929
f  2232//4930 2242//4930 2961//4930
f  2961//4931 2242//4931 2241//4931
f  2961//4932 2241//4932 2964//4932
f  2964//4933 2241//4933 2240//4933
f  2964//4934 2240//4934 2965//4934
f  2965//4935 2240//4935 2966//4935
f  2064//4936 2962//4936 2065//4936
f  2065//4937 2962//4937 2967//4937
f  2065//4938 2967//4938 2067//4938
f  2067//4939 2967//4939 2968//4939
f  2067//4940 2968//4940 2068//4940
f  2240//4941 2238//4941 2966//4941
f  2966//4942 2238//4942 2237//4942
f  2966//4943 2237//4943 2249//4943
f  2248//4944 2969//4944 2249//4944
f  2249//4945 2969//4945 2970//4945
f  2249//4946 2970//4946 2966//4946
f  2248//4947 2247//4947 2969//4947
f  2969//4948 2247//4948 2243//4948
f  2969//4949 2243//4949 2971//4949
f  2971//4950 2243//4950 2245//4950
f  2055//4951 2060//4951 2972//4951
f  2972//4952 2060//4952 2059//4952
f  2972//4953 2059//4953 2973//4953
f  2973//4954 2059//4954 2057//4954
f  2973//4955 2057//4955 2974//4955
f  2974//4956 2057//4956 2056//4956
f  2974//4957 2056//4957 2975//4957
f  2975//4958 2056//4958 2061//4958
f  2975//4959 2061//4959 2968//4959
f  2968//4960 2061//4960 2063//4960
f  2968//4961 2063//4961 2068//4961
f  2253//4962 2976//4962 2245//4962
f  2245//4963 2976//4963 2977//4963
f  2245//4964 2977//4964 2971//4964
f  2253//4965 2252//4965 2976//4965
f  2976//4966 2252//4966 2251//4966
f  2976//4967 2251//4967 2978//4967
f  2978//4968 2251//4968 2250//4968
f  2978//4969 2250//4969 2979//4969
f  2979//4970 2250//4970 2980//4970
f  2055//4971 2972//4971 2053//4971
f  2053//4972 2972//4972 2981//4972
f  2053//4973 2981//4973 2047//4973
f  2047//4974 2981//4974 2982//4974
f  2047//4975 2982//4975 2048//4975
f  2048//4976 2982//4976 2983//4976
f  2048//4977 2983//4977 2052//4977
f  2052//4978 2983//4978 2984//4978
f  2052//4979 2984//4979 2051//4979
f  2250//4980 2102//4980 2980//4980
f  2980//4981 2102//4981 2101//4981
f  2980//4982 2101//4982 2261//4982
f  2260//4983 2985//4983 2261//4983
f  2261//4984 2985//4984 2986//4984
f  2261//4985 2986//4985 2980//4985
f  2987//4986 2042//4986 2988//4986
f  2988//4987 2042//4987 2041//4987
f  2988//4988 2041//4988 2984//4988
f  2984//4989 2041//4989 2049//4989
f  2984//4990 2049//4990 2051//4990
f  2260//4991 2259//4991 2985//4991
f  2985//4992 2259//4992 2254//4992
f  2985//4993 2254//4993 2989//4993
f  2989//4994 2254//4994 2256//4994
f  2990//4995 2039//4995 2991//4995
f  2991//4996 2039//4996 2045//4996
f  2991//4997 2045//4997 2987//4997
f  2987//4998 2045//4998 2044//4998
f  2987//4999 2044//4999 2042//4999
f  2258//5000 2992//5000 2256//5000
f  2256//5001 2992//5001 2993//5001
f  2256//5002 2993//5002 2989//5002
f  2258//5003 2264//5003 2992//5003
f  2992//5004 2264//5004 2263//5004
f  2992//5005 2263//5005 2994//5005
f  2994//5006 2263//5006 2262//5006
f  2099//5007 2995//5007 2262//5007
f  2262//5008 2995//5008 2996//5008
f  2262//5009 2996//5009 2994//5009
f  2034//5010 2033//5010 2997//5010
f  2997//5011 2033//5011 2032//5011
f  2997//5012 2032//5012 2998//5012
f  2998//5013 2032//5013 2031//5013
f  2998//5014 2031//5014 2999//5014
f  2999//5015 2031//5015 2036//5015
f  2999//5016 2036//5016 3000//5016
f  3000//5017 2036//5017 2035//5017
f  3000//5018 2035//5018 2990//5018
f  2990//5019 2035//5019 2040//5019
f  2990//5020 2040//5020 2039//5020
f  2099//5021 2098//5021 2995//5021
f  2995//5022 2098//5022 2265//5022
f  2995//5023 2265//5023 3001//5023
f  3001//5024 2265//5024 2267//5024
f  3001//5025 2267//5025 3002//5025
f  2034//5026 2997//5026 2028//5026
f  2028//5027 2997//5027 3003//5027
f  2028//5028 3003//5028 2960//5028
f  2029//5029 2960//5029 2030//5029
f  2030//5030 2960//5030 3004//5030
f  2030//5031 3004//5031 1998//5031
f  2267//5032 2271//5032 3002//5032
f  3002//5033 2271//5033 2270//5033
f  3002//5034 2270//5034 3005//5034
f  3005//5035 2270//5035 2269//5035
f  2275//5036 3006//5036 2269//5036
f  2269//5037 3006//5037 3007//5037
f  2269//5038 3007//5038 3005//5038
f  1998//5039 3004//5039 1999//5039
f  1999//5040 3004//5040 3008//5040
f  1999//5041 3008//5041 2027//5041
f  2027//5042 3008//5042 3009//5042
f  2027//5043 3009//5043 2026//5043
f  2026//5044 3009//5044 2024//5044
f  2024//5045 3009//5045 3010//5045
f  2024//5046 3010//5046 2019//5046
f  2275//5047 2274//5047 3006//5047
f  3006//5048 2274//5048 2273//5048
f  3006//5049 2273//5049 3011//5049
f  3011//5050 2273//5050 2272//5050
f  2106//5051 3012//5051 2272//5051
f  2272//5052 3012//5052 3013//5052
f  2272//5053 3013//5053 3011//5053
f  2019//5054 3010//5054 2020//5054
f  2020//5055 3010//5055 3014//5055
f  2020//5056 3014//5056 2022//5056
f  2022//5057 3014//5057 3015//5057
f  2022//5058 3015//5058 2023//5058
f  2106//5059 2120//5059 3012//5059
f  3012//5060 2120//5060 2122//5060
f  3012//5061 2122//5061 3016//5061
f  3016//5062 2122//5062 2123//5062
f  3016//5063 2123//5063 3017//5063
f  2016//5064 2015//5064 3018//5064
f  3018//5065 2015//5065 2013//5065
f  3018//5066 2013//5066 3019//5066
f  3019//5067 2013//5067 2012//5067
f  3019//5068 2012//5068 3020//5068
f  3020//5069 2012//5069 2002//5069
f  3020//5070 2002//5070 3021//5070
f  3021//5071 2002//5071 2001//5071
f  3021//5072 2001//5072 3015//5072
f  3015//5073 2001//5073 2018//5073
f  3015//5074 2018//5074 2023//5074
f  2123//5075 2278//5075 3017//5075
f  3017//5076 2278//5076 2279//5076
f  3017//5077 2279//5077 3022//5077
f  3022//5078 2279//5078 2281//5078
f  3022//5079 2281//5079 3023//5079
f  3023//5080 2281//5080 2283//5080
f  3023//5081 2283//5081 3024//5081
f  2283//5082 2286//5082 3024//5082
f  3024//5083 2286//5083 2289//5083
f  3024//5084 2289//5084 3025//5084
f  3025//5085 2289//5085 2291//5085
f  2291//5086 2955//5086 3025//5086
f  3025//5087 2955//5087 2959//5087
f  3025//5088 2959//5088 3024//5088
f  3024//5089 2959//5089 3026//5089
f  3024//5090 3026//5090 3023//5090
f  3023//5091 3026//5091 3018//5091
f  3023//5092 3018//5092 3022//5092
f  3022//5093 3018//5093 3019//5093
f  3022//5094 3019//5094 3017//5094
f  3017//5095 3019//5095 3020//5095
f  3017//5096 3020//5096 3016//5096
f  3016//5097 3020//5097 3021//5097
f  3016//5098 3021//5098 3012//5098
f  3012//5099 3021//5099 3015//5099
f  3012//5100 3015//5100 3013//5100
f  3013//5101 3015//5101 3014//5101
f  3013//5102 3014//5102 3011//5102
f  3011//5103 3014//5103 3010//5103
f  3011//5104 3010//5104 3006//5104
f  3006//5105 3010//5105 3009//5105
f  3006//5106 3009//5106 3007//5106
f  3007//5107 3009//5107 3008//5107
f  3007//5108 3008//5108 3005//5108
f  3005//5109 3008//5109 3004//5109
f  3005//5110 3004//5110 3002//5110
f  3002//5111 3004//5111 2960//5111
f  3002//5112 2960//5112 3001//5112
f  3001//5113 2960//5113 3003//5113
f  3001//5114 3003//5114 2995//5114
f  2995//5115 3003//5115 2997//5115
f  2995//5116 2997//5116 2996//5116
f  2996//5117 2997//5117 2998//5117
f  2996//5118 2998//5118 2994//5118
f  2994//5119 2998//5119 2999//5119
f  2994//5120 2999//5120 2992//5120
f  2992//5121 2999//5121 3000//5121
f  2992//5122 3000//5122 2993//5122
f  2993//5123 3000//5123 2990//5123
f  2993//5124 2990//5124 2989//5124
f  2989//5125 2990//5125 2991//5125
f  2989//5126 2991//5126 2985//5126
f  2985//5127 2991//5127 2987//5127
f  2985//5128 2987//5128 2986//5128
f  2986//5129 2987//5129 2988//5129
f  2986//5130 2988//5130 2980//5130
f  2980//5131 2988//5131 2984//5131
f  2980//5132 2984//5132 2979//5132
f  2979//5133 2984//5133 2983//5133
f  2979//5134 2983//5134 2978//5134
f  2978//5135 2983//5135 2982//5135
f  2978//5136 2982//5136 2976//5136
f  2976//5137 2982//5137 2981//5137
f  2976//5138 2981//5138 2977//5138
f  2977//5139 2981//5139 2972//5139
f  2977//5140 2972//5140 2971//5140
f  2971//5141 2972//5141 2973//5141
f  2971//5142 2973//5142 2969//5142
f  2969//5143 2973//5143 2974//5143
f  2969//5144 2974//5144 2970//5144
f  2970//5145 2974//5145 2975//5145
f  2970//5146 2975//5146 2966//5146
f  2966//5147 2975//5147 2968//5147
f  2966//5148 2968//5148 2965//5148
f  2965//5149 2968//5149 2967//5149
f  2965//5150 2967//5150 2964//5150
f  2964//5151 2967//5151 2962//5151
f  2964//5152 2962//5152 2961//5152
f  2961//5153 2962//5153 2963//5153
f  2961//5154 2963//5154 2952//5154
f  2952//5155 2963//5155 2069//5155
f  2952//5156 2069//5156 1894//5156
f  2016//5157 3018//5157 2017//5157
f  2017//5158 3018//5158 3026//5158
f  2017//5159 3026//5159 2081//5159
f  2081//5160 3026//5160 2959//5160
f  2081//5161 2959//5161 2009//5161
f  2009//5162 2959//5162 2956//5162
f  2009//5163 2956//5163 2010//5163
f  3027//5164 3028//5164 3029//5164
f  3030//5165 3031//5165 3032//5165
f  3033//5166 3034//5166 3030//5166
f  3034//5167 3033//5167 3035//5167
f  3035//5168 3033//5168 3029//5168
f  3035//5169 3029//5169 3036//5169
f  3036//5170 3029//5170 3028//5170
f  3036//5171 3028//5171 3037//5171
f  2549//5172 2548//5172 3033//5172
f  3033//5173 2548//5173 2472//5173
f  3033//5174 2472//5174 3029//5174
f  3029//5175 2472//5175 2471//5175
f  3029//5176 2471//5176 3027//5176
f  3027//5177 2471//5177 2551//5177
f  3030//5178 3032//5178 3033//5178
f  3033//5179 3032//5179 2319//5179
f  3033//5180 2319//5180 2549//5180
f  3038//5181 3039//5181 3040//5181
f  3040//5182 3039//5182 3041//5182
f  3038//5183 3040//5183 3042//5183
f  3042//5184 3040//5184 3032//5184
f  3042//5185 3032//5185 3031//5185
f  3041//5186 3043//5186 3040//5186
f  3040//5187 3043//5187 3044//5187
f  3040//5188 3044//5188 2314//5188
f  2314//5189 3044//5189 2315//5189
f  2319//5190 3032//5190 2320//5190
f  2320//5191 3032//5191 3040//5191
f  2320//5192 3040//5192 2450//5192
f  2450//5193 3040//5193 2314//5193
f  2470//5194 2484//5194 3045//5194
f  3046//5195 3037//5195 3045//5195
f  3045//5196 3037//5196 3028//5196
f  3045//5197 3028//5197 3027//5197
f  3047//5198 3048//5198 3045//5198
f  3045//5199 3048//5199 3049//5199
f  3045//5200 3049//5200 3046//5200
f  2484//5201 2483//5201 3045//5201
f  3045//5202 2483//5202 3050//5202
f  3045//5203 3050//5203 3047//5203
f  3047//5204 3050//5204 3051//5204
f  3047//5205 3051//5205 3052//5205
f  2470//5206 3045//5206 2468//5206
f  2468//5207 3045//5207 3027//5207
f  2468//5208 3027//5208 2551//5208
f  3053//5209 3054//5209 3055//5209
f  3055//5210 3054//5210 3056//5210
f  3055//5211 3056//5211 3057//5211
f  3058//5212 3044//5212 3043//5212
f  3057//5213 3056//5213 3059//5213
f  3059//5214 3056//5214 3058//5214
f  3059//5215 3058//5215 3060//5215
f  3060//5216 3058//5216 3043//5216
f  3060//5217 3043//5217 3041//5217
f  3056//5218 2313//5218 2312//5218
f  3056//5219 2312//5219 3058//5219
f  3058//5220 2312//5220 2318//5220
f  3058//5221 2318//5221 3044//5221
f  3044//5222 2318//5222 2317//5222
f  3044//5223 2317//5223 2315//5223
f  2490//5224 2489//5224 3061//5224
f  3062//5225 3063//5225 3061//5225
f  3061//5226 3063//5226 3064//5226
f  3061//5227 3064//5227 3065//5227
f  2487//5228 2486//5228 3066//5228
f  3066//5229 2486//5229 3067//5229
f  3066//5230 3067//5230 3068//5230
f  2489//5231 2487//5231 3061//5231
f  3061//5232 2487//5232 3066//5232
f  3061//5233 3066//5233 3062//5233
f  3062//5234 3066//5234 3068//5234
f  3062//5235 3068//5235 3069//5235
f  2483//5236 2490//5236 3050//5236
f  3050//5237 2490//5237 3061//5237
f  3050//5238 3061//5238 3051//5238
f  3051//5239 3061//5239 3065//5239
f  3051//5240 3065//5240 3052//5240
f  3070//5241 3071//5241 3072//5241
f  3072//5242 3071//5242 3073//5242
f  2309//5243 2310//5243 3072//5243
f  3072//5244 2310//5244 2313//5244
f  3053//5245 3070//5245 3054//5245
f  3054//5246 3070//5246 3072//5246
f  3054//5247 3072//5247 3056//5247
f  3056//5248 3072//5248 2313//5248
f  2307//5249 2309//5249 3074//5249
f  3074//5250 2309//5250 3072//5250
f  3074//5251 3072//5251 3075//5251
f  3075//5252 3072//5252 3073//5252
f  3075//5253 3073//5253 3076//5253
f  2488//5254 2495//5254 3077//5254
f  3077//5255 2495//5255 2494//5255
f  3078//5256 3079//5256 3077//5256
f  3077//5257 3079//5257 3080//5257
f  3081//5258 3082//5258 3078//5258
f  3078//5259 3082//5259 3083//5259
f  3078//5260 3083//5260 3079//5260
f  2494//5261 3084//5261 3077//5261
f  3077//5262 3084//5262 3085//5262
f  3077//5263 3085//5263 3078//5263
f  3078//5264 3085//5264 3086//5264
f  3078//5265 3086//5265 3081//5265
f  3081//5266 3086//5266 3087//5266
f  3081//5267 3087//5267 3088//5267
f  2486//5268 2488//5268 3067//5268
f  3067//5269 2488//5269 3077//5269
f  3067//5270 3077//5270 3068//5270
f  3068//5271 3077//5271 3080//5271
f  3068//5272 3080//5272 3069//5272
f  3089//5273 3090//5273 3091//5273
f  3091//5274 3092//5274 3089//5274
f  3089//5275 3092//5275 3093//5275
f  3089//5276 3093//5276 3094//5276
f  3094//5277 3093//5277 3095//5277
f  3096//5278 3097//5278 3098//5278
f  3098//5279 3097//5279 3099//5279
f  3098//5280 3099//5280 3100//5280
f  3090//5281 3089//5281 3099//5281
f  3099//5282 3089//5282 3101//5282
f  3099//5283 3101//5283 3100//5283
f  3102//5284 2610//5284 3103//5284
f  3103//5285 2610//5285 2612//5285
f  3102//5286 3104//5286 2610//5286
f  2610//5287 3104//5287 3105//5287
f  2610//5288 3105//5288 3106//5288
f  3106//5289 3105//5289 3107//5289
f  3106//5290 3107//5290 3108//5290
f  2740//5291 2608//5291 3109//5291
f  3109//5292 2608//5292 2610//5292
f  3109//5293 2610//5293 3110//5293
f  3110//5294 2610//5294 3106//5294
f  3110//5295 3106//5295 3098//5295
f  3098//5296 3106//5296 3108//5296
f  3098//5297 3108//5297 3096//5297
f  3111//5298 3112//5298 3113//5298
f  3114//5299 3113//5299 3115//5299
f  3115//5300 3113//5300 3116//5300
f  3116//5301 3113//5301 3117//5301
f  3117//5302 3113//5302 3112//5302
f  3117//5303 3112//5303 3118//5303
f  3118//5304 3112//5304 3119//5304
f  3118//5305 3119//5305 3120//5305
f  3121//5306 3122//5306 2661//5306
f  3121//5307 2661//5307 3123//5307
f  3122//5308 3124//5308 2661//5308
f  2661//5309 3124//5309 3125//5309
f  2661//5310 3125//5310 2660//5310
f  3114//5311 3126//5311 3127//5311
f  3128//5312 3129//5312 3130//5312
f  3130//5313 3129//5313 3127//5313
f  3130//5314 3127//5314 3131//5314
f  3131//5315 3127//5315 3126//5315
f  3114//5316 3127//5316 3113//5316
f  3113//5317 3127//5317 3132//5317
f  3113//5318 3132//5318 3111//5318
f  3133//5319 3134//5319 3127//5319
f  3127//5320 3134//5320 3135//5320
f  3127//5321 3135//5321 3132//5321
f  2606//5322 3133//5322 2607//5322
f  2607//5323 3133//5323 3127//5323
f  2607//5324 3127//5324 2661//5324
f  2661//5325 3127//5325 3129//5325
f  2661//5326 3129//5326 3123//5326
f  3123//5327 3129//5327 3128//5327
f  3074//5328 3075//5328 3136//5328
f  3137//5329 3138//5329 3139//5329
f  3139//5330 3138//5330 3140//5330
f  3075//5331 3076//5331 3141//5331
f  3075//5332 3141//5332 3136//5332
f  3136//5333 3141//5333 3142//5333
f  3136//5334 3142//5334 3143//5334
f  3143//5335 3142//5335 3144//5335
f  3143//5336 3144//5336 3145//5336
f  3146//5337 3136//5337 3147//5337
f  3147//5338 3136//5338 3143//5338
f  3147//5339 3143//5339 3137//5339
f  3137//5340 3143//5340 3145//5340
f  3137//5341 3145//5341 3138//5341
f  2307//5342 3074//5342 2381//5342
f  2381//5343 3074//5343 3136//5343
f  2381//5344 3136//5344 2382//5344
f  2382//5345 3136//5345 3146//5345
f  2382//5346 3146//5346 2387//5346
f  3100//5347 3101//5347 3148//5347
f  2740//5348 3109//5348 3149//5348
f  3149//5349 3109//5349 3150//5349
f  3149//5350 3150//5350 3151//5350
f  3151//5351 3150//5351 3152//5351
f  3151//5352 3152//5352 3153//5352
f  3153//5353 3152//5353 3154//5353
f  3153//5354 3154//5354 3155//5354
f  3155//5355 3154//5355 3156//5355
f  3155//5356 3156//5356 3157//5356
f  3158//5357 3159//5357 3160//5357
f  3160//5358 3159//5358 3161//5358
f  3160//5359 3161//5359 3156//5359
f  3156//5360 3161//5360 3162//5360
f  3156//5361 3162//5361 3157//5361
f  2494//5362 3163//5362 3084//5362
f  3084//5363 3163//5363 3164//5363
f  3084//5364 3164//5364 3085//5364
f  3085//5365 3164//5365 3086//5365
f  3086//5366 3164//5366 3165//5366
f  3086//5367 3165//5367 3087//5367
f  3087//5368 3165//5368 3166//5368
f  3087//5369 3166//5369 3088//5369
f  3101//5370 3089//5370 3148//5370
f  3148//5371 3089//5371 3094//5371
f  3148//5372 3094//5372 3165//5372
f  3165//5373 3094//5373 3095//5373
f  3165//5374 3095//5374 3166//5374
f  3163//5375 3158//5375 3164//5375
f  3164//5376 3158//5376 3160//5376
f  3164//5377 3160//5377 3165//5377
f  3165//5378 3160//5378 3156//5378
f  3165//5379 3156//5379 3148//5379
f  3148//5380 3156//5380 3154//5380
f  3148//5381 3154//5381 3100//5381
f  3100//5382 3154//5382 3152//5382
f  3100//5383 3152//5383 3098//5383
f  3098//5384 3152//5384 3150//5384
f  3098//5385 3150//5385 3110//5385
f  3110//5386 3150//5386 3109//5386
f  3133//5387 2606//5387 3167//5387
f  3168//5388 3169//5388 3170//5388
f  2387//5389 3146//5389 3171//5389
f  3171//5390 3146//5390 3172//5390
f  3171//5391 3172//5391 3173//5391
f  3170//5392 3169//5392 3174//5392
f  3174//5393 3169//5393 3175//5393
f  3174//5394 3175//5394 3176//5394
f  3176//5395 3175//5395 3177//5395
f  3176//5396 3177//5396 3178//5396
f  3178//5397 3177//5397 3179//5397
f  3178//5398 3179//5398 3180//5398
f  3134//5399 3133//5399 3181//5399
f  3181//5400 3133//5400 3167//5400
f  3181//5401 3167//5401 3179//5401
f  3179//5402 3167//5402 3182//5402
f  3179//5403 3182//5403 3180//5403
f  3134//5404 3181//5404 3135//5404
f  3135//5405 3181//5405 3179//5405
f  3135//5406 3179//5406 3132//5406
f  3132//5407 3179//5407 3177//5407
f  3132//5408 3177//5408 3111//5408
f  3140//5409 3183//5409 3184//5409
f  3184//5410 3183//5410 3120//5410
f  3184//5411 3120//5411 3185//5411
f  3185//5412 3120//5412 3119//5412
f  3185//5413 3119//5413 3112//5413
f  3146//5414 3147//5414 3172//5414
f  3172//5415 3147//5415 3137//5415
f  3172//5416 3137//5416 3184//5416
f  3184//5417 3137//5417 3139//5417
f  3184//5418 3139//5418 3140//5418
f  3168//5419 3173//5419 3169//5419
f  3169//5420 3173//5420 3172//5420
f  3169//5421 3172//5421 3175//5421
f  3175//5422 3172//5422 3184//5422
f  3175//5423 3184//5423 3177//5423
f  3177//5424 3184//5424 3185//5424
f  3177//5425 3185//5425 3111//5425
f  3111//5426 3185//5426 3112//5426
f  3157//5427 3162//5427 3186//5427
f  3187//5428 3188//5428 3189//5428
f  3189//5429 3188//5429 2692//5429
f  2494//5430 2492//5430 3163//5430
f  3163//5431 2492//5431 2491//5431
f  3163//5432 2491//5432 3158//5432
f  3161//5433 3159//5433 3190//5433
f  3155//5434 3191//5434 3153//5434
f  3153//5435 3191//5435 3151//5435
f  2739//5436 2740//5436 3149//5436
f  3159//5437 3158//5437 3190//5437
f  3190//5438 3158//5438 2491//5438
f  3190//5439 2491//5439 3192//5439
f  3192//5440 2491//5440 2496//5440
f  2496//5441 2498//5441 3192//5441
f  3192//5442 2498//5442 2500//5442
f  3192//5443 2500//5443 3193//5443
f  2500//5444 2568//5444 3193//5444
f  3193//5445 2568//5445 2505//5445
f  3193//5446 2505//5446 3194//5446
f  3195//5447 2741//5447 3196//5447
f  3196//5448 2741//5448 2738//5448
f  3196//5449 2738//5449 3197//5449
f  3197//5450 2738//5450 2739//5450
f  3197//5451 2739//5451 3191//5451
f  3191//5452 2739//5452 3149//5452
f  3191//5453 3149//5453 3151//5453
f  2505//5454 2504//5454 3194//5454
f  3194//5455 2504//5455 2502//5455
f  3194//5456 2502//5456 3198//5456
f  3198//5457 2502//5457 2501//5457
f  3198//5458 2501//5458 3199//5458
f  3199//5459 2501//5459 2481//5459
f  2481//5460 2480//5460 3199//5460
f  3199//5461 2480//5461 2506//5461
f  3199//5462 2506//5462 3200//5462
f  3201//5463 2735//5463 3202//5463
f  3202//5464 2735//5464 2733//5464
f  3202//5465 2733//5465 3203//5465
f  3203//5466 2733//5466 2732//5466
f  3203//5467 2732//5467 3204//5467
f  3204//5468 2732//5468 2743//5468
f  3204//5469 2743//5469 3195//5469
f  3195//5470 2743//5470 2742//5470
f  3195//5471 2742//5471 2741//5471
f  2506//5472 2508//5472 3200//5472
f  3200//5473 2508//5473 2509//5473
f  3200//5474 2509//5474 3205//5474
f  3205//5475 2509//5475 2510//5475
f  3205//5476 2510//5476 3206//5476
f  3206//5477 2510//5477 2512//5477
f  2512//5478 2515//5478 3206//5478
f  3206//5479 2515//5479 2514//5479
f  3206//5480 2514//5480 3207//5480
f  3207//5481 2514//5481 2513//5481
f  3207//5482 2513//5482 3208//5482
f  2731//5483 2730//5483 3209//5483
f  3209//5484 2730//5484 2728//5484
f  3209//5485 2728//5485 3210//5485
f  3210//5486 2728//5486 2727//5486
f  3210//5487 2727//5487 3211//5487
f  3211//5488 2727//5488 2737//5488
f  3211//5489 2737//5489 3201//5489
f  3201//5490 2737//5490 2736//5490
f  3201//5491 2736//5491 2735//5491
f  2513//5492 2517//5492 3208//5492
f  3208//5493 2517//5493 2516//5493
f  3208//5494 2516//5494 3212//5494
f  3212//5495 2516//5495 2519//5495
f  3212//5496 2519//5496 3213//5496
f  2731//5497 3209//5497 2726//5497
f  2726//5498 3209//5498 3214//5498
f  2726//5499 3214//5499 3215//5499
f  2519//5500 2524//5500 3213//5500
f  3213//5501 2524//5501 2523//5501
f  3213//5502 2523//5502 3216//5502
f  3216//5503 2523//5503 2521//5503
f  2520//5504 3217//5504 2521//5504
f  2521//5505 3217//5505 3218//5505
f  2521//5506 3218//5506 3216//5506
f  3219//5507 2721//5507 3220//5507
f  3220//5508 2721//5508 2720//5508
f  3220//5509 2720//5509 3221//5509
f  3221//5510 2720//5510 2719//5510
f  3221//5511 2719//5511 3215//5511
f  3215//5512 2719//5512 2724//5512
f  3215//5513 2724//5513 2726//5513
f  2520//5514 2529//5514 3217//5514
f  3217//5515 2529//5515 2528//5515
f  3217//5516 2528//5516 3222//5516
f  2528//5517 2526//5517 3222//5517
f  3222//5518 2526//5518 2479//5518
f  3222//5519 2479//5519 3223//5519
f  3223//5520 2479//5520 3224//5520
f  3225//5521 2714//5521 3226//5521
f  3226//5522 2714//5522 2713//5522
f  3226//5523 2713//5523 3227//5523
f  3227//5524 2713//5524 2723//5524
f  3227//5525 2723//5525 3219//5525
f  3219//5526 2723//5526 2722//5526
f  3219//5527 2722//5527 2721//5527
f  2479//5528 2478//5528 3224//5528
f  3224//5529 2478//5529 2530//5529
f  3224//5530 2530//5530 2532//5530
f  2535//5531 3228//5531 2532//5531
f  2532//5532 3228//5532 3229//5532
f  2532//5533 3229//5533 3224//5533
f  3230//5534 2712//5534 3231//5534
f  3231//5535 2712//5535 2717//5535
f  3231//5536 2717//5536 3225//5536
f  3225//5537 2717//5537 2716//5537
f  3225//5538 2716//5538 2714//5538
f  2535//5539 2534//5539 3228//5539
f  3228//5540 2534//5540 2533//5540
f  3228//5541 2533//5541 3232//5541
f  3232//5542 2533//5542 2475//5542
f  3232//5543 2475//5543 3233//5543
f  3233//5544 2475//5544 2474//5544
f  3233//5545 2474//5545 2536//5545
f  3234//5546 2706//5546 3235//5546
f  3235//5547 2706//5547 2705//5547
f  3235//5548 2705//5548 3236//5548
f  3236//5549 2705//5549 2708//5549
f  3236//5550 2708//5550 3230//5550
f  3230//5551 2708//5551 2710//5551
f  3230//5552 2710//5552 2712//5552
f  2538//5553 3237//5553 2536//5553
f  2536//5554 3237//5554 3238//5554
f  2536//5555 3238//5555 3233//5555
f  2538//5556 2543//5556 3237//5556
f  3237//5557 2543//5557 2542//5557
f  3237//5558 2542//5558 3239//5558
f  3239//5559 2542//5559 2540//5559
f  3239//5560 2540//5560 3240//5560
f  3241//5561 2703//5561 3242//5561
f  3242//5562 2703//5562 2701//5562
f  3242//5563 2701//5563 3243//5563
f  3243//5564 2701//5564 2700//5564
f  3243//5565 2700//5565 3234//5565
f  3234//5566 2700//5566 2707//5566
f  3234//5567 2707//5567 2706//5567
f  2692//5568 2699//5568 3189//5568
f  3189//5569 2699//5569 2697//5569
f  3189//5570 2697//5570 3244//5570
f  3244//5571 2697//5571 2696//5571
f  3244//5572 2696//5572 3241//5572
f  3241//5573 2696//5573 2704//5573
f  3241//5574 2704//5574 2703//5574
f  2540//5575 2539//5575 3240//5575
f  3240//5576 2539//5576 2544//5576
f  3240//5577 2544//5577 3245//5577
f  3245//5578 2544//5578 2546//5578
f  3245//5579 2546//5579 3246//5579
f  3246//5580 2546//5580 2547//5580
f  3246//5581 2547//5581 2407//5581
f  2407//5582 3247//5582 3246//5582
f  3246//5583 3247//5583 3248//5583
f  3246//5584 3248//5584 3245//5584
f  3245//5585 3248//5585 3249//5585
f  3245//5586 3249//5586 3240//5586
f  3240//5587 3249//5587 3250//5587
f  3240//5588 3250//5588 3239//5588
f  3239//5589 3250//5589 3251//5589
f  3239//5590 3251//5590 3237//5590
f  3237//5591 3251//5591 3252//5591
f  3237//5592 3252//5592 3238//5592
f  3238//5593 3252//5593 3253//5593
f  3238//5594 3253//5594 3233//5594
f  3233//5595 3253//5595 3254//5595
f  3233//5596 3254//5596 3232//5596
f  3232//5597 3254//5597 3255//5597
f  3232//5598 3255//5598 3228//5598
f  3228//5599 3255//5599 3256//5599
f  3228//5600 3256//5600 3229//5600
f  3229//5601 3256//5601 3257//5601
f  3229//5602 3257//5602 3224//5602
f  3224//5603 3257//5603 3258//5603
f  3224//5604 3258//5604 3223//5604
f  3223//5605 3258//5605 3259//5605
f  3223//5606 3259//5606 3222//5606
f  3222//5607 3259//5607 3260//5607
f  3222//5608 3260//5608 3217//5608
f  3217//5609 3260//5609 3261//5609
f  3217//5610 3261//5610 3218//5610
f  3218//5611 3261//5611 3262//5611
f  3218//5612 3262//5612 3216//5612
f  3216//5613 3262//5613 3263//5613
f  3216//5614 3263//5614 3213//5614
f  3213//5615 3263//5615 3264//5615
f  3213//5616 3264//5616 3212//5616
f  3212//5617 3264//5617 3265//5617
f  3212//5618 3265//5618 3208//5618
f  3208//5619 3265//5619 3266//5619
f  3208//5620 3266//5620 3207//5620
f  3207//5621 3266//5621 3267//5621
f  3207//5622 3267//5622 3206//5622
f  3206//5623 3267//5623 3268//5623
f  3206//5624 3268//5624 3205//5624
f  3205//5625 3268//5625 3269//5625
f  3205//5626 3269//5626 3200//5626
f  3200//5627 3269//5627 3270//5627
f  3200//5628 3270//5628 3199//5628
f  3199//5629 3270//5629 3271//5629
f  3199//5630 3271//5630 3198//5630
f  3198//5631 3271//5631 3272//5631
f  3198//5632 3272//5632 3194//5632
f  3194//5633 3272//5633 3273//5633
f  3194//5634 3273//5634 3193//5634
f  3193//5635 3273//5635 3274//5635
f  3193//5636 3274//5636 3192//5636
f  3192//5637 3274//5637 3275//5637
f  3192//5638 3275//5638 3190//5638
f  3190//5639 3275//5639 3186//5639
f  3190//5640 3186//5640 3161//5640
f  3161//5641 3186//5641 3162//5641
f  3247//5642 3187//5642 3248//5642
f  3248//5643 3187//5643 3189//5643
f  3248//5644 3189//5644 3249//5644
f  3249//5645 3189//5645 3244//5645
f  3249//5646 3244//5646 3250//5646
f  3250//5647 3244//5647 3241//5647
f  3250//5648 3241//5648 3251//5648
f  3251//5649 3241//5649 3242//5649
f  3251//5650 3242//5650 3252//5650
f  3252//5651 3242//5651 3243//5651
f  3252//5652 3243//5652 3253//5652
f  3253//5653 3243//5653 3234//5653
f  3253//5654 3234//5654 3254//5654
f  3254//5655 3234//5655 3235//5655
f  3254//5656 3235//5656 3255//5656
f  3255//5657 3235//5657 3236//5657
f  3255//5658 3236//5658 3256//5658
f  3256//5659 3236//5659 3230//5659
f  3256//5660 3230//5660 3257//5660
f  3257//5661 3230//5661 3231//5661
f  3257//5662 3231//5662 3258//5662
f  3258//5663 3231//5663 3225//5663
f  3258//5664 3225//5664 3259//5664
f  3259//5665 3225//5665 3226//5665
f  3259//5666 3226//5666 3260//5666
f  3260//5667 3226//5667 3227//5667
f  3260//5668 3227//5668 3261//5668
f  3261//5669 3227//5669 3219//5669
f  3261//5670 3219//5670 3262//5670
f  3262//5671 3219//5671 3220//5671
f  3262//5672 3220//5672 3263//5672
f  3263//5673 3220//5673 3221//5673
f  3263//5674 3221//5674 3264//5674
f  3264//5675 3221//5675 3215//5675
f  3264//5676 3215//5676 3265//5676
f  3265//5677 3215//5677 3214//5677
f  3265//5678 3214//5678 3266//5678
f  3266//5679 3214//5679 3209//5679
f  3266//5680 3209//5680 3267//5680
f  3267//5681 3209//5681 3210//5681
f  3267//5682 3210//5682 3268//5682
f  3268//5683 3210//5683 3211//5683
f  3268//5684 3211//5684 3269//5684
f  3269//5685 3211//5685 3201//5685
f  3269//5686 3201//5686 3270//5686
f  3270//5687 3201//5687 3202//5687
f  3270//5688 3202//5688 3271//5688
f  3271//5689 3202//5689 3203//5689
f  3271//5690 3203//5690 3272//5690
f  3272//5691 3203//5691 3204//5691
f  3272//5692 3204//5692 3273//5692
f  3273//5693 3204//5693 3195//5693
f  3273//5694 3195//5694 3274//5694
f  3274//5695 3195//5695 3196//5695
f  3274//5696 3196//5696 3275//5696
f  3275//5697 3196//5697 3197//5697
f  3275//5698 3197//5698 3186//5698
f  3186//5699 3197//5699 3191//5699
f  3186//5700 3191//5700 3157//5700
f  3157//5701 3191//5701 3155//5701
f  3187//5702 3247//5702 3276//5702
f  3167//5703 2606//5703 2605//5703
f  3178//5704 3180//5704 3277//5704
f  3277//5705 3180//5705 3182//5705
f  3277//5706 3182//5706 3167//5706
f  3170//5707 3174//5707 3278//5707
f  3278//5708 3174//5708 3176//5708
f  3171//5709 3173//5709 3279//5709
f  3279//5710 3173//5710 3168//5710
f  2459//5711 2379//5711 3280//5711
f  3280//5712 2379//5712 2378//5712
f  3280//5713 2378//5713 3281//5713
f  3281//5714 2378//5714 2383//5714
f  3281//5715 2383//5715 3279//5715
f  3279//5716 2383//5716 2385//5716
f  3279//5717 2385//5717 3171//5717
f  3171//5718 2385//5718 2386//5718
f  3171//5719 2386//5719 2387//5719
f  2459//5720 3280//5720 2372//5720
f  2372//5721 3280//5721 3282//5721
f  2372//5722 3282//5722 2373//5722
f  3167//5723 2605//5723 3277//5723
f  3277//5724 2605//5724 2658//5724
f  3277//5725 2658//5725 3283//5725
f  3283//5726 2658//5726 2657//5726
f  3283//5727 2657//5727 3284//5727
f  3284//5728 2657//5728 2656//5728
f  3284//5729 2656//5729 3285//5729
f  3285//5730 2656//5730 2655//5730
f  3285//5731 2655//5731 3286//5731
f  2373//5732 3282//5732 2375//5732
f  2375//5733 3282//5733 3287//5733
f  2375//5734 3287//5734 2376//5734
f  2376//5735 3287//5735 2370//5735
f  2370//5736 3287//5736 3288//5736
f  2370//5737 3288//5737 2371//5737
f  3289//5738 2368//5738 3288//5738
f  3288//5739 2368//5739 2367//5739
f  3288//5740 2367//5740 2371//5740
f  2655//5741 2664//5741 3286//5741
f  3286//5742 2664//5742 2663//5742
f  3286//5743 2663//5743 3290//5743
f  3290//5744 2663//5744 2662//5744
f  3290//5745 2662//5745 3291//5745
f  3291//5746 2662//5746 2670//5746
f  3291//5747 2670//5747 3292//5747
f  3292//5748 2670//5748 2669//5748
f  3292//5749 2669//5749 3293//5749
f  2355//5750 2360//5750 3294//5750
f  3294//5751 2360//5751 2362//5751
f  3294//5752 2362//5752 3295//5752
f  3295//5753 2362//5753 2365//5753
f  3295//5754 2365//5754 3296//5754
f  3296//5755 2365//5755 2364//5755
f  3296//5756 2364//5756 3289//5756
f  3289//5757 2364//5757 2363//5757
f  3289//5758 2363//5758 2368//5758
f  2669//5759 2668//5759 3293//5759
f  3293//5760 2668//5760 2667//5760
f  3293//5761 2667//5761 3297//5761
f  3297//5762 2667//5762 2666//5762
f  3297//5763 2666//5763 3298//5763
f  3298//5764 2666//5764 2603//5764
f  3298//5765 2603//5765 3299//5765
f  2355//5766 3294//5766 2356//5766
f  2356//5767 3294//5767 3300//5767
f  2356//5768 3300//5768 3301//5768
f  2350//5769 2359//5769 3301//5769
f  3301//5770 2359//5770 2358//5770
f  3301//5771 2358//5771 2356//5771
f  2603//5772 2602//5772 3299//5772
f  3299//5773 2602//5773 2675//5773
f  3299//5774 2675//5774 3302//5774
f  3302//5775 2675//5775 2674//5775
f  3302//5776 2674//5776 3303//5776
f  3301//5777 3304//5777 2350//5777
f  2350//5778 3304//5778 3305//5778
f  2350//5779 3305//5779 2351//5779
f  2351//5780 3305//5780 3306//5780
f  2351//5781 3306//5781 2353//5781
f  2674//5782 2672//5782 3303//5782
f  3303//5783 2672//5783 2671//5783
f  3303//5784 2671//5784 3307//5784
f  3307//5785 2671//5785 2680//5785
f  2353//5786 3306//5786 2354//5786
f  2354//5787 3306//5787 3308//5787
f  2354//5788 3308//5788 2304//5788
f  2679//5789 3309//5789 2680//5789
f  2680//5790 3309//5790 3310//5790
f  2680//5791 3310//5791 3307//5791
f  2304//5792 3308//5792 2305//5792
f  2305//5793 3308//5793 3311//5793
f  2305//5794 3311//5794 2346//5794
f  2346//5795 3311//5795 3312//5795
f  2346//5796 3312//5796 2347//5796
f  2679//5797 2677//5797 3309//5797
f  3309//5798 2677//5798 2676//5798
f  3309//5799 2676//5799 3313//5799
f  3313//5800 2676//5800 2681//5800
f  2600//5801 3314//5801 2681//5801
f  2681//5802 3314//5802 3315//5802
f  2681//5803 3315//5803 3313//5803
f  2347//5804 3312//5804 2349//5804
f  2349//5805 3312//5805 3316//5805
f  2349//5806 3316//5806 2345//5806
f  2345//5807 3316//5807 3317//5807
f  2345//5808 3317//5808 2344//5808
f  2600//5809 2599//5809 3314//5809
f  3314//5810 2599//5810 2686//5810
f  3314//5811 2686//5811 3318//5811
f  3318//5812 2686//5812 2685//5812
f  3318//5813 2685//5813 3319//5813
f  2344//5814 3317//5814 2342//5814
f  2342//5815 3317//5815 3320//5815
f  2342//5816 3320//5816 2337//5816
f  2337//5817 3320//5817 3321//5817
f  2337//5818 3321//5818 2338//5818
f  2338//5819 3321//5819 2340//5819
f  2340//5820 3321//5820 3322//5820
f  2340//5821 3322//5821 2341//5821
f  2341//5822 3322//5822 3323//5822
f  2341//5823 3323//5823 2333//5823
f  2685//5824 2683//5824 3319//5824
f  3319//5825 2683//5825 2682//5825
f  3319//5826 2682//5826 3324//5826
f  3324//5827 2682//5827 2687//5827
f  3324//5828 2687//5828 3325//5828
f  3325//5829 2687//5829 2597//5829
f  3325//5830 2597//5830 3326//5830
f  2333//5831 3323//5831 2334//5831
f  2334//5832 3323//5832 3327//5832
f  2334//5833 3327//5833 2336//5833
f  2336//5834 3327//5834 3328//5834
f  2336//5835 3328//5835 2329//5835
f  2597//5836 2596//5836 3326//5836
f  3326//5837 2596//5837 2690//5837
f  3326//5838 2690//5838 3329//5838
f  3329//5839 2690//5839 2689//5839
f  2695//5840 3330//5840 2689//5840
f  2689//5841 3330//5841 3331//5841
f  2689//5842 3331//5842 3329//5842
f  2329//5843 3328//5843 2330//5843
f  2330//5844 3328//5844 3332//5844
f  2330//5845 3332//5845 2332//5845
f  2332//5846 3332//5846 3333//5846
f  2332//5847 3333//5847 2325//5847
f  2695//5848 2694//5848 3330//5848
f  3330//5849 2694//5849 2693//5849
f  3330//5850 2693//5850 3334//5850
f  3247//5851 2407//5851 3276//5851
f  3276//5852 2407//5852 2328//5852
f  3276//5853 2328//5853 3333//5853
f  3333//5854 2328//5854 2326//5854
f  3333//5855 2326//5855 2325//5855
f  3176//5856 3178//5856 3278//5856
f  3278//5857 3178//5857 3277//5857
f  3278//5858 3277//5858 3335//5858
f  3335//5859 3277//5859 3283//5859
f  3335//5860 3283//5860 3336//5860
f  3336//5861 3283//5861 3284//5861
f  3336//5862 3284//5862 3337//5862
f  3337//5863 3284//5863 3285//5863
f  3337//5864 3285//5864 3338//5864
f  3338//5865 3285//5865 3286//5865
f  3338//5866 3286//5866 3339//5866
f  3339//5867 3286//5867 3290//5867
f  3339//5868 3290//5868 3340//5868
f  3340//5869 3290//5869 3291//5869
f  3340//5870 3291//5870 3341//5870
f  3341//5871 3291//5871 3292//5871
f  3341//5872 3292//5872 3342//5872
f  3342//5873 3292//5873 3293//5873
f  3342//5874 3293//5874 3343//5874
f  3343//5875 3293//5875 3297//5875
f  3343//5876 3297//5876 3344//5876
f  3344//5877 3297//5877 3298//5877
f  3344//5878 3298//5878 3345//5878
f  3345//5879 3298//5879 3299//5879
f  3345//5880 3299//5880 3346//5880
f  3346//5881 3299//5881 3302//5881
f  3346//5882 3302//5882 3347//5882
f  3347//5883 3302//5883 3303//5883
f  3347//5884 3303//5884 3348//5884
f  3348//5885 3303//5885 3307//5885
f  3348//5886 3307//5886 3349//5886
f  3349//5887 3307//5887 3310//5887
f  3349//5888 3310//5888 3350//5888
f  3350//5889 3310//5889 3309//5889
f  3350//5890 3309//5890 3351//5890
f  3351//5891 3309//5891 3313//5891
f  3351//5892 3313//5892 3352//5892
f  3352//5893 3313//5893 3315//5893
f  3352//5894 3315//5894 3353//5894
f  3353//5895 3315//5895 3314//5895
f  3353//5896 3314//5896 3354//5896
f  3354//5897 3314//5897 3318//5897
f  3354//5898 3318//5898 3355//5898
f  3355//5899 3318//5899 3319//5899
f  3355//5900 3319//5900 3356//5900
f  3356//5901 3319//5901 3324//5901
f  3356//5902 3324//5902 3357//5902
f  3357//5903 3324//5903 3325//5903
f  3357//5904 3325//5904 3358//5904
f  3358//5905 3325//5905 3326//5905
f  3358//5906 3326//5906 3359//5906
f  3359//5907 3326//5907 3329//5907
f  3359//5908 3329//5908 3360//5908
f  3360//5909 3329//5909 3331//5909
f  3360//5910 3331//5910 3361//5910
f  3361//5911 3331//5911 3330//5911
f  3361//5912 3330//5912 3362//5912
f  3362//5913 3330//5913 3334//5913
f  3362//5914 3334//5914 3188//5914
f  3188//5915 3334//5915 2693//5915
f  3188//5916 2693//5916 2692//5916
f  3188//5917 3187//5917 3362//5917
f  3362//5918 3187//5918 3276//5918
f  3362//5919 3276//5919 3361//5919
f  3361//5920 3276//5920 3333//5920
f  3361//5921 3333//5921 3360//5921
f  3360//5922 3333//5922 3332//5922
f  3360//5923 3332//5923 3359//5923
f  3359//5924 3332//5924 3328//5924
f  3359//5925 3328//5925 3358//5925
f  3358//5926 3328//5926 3327//5926
f  3358//5927 3327//5927 3357//5927
f  3357//5928 3327//5928 3323//5928
f  3357//5929 3323//5929 3356//5929
f  3356//5930 3323//5930 3322//5930
f  3356//5931 3322//5931 3355//5931
f  3355//5932 3322//5932 3321//5932
f  3355//5933 3321//5933 3354//5933
f  3354//5934 3321//5934 3320//5934
f  3354//5935 3320//5935 3353//5935
f  3353//5936 3320//5936 3317//5936
f  3353//5937 3317//5937 3352//5937
f  3352//5938 3317//5938 3316//5938
f  3352//5939 3316//5939 3351//5939
f  3351//5940 3316//5940 3312//5940
f  3351//5941 3312//5941 3350//5941
f  3350//5942 3312//5942 3311//5942
f  3350//5943 3311//5943 3349//5943
f  3349//5944 3311//5944 3308//5944
f  3349//5945 3308//5945 3348//5945
f  3348//5946 3308//5946 3306//5946
f  3348//5947 3306//5947 3347//5947
f  3347//5948 3306//5948 3305//5948
f  3347//5949 3305//5949 3346//5949
f  3346//5950 3305//5950 3304//5950
f  3346//5951 3304//5951 3345//5951
f  3345//5952 3304//5952 3301//5952
f  3345//5953 3301//5953 3344//5953
f  3344//5954 3301//5954 3300//5954
f  3344//5955 3300//5955 3343//5955
f  3343//5956 3300//5956 3294//5956
f  3343//5957 3294//5957 3342//5957
f  3342//5958 3294//5958 3295//5958
f  3342//5959 3295//5959 3341//5959
f  3341//5960 3295//5960 3296//5960
f  3341//5961 3296//5961 3340//5961
f  3340//5962 3296//5962 3289//5962
f  3340//5963 3289//5963 3339//5963
f  3339//5964 3289//5964 3288//5964
f  3339//5965 3288//5965 3338//5965
f  3338//5966 3288//5966 3287//5966
f  3338//5967 3287//5967 3337//5967
f  3337//5968 3287//5968 3282//5968
f  3337//5969 3282//5969 3336//5969
f  3336//5970 3282//5970 3280//5970
f  3336//5971 3280//5971 3335//5971
f  3335//5972 3280//5972 3281//5972
f  3335//5973 3281//5973 3278//5973
f  3278//5974 3281//5974 3279//5974
f  3278//5975 3279//5975 3170//5975
f  3170//5976 3279//5976 3168//5976
f  2761//5977 2760//5977 3363//5977
f  2612//5978 2775//5978 3364//5978
f  3364//5979 2775//5979 2774//5979
f  3364//5980 2774//5980 3365//5980
f  3365//5981 2774//5981 2773//5981
f  3365//5982 2773//5982 3366//5982
f  3366//5983 2773//5983 2772//5983
f  3366//5984 2772//5984 3367//5984
f  2612//5985 3364//5985 3368//5985
f  3368//5986 3364//5986 3365//5986
f  3368//5987 3365//5987 3369//5987
f  3369//5988 3365//5988 3366//5988
f  3369//5989 3366//5989 3370//5989
f  3370//5990 3366//5990 3367//5990
f  3370//5991 3367//5991 3371//5991
f  3107//5992 3105//5992 3371//5992
f  3371//5993 3105//5993 3104//5993
f  3371//5994 3104//5994 3370//5994
f  3370//5995 3104//5995 3102//5995
f  3370//5996 3102//5996 3369//5996
f  3369//5997 3102//5997 3103//5997
f  3369//5998 3103//5998 3368//5998
f  3368//5999 3103//5999 2612//5999
f  3372//6000 3096//6000 3108//6000
f  3108//6001 3107//6001 3372//6001
f  3372//6002 3107//6002 3371//6002
f  3372//6003 3371//6003 3363//6003
f  3363//6004 3371//6004 3367//6004
f  3363//6005 3367//6005 2761//6005
f  2761//6006 3367//6006 2772//6006
f  3097//6007 3096//6007 3373//6007
f  3373//6008 3096//6008 3372//6008
f  3373//6009 3372//6009 3374//6009
f  3374//6010 3372//6010 3363//6010
f  3374//6011 3363//6011 2768//6011
f  2768//6012 3363//6012 2760//6012
f  3099//6013 3097//6013 3375//6013
f  3375//6014 3097//6014 3373//6014
f  3375//6015 3373//6015 3376//6015
f  3376//6016 3373//6016 3374//6016
f  3376//6017 3374//6017 2765//6017
f  2765//6018 3374//6018 2768//6018
f  3090//6019 3099//6019 3375//6019
f  3091//6020 3090//6020 3377//6020
f  3377//6021 3090//6021 3375//6021
f  3377//6022 3375//6022 3378//6022
f  3378//6023 3375//6023 3376//6023
f  3378//6024 3376//6024 2776//6024
f  2776//6025 3376//6025 2765//6025
f  2806//6026 2805//6026 3379//6026
f  3092//6027 3091//6027 3380//6027
f  3380//6028 3091//6028 3377//6028
f  3380//6029 3377//6029 3381//6029
f  3381//6030 3377//6030 3378//6030
f  3381//6031 3378//6031 2810//6031
f  2810//6032 3378//6032 2776//6032
f  3093//6033 3092//6033 3382//6033
f  3382//6034 3092//6034 3380//6034
f  3382//6035 3380//6035 3383//6035
f  3383//6036 3380//6036 3381//6036
f  3383//6037 3381//6037 2808//6037
f  2808//6038 3381//6038 2810//6038
f  3095//6039 3093//6039 3384//6039
f  3384//6040 3093//6040 3382//6040
f  3384//6041 3382//6041 3379//6041
f  3379//6042 3382//6042 3383//6042
f  3379//6043 3383//6043 2806//6043
f  2806//6044 3383//6044 2808//6044
f  3166//6045 3095//6045 3385//6045
f  3385//6046 3095//6046 3384//6046
f  3385//6047 3384//6047 3386//6047
f  3386//6048 3384//6048 3379//6048
f  3386//6049 3379//6049 2780//6049
f  2780//6050 3379//6050 2805//6050
f  3088//6051 3166//6051 3387//6051
f  3387//6052 3166//6052 3385//6052
f  3387//6053 3385//6053 3388//6053
f  3388//6054 3385//6054 3386//6054
f  3388//6055 3386//6055 2785//6055
f  2785//6056 3386//6056 2780//6056
f  3388//6057 2785//6057 2783//6057
f  3387//6058 3388//6058 3389//6058
f  3390//6059 3081//6059 3391//6059
f  3391//6060 3081//6060 3088//6060
f  3391//6061 3088//6061 3387//6061
f  3387//6062 3389//6062 3391//6062
f  3391//6063 3389//6063 3392//6063
f  3391//6064 3392//6064 3390//6064
f  3390//6065 3392//6065 3393//6065
f  3390//6066 3393//6066 3394//6066
f  3080//6067 3079//6067 3394//6067
f  3394//6068 3079//6068 3083//6068
f  3394//6069 3083//6069 3390//6069
f  3390//6070 3083//6070 3082//6070
f  3390//6071 3082//6071 3081//6071
f  3388//6072 2783//6072 3389//6072
f  3389//6073 2783//6073 2782//6073
f  3389//6074 2782//6074 3392//6074
f  3392//6075 2782//6075 2790//6075
f  3392//6076 2790//6076 3393//6076
f  3393//6077 2790//6077 2794//6077
f  3393//6078 2794//6078 2804//6078
f  3069//6079 3080//6079 3395//6079
f  3395//6080 3080//6080 3394//6080
f  3395//6081 3394//6081 3396//6081
f  3396//6082 3394//6082 3393//6082
f  3396//6083 3393//6083 3397//6083
f  3397//6084 3393//6084 2804//6084
f  2803//6085 2802//6085 3398//6085
f  3398//6086 2802//6086 2801//6086
f  3398//6087 2801//6087 3399//6087
f  3399//6088 2801//6088 2800//6088
f  3399//6089 2800//6089 3400//6089
f  3062//6090 3069//6090 3395//6090
f  3062//6091 3395//6091 3063//6091
f  3063//6092 3395//6092 3398//6092
f  3063//6093 3398//6093 3064//6093
f  3064//6094 3398//6094 3399//6094
f  3064//6095 3399//6095 3065//6095
f  3065//6096 3399//6096 3400//6096
f  3065//6097 3400//6097 3052//6097
f  2804//6098 2803//6098 3397//6098
f  3397//6099 2803//6099 3398//6099
f  3397//6100 3398//6100 3396//6100
f  3396//6101 3398//6101 3395//6101
f  3400//6102 2800//6102 2799//6102
f  3047//6103 3052//6103 3401//6103
f  3401//6104 3052//6104 3400//6104
f  3400//6105 2799//6105 3401//6105
f  3401//6106 2799//6106 2798//6106
f  3401//6107 2798//6107 3402//6107
f  3048//6108 3047//6108 3403//6108
f  3403//6109 3047//6109 3401//6109
f  3403//6110 3401//6110 3404//6110
f  3404//6111 3401//6111 3402//6111
f  3405//6112 3406//6112 3403//6112
f  2798//6113 2814//6113 3402//6113
f  3402//6114 2814//6114 3405//6114
f  3402//6115 3405//6115 3404//6115
f  3404//6116 3405//6116 3403//6116
f  3406//6117 3046//6117 3403//6117
f  3403//6118 3046//6118 3049//6118
f  3403//6119 3049//6119 3048//6119
f  3037//6120 3046//6120 3407//6120
f  3407//6121 3046//6121 3406//6121
f  3407//6122 3406//6122 3408//6122
f  3408//6123 3406//6123 3405//6123
f  3408//6124 3405//6124 2826//6124
f  2826//6125 3405//6125 2814//6125
f  3036//6126 3037//6126 3407//6126
f  2824//6127 2819//6127 3409//6127
f  3409//6128 2819//6128 3410//6128
f  3409//6129 3410//6129 3411//6129
f  3411//6130 3410//6130 3412//6130
f  3411//6131 3412//6131 3030//6131
f  3030//6132 3412//6132 3031//6132
f  2825//6133 2824//6133 3413//6133
f  3413//6134 2824//6134 3409//6134
f  3413//6135 3409//6135 3414//6135
f  3414//6136 3409//6136 3411//6136
f  3414//6137 3411//6137 3034//6137
f  3034//6138 3411//6138 3030//6138
f  3036//6139 3407//6139 3035//6139
f  2826//6140 2825//6140 3408//6140
f  3408//6141 2825//6141 3413//6141
f  3408//6142 3413//6142 3407//6142
f  3407//6143 3413//6143 3414//6143
f  3407//6144 3414//6144 3035//6144
f  3035//6145 3414//6145 3034//6145
f  3410//6146 2819//6146 2817//6146
f  3412//6147 3410//6147 3415//6147
f  3031//6148 3412//6148 3416//6148
f  3410//6149 2817//6149 3415//6149
f  3415//6150 2817//6150 2823//6150
f  3415//6151 2823//6151 3417//6151
f  3031//6152 3416//6152 3042//6152
f  3042//6153 3416//6153 3418//6153
f  3042//6154 3418//6154 3038//6154
f  2823//6155 2822//6155 3417//6155
f  3417//6156 2822//6156 3419//6156
f  3417//6157 3419//6157 3420//6157
f  3412//6158 3415//6158 3416//6158
f  3416//6159 3415//6159 3417//6159
f  3416//6160 3417//6160 3418//6160
f  3418//6161 3417//6161 3420//6161
f  3418//6162 3420//6162 3421//6162
f  3421//6163 3041//6163 3418//6163
f  3418//6164 3041//6164 3039//6164
f  3418//6165 3039//6165 3038//6165
f  2821//6166 2813//6166 3422//6166
f  3422//6167 2813//6167 3423//6167
f  3422//6168 3423//6168 3059//6168
f  3059//6169 3423//6169 3057//6169
f  3059//6170 3060//6170 3422//6170
f  3422//6171 3060//6171 3041//6171
f  3422//6172 3041//6172 3421//6172
f  2822//6173 2821//6173 3419//6173
f  3419//6174 2821//6174 3422//6174
f  3419//6175 3422//6175 3420//6175
f  3420//6176 3422//6176 3421//6176
f  3055//6177 3057//6177 3424//6177
f  3424//6178 3057//6178 3423//6178
f  3424//6179 3423//6179 2858//6179
f  2858//6180 3423//6180 2813//6180
f  3053//6181 3055//6181 3425//6181
f  3425//6182 3055//6182 3424//6182
f  3425//6183 3424//6183 2859//6183
f  2859//6184 3424//6184 2858//6184
f  3070//6185 3053//6185 3426//6185
f  3426//6186 3053//6186 3425//6186
f  2854//6187 3427//6187 2856//6187
f  2856//6188 3427//6188 3426//6188
f  2856//6189 3426//6189 2857//6189
f  2857//6190 3426//6190 3425//6190
f  2857//6191 3425//6191 2859//6191
f  2854//6192 2853//6192 3428//6192
f  2854//6193 3428//6193 3427//6193
f  3427//6194 3428//6194 3429//6194
f  3427//6195 3429//6195 3430//6195
f  3070//6196 3426//6196 3071//6196
f  3071//6197 3426//6197 3427//6197
f  3071//6198 3427//6198 3073//6198
f  3073//6199 3427//6199 3430//6199
f  3073//6200 3430//6200 3076//6200
f  3145//6201 3144//6201 3431//6201
f  2828//6202 2844//6202 3432//6202
f  3142//6203 3141//6203 3433//6203
f  3433//6204 3141//6204 3076//6204
f  2853//6205 2833//6205 3428//6205
f  3428//6206 2833//6206 3434//6206
f  3428//6207 3434//6207 3429//6207
f  3429//6208 3434//6208 3433//6208
f  3429//6209 3433//6209 3430//6209
f  3430//6210 3433//6210 3076//6210
f  3144//6211 3142//6211 3431//6211
f  3431//6212 3142//6212 3433//6212
f  3431//6213 3433//6213 3435//6213
f  3435//6214 3433//6214 3434//6214
f  3435//6215 3434//6215 2832//6215
f  2832//6216 3434//6216 2833//6216
f  3138//6217 3145//6217 3436//6217
f  3436//6218 3145//6218 3431//6218
f  3436//6219 3431//6219 3432//6219
f  3432//6220 3431//6220 3435//6220
f  3432//6221 3435//6221 2828//6221
f  2828//6222 3435//6222 2832//6222
f  3140//6223 3138//6223 3437//6223
f  3437//6224 3138//6224 3436//6224
f  3437//6225 3436//6225 3438//6225
f  3438//6226 3436//6226 3432//6226
f  3438//6227 3432//6227 2837//6227
f  2837//6228 3432//6228 2844//6228
f  3183//6229 3140//6229 3439//6229
f  3439//6230 3140//6230 3437//6230
f  3439//6231 3437//6231 3440//6231
f  3440//6232 3437//6232 3438//6232
f  3440//6233 3438//6233 2836//6233
f  2836//6234 3438//6234 2837//6234
f  3120//6235 3183//6235 3441//6235
f  3441//6236 3183//6236 3439//6236
f  3441//6237 3439//6237 3442//6237
f  3442//6238 3439//6238 3440//6238
f  3442//6239 3440//6239 2835//6239
f  2835//6240 3440//6240 2836//6240
f  3116//6241 3117//6241 3443//6241
f  2850//6242 2848//6242 3444//6242
f  3118//6243 3120//6243 3445//6243
f  3445//6244 3120//6244 3441//6244
f  3445//6245 3441//6245 3444//6245
f  3444//6246 3441//6246 3442//6246
f  3444//6247 3442//6247 2850//6247
f  2850//6248 3442//6248 2835//6248
f  3117//6249 3118//6249 3443//6249
f  3443//6250 3118//6250 3445//6250
f  3443//6251 3445//6251 3446//6251
f  3446//6252 3445//6252 3444//6252
f  3446//6253 3444//6253 2846//6253
f  2846//6254 3444//6254 2848//6254
f  3115//6255 3116//6255 3447//6255
f  3447//6256 3116//6256 3443//6256
f  3447//6257 3443//6257 3448//6257
f  3448//6258 3443//6258 3446//6258
f  3448//6259 3446//6259 2845//6259
f  2845//6260 3446//6260 2846//6260
f  3114//6261 3115//6261 3447//6261
f  3126//6262 3114//6262 3449//6262
f  3449//6263 3114//6263 3447//6263
f  3449//6264 3447//6264 3450//6264
f  3450//6265 3447//6265 3448//6265
f  3450//6266 3448//6266 2757//6266
f  2757//6267 3448//6267 2845//6267
f  2660//6268 3451//6268 3452//6268
f  3452//6269 3451//6269 3453//6269
f  3452//6270 3453//6270 3454//6270
f  3454//6271 3453//6271 3455//6271
f  3454//6272 3455//6272 3456//6272
f  3456//6273 3455//6273 3457//6273
f  3456//6274 3457//6274 3458//6274
f  3458//6275 2750//6275 3456//6275
f  3456//6276 2750//6276 2744//6276
f  3456//6277 2744//6277 3454//6277
f  3454//6278 2744//6278 2745//6278
f  3454//6279 2745//6279 3452//6279
f  3452//6280 2745//6280 2660//6280
f  3121//6281 3123//6281 3459//6281
f  3459//6282 3123//6282 3128//6282
f  3459//6283 3128//6283 3130//6283
f  2754//6284 2747//6284 3458//6284
f  3458//6285 2747//6285 2751//6285
f  3458//6286 2751//6286 2750//6286
f  3130//6287 3131//6287 3459//6287
f  3459//6288 3131//6288 3460//6288
f  3459//6289 3460//6289 3461//6289
f  3461//6290 3460//6290 3462//6290
f  3450//6291 3462//6291 3449//6291
f  3449//6292 3462//6292 3460//6292
f  3449//6293 3460//6293 3126//6293
f  3126//6294 3460//6294 3131//6294
f  2660//6295 3125//6295 3451//6295
f  3451//6296 3125//6296 3124//6296
f  3451//6297 3124//6297 3453//6297
f  3453//6298 3124//6298 3122//6298
f  3453//6299 3122//6299 3455//6299
f  3455//6300 3122//6300 3121//6300
f  3455//6301 3121//6301 3457//6301
f  3457//6302 3121//6302 3459//6302
f  3457//6303 3459//6303 3458//6303
f  3458//6304 3459//6304 3461//6304
f  3458//6305 3461//6305 2754//6305
f  2754//6306 3461//6306 3462//6306
f  2754//6307 3462//6307 2755//6307
f  2755//6308 3462//6308 3450//6308
f  2755//6309 3450//6309 2757//6309
f  3463//3194 3464//3194 3465//3194
f  3466//3194 3467//3194 3468//3194
f  3469//3194 3470//3194 3471//3194
f  3472//3194 3473//3194 3474//3194
f  3475//3194 3476//3194 3477//3194
f  3463//3194 3478//3194 3464//3194
f  3464//3194 3478//3194 3479//3194
f  3464//3194 3479//3194 3480//3194
f  3479//3194 3481//3194 3480//3194
f  3480//3194 3481//3194 3482//3194
f  3480//3194 3482//3194 3483//3194
f  3483//3194 3482//3194 3484//3194
f  3483//3194 3484//3194 3467//3194
f  3467//3194 3484//3194 3485//3194
f  3467//3194 3485//3194 3468//3194
f  3486//3194 3487//3194 3488//3194
f  3489//3194 3490//3194 3491//3194
f  3492//3194 3493//3194 3494//3194
f  3468//3194 3495//3194 3466//3194
f  3466//3194 3495//3194 3496//3194
f  3466//3194 3496//3194 3487//3194
f  3487//3194 3496//3194 3497//3194
f  3487//3194 3497//3194 3488//3194
f  3469//3194 3498//3194 3470//3194
f  3470//3194 3498//3194 3499//3194
f  3470//3194 3499//3194 3474//3194
f  3474//3194 3499//3194 3500//3194
f  3474//3194 3500//3194 3472//3194
f  3472//3194 3501//3194 3473//3194
f  3473//3194 3501//3194 3502//3194
f  3473//3194 3502//3194 3491//3194
f  3491//3194 3502//3194 3503//3194
f  3491//3194 3503//3194 3489//3194
f  3504//3194 3505//3194 3506//3194
f  3492//3194 3507//3194 3493//3194
f  3493//3194 3507//3194 3508//3194
f  3493//3194 3508//3194 3465//3194
f  3465//3194 3508//3194 3509//3194
f  3465//3194 3509//3194 3463//3194
f  3488//3194 3510//3194 3486//3194
f  3486//3194 3510//3194 3511//3194
f  3486//3194 3511//3194 3512//3194
f  3513//3194 3514//3194 3471//3194
f  3471//3194 3514//3194 3515//3194
f  3471//3194 3515//3194 3469//3194
f  3489//3194 3516//3194 3490//3194
f  3490//3194 3516//3194 3517//3194
f  3490//3194 3517//3194 3518//3194
f  3518//3194 3517//3194 3519//3194
f  3518//3194 3519//3194 3520//3194
f  3521//3194 3522//3194 3476//3194
f  3476//3194 3522//3194 3523//3194
f  3476//3194 3523//3194 3477//3194
f  3477//3194 3524//3194 3475//3194
f  3475//3194 3524//3194 3525//3194
f  3475//3194 3525//3194 3505//3194
f  3505//3194 3525//3194 3526//3194
f  3505//3194 3526//3194 3506//3194
f  3506//3194 3527//3194 3504//3194
f  3504//3194 3527//3194 3528//3194
f  3504//3194 3528//3194 3494//3194
f  3494//3194 3528//3194 3529//3194
f  3494//3194 3529//3194 3492//3194
f  3530//3194 3531//3194 3532//3194
f  3532//3194 3533//3194 3530//3194
f  3530//3194 3533//3194 3534//3194
f  3530//3194 3534//3194 3513//3194
f  3513//3194 3534//3194 3535//3194
f  3513//3194 3535//3194 3514//3194
f  3536//3194 3537//3194 3538//3194
f  3538//3194 3539//3194 3536//3194
f  3536//3194 3539//3194 3540//3194
f  3536//3194 3540//3194 3521//3194
f  3521//3194 3540//3194 3541//3194
f  3521//3194 3541//3194 3522//3194
f  3511//3194 3542//3194 3512//3194
f  3512//3194 3542//3194 3543//3194
f  3512//3194 3543//3194 3531//3194
f  3531//3194 3543//3194 3544//3194
f  3531//3194 3544//3194 3532//3194
f  3519//3194 3545//3194 3520//3194
f  3520//3194 3545//3194 3546//3194
f  3520//3194 3546//3194 3547//3194
f  3546//3194 3548//3194 3547//3194
f  3547//3194 3548//3194 3549//3194
f  3547//3194 3549//3194 3537//3194
f  3537//3194 3549//3194 3550//3194
f  3537//3194 3550//3194 3538//3194
f  1842//6310 1840//6310 3551//6310
f  1838//6311 3552//6311 1840//6311
f  1840//6312 3552//6312 3553//6312
f  1840//6313 3553//6313 3551//6313
f  1836//6314 3554//6314 1838//6314
f  1838//6315 3554//6315 3555//6315
f  1838//6316 3555//6316 3552//6316
f  1834//6317 3556//6317 1836//6317
f  1836//6318 3556//6318 3557//6318
f  1836//6319 3557//6319 3554//6319
f  1832//6320 3558//6320 1834//6320
f  1834//6321 3558//6321 3559//6321
f  1834//6322 3559//6322 3556//6322
f  1830//6323 3560//6323 1832//6323
f  1832//6324 3560//6324 3561//6324
f  1832//6325 3561//6325 3558//6325
f  1828//6326 3562//6326 1830//6326
f  1830//6327 3562//6327 3563//6327
f  1830//6328 3563//6328 3560//6328
f  1826//6329 3564//6329 1828//6329
f  1828//2986 3564//2986 3565//2986
f  1828//6330 3565//6330 3562//6330
f  1824//6331 3566//6331 1826//6331
f  1826//6332 3566//6332 3567//6332
f  1826//6333 3567//6333 3564//6333
f  1822//6334 3568//6334 1824//6334
f  1824//6335 3568//6335 3569//6335
f  1824//6336 3569//6336 3566//6336
f  1820//6337 3570//6337 1822//6337
f  1822//6338 3570//6338 3571//6338
f  1822//6339 3571//6339 3568//6339
f  1818//6340 3572//6340 1820//6340
f  1820//6341 3572//6341 3573//6341
f  1820//6342 3573//6342 3570//6342
f  1816//6343 3574//6343 1818//6343
f  1818//6344 3574//6344 3575//6344
f  1818//6345 3575//6345 3572//6345
f  1814//6346 3576//6346 1816//6346
f  1816//6347 3576//6347 3577//6347
f  1816//6348 3577//6348 3574//6348
f  1812//6349 3578//6349 1814//6349
f  1814//6350 3578//6350 3579//6350
f  1814//6351 3579//6351 3576//6351
f  1811//6352 3580//6352 1812//6352
f  1812//6353 3580//6353 3581//6353
f  1812//6354 3581//6354 3578//6354
f  1866//6355 3582//6355 1811//6355
f  1811//6356 3582//6356 3583//6356
f  1811//6357 3583//6357 3580//6357
f  1864//6358 3584//6358 1866//6358
f  1866//6359 3584//6359 3585//6359
f  1866//6360 3585//6360 3582//6360
f  1862//6361 3586//6361 1864//6361
f  1864//6362 3586//6362 3587//6362
f  1864//6363 3587//6363 3584//6363
f  1860//6364 3588//6364 1862//6364
f  1862//6365 3588//6365 3589//6365
f  1862//6366 3589//6366 3586//6366
f  1858//6367 3590//6367 1860//6367
f  1860//6368 3590//6368 3591//6368
f  1860//6369 3591//6369 3588//6369
f  1856//6370 3592//6370 1858//6370
f  1858//6371 3592//6371 3593//6371
f  1858//6372 3593//6372 3590//6372
f  1854//6373 3594//6373 1856//6373
f  1856//6374 3594//6374 3595//6374
f  1856//6375 3595//6375 3592//6375
f  1852//6376 3596//6376 1854//6376
f  1854//6377 3596//6377 3597//6377
f  1854//6378 3597//6378 3594//6378
f  1850//6379 3598//6379 1852//6379
f  1852//6380 3598//6380 3599//6380
f  1852//6381 3599//6381 3596//6381
f  1848//6382 3600//6382 1850//6382
f  1850//6383 3600//6383 3601//6383
f  1850//6384 3601//6384 3598//6384
f  1846//6385 3602//6385 1848//6385
f  1848//6386 3602//6386 3603//6386
f  1848//6387 3603//6387 3600//6387
f  1844//6388 3604//6388 1846//6388
f  1846//6389 3604//6389 3605//6389
f  1846//6390 3605//6390 3602//6390
f  3551//6391 3606//6391 1842//6391
f  1842//6392 3606//6392 3607//6392
f  1842//6393 3607//6393 1844//6393
f  1844//6394 3607//6394 3608//6394
f  1844//6395 3608//6395 3604//6395
f  3609//6396 1755//6396 1753//6396
f  1751//6397 3610//6397 1753//6397
f  1753//6398 3610//6398 3611//6398
f  1753//6399 3611//6399 3609//6399
f  1749//6400 3612//6400 1751//6400
f  1751//6401 3612//6401 3613//6401
f  1751//6402 3613//6402 3610//6402
f  1747//6403 3614//6403 1749//6403
f  1749//6404 3614//6404 3615//6404
f  1749//6405 3615//6405 3612//6405
f  1745//6406 3616//6406 1747//6406
f  1747//6407 3616//6407 3617//6407
f  1747//6408 3617//6408 3614//6408
f  1743//6409 3618//6409 1745//6409
f  1745//6410 3618//6410 3619//6410
f  1745//6411 3619//6411 3616//6411
f  1741//6412 3620//6412 1743//6412
f  1743//6413 3620//6413 3621//6413
f  1743//6414 3621//6414 3618//6414
f  1739//6415 3622//6415 1741//6415
f  1741//3194 3622//3194 3623//3194
f  1741//6416 3623//6416 3620//6416
f  1737//6417 3624//6417 1739//6417
f  1739//6418 3624//6418 3625//6418
f  1739//6419 3625//6419 3622//6419
f  1735//6420 3626//6420 1737//6420
f  1737//6421 3626//6421 3627//6421
f  1737//6422 3627//6422 3624//6422
f  1733//6423 3628//6423 1735//6423
f  1735//6424 3628//6424 3629//6424
f  1735//6425 3629//6425 3626//6425
f  1731//6426 3630//6426 1733//6426
f  1733//6427 3630//6427 3631//6427
f  1733//6428 3631//6428 3628//6428
f  1729//6429 3632//6429 1731//6429
f  1731//6430 3632//6430 3633//6430
f  1731//6431 3633//6431 3630//6431
f  1727//6432 3634//6432 1729//6432
f  1729//6433 3634//6433 3635//6433
f  1729//6434 3635//6434 3632//6434
f  1725//6435 3636//6435 1727//6435
f  1727//6436 3636//6436 3637//6436
f  1727//6437 3637//6437 3634//6437
f  1724//6438 3638//6438 1725//6438
f  1725//6439 3638//6439 3639//6439
f  1725//6440 3639//6440 3636//6440
f  1779//6441 3640//6441 1724//6441
f  1724//6442 3640//6442 3641//6442
f  1724//6443 3641//6443 3638//6443
f  1777//6444 3642//6444 1779//6444
f  1779//6445 3642//6445 3643//6445
f  1779//6446 3643//6446 3640//6446
f  1775//6447 3644//6447 1777//6447
f  1777//6448 3644//6448 3645//6448
f  1777//6449 3645//6449 3642//6449
f  1773//6450 3646//6450 1775//6450
f  1775//6451 3646//6451 3647//6451
f  1775//6452 3647//6452 3644//6452
f  1771//6453 3648//6453 1773//6453
f  1773//6454 3648//6454 3649//6454
f  1773//6455 3649//6455 3646//6455
f  1769//6456 3650//6456 1771//6456
f  1771//6457 3650//6457 3651//6457
f  1771//6458 3651//6458 3648//6458
f  1767//6459 3652//6459 1769//6459
f  1769//6460 3652//6460 3653//6460
f  1769//4423 3653//4423 3650//4423
f  1765//6461 3654//6461 1767//6461
f  1767//6462 3654//6462 3655//6462
f  1767//6463 3655//6463 3652//6463
f  1763//6464 3656//6464 1765//6464
f  1765//6465 3656//6465 3657//6465
f  1765//6466 3657//6466 3654//6466
f  1761//6467 3658//6467 1763//6467
f  1763//6468 3658//6468 3659//6468
f  1763//6469 3659//6469 3656//6469
f  1759//6470 3660//6470 1761//6470
f  1761//6471 3660//6471 3661//6471
f  1761//6472 3661//6472 3658//6472
f  1757//6473 3662//6473 1759//6473
f  1759//6474 3662//6474 3663//6474
f  1759//6475 3663//6475 3660//6475
f  3609//6476 3664//6476 1755//6476
f  1755//6477 3664//6477 3665//6477
f  1755//6478 3665//6478 1757//6478
f  1757//6479 3665//6479 3666//6479
f  1757//6480 3666//6480 3662//6480
f  1787//6481 3494//6481 1810//6481
f  1810//6482 3494//6482 3493//6482
f  1810//6483 3493//6483 1781//6483
f  1781//6484 3493//6484 3465//6484
f  1781//6485 3465//6485 1809//6485
f  1809//6486 3465//6486 3464//6486
f  1809//6487 3464//6487 1808//6487
f  1808//6488 3464//6488 3480//6488
f  1808//6489 3480//6489 1807//6489
f  1807//6490 3480//6490 3483//6490
f  1807//6491 3483//6491 1806//6491
f  1806//6492 3483//6492 3467//6492
f  1806//6493 3467//6493 1805//6493
f  1805//6494 3467//6494 3466//6494
f  1805//6494 3466//6494 1782//6494
f  1782//6495 3466//6495 3487//6495
f  1782//6496 3487//6496 1804//6496
f  1804//6497 3487//6497 3486//6497
f  1804//6498 3486//6498 1803//6498
f  1803//6499 3486//6499 3512//6499
f  1803//6500 3512//6500 1802//6500
f  1802//6501 3512//6501 3531//6501
f  1802//6502 3531//6502 1783//6502
f  1783//6503 3531//6503 3530//6503
f  1783//6504 3530//6504 1801//6504
f  1801//6505 3530//6505 3513//6505
f  1801//6506 3513//6506 1800//6506
f  1800//6507 3513//6507 3471//6507
f  1800//6508 3471//6508 1799//6508
f  1799//6509 3471//6509 3470//6509
f  1799//6510 3470//6510 1798//6510
f  1798//6511 3470//6511 3474//6511
f  1798//6512 3474//6512 1784//6512
f  1784//6513 3474//6513 3473//6513
f  1784//6514 3473//6514 1797//6514
f  1797//6515 3473//6515 3491//6515
f  1797//6516 3491//6516 1796//6516
f  1796//6517 3491//6517 3490//6517
f  1796//6518 3490//6518 1795//6518
f  1795//6519 3490//6519 3518//6519
f  1795//6520 3518//6520 1794//6520
f  1794//6521 3518//6521 3520//6521
f  1794//6522 3520//6522 1793//6522
f  1793//6523 3520//6523 3547//6523
f  1793//6523 3547//6523 1785//6523
f  1785//6524 3547//6524 3537//6524
f  1785//6525 3537//6525 1792//6525
f  1792//6526 3537//6526 3536//6526
f  1792//6527 3536//6527 1791//6527
f  1791//6528 3536//6528 3521//6528
f  1791//6529 3521//6529 1790//6529
f  1790//6530 3521//6530 3476//6530
f  1790//6531 3476//6531 1786//6531
f  1786//6532 3476//6532 3475//6532
f  1786//6533 3475//6533 1789//6533
f  1789//6534 3475//6534 3505//6534
f  1789//6535 3505//6535 1788//6535
f  1788//6536 3505//6536 3504//6536
f  1788//6537 3504//6537 1787//6537
f  1787//6538 3504//6538 3494//6538
f  3667//6539 3515//6539 3668//6539
f  3668//6540 3515//6540 3514//6540
f  3668//6541 3514//6541 3669//6541
f  3669//6542 3514//6542 3535//6542
f  3669//6543 3535//6543 3670//6543
f  3670//6544 3535//6544 3534//6544
f  3670//6545 3534//6545 3671//6545
f  3671//6546 3534//6546 3533//6546
f  3671//6547 3533//6547 3672//6547
f  3672//6548 3533//6548 3532//6548
f  3672//6549 3532//6549 3673//6549
f  3673//6550 3532//6550 3544//6550
f  3673//6551 3544//6551 3674//6551
f  3674//6552 3544//6552 3543//6552
f  3674//6553 3543//6553 3675//6553
f  3675//6554 3543//6554 3542//6554
f  3675//6555 3542//6555 3676//6555
f  3676//6556 3542//6556 3511//6556
f  3676//6557 3511//6557 3677//6557
f  3677//6558 3511//6558 3510//6558
f  3677//6559 3510//6559 3678//6559
f  3678//6560 3510//6560 3488//6560
f  3678//6561 3488//6561 3679//6561
f  3679//6562 3488//6562 3497//6562
f  3679//6563 3497//6563 3680//6563
f  3680//6564 3497//6564 3496//6564
f  3680//6565 3496//6565 3681//6565
f  3681//6566 3496//6566 3495//6566
f  3681//6567 3495//6567 3682//6567
f  3682//6567 3495//6567 3468//6567
f  3682//6568 3468//6568 3683//6568
f  3683//6569 3468//6569 3485//6569
f  3683//6570 3485//6570 3684//6570
f  3684//6571 3485//6571 3484//6571
f  3684//6572 3484//6572 3685//6572
f  3685//6573 3484//6573 3482//6573
f  3685//6574 3482//6574 3686//6574
f  3686//6575 3482//6575 3481//6575
f  3686//6576 3481//6576 3687//6576
f  3687//6577 3481//6577 3479//6577
f  3687//6578 3479//6578 3688//6578
f  3688//6579 3479//6579 3478//6579
f  3688//6580 3478//6580 3689//6580
f  3689//6581 3478//6581 3463//6581
f  3689//6582 3463//6582 3690//6582
f  3690//6583 3463//6583 3509//6583
f  3690//6584 3509//6584 3691//6584
f  3691//6585 3509//6585 3508//6585
f  3691//6586 3508//6586 3692//6586
f  3692//6587 3508//6587 3507//6587
f  3692//6588 3507//6588 3693//6588
f  3693//6589 3507//6589 3492//6589
f  3693//6590 3492//6590 3694//6590
f  3694//6591 3492//6591 3529//6591
f  3694//6592 3529//6592 3695//6592
f  3695//6593 3529//6593 3528//6593
f  3695//6594 3528//6594 3696//6594
f  3696//6595 3528//6595 3527//6595
f  3696//6596 3527//6596 3697//6596
f  3697//6597 3527//6597 3506//6597
f  3697//6598 3506//6598 3698//6598
f  3698//6599 3506//6599 3526//6599
f  3698//6600 3526//6600 3699//6600
f  3699//6601 3526//6601 3525//6601
f  3699//6602 3525//6602 3700//6602
f  3700//6603 3525//6603 3524//6603
f  3700//6604 3524//6604 3701//6604
f  3701//6605 3524//6605 3477//6605
f  3701//6606 3477//6606 3702//6606
f  3702//6607 3477//6607 3523//6607
f  3702//6608 3523//6608 3703//6608
f  3703//6609 3523//6609 3522//6609
f  3703//6610 3522//6610 3704//6610
f  3704//6611 3522//6611 3541//6611
f  3704//6612 3541//6612 3705//6612
f  3705//6613 3541//6613 3540//6613
f  3705//6614 3540//6614 3706//6614
f  3706//6615 3540//6615 3539//6615
f  3706//6616 3539//6616 3707//6616
f  3707//6617 3539//6617 3538//6617
f  3707//6618 3538//6618 3708//6618
f  3708//6619 3538//6619 3550//6619
f  3708//6620 3550//6620 3709//6620
f  3709//6621 3550//6621 3549//6621
f  3709//6622 3549//6622 3710//6622
f  3710//6623 3549//6623 3548//6623
f  3710//6624 3548//6624 3711//6624
f  3711//6624 3548//6624 3546//6624
f  3711//6625 3546//6625 3712//6625
f  3712//6626 3546//6626 3545//6626
f  3712//6627 3545//6627 3713//6627
f  3713//6628 3545//6628 3519//6628
f  3713//6629 3519//6629 3714//6629
f  3714//6630 3519//6630 3517//6630
f  3714//6631 3517//6631 3715//6631
f  3715//6632 3517//6632 3516//6632
f  3715//6633 3516//6633 3716//6633
f  3716//6634 3516//6634 3489//6634
f  3716//6635 3489//6635 3717//6635
f  3717//6636 3489//6636 3503//6636
f  3717//6637 3503//6637 3718//6637
f  3718//6638 3503//6638 3502//6638
f  3718//6639 3502//6639 3719//6639
f  3719//6640 3502//6640 3501//6640
f  3719//6641 3501//6641 3720//6641
f  3720//6642 3501//6642 3472//6642
f  3720//6643 3472//6643 3721//6643
f  3721//6644 3472//6644 3500//6644
f  3721//6645 3500//6645 3722//6645
f  3722//6646 3500//6646 3499//6646
f  3722//6647 3499//6647 3723//6647
f  3723//6648 3499//6648 3498//6648
f  3723//6649 3498//6649 3724//6649
f  3724//6650 3498//6650 3469//6650
f  3724//6651 3469//6651 3667//6651
f  3667//6652 3469//6652 3515//6652
f  3725//6653 3667//6653 3726//6653
f  3726//6654 3667//6654 3668//6654
f  3726//6655 3668//6655 3727//6655
f  3727//6656 3668//6656 3669//6656
f  3727//6657 3669//6657 3728//6657
f  3728//6658 3669//6658 3670//6658
f  3728//6659 3670//6659 3729//6659
f  3729//6660 3670//6660 3671//6660
f  3729//6661 3671//6661 3730//6661
f  3730//6662 3671//6662 3672//6662
f  3730//6663 3672//6663 3731//6663
f  3731//6664 3672//6664 3673//6664
f  3731//6665 3673//6665 3732//6665
f  3732//6666 3673//6666 3674//6666
f  3732//6667 3674//6667 3733//6667
f  3733//6668 3674//6668 3675//6668
f  3733//6669 3675//6669 3734//6669
f  3734//6670 3675//6670 3676//6670
f  3734//6671 3676//6671 3735//6671
f  3735//6672 3676//6672 3677//6672
f  3735//6673 3677//6673 3736//6673
f  3736//6674 3677//6674 3678//6674
f  3736//6675 3678//6675 3737//6675
f  3737//6676 3678//6676 3679//6676
f  3737//6677 3679//6677 3738//6677
f  3738//6678 3679//6678 3680//6678
f  3738//6679 3680//6679 3739//6679
f  3739//6680 3680//6680 3681//6680
f  3739//6681 3681//6681 3740//6681
f  3740//6681 3681//6681 3682//6681
f  3740//6682 3682//6682 3741//6682
f  3741//6683 3682//6683 3683//6683
f  3741//6684 3683//6684 3742//6684
f  3742//6685 3683//6685 3684//6685
f  3742//6686 3684//6686 3743//6686
f  3743//6687 3684//6687 3685//6687
f  3743//6688 3685//6688 3744//6688
f  3744//6689 3685//6689 3686//6689
f  3744//6690 3686//6690 3745//6690
f  3745//6691 3686//6691 3687//6691
f  3745//6692 3687//6692 3746//6692
f  3746//6693 3687//6693 3688//6693
f  3746//6694 3688//6694 3747//6694
f  3747//6695 3688//6695 3689//6695
f  3747//6696 3689//6696 3748//6696
f  3748//6697 3689//6697 3690//6697
f  3748//6698 3690//6698 3749//6698
f  3749//6699 3690//6699 3691//6699
f  3749//6700 3691//6700 3750//6700
f  3750//6701 3691//6701 3692//6701
f  3750//6702 3692//6702 3751//6702
f  3751//6703 3692//6703 3693//6703
f  3751//6704 3693//6704 3752//6704
f  3752//6705 3693//6705 3694//6705
f  3752//6706 3694//6706 3753//6706
f  3753//6707 3694//6707 3695//6707
f  3753//6708 3695//6708 3754//6708
f  3754//6709 3695//6709 3696//6709
f  3754//6710 3696//6710 3755//6710
f  3755//6711 3696//6711 3697//6711
f  3755//6712 3697//6712 3756//6712
f  3756//6713 3697//6713 3698//6713
f  3756//6714 3698//6714 3757//6714
f  3757//6715 3698//6715 3699//6715
f  3757//6716 3699//6716 3758//6716
f  3758//6717 3699//6717 3700//6717
f  3758//6718 3700//6718 3759//6718
f  3759//6719 3700//6719 3701//6719
f  3759//6720 3701//6720 3760//6720
f  3760//6721 3701//6721 3702//6721
f  3760//6722 3702//6722 3761//6722
f  3761//6723 3702//6723 3703//6723
f  3761//6724 3703//6724 3762//6724
f  3762//6725 3703//6725 3704//6725
f  3762//6726 3704//6726 3763//6726
f  3763//6727 3704//6727 3705//6727
f  3763//6728 3705//6728 3764//6728
f  3764//6729 3705//6729 3706//6729
f  3764//6730 3706//6730 3765//6730
f  3765//6731 3706//6731 3707//6731
f  3765//6732 3707//6732 3766//6732
f  3766//6733 3707//6733 3708//6733
f  3766//6734 3708//6734 3767//6734
f  3767//6735 3708//6735 3709//6735
f  3767//6736 3709//6736 3768//6736
f  3768//6737 3709//6737 3710//6737
f  3768//6738 3710//6738 3769//6738
f  3769//6738 3710//6738 3711//6738
f  3769//6739 3711//6739 3770//6739
f  3770//6740 3711//6740 3712//6740
f  3770//6741 3712//6741 3771//6741
f  3771//6742 3712//6742 3713//6742
f  3771//6743 3713//6743 3772//6743
f  3772//6744 3713//6744 3714//6744
f  3772//6745 3714//6745 3773//6745
f  3773//6746 3714//6746 3715//6746
f  3773//6747 3715//6747 3774//6747
f  3774//6748 3715//6748 3716//6748
f  3774//6749 3716//6749 3775//6749
f  3775//6750 3716//6750 3717//6750
f  3775//6751 3717//6751 3776//6751
f  3776//6752 3717//6752 3718//6752
f  3776//6753 3718//6753 3777//6753
f  3777//6754 3718//6754 3719//6754
f  3777//6755 3719//6755 3778//6755
f  3778//6756 3719//6756 3720//6756
f  3778//6757 3720//6757 3779//6757
f  3779//6758 3720//6758 3721//6758
f  3779//6759 3721//6759 3780//6759
f  3780//6760 3721//6760 3722//6760
f  3780//6761 3722//6761 3781//6761
f  3781//6762 3722//6762 3723//6762
f  3781//6763 3723//6763 3782//6763
f  3782//6764 3723//6764 3724//6764
f  3782//6765 3724//6765 3725//6765
f  3725//6766 3724//6766 3667//6766
f  3606//6767 3725//6767 3607//6767
f  3607//6768 3725//6768 3726//6768
f  3607//6769 3726//6769 3608//6769
f  3608//6770 3726//6770 3727//6770
f  3608//6771 3727//6771 3604//6771
f  3604//6772 3727//6772 3728//6772
f  3604//6773 3728//6773 3605//6773
f  3605//6774 3728//6774 3729//6774
f  3605//6775 3729//6775 3602//6775
f  3602//6776 3729//6776 3730//6776
f  3602//6777 3730//6777 3603//6777
f  3603//6778 3730//6778 3731//6778
f  3603//6779 3731//6779 3600//6779
f  3600//6780 3731//6780 3732//6780
f  3600//6781 3732//6781 3601//6781
f  3601//6782 3732//6782 3733//6782
f  3601//6783 3733//6783 3598//6783
f  3598//6784 3733//6784 3734//6784
f  3598//6785 3734//6785 3599//6785
f  3599//6786 3734//6786 3735//6786
f  3599//6787 3735//6787 3596//6787
f  3596//6788 3735//6788 3736//6788
f  3596//6789 3736//6789 3597//6789
f  3597//6790 3736//6790 3737//6790
f  3597//6791 3737//6791 3594//6791
f  3594//6792 3737//6792 3738//6792
f  3594//6793 3738//6793 3595//6793
f  3595//6794 3738//6794 3739//6794
f  3595//6795 3739//6795 3592//6795
f  3592//6795 3739//6795 3740//6795
f  3592//6796 3740//6796 3593//6796
f  3593//6797 3740//6797 3741//6797
f  3593//6798 3741//6798 3590//6798
f  3590//6799 3741//6799 3742//6799
f  3590//6800 3742//6800 3591//6800
f  3591//6801 3742//6801 3743//6801
f  3591//6802 3743//6802 3588//6802
f  3588//6803 3743//6803 3744//6803
f  3588//6804 3744//6804 3589//6804
f  3589//6805 3744//6805 3745//6805
f  3589//6806 3745//6806 3586//6806
f  3586//6807 3745//6807 3746//6807
f  3586//6808 3746//6808 3587//6808
f  3587//6809 3746//6809 3747//6809
f  3587//6810 3747//6810 3584//6810
f  3584//6811 3747//6811 3748//6811
f  3584//6812 3748//6812 3585//6812
f  3585//6813 3748//6813 3749//6813
f  3585//6814 3749//6814 3582//6814
f  3582//6815 3749//6815 3750//6815
f  3582//6816 3750//6816 3583//6816
f  3583//6817 3750//6817 3751//6817
f  3583//6818 3751//6818 3580//6818
f  3580//6819 3751//6819 3752//6819
f  3580//6820 3752//6820 3581//6820
f  3581//6821 3752//6821 3753//6821
f  3581//6822 3753//6822 3578//6822
f  3578//6823 3753//6823 3754//6823
f  3578//6824 3754//6824 3579//6824
f  3579//6825 3754//6825 3755//6825
f  3579//6826 3755//6826 3576//6826
f  3576//6827 3755//6827 3756//6827
f  3576//6828 3756//6828 3577//6828
f  3577//6829 3756//6829 3757//6829
f  3577//6830 3757//6830 3574//6830
f  3574//6831 3757//6831 3758//6831
f  3574//6832 3758//6832 3575//6832
f  3575//6833 3758//6833 3759//6833
f  3575//6834 3759//6834 3572//6834
f  3572//6835 3759//6835 3760//6835
f  3572//6836 3760//6836 3573//6836
f  3573//6837 3760//6837 3761//6837
f  3573//6838 3761//6838 3570//6838
f  3570//6839 3761//6839 3762//6839
f  3570//6840 3762//6840 3571//6840
f  3571//6841 3762//6841 3763//6841
f  3571//6842 3763//6842 3568//6842
f  3568//6843 3763//6843 3764//6843
f  3568//6844 3764//6844 3569//6844
f  3569//6845 3764//6845 3765//6845
f  3569//6846 3765//6846 3566//6846
f  3566//6847 3765//6847 3766//6847
f  3566//6848 3766//6848 3567//6848
f  3567//6849 3766//6849 3767//6849
f  3567//6850 3767//6850 3564//6850
f  3564//6851 3767//6851 3768//6851
f  3564//6852 3768//6852 3565//6852
f  3565//6852 3768//6852 3769//6852
f  3565//6853 3769//6853 3562//6853
f  3562//6854 3769//6854 3770//6854
f  3562//6855 3770//6855 3563//6855
f  3563//6856 3770//6856 3771//6856
f  3563//6857 3771//6857 3560//6857
f  3560//6858 3771//6858 3772//6858
f  3560//6859 3772//6859 3561//6859
f  3561//6860 3772//6860 3773//6860
f  3561//6861 3773//6861 3558//6861
f  3558//6862 3773//6862 3774//6862
f  3558//6863 3774//6863 3559//6863
f  3559//6864 3774//6864 3775//6864
f  3559//6865 3775//6865 3556//6865
f  3556//6866 3775//6866 3776//6866
f  3556//6867 3776//6867 3557//6867
f  3557//6868 3776//6868 3777//6868
f  3557//6869 3777//6869 3554//6869
f  3554//6870 3777//6870 3778//6870
f  3554//6871 3778//6871 3555//6871
f  3555//6872 3778//6872 3779//6872
f  3555//6873 3779//6873 3552//6873
f  3552//6874 3779//6874 3780//6874
f  3552//6875 3780//6875 3553//6875
f  3553//6876 3780//6876 3781//6876
f  3553//6877 3781//6877 3551//6877
f  3551//6878 3781//6878 3782//6878
f  3551//6879 3782//6879 3606//6879
f  3606//6880 3782//6880 3725//6880
f  945//6881 944//6881 1674//6881
f  1008//6882 1009//6882 1712//6882
f  93//6883 92//6883 1687//6883
f  97//6884 105//6884 1694//6884
f  146//6885 147//6885 1645//6885
f  940//6886 943//6886 1676//6886
f  1702//6887 183//6887 182//6887
f  182//6888 189//6888 1702//6888
f  1702//6889 189//6889 190//6889
f  1702//6890 190//6890 1676//6890
f  1676//6891 190//6891 939//6891
f  1676//6892 939//6892 940//6892
f  1677//6893 178//6893 181//6893
f  181//6894 180//6894 1677//6894
f  1677//6895 180//6895 186//6895
f  1677//6896 186//6896 1702//6896
f  1702//6897 186//6897 185//6897
f  1702//6898 185//6898 183//6898
f  171//6899 169//6899 1661//6899
f  1661//6900 169//6900 168//6900
f  168//6901 173//6901 1661//6901
f  1661//6902 173//6902 175//6902
f  1661//6903 175//6903 1677//6903
f  1677//6904 175//6904 176//6904
f  1677//6905 176//6905 178//6905
f  163//6906 161//6906 1660//6906
f  1660//6907 161//6907 160//6907
f  160//6908 165//6908 1660//6908
f  1660//6909 165//6909 167//6909
f  1660//6910 167//6910 1661//6910
f  1661//6911 167//6911 172//6911
f  1661//6912 172//6912 171//6912
f  1646//6913 158//6913 156//6913
f  1646//6914 156//6914 1660//6914
f  1660//6915 156//6915 164//6915
f  1660//6916 164//6916 163//6916
f  147//6917 149//6917 1645//6917
f  1645//6918 149//6918 154//6918
f  1645//6919 154//6919 1646//6919
f  1646//6920 154//6920 153//6920
f  1646//6921 153//6921 151//6921
f  151//6922 150//6922 1646//6922
f  1646//6923 150//6923 159//6923
f  1646//6924 159//6924 158//6924
f  138//6925 143//6925 1653//6925
f  1653//6926 143//6926 142//6926
f  142//6927 141//6927 1653//6927
f  1653//6928 141//6928 140//6928
f  1653//6929 140//6929 1645//6929
f  1645//6930 140//6930 144//6930
f  1645//6931 144//6931 146//6931
f  135//6932 137//6932 1682//6932
f  1682//6933 137//6933 78//6933
f  1682//6934 78//6934 1653//6934
f  1653//6935 78//6935 77//6935
f  1653//6936 77//6936 138//6936
f  1668//6937 134//6937 132//6937
f  132//6938 131//6938 1668//6938
f  1668//6939 131//6939 81//6939
f  1668//6940 81//6940 1682//6940
f  1682//6941 81//6941 80//6941
f  1682//6942 80//6942 135//6942
f  125//6943 1667//6943 127//6943
f  127//6944 1667//6944 128//6944
f  125//6945 124//6945 1667//6945
f  1667//6946 124//6946 84//6946
f  1667//6947 84//6947 1668//6947
f  1668//6948 84//6948 83//6948
f  1668//6949 83//6949 134//6949
f  121//6950 120//6950 1656//6950
f  1656//6951 120//6951 87//6951
f  87//6952 86//6952 1656//6952
f  1656//6953 86//6953 123//6953
f  1656//6954 123//6954 1667//6954
f  1667//6955 123//6955 129//6955
f  1667//6956 129//6956 128//6956
f  113//6957 119//6957 1655//6957
f  1655//6958 119//6958 118//6958
f  1655//6959 118//6959 1656//6959
f  1656//6960 118//6960 117//6960
f  1656//6961 117//6961 121//6961
f  89//6962 116//6962 1655//6962
f  1655//6963 116//6963 115//6963
f  1655//6964 115//6964 113//6964
f  89//6965 1655//6965 90//6965
f  90//6966 1655//6966 1659//6966
f  90//6967 1659//6967 109//6967
f  107//6968 111//6968 1659//6968
f  1659//6969 111//6969 110//6969
f  1659//6970 110//6970 109//6970
f  105//6971 103//6971 1694//6971
f  1694//6972 103//6972 102//6972
f  1694//6973 102//6973 1659//6973
f  1659//6974 102//6974 108//6974
f  1659//6975 108//6975 107//6975
f  92//6976 101//6976 1687//6976
f  1687//6977 101//6977 100//6977
f  1687//6978 100//6978 1694//6978
f  1694//6979 100//6979 98//6979
f  1694//6980 98//6980 97//6980
f  1686//6981 1043//6981 1044//6981
f  1044//6982 1045//6982 1686//6982
f  1686//6983 1045//6983 96//6983
f  1686//6984 96//6984 1687//6984
f  1687//6985 96//6985 95//6985
f  1687//6986 95//6986 93//6986
f  1698//6987 1038//6987 1037//6987
f  1037//6988 1042//6988 1698//6988
f  1698//6989 1042//6989 937//6989
f  1698//6990 937//6990 1686//6990
f  1686//6991 937//6991 936//6991
f  1686//6992 936//6992 1043//6992
f  1031//6993 1033//6993 1697//6993
f  1697//6994 1033//6994 1036//6994
f  1036//6995 1035//6995 1697//6995
f  1697//6996 1035//6996 1041//6996
f  1697//6997 1041//6997 1698//6997
f  1698//6998 1041//6998 1040//6998
f  1698//6999 1040//6999 1038//6999
f  1025//7000 1024//7000 1711//7000
f  1711//7001 1024//7001 1030//7001
f  1030//7002 1029//7002 1711//7002
f  1711//7003 1029//7003 1027//7003
f  1711//7004 1027//7004 1697//7004
f  1697//7005 1027//7005 1026//7005
f  1697//7006 1026//7006 1031//7006
f  1713//7007 1019//7007 1022//7007
f  1713//7008 1022//7008 1711//7008
f  1711//7009 1022//7009 1021//7009
f  1711//7010 1021//7010 1025//7010
f  1009//7011 1011//7011 1712//7011
f  1712//7012 1011//7012 1016//7012
f  1712//7013 1016//7013 1713//7013
f  1713//7014 1016//7014 1015//7014
f  1713//7015 1015//7015 1013//7015
f  1013//7016 1012//7016 1713//7016
f  1713//7017 1012//7017 1017//7017
f  1713//7018 1017//7018 1019//7018
f  1004//7019 1003//7019 1718//7019
f  1718//7020 1003//7020 998//7020
f  998//7021 1000//7021 1718//7021
f  1718//7022 1000//7022 1002//7022
f  1718//7023 1002//7023 1712//7023
f  1712//7024 1002//7024 1006//7024
f  1712//7025 1006//7025 1008//7025
f  993//7026 995//7026 1641//7026
f  1641//7027 995//7027 997//7027
f  1641//7028 997//7028 1718//7028
f  1718//7029 997//7029 1005//7029
f  1718//7030 1005//7030 1004//7030
f  1640//7031 985//7031 984//7031
f  984//7032 991//7032 1640//7032
f  1640//7033 991//7033 990//7033
f  1640//7034 990//7034 1641//7034
f  1641//7035 990//7035 994//7035
f  1641//7036 994//7036 993//7036
f  983//7037 1644//7037 980//7037
f  980//7038 1644//7038 978//7038
f  983//7039 982//7039 1644//7039
f  1644//7040 982//7040 988//7040
f  1644//7041 988//7041 1640//7041
f  1640//7042 988//7042 987//7042
f  1640//7043 987//7043 985//7043
f  970//7044 972//7044 1643//7044
f  1643//7045 972//7045 977//7045
f  977//7046 976//7046 1643//7046
f  1643//7047 976//7047 974//7047
f  1643//7048 974//7048 1644//7048
f  1644//7049 974//7049 973//7049
f  1644//7050 973//7050 978//7050
f  966//7051 965//7051 1638//7051
f  1638//7052 965//7052 967//7052
f  1638//7053 967//7053 1643//7053
f  1643//7054 967//7054 969//7054
f  1643//7055 969//7055 970//7055
f  963//7056 961//7056 1638//7056
f  1638//7057 961//7057 960//7057
f  1638//7058 960//7058 966//7058
f  963//7059 1638//7059 958//7059
f  958//7060 1638//7060 1637//7060
f  958//7061 1637//7061 959//7061
f  956//7062 954//7062 1637//7062
f  1637//7063 954//7063 953//7063
f  1637//7064 953//7064 959//7064
f  944//7065 952//7065 1674//7065
f  1674//7066 952//7066 950//7066
f  1674//7067 950//7067 1637//7067
f  1637//7068 950//7068 949//7068
f  1637//7069 949//7069 956//7069
f  943//7070 942//7070 1676//7070
f  1676//7071 942//7071 948//7071
f  1676//7072 948//7072 1674//7072
f  1674//7073 948//7073 947//7073
f  1674//7074 947//7074 945//7074
f  3783//7075 1720//7075 3784//7075
f  3784//7076 1720//7076 1719//7076
f  3784//7077 1719//7077 3785//7077
f  3785//7078 1719//7078 1723//7078
f  3785//7079 1723//7079 3786//7079
f  3786//7080 1723//7080 1722//7080
f  3786//7081 1722//7081 3787//7081
f  3787//7082 1722//7082 1721//7082
f  3787//7083 1721//7083 3788//7083
f  3788//7084 1721//7084 1714//7084
f  3788//7085 1714//7085 3789//7085
f  3789//7086 1714//7086 1717//7086
f  3789//7087 1717//7087 3790//7087
f  3790//7088 1717//7088 1716//7088
f  3790//7089 1716//7089 3791//7089
f  3791//7090 1716//7090 1715//7090
f  3791//7091 1715//7091 3792//7091
f  3792//7092 1715//7092 1710//7092
f  3792//7093 1710//7093 3793//7093
f  3793//7094 1710//7094 1709//7094
f  3793//7095 1709//7095 3794//7095
f  3794//7096 1709//7096 1699//7096
f  3794//7097 1699//7097 3795//7097
f  3795//7098 1699//7098 1705//7098
f  3795//7099 1705//7099 3796//7099
f  3796//7100 1705//7100 1704//7100
f  3796//7101 1704//7101 3797//7101
f  3797//7102 1704//7102 1703//7102
f  3797//7103 1703//7103 3798//7103
f  3798//7103 1703//7103 1688//7103
f  3798//7104 1688//7104 3799//7104
f  3799//7105 1688//7105 1696//7105
f  3799//7106 1696//7106 3800//7106
f  3800//7107 1696//7107 1695//7107
f  3800//7108 1695//7108 3801//7108
f  3801//7109 1695//7109 1693//7109
f  3801//7110 1693//7110 3802//7110
f  3802//7111 1693//7111 1692//7111
f  3802//7112 1692//7112 3803//7112
f  3803//7113 1692//7113 1658//7113
f  3803//7114 1658//7114 3804//7114
f  3804//7115 1658//7115 1657//7115
f  3804//7116 1657//7116 3805//7116
f  3805//7117 1657//7117 1654//7117
f  3805//7118 1654//7118 3806//7118
f  3806//7119 1654//7119 1685//7119
f  3806//7120 1685//7120 3807//7120
f  3807//7121 1685//7121 1684//7121
f  3807//7122 1684//7122 3808//7122
f  3808//7123 1684//7123 1683//7123
f  3808//7124 1683//7124 3809//7124
f  3809//7125 1683//7125 1666//7125
f  3809//7126 1666//7126 3810//7126
f  3810//7127 1666//7127 1691//7127
f  3810//7128 1691//7128 3811//7128
f  3811//7129 1691//7129 1690//7129
f  3811//7130 1690//7130 3812//7130
f  3812//7131 1690//7131 1689//7131
f  3812//7132 1689//7132 3813//7132
f  3813//7133 1689//7133 1681//7133
f  3813//7134 1681//7134 3814//7134
f  3814//7135 1681//7135 1680//7135
f  3814//7136 1680//7136 3815//7136
f  3815//7137 1680//7137 1652//7137
f  3815//7138 1652//7138 3816//7138
f  3816//7139 1652//7139 1651//7139
f  3816//7140 1651//7140 3817//7140
f  3817//7141 1651//7141 1647//7141
f  3817//7142 1647//7142 3818//7142
f  3818//7143 1647//7143 1665//7143
f  3818//7144 1665//7144 3819//7144
f  3819//7145 1665//7145 1664//7145
f  3819//7146 1664//7146 3820//7146
f  3820//7147 1664//7147 1663//7147
f  3820//7148 1663//7148 3821//7148
f  3821//7149 1663//7149 1662//7149
f  3821//7150 1662//7150 3822//7150
f  3822//7151 1662//7151 1679//7151
f  3822//7152 1679//7152 3823//7152
f  3823//7153 1679//7153 1678//7153
f  3823//7154 1678//7154 3824//7154
f  3824//7155 1678//7155 1708//7155
f  3824//7156 1708//7156 3825//7156
f  3825//7157 1708//7157 1707//7157
f  3825//7158 1707//7158 3826//7158
f  3826//7159 1707//7159 1706//7159
f  3826//7160 1706//7160 3827//7160
f  3827//7160 1706//7160 1701//7160
f  3827//7161 1701//7161 3828//7161
f  3828//7162 1701//7162 1700//7162
f  3828//7163 1700//7163 3829//7163
f  3829//7164 1700//7164 1675//7164
f  3829//7165 1675//7165 3830//7165
f  3830//7166 1675//7166 1673//7166
f  3830//7167 1673//7167 3831//7167
f  3831//7168 1673//7168 1672//7168
f  3831//7169 1672//7169 3832//7169
f  3832//7170 1672//7170 1636//7170
f  3832//7171 1636//7171 3833//7171
f  3833//7172 1636//7172 1671//7172
f  3833//7173 1671//7173 3834//7173
f  3834//7174 1671//7174 1670//7174
f  3834//7175 1670//7175 3835//7175
f  3835//7176 1670//7176 1669//7176
f  3835//7177 1669//7177 3836//7177
f  3836//7178 1669//7178 1642//7178
f  3836//7179 1642//7179 3837//7179
f  3837//7180 1642//7180 1650//7180
f  3837//7181 1650//7181 3838//7181
f  3838//7182 1650//7182 1649//7182
f  3838//7183 1649//7183 3839//7183
f  3839//7184 1649//7184 1648//7184
f  3839//7185 1648//7185 3840//7185
f  3840//7186 1648//7186 1639//7186
f  3840//7187 1639//7187 3783//7187
f  3783//7188 1639//7188 1720//7188
f  3841//7189 3783//7189 3842//7189
f  3842//7190 3783//7190 3784//7190
f  3842//7191 3784//7191 3843//7191
f  3843//7192 3784//7192 3785//7192
f  3843//7193 3785//7193 3844//7193
f  3844//7194 3785//7194 3786//7194
f  3844//7195 3786//7195 3845//7195
f  3845//7196 3786//7196 3787//7196
f  3845//7197 3787//7197 3846//7197
f  3846//7198 3787//7198 3788//7198
f  3846//7199 3788//7199 3847//7199
f  3847//7200 3788//7200 3789//7200
f  3847//7201 3789//7201 3848//7201
f  3848//7202 3789//7202 3790//7202
f  3848//7203 3790//7203 3849//7203
f  3849//7204 3790//7204 3791//7204
f  3849//7205 3791//7205 3850//7205
f  3850//7206 3791//7206 3792//7206
f  3850//7207 3792//7207 3851//7207
f  3851//7208 3792//7208 3793//7208
f  3851//7209 3793//7209 3852//7209
f  3852//7210 3793//7210 3794//7210
f  3852//7211 3794//7211 3853//7211
f  3853//7212 3794//7212 3795//7212
f  3853//7213 3795//7213 3854//7213
f  3854//7214 3795//7214 3796//7214
f  3854//7215 3796//7215 3855//7215
f  3855//7216 3796//7216 3797//7216
f  3855//7217 3797//7217 3856//7217
f  3856//7217 3797//7217 3798//7217
f  3856//7218 3798//7218 3857//7218
f  3857//7219 3798//7219 3799//7219
f  3857//7220 3799//7220 3858//7220
f  3858//7221 3799//7221 3800//7221
f  3858//7222 3800//7222 3859//7222
f  3859//7223 3800//7223 3801//7223
f  3859//7224 3801//7224 3860//7224
f  3860//7225 3801//7225 3802//7225
f  3860//7226 3802//7226 3861//7226
f  3861//7227 3802//7227 3803//7227
f  3861//7228 3803//7228 3862//7228
f  3862//7229 3803//7229 3804//7229
f  3862//7230 3804//7230 3863//7230
f  3863//7231 3804//7231 3805//7231
f  3863//7232 3805//7232 3864//7232
f  3864//7233 3805//7233 3806//7233
f  3864//7234 3806//7234 3865//7234
f  3865//7235 3806//7235 3807//7235
f  3865//7236 3807//7236 3866//7236
f  3866//7237 3807//7237 3808//7237
f  3866//7238 3808//7238 3867//7238
f  3867//7239 3808//7239 3809//7239
f  3867//7240 3809//7240 3868//7240
f  3868//7241 3809//7241 3810//7241
f  3868//7242 3810//7242 3869//7242
f  3869//7243 3810//7243 3811//7243
f  3869//7244 3811//7244 3870//7244
f  3870//7245 3811//7245 3812//7245
f  3870//7246 3812//7246 3871//7246
f  3871//7247 3812//7247 3813//7247
f  3871//7248 3813//7248 3872//7248
f  3872//7249 3813//7249 3814//7249
f  3872//7250 3814//7250 3873//7250
f  3873//7251 3814//7251 3815//7251
f  3873//7252 3815//7252 3874//7252
f  3874//7253 3815//7253 3816//7253
f  3874//7254 3816//7254 3875//7254
f  3875//7255 3816//7255 3817//7255
f  3875//7256 3817//7256 3876//7256
f  3876//7257 3817//7257 3818//7257
f  3876//7258 3818//7258 3877//7258
f  3877//7259 3818//7259 3819//7259
f  3877//7260 3819//7260 3878//7260
f  3878//7261 3819//7261 3820//7261
f  3878//7262 3820//7262 3879//7262
f  3879//7263 3820//7263 3821//7263
f  3879//7264 3821//7264 3880//7264
f  3880//7265 3821//7265 3822//7265
f  3880//7266 3822//7266 3881//7266
f  3881//7267 3822//7267 3823//7267
f  3881//7268 3823//7268 3882//7268
f  3882//7269 3823//7269 3824//7269
f  3882//7270 3824//7270 3883//7270
f  3883//7271 3824//7271 3825//7271
f  3883//7272 3825//7272 3884//7272
f  3884//7273 3825//7273 3826//7273
f  3884//7274 3826//7274 3885//7274
f  3885//7274 3826//7274 3827//7274
f  3885//7275 3827//7275 3886//7275
f  3886//7276 3827//7276 3828//7276
f  3886//7277 3828//7277 3887//7277
f  3887//7278 3828//7278 3829//7278
f  3887//7279 3829//7279 3888//7279
f  3888//7280 3829//7280 3830//7280
f  3888//7281 3830//7281 3889//7281
f  3889//7282 3830//7282 3831//7282
f  3889//7283 3831//7283 3890//7283
f  3890//7284 3831//7284 3832//7284
f  3890//7285 3832//7285 3891//7285
f  3891//7286 3832//7286 3833//7286
f  3891//7287 3833//7287 3892//7287
f  3892//7288 3833//7288 3834//7288
f  3892//7289 3834//7289 3893//7289
f  3893//7290 3834//7290 3835//7290
f  3893//7291 3835//7291 3894//7291
f  3894//7292 3835//7292 3836//7292
f  3894//7293 3836//7293 3895//7293
f  3895//7294 3836//7294 3837//7294
f  3895//7295 3837//7295 3896//7295
f  3896//7296 3837//7296 3838//7296
f  3896//7297 3838//7297 3897//7297
f  3897//7298 3838//7298 3839//7298
f  3897//7299 3839//7299 3898//7299
f  3898//7300 3839//7300 3840//7300
f  3898//7301 3840//7301 3841//7301
f  3841//7302 3840//7302 3783//7302
f  3664//7303 3841//7303 3665//7303
f  3665//7304 3841//7304 3842//7304
f  3665//7305 3842//7305 3666//7305
f  3666//7306 3842//7306 3843//7306
f  3666//7307 3843//7307 3662//7307
f  3662//7308 3843//7308 3844//7308
f  3662//7309 3844//7309 3663//7309
f  3663//7310 3844//7310 3845//7310
f  3663//7311 3845//7311 3660//7311
f  3660//7312 3845//7312 3846//7312
f  3660//7313 3846//7313 3661//7313
f  3661//7314 3846//7314 3847//7314
f  3661//7315 3847//7315 3658//7315
f  3658//7316 3847//7316 3848//7316
f  3658//7317 3848//7317 3659//7317
f  3659//7318 3848//7318 3849//7318
f  3659//7319 3849//7319 3656//7319
f  3656//7320 3849//7320 3850//7320
f  3656//7321 3850//7321 3657//7321
f  3657//7322 3850//7322 3851//7322
f  3657//7323 3851//7323 3654//7323
f  3654//7324 3851//7324 3852//7324
f  3654//7325 3852//7325 3655//7325
f  3655//7326 3852//7326 3853//7326
f  3655//7327 3853//7327 3652//7327
f  3652//7328 3853//7328 3854//7328
f  3652//7329 3854//7329 3653//7329
f  3653//7330 3854//7330 3855//7330
f  3653//7331 3855//7331 3650//7331
f  3650//7331 3855//7331 3856//7331
f  3650//7332 3856//7332 3651//7332
f  3651//7333 3856//7333 3857//7333
f  3651//7334 3857//7334 3648//7334
f  3648//7335 3857//7335 3858//7335
f  3648//7336 3858//7336 3649//7336
f  3649//7337 3858//7337 3859//7337
f  3649//7338 3859//7338 3646//7338
f  3646//7339 3859//7339 3860//7339
f  3646//7340 3860//7340 3647//7340
f  3647//7341 3860//7341 3861//7341
f  3647//7342 3861//7342 3644//7342
f  3644//7343 3861//7343 3862//7343
f  3644//7344 3862//7344 3645//7344
f  3645//7345 3862//7345 3863//7345
f  3645//7346 3863//7346 3642//7346
f  3642//7347 3863//7347 3864//7347
f  3642//7348 3864//7348 3643//7348
f  3643//7349 3864//7349 3865//7349
f  3643//7350 3865//7350 3640//7350
f  3640//7351 3865//7351 3866//7351
f  3640//7352 3866//7352 3641//7352
f  3641//7353 3866//7353 3867//7353
f  3641//7354 3867//7354 3638//7354
f  3638//7355 3867//7355 3868//7355
f  3638//7356 3868//7356 3639//7356
f  3639//7357 3868//7357 3869//7357
f  3639//7358 3869//7358 3636//7358
f  3636//7359 3869//7359 3870//7359
f  3636//7360 3870//7360 3637//7360
f  3637//7361 3870//7361 3871//7361
f  3637//7362 3871//7362 3634//7362
f  3634//7363 3871//7363 3872//7363
f  3634//7364 3872//7364 3635//7364
f  3635//7365 3872//7365 3873//7365
f  3635//7366 3873//7366 3632//7366
f  3632//7367 3873//7367 3874//7367
f  3632//7368 3874//7368 3633//7368
f  3633//7369 3874//7369 3875//7369
f  3633//7370 3875//7370 3630//7370
f  3630//7371 3875//7371 3876//7371
f  3630//7372 3876//7372 3631//7372
f  3631//7373 3876//7373 3877//7373
f  3631//7374 3877//7374 3628//7374
f  3628//7375 3877//7375 3878//7375
f  3628//7376 3878//7376 3629//7376
f  3629//7377 3878//7377 3879//7377
f  3629//7378 3879//7378 3626//7378
f  3626//7379 3879//7379 3880//7379
f  3626//7380 3880//7380 3627//7380
f  3627//7381 3880//7381 3881//7381
f  3627//7382 3881//7382 3624//7382
f  3624//7383 3881//7383 3882//7383
f  3624//7384 3882//7384 3625//7384
f  3625//7385 3882//7385 3883//7385
f  3625//7386 3883//7386 3622//7386
f  3622//7387 3883//7387 3884//7387
f  3622//7388 3884//7388 3623//7388
f  3623//7388 3884//7388 3885//7388
f  3623//7389 3885//7389 3620//7389
f  3620//7390 3885//7390 3886//7390
f  3620//7391 3886//7391 3621//7391
f  3621//7392 3886//7392 3887//7392
f  3621//7393 3887//7393 3618//7393
f  3618//7394 3887//7394 3888//7394
f  3618//7395 3888//7395 3619//7395
f  3619//7396 3888//7396 3889//7396
f  3619//7397 3889//7397 3616//7397
f  3616//7398 3889//7398 3890//7398
f  3616//7399 3890//7399 3617//7399
f  3617//7400 3890//7400 3891//7400
f  3617//7401 3891//7401 3614//7401
f  3614//7402 3891//7402 3892//7402
f  3614//7403 3892//7403 3615//7403
f  3615//7404 3892//7404 3893//7404
f  3615//7405 3893//7405 3612//7405
f  3612//7406 3893//7406 3894//7406
f  3612//7407 3894//7407 3613//7407
f  3613//7408 3894//7408 3895//7408
f  3613//7409 3895//7409 3610//7409
f  3610//7410 3895//7410 3896//7410
f  3610//7411 3896//7411 3611//7411
f  3611//7412 3896//7412 3897//7412
f  3611//7413 3897//7413 3609//7413
f  3609//7414 3897//7414 3898//7414
f  3609//7415 3898//7415 3664//7415
f  3664//7416 3898//7416 3841//7416
f  2208//7417 1843//7417 2211//7417
f  2211//7418 1843//7418 1845//7418
f  2211//7419 1845//7419 2217//7419
f  2217//7420 1845//7420 1847//7420
f  2217//7421 1847//7421 2221//7421
f  2221//7421 1847//7421 1849//7421
f  2221//7422 1849//7422 2223//7422
f  2223//7423 1849//7423 1851//7423
f  2223//7424 1851//7424 2229//7424
f  2229//7425 1851//7425 1853//7425
f  2229//7426 1853//7426 2234//7426
f  2234//7427 1853//7427 1855//7427
f  2234//7428 1855//7428 2239//7428
f  2239//7429 1855//7429 1857//7429
f  2239//7430 1857//7430 2244//7430
f  2244//7431 1857//7431 1859//7431
f  2244//7432 1859//7432 2246//7432
f  2246//7433 1859//7433 1861//7433
f  2246//7434 1861//7434 2103//7434
f  2103//7434 1861//7434 1863//7434
f  2103//7435 1863//7435 2255//7435
f  2255//7436 1863//7436 1865//7436
f  2255//7437 1865//7437 2257//7437
f  2257//7438 1865//7438 1867//7438
f  2257//7439 1867//7439 2100//7439
f  2100//7440 1867//7440 1813//7440
f  2100//7441 1813//7441 2266//7441
f  2266//7442 1813//7442 1815//7442
f  2266//7443 1815//7443 2268//7443
f  2268//7444 1815//7444 1817//7444
f  2268//7445 1817//7445 2109//7445
f  2109//7446 1817//7446 1819//7446
f  2109//7447 1819//7447 2126//7447
f  2126//7448 1819//7448 1821//7448
f  2126//7449 1821//7449 2133//7449
f  2133//7450 1821//7450 1823//7450
f  2133//7451 1823//7451 2135//7451
f  2135//7452 1823//7452 1825//7452
f  2135//7453 1825//7453 2138//7453
f  2138//7454 1825//7454 1827//7454
f  2138//7455 1827//7455 2141//7455
f  2141//7456 1827//7456 1829//7456
f  2141//7457 1829//7457 2144//7457
f  2144//7458 1829//7458 1831//7458
f  2144//7459 1831//7459 2148//7459
f  2148//7460 1831//7460 1833//7460
f  2148//7461 1833//7461 2169//7461
f  2169//7462 1833//7462 1835//7462
f  2169//7463 1835//7463 2192//7463
f  2192//7464 1835//7464 1837//7464
f  2192//7465 1837//7465 2196//7465
f  2196//7466 1837//7466 1839//7466
f  2196//7467 1839//7467 2201//7467
f  2201//7468 1839//7468 1841//7468
f  2201//7469 1841//7469 2208//7469
f  2208//7470 1841//7470 1843//7470
f  2729//7471 1756//7471 2734//7471
f  2734//7472 1756//7472 1758//7472
f  2734//7473 1758//7473 2609//7473
f  2609//7474 1758//7474 1760//7474
f  2609//7475 1760//7475 2611//7475
f  2611//7475 1760//7475 1762//7475
f  2611//7476 1762//7476 2619//7476
f  2619//7477 1762//7477 1764//7477
f  2619//7478 1764//7478 2627//7478
f  2627//7479 1764//7479 1766//7479
f  2627//7480 1766//7480 2638//7480
f  2638//7481 1766//7481 1768//7481
f  2638//7482 1768//7482 2633//7482
f  2633//7483 1768//7483 1770//7483
f  2633//7484 1770//7484 2642//7484
f  2642//7485 1770//7485 1772//7485
f  2642//7486 1772//7486 2647//7486
f  2647//7487 1772//7487 1774//7487
f  2647//7488 1774//7488 2653//7488
f  2653//7488 1774//7488 1776//7488
f  2653//7489 1776//7489 2654//7489
f  2654//7490 1776//7490 1778//7490
f  2654//7491 1778//7491 2665//7491
f  2665//7492 1778//7492 1780//7492
f  2665//7493 1780//7493 2604//7493
f  2604//7494 1780//7494 1726//7494
f  2604//7495 1726//7495 2673//7495
f  2673//7496 1726//7496 1728//7496
f  2673//7497 1728//7497 2678//7497
f  2678//7498 1728//7498 1730//7498
f  2678//7499 1730//7499 2601//7499
f  2601//7500 1730//7500 1732//7500
f  2601//7501 1732//7501 2684//7501
f  2684//7501 1732//7501 1734//7501
f  2684//7502 1734//7502 2598//7502
f  2598//7503 1734//7503 1736//7503
f  2598//7504 1736//7504 2688//7504
f  2688//7505 1736//7505 1738//7505
f  2688//7506 1738//7506 2691//7506
f  2691//7507 1738//7507 1740//7507
f  2691//7508 1740//7508 2698//7508
f  2698//7509 1740//7509 1742//7509
f  2698//7510 1742//7510 2702//7510
f  2702//7511 1742//7511 1744//7511
f  2702//7512 1744//7512 2709//7512
f  2709//7513 1744//7513 1746//7513
f  2709//7514 1746//7514 2711//7514
f  2711//7514 1746//7514 1748//7514
f  2711//7515 1748//7515 2715//7515
f  2715//7516 1748//7516 1750//7516
f  2715//7517 1750//7517 2718//7517
f  2718//7518 1750//7518 1752//7518
f  2718//7519 1752//7519 2725//7519
f  2725//7520 1752//7520 1754//7520
f  2725//7521 1754//7521 2729//7521
f  2729//7522 1754//7522 1756//7522
f  3899//7523 3900//7523 3901//7523
f  3901//7523 3900//7523 3902//7523
f  3901//7524 3902//7524 3903//7524
f  3903//7524 3902//7524 3904//7524
f  3903//7525 3904//7525 3905//7525
f  3905//7525 3904//7525 3906//7525
f  3905//7526 3906//7526 3907//7526
f  3907//7526 3906//7526 3908//7526
f  3907//7527 3908//7527 3909//7527
f  3909//7527 3908//7527 3910//7527
f  3909//7528 3910//7528 3911//7528
f  3911//7528 3910//7528 3912//7528
f  3911//7529 3912//7529 3913//7529
f  3913//7529 3912//7529 3914//7529
f  3913//7530 3914//7530 3915//7530
f  3915//7530 3914//7530 3916//7530
f  3915//7531 3916//7531 3917//7531
f  3917//7531 3916//7531 3918//7531
f  3917//4389 3918//4389 3919//4389
f  3919//4389 3918//4389 3920//4389
f  3919//7532 3920//7532 3921//7532
f  3921//7532 3920//7532 3922//7532
f  3921//7533 3922//7533 3923//7533
f  3923//7533 3922//7533 3924//7533
f  3923//7534 3924//7534 3925//7534
f  3925//7534 3924//7534 3926//7534
f  3925//7535 3926//7535 3927//7535
f  3927//7535 3926//7535 3928//7535
f  3927//7536 3928//7536 3929//7536
f  3929//7536 3928//7536 3930//7536
f  3929//7537 3930//7537 3931//7537
f  3931//7537 3930//7537 3932//7537
f  3931//7538 3932//7538 3933//7538
f  3933//7538 3932//7538 3934//7538
f  3933//7539 3934//7539 3935//7539
f  3935//7539 3934//7539 3936//7539
f  3935//7540 3936//7540 3937//7540
f  3937//7540 3936//7540 3938//7540
f  3937//7541 3938//7541 3939//7541
f  3939//7541 3938//7541 3940//7541
f  3939//7542 3940//7542 3941//7542
f  3941//7542 3940//7542 3942//7542
f  3941//7543 3942//7543 3943//7543
f  3943//7543 3942//7543 3944//7543
f  3943//7544 3944//7544 3945//7544
f  3945//7544 3944//7544 3946//7544
f  3945//7545 3946//7545 3947//7545
f  3947//7545 3946//7545 3948//7545
f  3947//7546 3948//7546 3949//7546
f  3949//7546 3948//7546 3950//7546
f  3949//7547 3950//7547 3951//7547
f  3951//7547 3950//7547 3952//7547
f  3951//7548 3952//7548 3953//7548
f  3953//7548 3952//7548 3954//7548
f  3953//7549 3954//7549 3955//7549
f  3955//7549 3954//7549 3956//7549
f  3955//4457 3956//4457 3957//4457
f  3957//4457 3956//4457 3958//4457
f  3957//7550 3958//7550 3959//7550
f  3959//7550 3958//7550 3960//7550
f  3959//7551 3960//7551 3961//7551
f  3961//7551 3960//7551 3962//7551
f  3961//7552 3962//7552 3963//7552
f  3963//7552 3962//7552 3964//7552
f  3963//7553 3964//7553 3965//7553
f  3965//7553 3964//7553 3966//7553
f  3965//7554 3966//7554 3967//7554
f  3967//7554 3966//7554 3968//7554
f  3967//7555 3968//7555 3969//7555
f  3969//7555 3968//7555 3970//7555
f  3969//7556 3970//7556 3971//7556
f  3971//7556 3970//7556 3972//7556
f  3971//7557 3972//7557 3973//7557
f  3973//7557 3972//7557 3974//7557
f  3973//7558 3974//7558 3899//7558
f  3899//7558 3974//7558 3900//7558
f  3975//3194 3976//3194 3977//3194
f  3977//3194 3976//3194 3978//3194
f  3977//3194 3978//3194 3979//3194
f  3979//3194 3978//3194 3980//3194
f  3979//3194 3980//3194 3981//3194
f  3981//3194 3980//3194 3982//3194
f  3981//3194 3982//3194 3983//3194
f  3983//3194 3982//3194 3984//3194
f  3983//3194 3984//3194 3985//3194
f  3985//3194 3984//3194 3986//3194
f  3985//3194 3986//3194 3987//3194
f  3987//3194 3986//3194 3988//3194
f  3987//3194 3988//3194 3989//3194
f  3989//3194 3988//3194 3990//3194
f  3989//3194 3990//3194 3991//3194
f  3991//3194 3990//3194 3992//3194
f  3991//3194 3992//3194 3993//3194
f  3993//3194 3992//3194 3994//3194
f  3993//3194 3994//3194 3995//3194
f  3995//3194 3994//3194 3996//3194
f  3995//3194 3996//3194 3997//3194
f  3997//3194 3996//3194 3998//3194
f  3997//3194 3998//3194 3999//3194
f  3999//3194 3998//3194 4000//3194
f  3999//3194 4000//3194 4001//3194
f  4001//3194 4000//3194 4002//3194
f  4001//3194 4002//3194 4003//3194
f  4003//3194 4002//3194 4004//3194
f  4003//3194 4004//3194 4005//3194
f  4005//3194 4004//3194 4006//3194
f  4005//3194 4006//3194 4007//3194
f  4007//3194 4006//3194 4008//3194
f  4007//3194 4008//3194 4009//3194
f  4009//3194 4008//3194 4010//3194
f  4009//3194 4010//3194 4011//3194
f  4011//3194 4010//3194 4012//3194
f  4011//3194 4012//3194 4013//3194
f  4013//3194 4012//3194 4014//3194
f  4013//3194 4014//3194 4015//3194
f  4015//3194 4014//3194 4016//3194
f  4015//3194 4016//3194 4017//3194
f  4017//3194 4016//3194 4018//3194
f  4017//3194 4018//3194 4019//3194
f  4019//3194 4018//3194 4020//3194
f  4019//3194 4020//3194 4021//3194
f  4021//3194 4020//3194 4022//3194
f  4021//3194 4022//3194 4023//3194
f  4023//3194 4022//3194 4024//3194
f  4023//3194 4024//3194 4025//3194
f  4025//3194 4024//3194 4026//3194
f  4025//3194 4026//3194 4027//3194
f  4027//3194 4026//3194 4028//3194
f  4027//3194 4028//3194 4029//3194
f  4029//3194 4028//3194 4030//3194
f  4029//3194 4030//3194 4031//3194
f  4031//3194 4030//3194 4032//3194
f  4031//3194 4032//3194 4033//3194
f  4033//3194 4032//3194 4034//3194
f  4033//3194 4034//3194 4035//3194
f  4035//3194 4034//3194 4036//3194
f  4035//3194 4036//3194 4037//3194
f  4037//3194 4036//3194 4038//3194
f  4037//3194 4038//3194 4039//3194
f  4039//3194 4038//3194 4040//3194
f  4039//3194 4040//3194 4041//3194
f  4041//3194 4040//3194 4042//3194
f  4041//3194 4042//3194 4043//3194
f  4043//3194 4042//3194 4044//3194
f  4043//3194 4044//3194 4045//3194
f  4045//3194 4044//3194 4046//3194
f  4045//3194 4046//3194 4047//3194
f  4047//3194 4046//3194 4048//3194
f  4047//3194 4048//3194 4049//3194
f  4049//3194 4048//3194 4050//3194
f  4049//3194 4050//3194 3975//3194
f  3975//3194 4050//3194 3976//3194
f  4051//4423 4052//4423 4053//4423
f  4053//4423 4052//4423 4054//4423
f  4053//4423 4054//4423 4055//4423
f  4055//4423 4054//4423 4056//4423
f  4055//4423 4056//4423 4057//4423
f  4057//4423 4056//4423 4058//4423
f  4057//4423 4058//4423 4059//4423
f  4059//4423 4058//4423 4060//4423
f  4059//4423 4060//4423 4061//4423
f  4061//4423 4060//4423 4062//4423
f  4061//4423 4062//4423 4063//4423
f  4063//4423 4062//4423 4064//4423
f  4063//4423 4064//4423 4065//4423
f  4065//4423 4064//4423 4066//4423
f  4065//4423 4066//4423 4067//4423
f  4067//4423 4066//4423 4068//4423
f  4067//4423 4068//4423 4069//4423
f  4069//4423 4068//4423 4070//4423
f  4069//4423 4070//4423 4071//4423
f  4071//4423 4070//4423 4072//4423
f  4071//4423 4072//4423 4073//4423
f  4073//4423 4072//4423 4074//4423
f  4073//4423 4074//4423 4075//4423
f  4075//4423 4074//4423 4076//4423
f  4075//4423 4076//4423 4077//4423
f  4077//4423 4076//4423 4078//4423
f  4077//4423 4078//4423 4079//4423
f  4079//4423 4078//4423 4080//4423
f  4079//4423 4080//4423 4081//4423
f  4081//4423 4080//4423 4082//4423
f  4081//4423 4082//4423 4083//4423
f  4083//4423 4082//4423 4084//4423
f  4083//4423 4084//4423 4085//4423
f  4085//4423 4084//4423 4086//4423
f  4085//4423 4086//4423 4087//4423
f  4087//4423 4086//4423 4088//4423
f  4087//4423 4088//4423 4089//4423
f  4089//4423 4088//4423 4090//4423
f  4089//4423 4090//4423 4091//4423
f  4091//4423 4090//4423 4092//4423
f  4091//4423 4092//4423 4093//4423
f  4093//4423 4092//4423 4094//4423
f  4093//4423 4094//4423 4095//4423
f  4095//4423 4094//4423 4096//4423
f  4095//4423 4096//4423 4097//4423
f  4097//4423 4096//4423 4098//4423
f  4097//4423 4098//4423 4099//4423
f  4099//4423 4098//4423 4100//4423
f  4099//4423 4100//4423 4101//4423
f  4101//4423 4100//4423 4102//4423
f  4101//4423 4102//4423 4103//4423
f  4103//4423 4102//4423 4104//4423
f  4103//4423 4104//4423 4105//4423
f  4105//4423 4104//4423 4106//4423
f  4105//4423 4106//4423 4107//4423
f  4107//4423 4106//4423 4108//4423
f  4107//4423 4108//4423 4109//4423
f  4109//4423 4108//4423 4110//4423
f  4109//4423 4110//4423 4111//4423
f  4111//4423 4110//4423 4112//4423
f  4111//4423 4112//4423 4113//4423
f  4113//4423 4112//4423 4114//4423
f  4113//4423 4114//4423 4115//4423
f  4115//4423 4114//4423 4116//4423
f  4115//4423 4116//4423 4117//4423
f  4117//4423 4116//4423 4118//4423
f  4117//4423 4118//4423 4119//4423
f  4119//4423 4118//4423 4120//4423
f  4119//4423 4120//4423 4121//4423
f  4121//4423 4120//4423 4122//4423
f  4121//4423 4122//4423 4123//4423
f  4123//4423 4122//4423 4124//4423
f  4123//4423 4124//4423 4125//4423
f  4125//4423 4124//4423 4126//4423
f  4125//4423 4126//4423 4051//4423
f  4051//4423 4126//4423 4052//4423
f  4127//7559 4128//7559 4129//7559
f  4129//7560 4128//7560 4130//7560
f  4129//7560 4130//7560 4131//7560
f  4131//7561 4130//7561 4132//7561
f  4131//7561 4132//7561 4133//7561
f  4133//7562 4132//7562 4134//7562
f  4133//7562 4134//7562 4135//7562
f  4135//7563 4134//7563 4136//7563
f  4135//7563 4136//7563 4137//7563
f  4137//7564 4136//7564 4138//7564
f  4137//7564 4138//7564 4139//7564
f  4139//7565 4138//7565 4140//7565
f  4139//7565 4140//7565 4141//7565
f  4141//7548 4140//7548 4142//7548
f  4141//7548 4142//7548 4143//7548
f  4143//7566 4142//7566 4144//7566
f  4143//7566 4144//7566 4145//7566
f  4145//4457 4144//4457 4146//4457
f  4145//4457 4146//4457 4147//4457
f  4147//7567 4146//7567 4148//7567
f  4147//7567 4148//7567 4149//7567
f  4149//7568 4148//7568 4150//7568
f  4149//7568 4150//7568 4151//7568
f  4151//7569 4150//7569 4152//7569
f  4151//7569 4152//7569 4153//7569
f  4153//7570 4152//7570 4154//7570
f  4153//7570 4154//7570 4155//7570
f  4155//7571 4154//7571 4156//7571
f  4155//7571 4156//7571 4157//7571
f  4157//7572 4156//7572 4158//7572
f  4157//7572 4158//7572 4159//7572
f  4159//7573 4158//7573 4160//7573
f  4159//7573 4160//7573 4161//7573
f  4161//7574 4160//7574 4162//7574
f  4161//7574 4162//7574 4163//7574
f  4163//7575 4162//7575 4164//7575
f  4163//7575 4164//7575 4165//7575
f  4165//7576 4164//7576 4166//7576
f  4165//7576 4166//7576 4167//7576
f  4167//7577 4166//7577 4168//7577
f  4167//7577 4168//7577 4169//7577
f  4169//7578 4168//7578 4170//7578
f  4169//7578 4170//7578 4171//7578
f  4171//7579 4170//7579 4172//7579
f  4171//7579 4172//7579 4173//7579
f  4173//7580 4172//7580 4174//7580
f  4173//7580 4174//7580 4175//7580
f  4175//7581 4174//7581 4176//7581
f  4175//7581 4176//7581 4177//7581
f  4177//7582 4176//7582 4178//7582
f  4177//7582 4178//7582 4179//7582
f  4179//7583 4178//7583 4180//7583
f  4179//7583 4180//7583 4181//7583
f  4181//7584 4180//7584 4182//7584
f  4181//7584 4182//7584 4183//7584
f  4183//4389 4182//4389 4184//4389
f  4183//4389 4184//4389 4185//4389
f  4185//7585 4184//7585 4186//7585
f  4185//7585 4186//7585 4187//7585
f  4187//7533 4186//7533 4188//7533
f  4187//7533 4188//7533 4189//7533
f  4189//7586 4188//7586 4190//7586
f  4189//7586 4190//7586 4191//7586
f  4191//7587 4190//7587 4192//7587
f  4191//7587 4192//7587 4193//7587
f  4193//7588 4192//7588 4194//7588
f  4193//7588 4194//7588 4195//7588
f  4195//7589 4194//7589 4196//7589
f  4195//7589 4196//7589 4197//7589
f  4197//7590 4196//7590 4198//7590
f  4197//7590 4198//7590 4199//7590
f  4199//7591 4198//7591 4200//7591
f  4199//7591 4200//7591 4201//7591
f  4201//7592 4200//7592 4202//7592
f  4201//7592 4202//7592 4127//7592
f  4127//7559 4202//7559 4128//7559
f  4202//7593 3996//7593 4128//7593
f  4128//7594 3996//7594 3994//7594
f  4128//7595 3994//7595 4130//7595
f  4130//7596 3994//7596 3992//7596
f  4130//7597 3992//7597 4132//7597
f  4132//7598 3992//7598 3990//7598
f  4132//7599 3990//7599 4134//7599
f  4134//7600 3990//7600 3988//7600
f  4134//7601 3988//7601 4136//7601
f  4136//7602 3988//7602 3986//7602
f  4136//7603 3986//7603 4138//7603
f  4138//7604 3986//7604 3984//7604
f  4138//7605 3984//7605 4140//7605
f  4140//7606 3984//7606 3982//7606
f  4140//7607 3982//7607 4142//7607
f  4142//7608 3982//7608 3980//7608
f  4142//7609 3980//7609 4144//7609
f  4144//7610 3980//7610 3978//7610
f  4144//7610 3978//7610 4146//7610
f  4146//7611 3978//7611 3976//7611
f  4146//7612 3976//7612 4148//7612
f  4148//7613 3976//7613 4050//7613
f  4148//7614 4050//7614 4150//7614
f  4150//7615 4050//7615 4048//7615
f  4150//7616 4048//7616 4152//7616
f  4152//7617 4048//7617 4046//7617
f  4152//7618 4046//7618 4154//7618
f  4154//7619 4046//7619 4044//7619
f  4154//7620 4044//7620 4156//7620
f  4156//7621 4044//7621 4042//7621
f  4156//7622 4042//7622 4158//7622
f  4158//7623 4042//7623 4040//7623
f  4158//7624 4040//7624 4160//7624
f  4160//7625 4040//7625 4038//7625
f  4160//7626 4038//7626 4162//7626
f  4162//7627 4038//7627 4203//7627
f  4162//7628 4203//7628 4204//7628
f  4204//7629 4203//7629 4034//7629
f  4204//7630 4034//7630 4166//7630
f  4166//7631 4034//7631 4032//7631
f  4166//7632 4032//7632 4168//7632
f  4168//7633 4032//7633 4030//7633
f  4168//7634 4030//7634 4170//7634
f  4170//7635 4030//7635 4028//7635
f  4170//7636 4028//7636 4172//7636
f  4172//7637 4028//7637 4026//7637
f  4172//7638 4026//7638 4174//7638
f  4174//7639 4026//7639 4024//7639
f  4174//7640 4024//7640 4176//7640
f  4176//7641 4024//7641 4022//7641
f  4176//7642 4022//7642 4178//7642
f  4178//7643 4022//7643 4020//7643
f  4178//7644 4020//7644 4180//7644
f  4180//7645 4020//7645 4018//7645
f  4180//7645 4018//7645 4182//7645
f  4182//7646 4018//7646 4016//7646
f  4182//7646 4016//7646 4184//7646
f  4184//7647 4016//7647 4014//7647
f  4184//7648 4014//7648 4186//7648
f  4186//7649 4014//7649 4012//7649
f  4186//7650 4012//7650 4188//7650
f  4188//7651 4012//7651 4010//7651
f  4188//7652 4010//7652 4190//7652
f  4190//7653 4010//7653 4008//7653
f  4190//7654 4008//7654 4192//7654
f  4192//7655 4008//7655 4006//7655
f  4192//7656 4006//7656 4194//7656
f  4194//7657 4006//7657 4004//7657
f  4194//7658 4004//7658 4196//7658
f  4196//7659 4004//7659 4002//7659
f  4196//7660 4002//7660 4198//7660
f  4198//7661 4002//7661 4000//7661
f  4198//7662 4000//7662 4200//7662
f  4200//7663 4000//7663 3998//7663
f  4200//7664 3998//7664 4202//7664
f  4202//7665 3998//7665 3996//7665
f  4205//7666 4100//7666 4163//7666
f  4163//7667 4100//7667 4098//7667
f  4163//7668 4098//7668 4161//7668
f  4161//7669 4098//7669 4096//7669
f  4161//7670 4096//7670 4159//7670
f  4159//7671 4096//7671 4094//7671
f  4159//7672 4094//7672 4157//7672
f  4157//7673 4094//7673 4092//7673
f  4157//7674 4092//7674 4155//7674
f  4155//7675 4092//7675 4090//7675
f  4155//7676 4090//7676 4153//7676
f  4153//7677 4090//7677 4088//7677
f  4153//7678 4088//7678 4151//7678
f  4151//7679 4088//7679 4086//7679
f  4151//7680 4086//7680 4149//7680
f  4149//7681 4086//7681 4084//7681
f  4149//7682 4084//7682 4147//7682
f  4147//7683 4084//7683 4082//7683
f  4147//7684 4082//7684 4145//7684
f  4145//7685 4082//7685 4080//7685
f  4145//7686 4080//7686 4143//7686
f  4143//7687 4080//7687 4078//7687
f  4143//7688 4078//7688 4141//7688
f  4141//7689 4078//7689 4076//7689
f  4141//7690 4076//7690 4139//7690
f  4139//7691 4076//7691 4074//7691
f  4139//7692 4074//7692 4137//7692
f  4137//7693 4074//7693 4072//7693
f  4137//7694 4072//7694 4135//7694
f  4135//7695 4072//7695 4070//7695
f  4135//7696 4070//7696 4133//7696
f  4133//7697 4070//7697 4068//7697
f  4133//7698 4068//7698 4131//7698
f  4131//7699 4068//7699 4066//7699
f  4131//7700 4066//7700 4129//7700
f  4129//7701 4066//7701 4206//7701
f  4129//7702 4206//7702 4207//7702
f  4207//7703 4206//7703 4062//7703
f  4207//7704 4062//7704 4201//7704
f  4201//7705 4062//7705 4060//7705
f  4201//7706 4060//7706 4199//7706
f  4199//7707 4060//7707 4058//7707
f  4199//7708 4058//7708 4197//7708
f  4197//7709 4058//7709 4056//7709
f  4197//7710 4056//7710 4195//7710
f  4195//7711 4056//7711 4054//7711
f  4195//7712 4054//7712 4193//7712
f  4193//7713 4054//7713 4052//7713
f  4193//7714 4052//7714 4191//7714
f  4191//7715 4052//7715 4126//7715
f  4191//7716 4126//7716 4189//7716
f  4189//7717 4126//7717 4124//7717
f  4189//7718 4124//7718 4187//7718
f  4187//7719 4124//7719 4122//7719
f  4187//7720 4122//7720 4185//7720
f  4185//7721 4122//7721 4120//7721
f  4185//7722 4120//7722 4183//7722
f  4183//7723 4120//7723 4118//7723
f  4183//7724 4118//7724 4181//7724
f  4181//7725 4118//7725 4116//7725
f  4181//7726 4116//7726 4179//7726
f  4179//7727 4116//7727 4114//7727
f  4179//7728 4114//7728 4177//7728
f  4177//7729 4114//7729 4112//7729
f  4177//7730 4112//7730 4175//7730
f  4175//7731 4112//7731 4110//7731
f  4175//7732 4110//7732 4173//7732
f  4173//7733 4110//7733 4108//7733
f  4173//7734 4108//7734 4171//7734
f  4171//7735 4108//7735 4106//7735
f  4171//7736 4106//7736 4169//7736
f  4169//7737 4106//7737 4104//7737
f  4169//7738 4104//7738 4167//7738
f  4167//7739 4104//7739 4102//7739
f  4167//7740 4102//7740 4205//7740
f  4205//7741 4102//7741 4100//7741
f  4208//7742 4209//7742 4210//7742
f  4210//7742 4209//7742 4211//7742
f  4210//7743 4211//7743 4212//7743
f  4212//7743 4211//7743 4213//7743
f  4212//7744 4213//7744 4214//7744
f  4214//7744 4213//7744 4215//7744
f  4214//7745 4215//7745 4216//7745
f  4216//7745 4215//7745 4217//7745
f  4216//7746 4217//7746 4218//7746
f  4218//7746 4217//7746 4219//7746
f  4218//7747 4219//7747 4220//7747
f  4220//7747 4219//7747 4221//7747
f  4220//7748 4221//7748 4222//7748
f  4222//7748 4221//7748 4223//7748
f  4222//7749 4223//7749 4224//7749
f  4224//7749 4223//7749 4225//7749
f  4224//7750 4225//7750 4226//7750
f  4226//7750 4225//7750 4227//7750
f  4226//4389 4227//4389 4228//4389
f  4228//4389 4227//4389 4229//4389
f  4228//7751 4229//7751 4230//7751
f  4230//7751 4229//7751 4231//7751
f  4230//7752 4231//7752 4232//7752
f  4232//7752 4231//7752 4233//7752
f  4232//7753 4233//7753 4234//7753
f  4234//7753 4233//7753 4235//7753
f  4234//7754 4235//7754 4236//7754
f  4236//7754 4235//7754 4237//7754
f  4236//7755 4237//7755 4238//7755
f  4238//7755 4237//7755 4239//7755
f  4238//7756 4239//7756 4240//7756
f  4240//7756 4239//7756 4241//7756
f  4240//7757 4241//7757 4242//7757
f  4242//7757 4241//7757 4243//7757
f  4242//7758 4243//7758 4244//7758
f  4244//7758 4243//7758 4245//7758
f  4244//7759 4245//7759 4246//7759
f  4246//7759 4245//7759 4247//7759
f  4246//7760 4247//7760 4248//7760
f  4248//7760 4247//7760 4249//7760
f  4248//7761 4249//7761 4250//7761
f  4250//7761 4249//7761 4251//7761
f  4250//7762 4251//7762 4252//7762
f  4252//7762 4251//7762 4253//7762
f  4252//7763 4253//7763 4254//7763
f  4254//7763 4253//7763 4255//7763
f  4254//7764 4255//7764 4256//7764
f  4256//7764 4255//7764 4257//7764
f  4256//7765 4257//7765 4258//7765
f  4258//7765 4257//7765 4259//7765
f  4258//7766 4259//7766 4260//7766
f  4260//7766 4259//7766 4261//7766
f  4260//7767 4261//7767 4262//7767
f  4262//7767 4261//7767 4263//7767
f  4262//7768 4263//7768 4264//7768
f  4264//7768 4263//7768 4265//7768
f  4264//4457 4265//4457 4266//4457
f  4266//4457 4265//4457 4267//4457
f  4266//7769 4267//7769 4268//7769
f  4268//7769 4267//7769 4269//7769
f  4268//7770 4269//7770 4270//7770
f  4270//7770 4269//7770 4271//7770
f  4270//7771 4271//7771 4272//7771
f  4272//7771 4271//7771 4273//7771
f  4272//7772 4273//7772 4274//7772
f  4274//7772 4273//7772 4275//7772
f  4274//7773 4275//7773 4276//7773
f  4276//7773 4275//7773 4277//7773
f  4276//7774 4277//7774 4278//7774
f  4278//7774 4277//7774 4279//7774
f  4278//7775 4279//7775 4280//7775
f  4280//7775 4279//7775 4281//7775
f  4280//7776 4281//7776 4282//7776
f  4282//7776 4281//7776 4283//7776
f  4282//7777 4283//7777 4208//7777
f  4208//7777 4283//7777 4209//7777
f  4284//4423 4268//4423 4285//4423
f  4285//4423 4268//4423 4270//4423
f  4285//4423 4270//4423 4286//4423
f  4286//4423 4270//4423 4272//4423
f  4286//4423 4272//4423 4287//4423
f  4287//4423 4272//4423 4274//4423
f  4287//4423 4274//4423 4288//4423
f  4288//4423 4274//4423 4276//4423
f  4288//4423 4276//4423 4289//4423
f  4289//4423 4276//4423 4278//4423
f  4289//4423 4278//4423 4290//4423
f  4290//4423 4278//4423 4280//4423
f  4290//4423 4280//4423 4291//4423
f  4291//4423 4280//4423 4282//4423
f  4291//4423 4282//4423 4292//4423
f  4292//4423 4282//4423 4293//4423
f  4292//4423 4293//4423 4294//4423
f  4294//4423 4293//4423 4210//4423
f  4294//4423 4210//4423 4295//4423
f  4295//4423 4210//4423 4212//4423
f  4295//4423 4212//4423 4296//4423
f  4296//4423 4212//4423 4214//4423
f  4296//4423 4214//4423 4297//4423
f  4297//4423 4214//4423 4216//4423
f  4297//4423 4216//4423 4298//4423
f  4298//4423 4216//4423 4218//4423
f  4298//4423 4218//4423 4299//4423
f  4299//4423 4218//4423 4220//4423
f  4299//4423 4220//4423 4300//4423
f  4300//4423 4220//4423 4222//4423
f  4300//4423 4222//4423 4301//4423
f  4301//4423 4222//4423 4224//4423
f  4301//4423 4224//4423 4302//4423
f  4302//4423 4224//4423 4226//4423
f  4302//4423 4226//4423 4303//4423
f  4303//4423 4226//4423 4228//4423
f  4303//4423 4228//4423 4304//4423
f  4304//4423 4228//4423 4230//4423
f  4304//4423 4230//4423 4305//4423
f  4305//4423 4230//4423 4232//4423
f  4305//4423 4232//4423 4306//4423
f  4306//4423 4232//4423 4234//4423
f  4306//4423 4234//4423 4307//4423
f  4307//4423 4234//4423 4236//4423
f  4307//4423 4236//4423 4308//4423
f  4308//4423 4236//4423 4238//4423
f  4308//4423 4238//4423 4309//4423
f  4309//4423 4238//4423 4240//4423
f  4309//4423 4240//4423 4310//4423
f  4310//4423 4240//4423 4242//4423
f  4310//4423 4242//4423 4311//4423
f  4311//4423 4242//4423 4244//4423
f  4311//4423 4244//4423 4312//4423
f  4312//4423 4244//4423 4313//4423
f  4312//4423 4313//4423 4314//4423
f  4314//4423 4313//4423 4248//4423
f  4314//4423 4248//4423 4315//4423
f  4315//4423 4248//4423 4250//4423
f  4315//4423 4250//4423 4316//4423
f  4316//4423 4250//4423 4252//4423
f  4316//4423 4252//4423 4317//4423
f  4317//4423 4252//4423 4254//4423
f  4317//4423 4254//4423 4318//4423
f  4318//4423 4254//4423 4256//4423
f  4318//4423 4256//4423 4319//4423
f  4319//4423 4256//4423 4258//4423
f  4319//4423 4258//4423 4320//4423
f  4320//4423 4258//4423 4260//4423
f  4320//4423 4260//4423 4321//4423
f  4321//4423 4260//4423 4262//4423
f  4321//4423 4262//4423 4322//4423
f  4322//4423 4262//4423 4264//4423
f  4322//4423 4264//4423 4323//4423
f  4323//4423 4264//4423 4266//4423
f  4323//4423 4266//4423 4284//4423
f  4284//4423 4266//4423 4268//4423
f  4324//3194 4325//3194 4326//3194
f  4326//3194 4325//3194 4327//3194
f  4326//3194 4327//3194 4328//3194
f  4328//3194 4327//3194 4329//3194
f  4328//3194 4329//3194 4330//3194
f  4330//3194 4329//3194 4331//3194
f  4330//3194 4331//3194 4332//3194
f  4332//3194 4331//3194 4333//3194
f  4332//3194 4333//3194 4334//3194
f  4334//3194 4333//3194 4335//3194
f  4334//3194 4335//3194 4336//3194
f  4336//3194 4335//3194 4337//3194
f  4336//3194 4337//3194 4338//3194
f  4338//3194 4337//3194 4339//3194
f  4338//3194 4339//3194 4340//3194
f  4340//3194 4339//3194 4341//3194
f  4340//3194 4341//3194 4342//3194
f  4342//3194 4341//3194 4343//3194
f  4342//3194 4343//3194 4344//3194
f  4344//3194 4343//3194 4345//3194
f  4344//3194 4345//3194 4346//3194
f  4346//3194 4345//3194 4347//3194
f  4346//3194 4347//3194 4348//3194
f  4348//3194 4347//3194 4349//3194
f  4348//3194 4349//3194 4350//3194
f  4350//3194 4349//3194 4351//3194
f  4350//3194 4351//3194 4352//3194
f  4352//3194 4351//3194 4353//3194
f  4352//3194 4353//3194 4354//3194
f  4354//3194 4353//3194 4355//3194
f  4354//3194 4355//3194 4356//3194
f  4356//3194 4355//3194 4357//3194
f  4356//3194 4357//3194 4358//3194
f  4358//3194 4357//3194 4359//3194
f  4358//3194 4359//3194 4360//3194
f  4360//3194 4359//3194 4361//3194
f  4360//3194 4361//3194 4362//3194
f  4362//3194 4361//3194 4363//3194
f  4362//3194 4363//3194 4364//3194
f  4364//3194 4363//3194 4365//3194
f  4364//3194 4365//3194 4366//3194
f  4366//3194 4365//3194 4367//3194
f  4366//3194 4367//3194 4368//3194
f  4368//3194 4367//3194 4369//3194
f  4368//3194 4369//3194 4370//3194
f  4370//3194 4369//3194 4371//3194
f  4370//3194 4371//3194 4372//3194
f  4372//3194 4371//3194 4373//3194
f  4372//3194 4373//3194 4374//3194
f  4374//3194 4373//3194 4375//3194
f  4374//3194 4375//3194 4376//3194
f  4376//3194 4375//3194 4377//3194
f  4376//3194 4377//3194 4378//3194
f  4378//3194 4377//3194 4379//3194
f  4378//3194 4379//3194 4380//3194
f  4380//3194 4379//3194 4381//3194
f  4380//3194 4381//3194 4382//3194
f  4382//3194 4381//3194 4383//3194
f  4382//3194 4383//3194 4384//3194
f  4384//3194 4383//3194 4385//3194
f  4384//3194 4385//3194 4386//3194
f  4386//3194 4385//3194 4387//3194
f  4386//3194 4387//3194 4388//3194
f  4388//3194 4387//3194 4389//3194
f  4388//3194 4389//3194 4390//3194
f  4390//3194 4389//3194 4391//3194
f  4390//3194 4391//3194 4392//3194
f  4392//3194 4391//3194 4393//3194
f  4392//3194 4393//3194 4394//3194
f  4394//3194 4393//3194 4395//3194
f  4394//3194 4395//3194 4396//3194
f  4396//3194 4395//3194 4397//3194
f  4396//3194 4397//3194 4398//3194
f  4398//3194 4397//3194 4324//3194
f  4398//3194 4324//3194 4326//3194
f  4294//7778 4399//7778 4400//7778
f  4294//7779 4400//7779 4401//7779
f  4399//7778 4294//7778 4402//7778
f  4402//7780 4294//7780 4295//7780
f  4402//7781 4295//7781 4403//7781
f  4403//7781 4295//7781 4404//7781
f  4404//7782 4295//7782 4296//7782
f  4404//7783 4296//7783 4405//7783
f  4405//7784 4296//7784 4406//7784
f  4406//7785 4296//7785 4297//7785
f  4406//7786 4297//7786 4407//7786
f  4407//7787 4297//7787 4408//7787
f  4408//7788 4297//7788 4298//7788
f  4408//7789 4298//7789 4409//7789
f  4409//7790 4298//7790 4410//7790
f  4410//7791 4298//7791 4299//7791
f  4410//7792 4299//7792 4411//7792
f  4411//7793 4299//7793 4412//7793
f  4412//7794 4299//7794 4300//7794
f  4412//7795 4300//7795 4413//7795
f  4413//7796 4300//7796 4414//7796
f  4414//7797 4300//7797 4301//7797
f  4414//7798 4301//7798 4415//7798
f  4415//7799 4301//7799 4416//7799
f  4416//7800 4301//7800 4302//7800
f  4416//7801 4302//7801 4417//7801
f  4417//7802 4302//7802 4418//7802
f  4418//7803 4302//7803 4303//7803
f  4418//7804 4303//7804 4419//7804
f  4419//7805 4303//7805 4420//7805
f  4420//7806 4303//7806 4304//7806
f  4420//7807 4304//7807 4421//7807
f  4421//7808 4304//7808 4422//7808
f  4422//7809 4304//7809 4305//7809
f  4422//7810 4305//7810 4423//7810
f  4423//7811 4305//7811 4424//7811
f  4424//7812 4305//7812 4306//7812
f  4424//7813 4306//7813 4425//7813
f  4308//7814 4426//7814 4307//7814
f  4307//7815 4426//7815 4427//7815
f  4307//7816 4427//7816 4306//7816
f  4306//7817 4427//7817 4428//7817
f  4306//7818 4428//7818 4425//7818
f  4309//7819 4429//7819 4308//7819
f  4308//7820 4429//7820 4430//7820
f  4308//7821 4430//7821 4426//7821
f  4310//7822 4431//7822 4309//7822
f  4309//7823 4431//7823 4432//7823
f  4309//7824 4432//7824 4429//7824
f  4311//7825 4433//7825 4310//7825
f  4310//7826 4433//7826 4434//7826
f  4310//7827 4434//7827 4431//7827
f  4314//7828 4435//7828 4436//7828
f  4436//7829 4435//7829 4437//7829
f  4436//7830 4437//7830 4311//7830
f  4311//7831 4437//7831 4438//7831
f  4311//7831 4438//7831 4433//7831
f  4315//7832 4316//7832 4439//7832
f  4439//7833 4440//7833 4315//7833
f  4315//7834 4440//7834 4441//7834
f  4315//7835 4441//7835 4314//7835
f  4314//7836 4441//7836 4442//7836
f  4314//7837 4442//7837 4435//7837
f  4317//7838 4318//7838 4443//7838
f  4443//7839 4444//7839 4317//7839
f  4317//7840 4444//7840 4445//7840
f  4317//7841 4445//7841 4316//7841
f  4316//7842 4445//7842 4446//7842
f  4316//7843 4446//7843 4439//7843
f  4319//7844 4320//7844 4447//7844
f  4447//7845 4448//7845 4319//7845
f  4319//7846 4448//7846 4449//7846
f  4319//7847 4449//7847 4318//7847
f  4318//7848 4449//7848 4450//7848
f  4318//7849 4450//7849 4443//7849
f  4321//7850 4322//7850 4451//7850
f  4451//7851 4452//7851 4321//7851
f  4321//7852 4452//7852 4453//7852
f  4321//7853 4453//7853 4320//7853
f  4320//7854 4453//7854 4454//7854
f  4320//7855 4454//7855 4447//7855
f  4323//7856 4284//7856 4455//7856
f  4455//7857 4456//7857 4323//7857
f  4323//7858 4456//7858 4457//7858
f  4323//7859 4457//7859 4322//7859
f  4322//7860 4457//7860 4458//7860
f  4322//7861 4458//7861 4451//7861
f  4286//7862 4459//7862 4285//7862
f  4285//7863 4459//7863 4460//7863
f  4285//7864 4460//7864 4284//7864
f  4284//7865 4460//7865 4461//7865
f  4284//7866 4461//7866 4455//7866
f  4287//7867 4462//7867 4286//7867
f  4286//7868 4462//7868 4463//7868
f  4286//7869 4463//7869 4459//7869
f  4288//7870 4464//7870 4287//7870
f  4287//7871 4464//7871 4465//7871
f  4287//7872 4465//7872 4462//7872
f  4289//7873 4466//7873 4288//7873
f  4288//7874 4466//7874 4467//7874
f  4288//7875 4467//7875 4464//7875
f  4290//7876 4468//7876 4289//7876
f  4289//7877 4468//7877 4469//7877
f  4289//7878 4469//7878 4466//7878
f  4291//7879 4470//7879 4290//7879
f  4290//7880 4470//7880 4471//7880
f  4290//7880 4471//7880 4468//7880
f  4400//7881 4472//7881 4401//7881
f  4401//7881 4472//7881 4473//7881
f  4401//7882 4473//7882 4291//7882
f  4291//7883 4473//7883 4474//7883
f  4291//7883 4474//7883 4470//7883
f  4211//7884 4065//7884 4213//7884
f  4213//7885 4065//7885 4067//7885
f  4213//7886 4067//7886 4215//7886
f  4215//7887 4067//7887 4069//7887
f  4215//7888 4069//7888 4217//7888
f  4217//7889 4069//7889 4071//7889
f  4217//7890 4071//7890 4219//7890
f  4219//7891 4071//7891 4073//7891
f  4219//7892 4073//7892 4221//7892
f  4221//7893 4073//7893 4075//7893
f  4221//7894 4075//7894 4223//7894
f  4223//7895 4075//7895 4077//7895
f  4223//7896 4077//7896 4225//7896
f  4225//7897 4077//7897 4079//7897
f  4225//7898 4079//7898 4227//7898
f  4227//7899 4079//7899 4081//7899
f  4227//7900 4081//7900 4229//7900
f  4229//7900 4081//7900 4083//7900
f  4229//7901 4083//7901 4231//7901
f  4231//7902 4083//7902 4085//7902
f  4231//7903 4085//7903 4233//7903
f  4233//7904 4085//7904 4087//7904
f  4233//7905 4087//7905 4235//7905
f  4235//7906 4087//7906 4089//7906
f  4235//7907 4089//7907 4237//7907
f  4237//7908 4089//7908 4091//7908
f  4237//7909 4091//7909 4239//7909
f  4239//7910 4091//7910 4093//7910
f  4239//7911 4093//7911 4241//7911
f  4241//7912 4093//7912 4095//7912
f  4241//7913 4095//7913 4243//7913
f  4243//7914 4095//7914 4097//7914
f  4243//7915 4097//7915 4245//7915
f  4245//7916 4097//7916 4099//7916
f  4245//7917 4099//7917 4475//7917
f  4475//7918 4099//7918 4476//7918
f  4475//7919 4476//7919 4249//7919
f  4249//7920 4476//7920 4103//7920
f  4249//7921 4103//7921 4251//7921
f  4251//7922 4103//7922 4105//7922
f  4251//7923 4105//7923 4253//7923
f  4253//7924 4105//7924 4107//7924
f  4253//7925 4107//7925 4255//7925
f  4255//7926 4107//7926 4109//7926
f  4255//7927 4109//7927 4257//7927
f  4257//7928 4109//7928 4111//7928
f  4257//7929 4111//7929 4259//7929
f  4259//7930 4111//7930 4113//7930
f  4259//7931 4113//7931 4261//7931
f  4261//7932 4113//7932 4115//7932
f  4261//7933 4115//7933 4263//7933
f  4263//7934 4115//7934 4117//7934
f  4263//7935 4117//7935 4265//7935
f  4265//7936 4117//7936 4119//7936
f  4265//7937 4119//7937 4267//7937
f  4267//7937 4119//7937 4121//7937
f  4267//7938 4121//7938 4269//7938
f  4269//7939 4121//7939 4123//7939
f  4269//7940 4123//7940 4271//7940
f  4271//7941 4123//7941 4125//7941
f  4271//7942 4125//7942 4273//7942
f  4273//7943 4125//7943 4051//7943
f  4273//7944 4051//7944 4275//7944
f  4275//7945 4051//7945 4053//7945
f  4275//7946 4053//7946 4277//7946
f  4277//7947 4053//7947 4055//7947
f  4277//7948 4055//7948 4279//7948
f  4279//7949 4055//7949 4057//7949
f  4279//7950 4057//7950 4281//7950
f  4281//7951 4057//7951 4059//7951
f  4281//7952 4059//7952 4283//7952
f  4283//7953 4059//7953 4061//7953
f  4283//7954 4061//7954 4477//7954
f  4477//7955 4061//7955 4063//7955
f  4477//7956 4063//7956 4211//7956
f  4211//7957 4063//7957 4065//7957
f  4360//7958 4362//7958 4435//7958
f  4435//7959 4442//7959 4360//7959
f  4360//7960 4442//7960 4441//7960
f  4360//7961 4441//7961 4358//7961
f  4441//7962 4440//7962 4358//7962
f  4358//7963 4440//7963 4439//7963
f  4358//7964 4439//7964 4356//7964
f  4439//7965 4446//7965 4356//7965
f  4356//7966 4446//7966 4445//7966
f  4356//7967 4445//7967 4354//7967
f  4449//7968 4350//7968 4352//7968
f  4445//7969 4444//7969 4354//7969
f  4354//7970 4444//7970 4443//7970
f  4354//7971 4443//7971 4352//7971
f  4352//7972 4443//7972 4450//7972
f  4352//7973 4450//7973 4449//7973
f  4449//7974 4448//7974 4350//7974
f  4350//7975 4448//7975 4447//7975
f  4350//7976 4447//7976 4348//7976
f  4447//7977 4454//7977 4348//7977
f  4348//7978 4454//7978 4453//7978
f  4348//7979 4453//7979 4346//7979
f  4457//7980 4342//7980 4344//7980
f  4453//7981 4452//7981 4346//7981
f  4346//7982 4452//7982 4451//7982
f  4346//7983 4451//7983 4344//7983
f  4344//7984 4451//7984 4458//7984
f  4344//7985 4458//7985 4457//7985
f  4457//7986 4456//7986 4342//7986
f  4342//7987 4456//7987 4455//7987
f  4342//7988 4455//7988 4340//7988
f  4463//7989 4336//7989 4338//7989
f  4455//7990 4461//7990 4340//7990
f  4340//7991 4461//7991 4460//7991
f  4340//7992 4460//7992 4338//7992
f  4338//7993 4460//7993 4459//7993
f  4338//7994 4459//7994 4463//7994
f  4463//7995 4462//7995 4336//7995
f  4336//7996 4462//7996 4465//7996
f  4336//7997 4465//7997 4334//7997
f  4469//7998 4330//7998 4332//7998
f  4465//7999 4464//7999 4334//7999
f  4334//8000 4464//8000 4467//8000
f  4334//8001 4467//8001 4332//8001
f  4332//8002 4467//8002 4466//8002
f  4332//8003 4466//8003 4469//8003
f  4469//7998 4468//7998 4330//7998
f  4330//8004 4468//8004 4471//8004
f  4330//8005 4471//8005 4328//8005
f  4471//8006 4470//8006 4328//8006
f  4328//8007 4470//8007 4474//8007
f  4328//8008 4474//8008 4326//8008
f  4474//8009 4473//8009 4326//8009
f  4326//8010 4473//8010 4472//8010
f  4326//8010 4472//8010 4398//8010
f  4403//8011 4394//8011 4396//8011
f  4472//8010 4400//8010 4398//8010
f  4398//8012 4400//8012 4399//8012
f  4398//8013 4399//8013 4396//8013
f  4396//8014 4399//8014 4402//8014
f  4396//8015 4402//8015 4403//8015
f  4407//8016 4390//8016 4392//8016
f  4403//8017 4404//8017 4394//8017
f  4394//8018 4404//8018 4405//8018
f  4394//8018 4405//8018 4392//8018
f  4392//8019 4405//8019 4406//8019
f  4392//8020 4406//8020 4407//8020
f  4407//8021 4408//8021 4390//8021
f  4390//8022 4408//8022 4409//8022
f  4390//8023 4409//8023 4388//8023
f  4409//8024 4410//8024 4388//8024
f  4388//8025 4410//8025 4411//8025
f  4388//8026 4411//8026 4386//8026
f  4415//8027 4382//8027 4384//8027
f  4411//8028 4412//8028 4386//8028
f  4386//8029 4412//8029 4413//8029
f  4386//8030 4413//8030 4384//8030
f  4384//8031 4413//8031 4414//8031
f  4384//8032 4414//8032 4415//8032
f  4415//8033 4416//8033 4382//8033
f  4382//8034 4416//8034 4417//8034
f  4382//8035 4417//8035 4380//8035
f  4417//8036 4418//8036 4380//8036
f  4380//8037 4418//8037 4419//8037
f  4380//8038 4419//8038 4378//8038
f  4423//8039 4374//8039 4376//8039
f  4419//8040 4420//8040 4378//8040
f  4378//8041 4420//8041 4421//8041
f  4378//8042 4421//8042 4376//8042
f  4376//8043 4421//8043 4422//8043
f  4376//8044 4422//8044 4423//8044
f  4423//8045 4424//8045 4374//8045
f  4374//8046 4424//8046 4425//8046
f  4374//8047 4425//8047 4372//8047
f  4425//8048 4428//8048 4372//8048
f  4372//8049 4428//8049 4427//8049
f  4372//8050 4427//8050 4370//8050
f  4427//8051 4426//8051 4370//8051
f  4370//8052 4426//8052 4430//8052
f  4370//8053 4430//8053 4368//8053
f  4434//8054 4364//8054 4366//8054
f  4430//8055 4429//8055 4368//8055
f  4368//8056 4429//8056 4432//8056
f  4368//8057 4432//8057 4366//8057
f  4366//8058 4432//8058 4431//8058
f  4366//8059 4431//8059 4434//8059
f  4434//8060 4433//8060 4364//8060
f  4364//8061 4433//8061 4438//8061
f  4364//8062 4438//8062 4362//8062
f  4362//8063 4438//8063 4478//8063
f  4362//8064 4478//8064 4435//8064
f  4365//8065 3936//8065 4367//8065
f  4367//8066 3936//8066 3934//8066
f  4367//8067 3934//8067 4369//8067
f  4369//8068 3934//8068 3932//8068
f  4369//8069 3932//8069 4371//8069
f  4371//8070 3932//8070 3930//8070
f  4371//8071 3930//8071 4373//8071
f  4373//8072 3930//8072 3928//8072
f  4373//8073 3928//8073 4375//8073
f  4375//8074 3928//8074 3926//8074
f  4375//8075 3926//8075 4377//8075
f  4377//8076 3926//8076 3924//8076
f  4377//8077 3924//8077 4379//8077
f  4379//8078 3924//8078 3922//8078
f  4379//8079 3922//8079 4381//8079
f  4381//8080 3922//8080 3920//8080
f  4381//8081 3920//8081 4383//8081
f  4383//8081 3920//8081 3918//8081
f  4383//8082 3918//8082 4385//8082
f  4385//8083 3918//8083 3916//8083
f  4385//8084 3916//8084 4387//8084
f  4387//8085 3916//8085 3914//8085
f  4387//8086 3914//8086 4389//8086
f  4389//8087 3914//8087 3912//8087
f  4389//8088 3912//8088 4391//8088
f  4391//8089 3912//8089 3910//8089
f  4391//8090 3910//8090 4393//8090
f  4393//8091 3910//8091 3908//8091
f  4393//8092 3908//8092 4395//8092
f  4395//8093 3908//8093 3906//8093
f  4395//8094 3906//8094 4397//8094
f  4397//8095 3906//8095 3904//8095
f  4397//8096 3904//8096 4324//8096
f  4324//8097 3904//8097 3902//8097
f  4324//8098 3902//8098 4479//8098
f  4479//8099 3902//8099 4480//8099
f  4479//8100 4480//8100 4327//8100
f  4327//8101 4480//8101 3974//8101
f  4327//8102 3974//8102 4329//8102
f  4329//8103 3974//8103 3972//8103
f  4329//8104 3972//8104 4331//8104
f  4331//8105 3972//8105 3970//8105
f  4331//8106 3970//8106 4333//8106
f  4333//8107 3970//8107 3968//8107
f  4333//8108 3968//8108 4335//8108
f  4335//8109 3968//8109 3966//8109
f  4335//8110 3966//8110 4337//8110
f  4337//8111 3966//8111 3964//8111
f  4337//8112 3964//8112 4339//8112
f  4339//8113 3964//8113 3962//8113
f  4339//8114 3962//8114 4341//8114
f  4341//8115 3962//8115 3960//8115
f  4341//8116 3960//8116 4343//8116
f  4343//8117 3960//8117 3958//8117
f  4343//8118 3958//8118 4345//8118
f  4345//8118 3958//8118 3956//8118
f  4345//8119 3956//8119 4347//8119
f  4347//8120 3956//8120 3954//8120
f  4347//8121 3954//8121 4349//8121
f  4349//8122 3954//8122 3952//8122
f  4349//8123 3952//8123 4351//8123
f  4351//8124 3952//8124 3950//8124
f  4351//8125 3950//8125 4353//8125
f  4353//8126 3950//8126 3948//8126
f  4353//8127 3948//8127 4355//8127
f  4355//8128 3948//8128 3946//8128
f  4355//8129 3946//8129 4357//8129
f  4357//8130 3946//8130 3944//8130
f  4357//8131 3944//8131 4359//8131
f  4359//8132 3944//8132 3942//8132
f  4359//8133 3942//8133 4361//8133
f  4361//8134 3942//8134 3940//8134
f  4361//8135 3940//8135 4481//8135
f  4481//8136 3940//8136 4482//8136
f  4481//8137 4482//8137 4365//8137
f  4365//8138 4482//8138 3936//8138
f  3935//8139 4037//8139 3933//8139
f  3933//8140 4037//8140 4039//8140
f  3933//8141 4039//8141 3931//8141
f  3931//8142 4039//8142 4041//8142
f  3931//8143 4041//8143 3929//8143
f  3929//8144 4041//8144 4043//8144
f  3929//8145 4043//8145 3927//8145
f  3927//8146 4043//8146 4045//8146
f  3927//8147 4045//8147 3925//8147
f  3925//8148 4045//8148 4047//8148
f  3925//8149 4047//8149 3923//8149
f  3923//8150 4047//8150 4049//8150
f  3923//8151 4049//8151 3921//8151
f  3921//8152 4049//8152 3975//8152
f  3921//8153 3975//8153 3919//8153
f  3919//8154 3975//8154 3977//8154
f  3919//8155 3977//8155 3917//8155
f  3917//8156 3977//8156 3979//8156
f  3917//8157 3979//8157 3915//8157
f  3915//8158 3979//8158 3981//8158
f  3915//8159 3981//8159 3913//8159
f  3913//8160 3981//8160 3983//8160
f  3913//8161 3983//8161 3911//8161
f  3911//8162 3983//8162 3985//8162
f  3911//8163 3985//8163 3909//8163
f  3909//8164 3985//8164 3987//8164
f  3909//8165 3987//8165 3907//8165
f  3907//8166 3987//8166 3989//8166
f  3907//8167 3989//8167 3905//8167
f  3905//8168 3989//8168 3991//8168
f  3905//8169 3991//8169 3903//8169
f  3903//8170 3991//8170 3993//8170
f  3903//8171 3993//8171 3901//8171
f  3901//8172 3993//8172 3995//8172
f  3901//8173 3995//8173 4483//8173
f  4483//8174 3995//8174 4484//8174
f  4483//8175 4484//8175 3973//8175
f  3973//8176 4484//8176 3999//8176
f  3973//8177 3999//8177 3971//8177
f  3971//8178 3999//8178 4001//8178
f  3971//8179 4001//8179 3969//8179
f  3969//8180 4001//8180 4003//8180
f  3969//8181 4003//8181 3967//8181
f  3967//8182 4003//8182 4005//8182
f  3967//8183 4005//8183 3965//8183
f  3965//8184 4005//8184 4007//8184
f  3965//8185 4007//8185 3963//8185
f  3963//8186 4007//8186 4009//8186
f  3963//8187 4009//8187 3961//8187
f  3961//8188 4009//8188 4011//8188
f  3961//8189 4011//8189 3959//8189
f  3959//8190 4011//8190 4013//8190
f  3959//8191 4013//8191 3957//8191
f  3957//8192 4013//8192 4015//8192
f  3957//8193 4015//8193 3955//8193
f  3955//8194 4015//8194 4017//8194
f  3955//8195 4017//8195 3953//8195
f  3953//8196 4017//8196 4019//8196
f  3953//8197 4019//8197 3951//8197
f  3951//8198 4019//8198 4021//8198
f  3951//8199 4021//8199 3949//8199
f  3949//8200 4021//8200 4023//8200
f  3949//8201 4023//8201 3947//8201
f  3947//8202 4023//8202 4025//8202
f  3947//8203 4025//8203 3945//8203
f  3945//8204 4025//8204 4027//8204
f  3945//8205 4027//8205 3943//8205
f  3943//8206 4027//8206 4029//8206
f  3943//8207 4029//8207 3941//8207
f  3941//8208 4029//8208 4031//8208
f  3941//8209 4031//8209 3939//8209
f  3939//8210 4031//8210 4033//8210
f  3939//8211 4033//8211 4485//8211
f  4485//8212 4033//8212 4035//8212
f  4485//8213 4035//8213 3935//8213
f  3935//8214 4035//8214 4037//8214
f  4486//8215 4487//8215 4488//8215
f  4488//8216 4487//8216 4489//8216
f  4488//8216 4489//8216 4490//8216
f  4490//8217 4489//8217 4491//8217
f  4490//8217 4491//8217 4492//8217
f  4492//8218 4491//8218 4493//8218
f  4492//8218 4493//8218 4494//8218
f  4494//8219 4493//8219 4495//8219
f  4494//8219 4495//8219 4496//8219
f  4496//8220 4495//8220 4497//8220
f  4496//8220 4497//8220 4498//8220
f  4498//8221 4497//8221 4499//8221
f  4498//8221 4499//8221 4500//8221
f  4500//8222 4499//8222 4501//8222
f  4500//8222 4501//8222 4502//8222
f  4502//8223 4501//8223 4503//8223
f  4502//8223 4503//8223 4504//8223
f  4504//6375 4503//6375 4505//6375
f  4504//6375 4505//6375 4506//6375
f  4506//8224 4505//8224 4507//8224
f  4506//8224 4507//8224 4508//8224
f  4508//8225 4507//8225 4509//8225
f  4508//8225 4509//8225 4510//8225
f  4510//8226 4509//8226 4511//8226
f  4510//8226 4511//8226 4512//8226
f  4512//8227 4511//8227 4513//8227
f  4512//8227 4513//8227 4514//8227
f  4514//8228 4513//8228 4515//8228
f  4514//8228 4515//8228 4516//8228
f  4516//8229 4515//8229 4517//8229
f  4516//8229 4517//8229 4518//8229
f  4518//8230 4517//8230 4519//8230
f  4518//8230 4519//8230 4520//8230
f  4520//8231 4519//8231 4521//8231
f  4520//8231 4521//8231 4522//8231
f  4522//8232 4521//8232 4523//8232
f  4522//8232 4523//8232 4524//8232
f  4524//8233 4523//8233 4525//8233
f  4524//8233 4525//8233 4526//8233
f  4526//8234 4525//8234 4527//8234
f  4526//8234 4527//8234 4528//8234
f  4528//8235 4527//8235 4529//8235
f  4528//8235 4529//8235 4530//8235
f  4530//8236 4529//8236 4531//8236
f  4530//8236 4531//8236 4532//8236
f  4532//8237 4531//8237 4533//8237
f  4532//8237 4533//8237 4534//8237
f  4534//8238 4533//8238 4535//8238
f  4534//8238 4535//8238 4536//8238
f  4536//8239 4535//8239 4537//8239
f  4536//8239 4537//8239 4538//8239
f  4538//8240 4537//8240 4539//8240
f  4538//8240 4539//8240 4540//8240
f  4540//8241 4539//8241 4541//8241
f  4540//8241 4541//8241 4542//8241
f  4542//2986 4541//2986 4543//2986
f  4542//2986 4543//2986 4544//2986
f  4544//8242 4543//8242 4545//8242
f  4544//8242 4545//8242 4546//8242
f  4546//8243 4545//8243 4547//8243
f  4546//8243 4547//8243 4548//8243
f  4548//8244 4547//8244 4549//8244
f  4548//8244 4549//8244 4550//8244
f  4550//8245 4549//8245 4551//8245
f  4550//8245 4551//8245 4552//8245
f  4552//8246 4551//8246 4553//8246
f  4552//8246 4553//8246 4554//8246
f  4554//8247 4553//8247 4555//8247
f  4554//8247 4555//8247 4556//8247
f  4556//8248 4555//8248 4557//8248
f  4556//8248 4557//8248 4558//8248
f  4558//8249 4557//8249 4559//8249
f  4558//8249 4559//8249 4560//8249
f  4560//8250 4559//8250 4561//8250
f  4560//8250 4561//8250 4486//8250
f  4486//8215 4561//8215 4487//8215
f  4562//4423 4563//4423 4564//4423
f  4562//4423 4564//4423 4565//4423
f  4566//4423 4567//4423 4564//4423
f  4564//4423 4567//4423 4568//4423
f  4564//4423 4568//4423 4565//4423
f  4569//4423 4570//4423 4564//4423
f  4564//4423 4570//4423 4571//4423
f  4564//4423 4571//4423 4566//4423
f  4572//4423 4573//4423 4564//4423
f  4564//4423 4573//4423 4574//4423
f  4564//4423 4574//4423 4569//4423
f  4575//4423 4576//4423 4564//4423
f  4564//4423 4576//4423 4577//4423
f  4564//4423 4577//4423 4572//4423
f  4578//4423 4579//4423 4564//4423
f  4564//4423 4579//4423 4580//4423
f  4564//4423 4580//4423 4575//4423
f  4581//4423 4582//4423 4564//4423
f  4564//4423 4582//4423 4583//4423
f  4564//4423 4583//4423 4578//4423
f  4584//4423 4585//4423 4564//4423
f  4564//4423 4585//4423 4586//4423
f  4564//4423 4586//4423 4581//4423
f  4587//4423 4588//4423 4564//4423
f  4564//4423 4588//4423 4589//4423
f  4564//4423 4589//4423 4584//4423
f  4590//4423 4591//4423 4564//4423
f  4564//4423 4591//4423 4592//4423
f  4564//4423 4592//4423 4587//4423
f  4593//4423 4594//4423 4564//4423
f  4564//4423 4594//4423 4595//4423
f  4564//4423 4595//4423 4590//4423
f  4596//4423 4597//4423 4564//4423
f  4564//4423 4597//4423 4598//4423
f  4564//4423 4598//4423 4593//4423
f  4563//4423 4599//4423 4564//4423
f  4564//4423 4599//4423 4600//4423
f  4564//4423 4600//4423 4596//4423
f  4601//3194 4602//3194 4603//3194
f  4601//3194 4603//3194 4604//3194
f  4605//3194 4606//3194 4603//3194
f  4603//3194 4606//3194 4607//3194
f  4603//3194 4607//3194 4604//3194
f  4608//3194 4609//3194 4603//3194
f  4603//3194 4609//3194 4610//3194
f  4603//3194 4610//3194 4605//3194
f  4611//3194 4612//3194 4603//3194
f  4603//3194 4612//3194 4613//3194
f  4603//3194 4613//3194 4608//3194
f  4614//3194 4615//3194 4603//3194
f  4603//3194 4615//3194 4616//3194
f  4603//3194 4616//3194 4611//3194
f  4617//3194 4618//3194 4603//3194
f  4603//3194 4618//3194 4619//3194
f  4603//3194 4619//3194 4614//3194
f  4620//3194 4621//3194 4603//3194
f  4603//3194 4621//3194 4622//3194
f  4603//3194 4622//3194 4617//3194
f  4623//3194 4624//3194 4603//3194
f  4603//3194 4624//3194 4625//3194
f  4603//3194 4625//3194 4620//3194
f  4626//3194 4627//3194 4603//3194
f  4603//3194 4627//3194 4628//3194
f  4603//3194 4628//3194 4623//3194
f  4629//3194 4630//3194 4603//3194
f  4603//3194 4630//3194 4631//3194
f  4603//3194 4631//3194 4626//3194
f  4632//3194 4633//3194 4603//3194
f  4603//3194 4633//3194 4634//3194
f  4603//3194 4634//3194 4629//3194
f  4635//3194 4636//3194 4603//3194
f  4603//3194 4636//3194 4637//3194
f  4603//3194 4637//3194 4632//3194
f  4602//3194 4638//3194 4603//3194
f  4603//3194 4638//3194 4639//3194
f  4603//3194 4639//3194 4635//3194
f  4561//8251 4586//8251 4487//8251
f  4487//8252 4586//8252 4585//8252
f  4487//8253 4585//8253 4489//8253
f  4489//8254 4585//8254 4584//8254
f  4489//8255 4584//8255 4491//8255
f  4491//8256 4584//8256 4589//8256
f  4491//8257 4589//8257 4493//8257
f  4493//8258 4589//8258 4588//8258
f  4493//8258 4588//8258 4495//8258
f  4495//8259 4588//8259 4587//8259
f  4495//8260 4587//8260 4497//8260
f  4497//8261 4587//8261 4592//8261
f  4497//8262 4592//8262 4499//8262
f  4499//8263 4592//8263 4591//8263
f  4499//8264 4591//8264 4501//8264
f  4501//8265 4591//8265 4590//8265
f  4501//8266 4590//8266 4503//8266
f  4503//8267 4590//8267 4595//8267
f  4503//8267 4595//8267 4505//8267
f  4505//8268 4595//8268 4594//8268
f  4505//8269 4594//8269 4507//8269
f  4507//8270 4594//8270 4593//8270
f  4507//8271 4593//8271 4509//8271
f  4509//8272 4593//8272 4598//8272
f  4509//8273 4598//8273 4511//8273
f  4511//8274 4598//8274 4597//8274
f  4511//8275 4597//8275 4513//8275
f  4513//8276 4597//8276 4596//8276
f  4513//8276 4596//8276 4515//8276
f  4515//8277 4596//8277 4600//8277
f  4515//8278 4600//8278 4517//8278
f  4517//8279 4600//8279 4599//8279
f  4517//8280 4599//8280 4519//8280
f  4519//8281 4599//8281 4563//8281
f  4519//8282 4563//8282 4521//8282
f  4521//8283 4563//8283 4562//8283
f  4521//8284 4562//8284 4523//8284
f  4523//8285 4562//8285 4565//8285
f  4523//8286 4565//8286 4525//8286
f  4525//8287 4565//8287 4568//8287
f  4525//8288 4568//8288 4527//8288
f  4527//8289 4568//8289 4567//8289
f  4527//8290 4567//8290 4529//8290
f  4529//8291 4567//8291 4566//8291
f  4529//8292 4566//8292 4531//8292
f  4531//8293 4566//8293 4571//8293
f  4531//8293 4571//8293 4533//8293
f  4533//8294 4571//8294 4570//8294
f  4533//8295 4570//8295 4535//8295
f  4535//8296 4570//8296 4569//8296
f  4535//8297 4569//8297 4537//8297
f  4537//8298 4569//8298 4574//8298
f  4537//8299 4574//8299 4539//8299
f  4539//8300 4574//8300 4573//8300
f  4539//8301 4573//8301 4541//8301
f  4541//8302 4573//8302 4572//8302
f  4541//8302 4572//8302 4543//8302
f  4543//8303 4572//8303 4577//8303
f  4543//8304 4577//8304 4545//8304
f  4545//8305 4577//8305 4576//8305
f  4545//8306 4576//8306 4547//8306
f  4547//8307 4576//8307 4575//8307
f  4547//8308 4575//8308 4549//8308
f  4549//8309 4575//8309 4580//8309
f  4549//8310 4580//8310 4551//8310
f  4551//8311 4580//8311 4579//8311
f  4551//8311 4579//8311 4553//8311
f  4553//8312 4579//8312 4578//8312
f  4553//8313 4578//8313 4555//8313
f  4555//8314 4578//8314 4583//8314
f  4555//8315 4583//8315 4557//8315
f  4557//8316 4583//8316 4582//8316
f  4557//8317 4582//8317 4559//8317
f  4559//8318 4582//8318 4581//8318
f  4559//8319 4581//8319 4561//8319
f  4561//8320 4581//8320 4586//8320
f  4524//8321 4604//8321 4522//8321
f  4522//8322 4604//8322 4607//8322
f  4522//8323 4607//8323 4520//8323
f  4520//8324 4607//8324 4606//8324
f  4520//8325 4606//8325 4518//8325
f  4518//8326 4606//8326 4605//8326
f  4518//8327 4605//8327 4516//8327
f  4516//8328 4605//8328 4610//8328
f  4516//8328 4610//8328 4514//8328
f  4514//8329 4610//8329 4609//8329
f  4514//8330 4609//8330 4512//8330
f  4512//8331 4609//8331 4608//8331
f  4512//8332 4608//8332 4510//8332
f  4510//8333 4608//8333 4613//8333
f  4510//8334 4613//8334 4508//8334
f  4508//8335 4613//8335 4612//8335
f  4508//8336 4612//8336 4506//8336
f  4506//8337 4612//8337 4611//8337
f  4506//8337 4611//8337 4504//8337
f  4504//8338 4611//8338 4616//8338
f  4504//8339 4616//8339 4502//8339
f  4502//8340 4616//8340 4615//8340
f  4502//8341 4615//8341 4500//8341
f  4500//8342 4615//8342 4614//8342
f  4500//8343 4614//8343 4498//8343
f  4498//8344 4614//8344 4619//8344
f  4498//8345 4619//8345 4496//8345
f  4496//8346 4619//8346 4618//8346
f  4496//8346 4618//8346 4494//8346
f  4494//8347 4618//8347 4617//8347
f  4494//8348 4617//8348 4492//8348
f  4492//8349 4617//8349 4622//8349
f  4492//8350 4622//8350 4490//8350
f  4490//8351 4622//8351 4621//8351
f  4490//8352 4621//8352 4488//8352
f  4488//8353 4621//8353 4620//8353
f  4488//8354 4620//8354 4486//8354
f  4486//8355 4620//8355 4625//8355
f  4486//8356 4625//8356 4560//8356
f  4560//8357 4625//8357 4624//8357
f  4560//8358 4624//8358 4558//8358
f  4558//8359 4624//8359 4623//8359
f  4558//8360 4623//8360 4556//8360
f  4556//8361 4623//8361 4628//8361
f  4556//8362 4628//8362 4554//8362
f  4554//8363 4628//8363 4627//8363
f  4554//8363 4627//8363 4552//8363
f  4552//8364 4627//8364 4626//8364
f  4552//8365 4626//8365 4550//8365
f  4550//8366 4626//8366 4631//8366
f  4550//8367 4631//8367 4548//8367
f  4548//8368 4631//8368 4630//8368
f  4548//8369 4630//8369 4546//8369
f  4546//8370 4630//8370 4629//8370
f  4546//8371 4629//8371 4544//8371
f  4544//8372 4629//8372 4634//8372
f  4544//8372 4634//8372 4542//8372
f  4542//8373 4634//8373 4633//8373
f  4542//8374 4633//8374 4540//8374
f  4540//8375 4633//8375 4632//8375
f  4540//8376 4632//8376 4538//8376
f  4538//8377 4632//8377 4637//8377
f  4538//8378 4637//8378 4536//8378
f  4536//8379 4637//8379 4636//8379
f  4536//8380 4636//8380 4534//8380
f  4534//8381 4636//8381 4635//8381
f  4534//8381 4635//8381 4532//8381
f  4532//8382 4635//8382 4639//8382
f  4532//8383 4639//8383 4530//8383
f  4530//8384 4639//8384 4638//8384
f  4530//8385 4638//8385 4528//8385
f  4528//8386 4638//8386 4602//8386
f  4528//8387 4602//8387 4526//8387
f  4526//8388 4602//8388 4601//8388
f  4526//8389 4601//8389 4524//8389
f  4524//8390 4601//8390 4604//8390
f  4640//8391 4641//8391 4642//8391
f  4642//8392 4641//8392 4643//8392
f  4642//8392 4643//8392 4644//8392
f  4644//8393 4643//8393 4645//8393
f  4644//8393 4645//8393 4646//8393
f  4646//8394 4645//8394 4647//8394
f  4646//8394 4647//8394 4648//8394
f  4648//8395 4647//8395 4649//8395
f  4648//8395 4649//8395 4650//8395
f  4650//8396 4649//8396 4651//8396
f  4650//8396 4651//8396 4652//8396
f  4652//8397 4651//8397 4653//8397
f  4652//8397 4653//8397 4654//8397
f  4654//8398 4653//8398 4655//8398
f  4654//8398 4655//8398 4656//8398
f  4656//8399 4655//8399 4657//8399
f  4656//8399 4657//8399 4658//8399
f  4658//8400 4657//8400 4659//8400
f  4658//8400 4659//8400 4660//8400
f  4660//8401 4659//8401 4661//8401
f  4660//8401 4661//8401 4662//8401
f  4662//8402 4661//8402 4663//8402
f  4662//8402 4663//8402 4664//8402
f  4664//8403 4663//8403 4665//8403
f  4664//8403 4665//8403 4666//8403
f  4666//8404 4665//8404 4667//8404
f  4666//8404 4667//8404 4668//8404
f  4668//8405 4667//8405 4669//8405
f  4668//8405 4669//8405 4670//8405
f  4670//8406 4669//8406 4671//8406
f  4670//8406 4671//8406 4672//8406
f  4672//8407 4671//8407 4673//8407
f  4672//8407 4673//8407 4674//8407
f  4674//8408 4673//8408 4675//8408
f  4674//8408 4675//8408 4676//8408
f  4676//8409 4675//8409 4677//8409
f  4676//8409 4677//8409 4678//8409
f  4678//8410 4677//8410 4679//8410
f  4678//8410 4679//8410 4680//8410
f  4680//8411 4679//8411 4681//8411
f  4680//8411 4681//8411 4682//8411
f  4682//8412 4681//8412 4683//8412
f  4682//8412 4683//8412 4684//8412
f  4684//8413 4683//8413 4685//8413
f  4684//8413 4685//8413 4686//8413
f  4686//8414 4685//8414 4687//8414
f  4686//8414 4687//8414 4688//8414
f  4688//8415 4687//8415 4689//8415
f  4688//8415 4689//8415 4690//8415
f  4690//8416 4689//8416 4691//8416
f  4690//8416 4691//8416 4692//8416
f  4692//8417 4691//8417 4693//8417
f  4692//8417 4693//8417 4694//8417
f  4694//8418 4693//8418 4695//8418
f  4694//8418 4695//8418 4696//8418
f  4696//8419 4695//8419 4697//8419
f  4696//8419 4697//8419 4698//8419
f  4698//8420 4697//8420 4699//8420
f  4698//8420 4699//8420 4700//8420
f  4700//8421 4699//8421 4701//8421
f  4700//8421 4701//8421 4702//8421
f  4702//8422 4701//8422 4703//8422
f  4702//8422 4703//8422 4704//8422
f  4704//8423 4703//8423 4705//8423
f  4704//8423 4705//8423 4706//8423
f  4706//8424 4705//8424 4707//8424
f  4706//8424 4707//8424 4708//8424
f  4708//8425 4707//8425 4709//8425
f  4708//8425 4709//8425 4710//8425
f  4710//8426 4709//8426 4711//8426
f  4710//8426 4711//8426 4712//8426
f  4712//8427 4711//8427 4713//8427
f  4712//8427 4713//8427 4714//8427
f  4714//8428 4713//8428 4715//8428
f  4714//8428 4715//8428 4640//8428
f  4640//8391 4715//8391 4641//8391
f  4716//2986 4717//2986 4718//2986
f  4716//2986 4718//2986 4719//2986
f  4720//2986 4721//2986 4718//2986
f  4718//2986 4721//2986 4722//2986
f  4718//2986 4722//2986 4719//2986
f  4723//2986 4724//2986 4718//2986
f  4718//2986 4724//2986 4725//2986
f  4718//2986 4725//2986 4720//2986
f  4726//2986 4727//2986 4718//2986
f  4718//2986 4727//2986 4728//2986
f  4718//2986 4728//2986 4723//2986
f  4729//2986 4730//2986 4718//2986
f  4718//2986 4730//2986 4731//2986
f  4718//2986 4731//2986 4726//2986
f  4732//2986 4733//2986 4718//2986
f  4718//2986 4733//2986 4734//2986
f  4718//2986 4734//2986 4729//2986
f  4735//2986 4736//2986 4718//2986
f  4718//2986 4736//2986 4737//2986
f  4718//2986 4737//2986 4732//2986
f  4738//2986 4739//2986 4718//2986
f  4718//2986 4739//2986 4740//2986
f  4718//2986 4740//2986 4735//2986
f  4741//2986 4742//2986 4718//2986
f  4718//2986 4742//2986 4743//2986
f  4718//2986 4743//2986 4738//2986
f  4744//2986 4745//2986 4718//2986
f  4718//2986 4745//2986 4746//2986
f  4718//2986 4746//2986 4741//2986
f  4747//2986 4748//2986 4718//2986
f  4718//2986 4748//2986 4749//2986
f  4718//2986 4749//2986 4744//2986
f  4750//2986 4751//2986 4718//2986
f  4718//2986 4751//2986 4752//2986
f  4718//2986 4752//2986 4747//2986
f  4717//2986 4753//2986 4718//2986
f  4718//2986 4753//2986 4754//2986
f  4718//2986 4754//2986 4750//2986
f  4755//6375 4756//6375 4757//6375
f  4755//6375 4757//6375 4758//6375
f  4759//6375 4760//6375 4757//6375
f  4757//6375 4760//6375 4761//6375
f  4757//6375 4761//6375 4758//6375
f  4762//6375 4763//6375 4757//6375
f  4757//6375 4763//6375 4764//6375
f  4757//6375 4764//6375 4759//6375
f  4765//6375 4766//6375 4757//6375
f  4757//6375 4766//6375 4767//6375
f  4757//6375 4767//6375 4762//6375
f  4768//6375 4769//6375 4757//6375
f  4757//6375 4769//6375 4770//6375
f  4757//6375 4770//6375 4765//6375
f  4771//6375 4772//6375 4757//6375
f  4757//6375 4772//6375 4773//6375
f  4757//6375 4773//6375 4768//6375
f  4774//6375 4775//6375 4757//6375
f  4757//6375 4775//6375 4776//6375
f  4757//6375 4776//6375 4771//6375
f  4777//6375 4778//6375 4757//6375
f  4757//6375 4778//6375 4779//6375
f  4757//6375 4779//6375 4774//6375
f  4780//6375 4781//6375 4757//6375
f  4757//6375 4781//6375 4782//6375
f  4757//6375 4782//6375 4777//6375
f  4783//6375 4784//6375 4757//6375
f  4757//6375 4784//6375 4785//6375
f  4757//6375 4785//6375 4780//6375
f  4786//6375 4787//6375 4757//6375
f  4757//6375 4787//6375 4788//6375
f  4757//6375 4788//6375 4783//6375
f  4789//6375 4790//6375 4757//6375
f  4757//6375 4790//6375 4791//6375
f  4757//6375 4791//6375 4786//6375
f  4756//6375 4792//6375 4757//6375
f  4757//6375 4792//6375 4793//6375
f  4757//6375 4793//6375 4789//6375
f  4715//8429 4740//8429 4641//8429
f  4641//8430 4740//8430 4739//8430
f  4641//8431 4739//8431 4643//8431
f  4643//8432 4739//8432 4738//8432
f  4643//8433 4738//8433 4645//8433
f  4645//8434 4738//8434 4743//8434
f  4645//8435 4743//8435 4647//8435
f  4647//8436 4743//8436 4742//8436
f  4647//8436 4742//8436 4649//8436
f  4649//8437 4742//8437 4741//8437
f  4649//8438 4741//8438 4651//8438
f  4651//8439 4741//8439 4746//8439
f  4651//8440 4746//8440 4653//8440
f  4653//8441 4746//8441 4745//8441
f  4653//8442 4745//8442 4655//8442
f  4655//8443 4745//8443 4744//8443
f  4655//8444 4744//8444 4657//8444
f  4657//8445 4744//8445 4749//8445
f  4657//8445 4749//8445 4659//8445
f  4659//8446 4749//8446 4748//8446
f  4659//8447 4748//8447 4661//8447
f  4661//8448 4748//8448 4747//8448
f  4661//8449 4747//8449 4663//8449
f  4663//8450 4747//8450 4752//8450
f  4663//8451 4752//8451 4665//8451
f  4665//8452 4752//8452 4751//8452
f  4665//8453 4751//8453 4667//8453
f  4667//8454 4751//8454 4750//8454
f  4667//8454 4750//8454 4669//8454
f  4669//8455 4750//8455 4754//8455
f  4669//8456 4754//8456 4671//8456
f  4671//8457 4754//8457 4753//8457
f  4671//8458 4753//8458 4673//8458
f  4673//8459 4753//8459 4717//8459
f  4673//8460 4717//8460 4675//8460
f  4675//8461 4717//8461 4716//8461
f  4675//8462 4716//8462 4677//8462
f  4677//8463 4716//8463 4719//8463
f  4677//8464 4719//8464 4679//8464
f  4679//8465 4719//8465 4722//8465
f  4679//8466 4722//8466 4681//8466
f  4681//8467 4722//8467 4721//8467
f  4681//8468 4721//8468 4683//8468
f  4683//8469 4721//8469 4720//8469
f  4683//8470 4720//8470 4685//8470
f  4685//8471 4720//8471 4725//8471
f  4685//8471 4725//8471 4687//8471
f  4687//8472 4725//8472 4724//8472
f  4687//8473 4724//8473 4689//8473
f  4689//8474 4724//8474 4723//8474
f  4689//8475 4723//8475 4691//8475
f  4691//8476 4723//8476 4728//8476
f  4691//8477 4728//8477 4693//8477
f  4693//8478 4728//8478 4727//8478
f  4693//8479 4727//8479 4695//8479
f  4695//8480 4727//8480 4726//8480
f  4695//8480 4726//8480 4697//8480
f  4697//8481 4726//8481 4731//8481
f  4697//8482 4731//8482 4699//8482
f  4699//8483 4731//8483 4730//8483
f  4699//8484 4730//8484 4701//8484
f  4701//8485 4730//8485 4729//8485
f  4701//8486 4729//8486 4703//8486
f  4703//8487 4729//8487 4734//8487
f  4703//8488 4734//8488 4705//8488
f  4705//8489 4734//8489 4733//8489
f  4705//8489 4733//8489 4707//8489
f  4707//8490 4733//8490 4732//8490
f  4707//8491 4732//8491 4709//8491
f  4709//8492 4732//8492 4737//8492
f  4709//8493 4737//8493 4711//8493
f  4711//8494 4737//8494 4736//8494
f  4711//8495 4736//8495 4713//8495
f  4713//8496 4736//8496 4735//8496
f  4713//8497 4735//8497 4715//8497
f  4715//8498 4735//8498 4740//8498
f  4678//8499 4758//8499 4676//8499
f  4676//8500 4758//8500 4761//8500
f  4676//8501 4761//8501 4674//8501
f  4674//8502 4761//8502 4760//8502
f  4674//8503 4760//8503 4672//8503
f  4672//8504 4760//8504 4759//8504
f  4672//8505 4759//8505 4670//8505
f  4670//8506 4759//8506 4764//8506
f  4670//8506 4764//8506 4668//8506
f  4668//8507 4764//8507 4763//8507
f  4668//8508 4763//8508 4666//8508
f  4666//8509 4763//8509 4762//8509
f  4666//8510 4762//8510 4664//8510
f  4664//8511 4762//8511 4767//8511
f  4664//8512 4767//8512 4662//8512
f  4662//8513 4767//8513 4766//8513
f  4662//8514 4766//8514 4660//8514
f  4660//8515 4766//8515 4765//8515
f  4660//8515 4765//8515 4658//8515
f  4658//8516 4765//8516 4770//8516
f  4658//8517 4770//8517 4656//8517
f  4656//8518 4770//8518 4769//8518
f  4656//8519 4769//8519 4654//8519
f  4654//8520 4769//8520 4768//8520
f  4654//8521 4768//8521 4652//8521
f  4652//8522 4768//8522 4773//8522
f  4652//8523 4773//8523 4650//8523
f  4650//8524 4773//8524 4772//8524
f  4650//8524 4772//8524 4648//8524
f  4648//8525 4772//8525 4771//8525
f  4648//8526 4771//8526 4646//8526
f  4646//8527 4771//8527 4776//8527
f  4646//8528 4776//8528 4644//8528
f  4644//8529 4776//8529 4775//8529
f  4644//8530 4775//8530 4642//8530
f  4642//8531 4775//8531 4774//8531
f  4642//8532 4774//8532 4640//8532
f  4640//8533 4774//8533 4779//8533
f  4640//8534 4779//8534 4714//8534
f  4714//8535 4779//8535 4778//8535
f  4714//8536 4778//8536 4712//8536
f  4712//8537 4778//8537 4777//8537
f  4712//8538 4777//8538 4710//8538
f  4710//8539 4777//8539 4782//8539
f  4710//8540 4782//8540 4708//8540
f  4708//8541 4782//8541 4781//8541
f  4708//8541 4781//8541 4706//8541
f  4706//8542 4781//8542 4780//8542
f  4706//8543 4780//8543 4704//8543
f  4704//8544 4780//8544 4785//8544
f  4704//8545 4785//8545 4702//8545
f  4702//8546 4785//8546 4784//8546
f  4702//8547 4784//8547 4700//8547
f  4700//8548 4784//8548 4783//8548
f  4700//8549 4783//8549 4698//8549
f  4698//8550 4783//8550 4788//8550
f  4698//8550 4788//8550 4696//8550
f  4696//8551 4788//8551 4787//8551
f  4696//8552 4787//8552 4694//8552
f  4694//8553 4787//8553 4786//8553
f  4694//8554 4786//8554 4692//8554
f  4692//8555 4786//8555 4791//8555
f  4692//8556 4791//8556 4690//8556
f  4690//8557 4791//8557 4790//8557
f  4690//8558 4790//8558 4688//8558
f  4688//8559 4790//8559 4789//8559
f  4688//8559 4789//8559 4686//8559
f  4686//8560 4789//8560 4793//8560
f  4686//8561 4793//8561 4684//8561
f  4684//8562 4793//8562 4792//8562
f  4684//8563 4792//8563 4682//8563
f  4682//8564 4792//8564 4756//8564
f  4682//8565 4756//8565 4680//8565
f  4680//8566 4756//8566 4755//8566
f  4680//8567 4755//8567 4678//8567
f  4678//8568 4755//8568 4758//8568

